safety_signal_id,site_id,unit_id,event_date,deterioration_watch_count_synth,sepsis_screen_signal_count_synth,medication_process_signal_count_synth,synthetic_demo
SAFE_SITE_STOLLERY_INSPIRED_GEN_20260101,SITE_STOLLERY_INSPIRED,SITE_STOLLERY_INSPIRED_GEN,2026-01-01,3,0,1,True
SAFE_SITE_STOLLERY_INSPIRED_GEN_20260102,SITE_STOLLERY_INSPIRED,SITE_STOLLERY_INSPIRED_GEN,2026-01-02,2,0,0,True
SAFE_SITE_STOLLERY_INSPIRED_GEN_20260103,SITE_STOLLERY_INSPIRED,SITE_STOLLERY_INSPIRED_GEN,2026-01-03,4,0,0,True
SAFE_SITE_STOLLERY_INSPIRED_GEN_20260104,SITE_STOLLERY_INSPIRED,SITE_STOLLERY_INSPIRED_GEN,2026-01-04,2,0,1,True
SAFE_SITE_STOLLERY_INSPIRED_GEN_20260105,SITE_STOLLERY_INSPIRED,SITE_STOLLERY_INSPIRED_GEN,2026-01-05,1,1,0,True
SAFE_SITE_STOLLERY_INSPIRED_GEN_20260106,SITE_STOLLERY_INSPIRED,SITE_STOLLERY_INSPIRED_GEN,2026-01-06,1,2,0,True
SAFE_SITE_STOLLERY_INSPIRED_GEN_20260107,SITE_STOLLERY_INSPIRED,SITE_STOLLERY_INSPIRED_GEN,2026-01-07,3,0,0,True
SAFE_SITE_STOLLERY_INSPIRED_GEN_20260108,SITE_STOLLERY_INSPIRED,SITE_STOLLERY_INSPIRED_GEN,2026-01-08,1,0,1,True
SAFE_SITE_STOLLERY_INSPIRED_GEN_20260109,SITE_STOLLERY_INSPIRED,SITE_STOLLERY_INSPIRED_GEN,2026-01-09,0,0,0,True
SAFE_SITE_STOLLERY_INSPIRED_GEN_20260110,SITE_STOLLERY_INSPIRED,SITE_STOLLERY_INSPIRED_GEN,2026-01-10,3,0,3,True
SAFE_SITE_STOLLERY_INSPIRED_GEN_20260111,SITE_STOLLERY_INSPIRED,SITE_STOLLERY_INSPIRED_GEN,2026-01-11,0,0,0,True
SAFE_SITE_STOLLERY_INSPIRED_GEN_20260112,SITE_STOLLERY_INSPIRED,SITE_STOLLERY_INSPIRED_GEN,2026-01-12,1,1,0,True
SAFE_SITE_STOLLERY_INSPIRED_GEN_20260113,SITE_STOLLERY_INSPIRED,SITE_STOLLERY_INSPIRED_GEN,2026-01-13,0,1,0,True
SAFE_SITE_STOLLERY_INSPIRED_GEN_20260114,SITE_STOLLERY_INSPIRED,SITE_STOLLERY_INSPIRED_GEN,2026-01-14,1,0,2,True
SAFE_SITE_STOLLERY_INSPIRED_GEN_20260115,SITE_STOLLERY_INSPIRED,SITE_STOLLERY_INSPIRED_GEN,2026-01-15,1,0,0,True
SAFE_SITE_STOLLERY_INSPIRED_GEN_20260116,SITE_STOLLERY_INSPIRED,SITE_STOLLERY_INSPIRED_GEN,2026-01-16,1,0,1,True
SAFE_SITE_STOLLERY_INSPIRED_GEN_20260117,SITE_STOLLERY_INSPIRED,SITE_STOLLERY_INSPIRED_GEN,2026-01-17,1,1,0,True
SAFE_SITE_STOLLERY_INSPIRED_GEN_20260118,SITE_STOLLERY_INSPIRED,SITE_STOLLERY_INSPIRED_GEN,2026-01-18,0,0,0,True
SAFE_SITE_STOLLERY_INSPIRED_GEN_20260119,SITE_STOLLERY_INSPIRED,SITE_STOLLERY_INSPIRED_GEN,2026-01-19,0,1,1,True
SAFE_SITE_STOLLERY_INSPIRED_GEN_20260120,SITE_STOLLERY_INSPIRED,SITE_STOLLERY_INSPIRED_GEN,2026-01-20,2,0,3,True
SAFE_SITE_STOLLERY_INSPIRED_GEN_20260121,SITE_STOLLERY_INSPIRED,SITE_STOLLERY_INSPIRED_GEN,2026-01-21,1,0,0,True
SAFE_SITE_STOLLERY_INSPIRED_GEN_20260122,SITE_STOLLERY_INSPIRED,SITE_STOLLERY_INSPIRED_GEN,2026-01-22,2,1,0,True
SAFE_SITE_STOLLERY_INSPIRED_GEN_20260123,SITE_STOLLERY_INSPIRED,SITE_STOLLERY_INSPIRED_GEN,2026-01-23,2,1,0,True
SAFE_SITE_STOLLERY_INSPIRED_GEN_20260124,SITE_STOLLERY_INSPIRED,SITE_STOLLERY_INSPIRED_GEN,2026-01-24,0,0,1,True
SAFE_SITE_STOLLERY_INSPIRED_GEN_20260125,SITE_STOLLERY_INSPIRED,SITE_STOLLERY_INSPIRED_GEN,2026-01-25,1,1,0,True
SAFE_SITE_STOLLERY_INSPIRED_GEN_20260126,SITE_STOLLERY_INSPIRED,SITE_STOLLERY_INSPIRED_GEN,2026-01-26,2,0,1,True
SAFE_SITE_STOLLERY_INSPIRED_GEN_20260127,SITE_STOLLERY_INSPIRED,SITE_STOLLERY_INSPIRED_GEN,2026-01-27,1,0,0,True
SAFE_SITE_STOLLERY_INSPIRED_GEN_20260128,SITE_STOLLERY_INSPIRED,SITE_STOLLERY_INSPIRED_GEN,2026-01-28,3,1,0,True
SAFE_SITE_STOLLERY_INSPIRED_GEN_20260129,SITE_STOLLERY_INSPIRED,SITE_STOLLERY_INSPIRED_GEN,2026-01-29,1,0,1,True
SAFE_SITE_STOLLERY_INSPIRED_GEN_20260130,SITE_STOLLERY_INSPIRED,SITE_STOLLERY_INSPIRED_GEN,2026-01-30,2,0,2,True
SAFE_SITE_STOLLERY_INSPIRED_GEN_20260131,SITE_STOLLERY_INSPIRED,SITE_STOLLERY_INSPIRED_GEN,2026-01-31,0,1,1,True
SAFE_SITE_STOLLERY_INSPIRED_GEN_20260201,SITE_STOLLERY_INSPIRED,SITE_STOLLERY_INSPIRED_GEN,2026-02-01,1,2,0,True
SAFE_SITE_STOLLERY_INSPIRED_GEN_20260202,SITE_STOLLERY_INSPIRED,SITE_STOLLERY_INSPIRED_GEN,2026-02-02,0,0,1,True
SAFE_SITE_STOLLERY_INSPIRED_GEN_20260203,SITE_STOLLERY_INSPIRED,SITE_STOLLERY_INSPIRED_GEN,2026-02-03,0,1,0,True
SAFE_SITE_STOLLERY_INSPIRED_GEN_20260204,SITE_STOLLERY_INSPIRED,SITE_STOLLERY_INSPIRED_GEN,2026-02-04,0,1,1,True
SAFE_SITE_STOLLERY_INSPIRED_GEN_20260205,SITE_STOLLERY_INSPIRED,SITE_STOLLERY_INSPIRED_GEN,2026-02-05,2,0,0,True
SAFE_SITE_STOLLERY_INSPIRED_GEN_20260206,SITE_STOLLERY_INSPIRED,SITE_STOLLERY_INSPIRED_GEN,2026-02-06,1,0,0,True
SAFE_SITE_STOLLERY_INSPIRED_GEN_20260207,SITE_STOLLERY_INSPIRED,SITE_STOLLERY_INSPIRED_GEN,2026-02-07,2,0,3,True
SAFE_SITE_STOLLERY_INSPIRED_GEN_20260208,SITE_STOLLERY_INSPIRED,SITE_STOLLERY_INSPIRED_GEN,2026-02-08,0,0,3,True
SAFE_SITE_STOLLERY_INSPIRED_GEN_20260209,SITE_STOLLERY_INSPIRED,SITE_STOLLERY_INSPIRED_GEN,2026-02-09,2,0,0,True
SAFE_SITE_STOLLERY_INSPIRED_GEN_20260210,SITE_STOLLERY_INSPIRED,SITE_STOLLERY_INSPIRED_GEN,2026-02-10,2,0,0,True
SAFE_SITE_STOLLERY_INSPIRED_GEN_20260211,SITE_STOLLERY_INSPIRED,SITE_STOLLERY_INSPIRED_GEN,2026-02-11,1,0,0,True
SAFE_SITE_STOLLERY_INSPIRED_GEN_20260212,SITE_STOLLERY_INSPIRED,SITE_STOLLERY_INSPIRED_GEN,2026-02-12,2,2,0,True
SAFE_SITE_STOLLERY_INSPIRED_GEN_20260213,SITE_STOLLERY_INSPIRED,SITE_STOLLERY_INSPIRED_GEN,2026-02-13,1,1,1,True
SAFE_SITE_STOLLERY_INSPIRED_GEN_20260214,SITE_STOLLERY_INSPIRED,SITE_STOLLERY_INSPIRED_GEN,2026-02-14,0,0,0,True
SAFE_SITE_STOLLERY_INSPIRED_GEN_20260215,SITE_STOLLERY_INSPIRED,SITE_STOLLERY_INSPIRED_GEN,2026-02-15,1,0,0,True
SAFE_SITE_STOLLERY_INSPIRED_GEN_20260216,SITE_STOLLERY_INSPIRED,SITE_STOLLERY_INSPIRED_GEN,2026-02-16,2,1,0,True
SAFE_SITE_STOLLERY_INSPIRED_GEN_20260217,SITE_STOLLERY_INSPIRED,SITE_STOLLERY_INSPIRED_GEN,2026-02-17,2,2,0,True
SAFE_SITE_STOLLERY_INSPIRED_GEN_20260218,SITE_STOLLERY_INSPIRED,SITE_STOLLERY_INSPIRED_GEN,2026-02-18,1,0,2,True
SAFE_SITE_STOLLERY_INSPIRED_GEN_20260219,SITE_STOLLERY_INSPIRED,SITE_STOLLERY_INSPIRED_GEN,2026-02-19,2,0,1,True
SAFE_SITE_STOLLERY_INSPIRED_GEN_20260220,SITE_STOLLERY_INSPIRED,SITE_STOLLERY_INSPIRED_GEN,2026-02-20,0,0,0,True
SAFE_SITE_STOLLERY_INSPIRED_GEN_20260221,SITE_STOLLERY_INSPIRED,SITE_STOLLERY_INSPIRED_GEN,2026-02-21,1,0,1,True
SAFE_SITE_STOLLERY_INSPIRED_GEN_20260222,SITE_STOLLERY_INSPIRED,SITE_STOLLERY_INSPIRED_GEN,2026-02-22,0,0,1,True
SAFE_SITE_STOLLERY_INSPIRED_GEN_20260223,SITE_STOLLERY_INSPIRED,SITE_STOLLERY_INSPIRED_GEN,2026-02-23,1,0,0,True
SAFE_SITE_STOLLERY_INSPIRED_GEN_20260224,SITE_STOLLERY_INSPIRED,SITE_STOLLERY_INSPIRED_GEN,2026-02-24,0,0,0,True
SAFE_SITE_STOLLERY_INSPIRED_GEN_20260225,SITE_STOLLERY_INSPIRED,SITE_STOLLERY_INSPIRED_GEN,2026-02-25,1,0,1,True
SAFE_SITE_STOLLERY_INSPIRED_GEN_20260226,SITE_STOLLERY_INSPIRED,SITE_STOLLERY_INSPIRED_GEN,2026-02-26,2,1,1,True
SAFE_SITE_STOLLERY_INSPIRED_GEN_20260227,SITE_STOLLERY_INSPIRED,SITE_STOLLERY_INSPIRED_GEN,2026-02-27,3,1,1,True
SAFE_SITE_STOLLERY_INSPIRED_GEN_20260228,SITE_STOLLERY_INSPIRED,SITE_STOLLERY_INSPIRED_GEN,2026-02-28,1,0,0,True
SAFE_SITE_STOLLERY_INSPIRED_GEN_20260301,SITE_STOLLERY_INSPIRED,SITE_STOLLERY_INSPIRED_GEN,2026-03-01,0,1,1,True
SAFE_SITE_STOLLERY_INSPIRED_GEN_20260302,SITE_STOLLERY_INSPIRED,SITE_STOLLERY_INSPIRED_GEN,2026-03-02,0,0,2,True
SAFE_SITE_STOLLERY_INSPIRED_GEN_20260303,SITE_STOLLERY_INSPIRED,SITE_STOLLERY_INSPIRED_GEN,2026-03-03,1,1,1,True
SAFE_SITE_STOLLERY_INSPIRED_GEN_20260304,SITE_STOLLERY_INSPIRED,SITE_STOLLERY_INSPIRED_GEN,2026-03-04,1,0,0,True
SAFE_SITE_STOLLERY_INSPIRED_GEN_20260305,SITE_STOLLERY_INSPIRED,SITE_STOLLERY_INSPIRED_GEN,2026-03-05,0,0,0,True
SAFE_SITE_STOLLERY_INSPIRED_GEN_20260306,SITE_STOLLERY_INSPIRED,SITE_STOLLERY_INSPIRED_GEN,2026-03-06,1,1,0,True
SAFE_SITE_STOLLERY_INSPIRED_GEN_20260307,SITE_STOLLERY_INSPIRED,SITE_STOLLERY_INSPIRED_GEN,2026-03-07,3,1,3,True
SAFE_SITE_STOLLERY_INSPIRED_GEN_20260308,SITE_STOLLERY_INSPIRED,SITE_STOLLERY_INSPIRED_GEN,2026-03-08,1,0,2,True
SAFE_SITE_STOLLERY_INSPIRED_GEN_20260309,SITE_STOLLERY_INSPIRED,SITE_STOLLERY_INSPIRED_GEN,2026-03-09,2,0,1,True
SAFE_SITE_STOLLERY_INSPIRED_GEN_20260310,SITE_STOLLERY_INSPIRED,SITE_STOLLERY_INSPIRED_GEN,2026-03-10,3,0,1,True
SAFE_SITE_STOLLERY_INSPIRED_GEN_20260311,SITE_STOLLERY_INSPIRED,SITE_STOLLERY_INSPIRED_GEN,2026-03-11,0,0,0,True
SAFE_SITE_STOLLERY_INSPIRED_GEN_20260312,SITE_STOLLERY_INSPIRED,SITE_STOLLERY_INSPIRED_GEN,2026-03-12,3,0,0,True
SAFE_SITE_STOLLERY_INSPIRED_GEN_20260313,SITE_STOLLERY_INSPIRED,SITE_STOLLERY_INSPIRED_GEN,2026-03-13,1,0,0,True
SAFE_SITE_STOLLERY_INSPIRED_GEN_20260314,SITE_STOLLERY_INSPIRED,SITE_STOLLERY_INSPIRED_GEN,2026-03-14,1,1,0,True
SAFE_SITE_STOLLERY_INSPIRED_GEN_20260315,SITE_STOLLERY_INSPIRED,SITE_STOLLERY_INSPIRED_GEN,2026-03-15,2,1,0,True
SAFE_SITE_STOLLERY_INSPIRED_GEN_20260316,SITE_STOLLERY_INSPIRED,SITE_STOLLERY_INSPIRED_GEN,2026-03-16,2,0,0,True
SAFE_SITE_STOLLERY_INSPIRED_GEN_20260317,SITE_STOLLERY_INSPIRED,SITE_STOLLERY_INSPIRED_GEN,2026-03-17,0,0,1,True
SAFE_SITE_STOLLERY_INSPIRED_GEN_20260318,SITE_STOLLERY_INSPIRED,SITE_STOLLERY_INSPIRED_GEN,2026-03-18,1,2,1,True
SAFE_SITE_STOLLERY_INSPIRED_GEN_20260319,SITE_STOLLERY_INSPIRED,SITE_STOLLERY_INSPIRED_GEN,2026-03-19,2,1,2,True
SAFE_SITE_STOLLERY_INSPIRED_GEN_20260320,SITE_STOLLERY_INSPIRED,SITE_STOLLERY_INSPIRED_GEN,2026-03-20,1,1,1,True
SAFE_SITE_STOLLERY_INSPIRED_GEN_20260321,SITE_STOLLERY_INSPIRED,SITE_STOLLERY_INSPIRED_GEN,2026-03-21,2,0,1,True
SAFE_SITE_STOLLERY_INSPIRED_GEN_20260322,SITE_STOLLERY_INSPIRED,SITE_STOLLERY_INSPIRED_GEN,2026-03-22,3,2,1,True
SAFE_SITE_STOLLERY_INSPIRED_GEN_20260323,SITE_STOLLERY_INSPIRED,SITE_STOLLERY_INSPIRED_GEN,2026-03-23,1,0,0,True
SAFE_SITE_STOLLERY_INSPIRED_GEN_20260324,SITE_STOLLERY_INSPIRED,SITE_STOLLERY_INSPIRED_GEN,2026-03-24,3,1,1,True
SAFE_SITE_STOLLERY_INSPIRED_GEN_20260325,SITE_STOLLERY_INSPIRED,SITE_STOLLERY_INSPIRED_GEN,2026-03-25,1,0,0,True
SAFE_SITE_STOLLERY_INSPIRED_GEN_20260326,SITE_STOLLERY_INSPIRED,SITE_STOLLERY_INSPIRED_GEN,2026-03-26,2,0,0,True
SAFE_SITE_STOLLERY_INSPIRED_GEN_20260327,SITE_STOLLERY_INSPIRED,SITE_STOLLERY_INSPIRED_GEN,2026-03-27,1,0,2,True
SAFE_SITE_STOLLERY_INSPIRED_GEN_20260328,SITE_STOLLERY_INSPIRED,SITE_STOLLERY_INSPIRED_GEN,2026-03-28,0,0,0,True
SAFE_SITE_STOLLERY_INSPIRED_GEN_20260329,SITE_STOLLERY_INSPIRED,SITE_STOLLERY_INSPIRED_GEN,2026-03-29,2,0,0,True
SAFE_SITE_STOLLERY_INSPIRED_GEN_20260330,SITE_STOLLERY_INSPIRED,SITE_STOLLERY_INSPIRED_GEN,2026-03-30,1,0,0,True
SAFE_SITE_STOLLERY_INSPIRED_GEN_20260331,SITE_STOLLERY_INSPIRED,SITE_STOLLERY_INSPIRED_GEN,2026-03-31,2,0,0,True
SAFE_SITE_STOLLERY_INSPIRED_GEN_20260401,SITE_STOLLERY_INSPIRED,SITE_STOLLERY_INSPIRED_GEN,2026-04-01,1,0,1,True
SAFE_SITE_STOLLERY_INSPIRED_GEN_20260402,SITE_STOLLERY_INSPIRED,SITE_STOLLERY_INSPIRED_GEN,2026-04-02,1,2,0,True
SAFE_SITE_STOLLERY_INSPIRED_GEN_20260403,SITE_STOLLERY_INSPIRED,SITE_STOLLERY_INSPIRED_GEN,2026-04-03,1,2,0,True
SAFE_SITE_STOLLERY_INSPIRED_GEN_20260404,SITE_STOLLERY_INSPIRED,SITE_STOLLERY_INSPIRED_GEN,2026-04-04,3,1,1,True
SAFE_SITE_STOLLERY_INSPIRED_GEN_20260405,SITE_STOLLERY_INSPIRED,SITE_STOLLERY_INSPIRED_GEN,2026-04-05,0,0,1,True
SAFE_SITE_STOLLERY_INSPIRED_GEN_20260406,SITE_STOLLERY_INSPIRED,SITE_STOLLERY_INSPIRED_GEN,2026-04-06,1,0,2,True
SAFE_SITE_STOLLERY_INSPIRED_GEN_20260407,SITE_STOLLERY_INSPIRED,SITE_STOLLERY_INSPIRED_GEN,2026-04-07,0,0,0,True
SAFE_SITE_STOLLERY_INSPIRED_GEN_20260408,SITE_STOLLERY_INSPIRED,SITE_STOLLERY_INSPIRED_GEN,2026-04-08,2,2,1,True
SAFE_SITE_STOLLERY_INSPIRED_GEN_20260409,SITE_STOLLERY_INSPIRED,SITE_STOLLERY_INSPIRED_GEN,2026-04-09,0,1,0,True
SAFE_SITE_STOLLERY_INSPIRED_GEN_20260410,SITE_STOLLERY_INSPIRED,SITE_STOLLERY_INSPIRED_GEN,2026-04-10,2,1,0,True
SAFE_SITE_STOLLERY_INSPIRED_GEN_20260411,SITE_STOLLERY_INSPIRED,SITE_STOLLERY_INSPIRED_GEN,2026-04-11,1,1,1,True
SAFE_SITE_STOLLERY_INSPIRED_GEN_20260412,SITE_STOLLERY_INSPIRED,SITE_STOLLERY_INSPIRED_GEN,2026-04-12,2,0,0,True
SAFE_SITE_STOLLERY_INSPIRED_GEN_20260413,SITE_STOLLERY_INSPIRED,SITE_STOLLERY_INSPIRED_GEN,2026-04-13,2,0,0,True
SAFE_SITE_STOLLERY_INSPIRED_GEN_20260414,SITE_STOLLERY_INSPIRED,SITE_STOLLERY_INSPIRED_GEN,2026-04-14,3,0,0,True
SAFE_SITE_STOLLERY_INSPIRED_GEN_20260415,SITE_STOLLERY_INSPIRED,SITE_STOLLERY_INSPIRED_GEN,2026-04-15,2,2,1,True
SAFE_SITE_STOLLERY_INSPIRED_GEN_20260416,SITE_STOLLERY_INSPIRED,SITE_STOLLERY_INSPIRED_GEN,2026-04-16,1,2,2,True
SAFE_SITE_STOLLERY_INSPIRED_GEN_20260417,SITE_STOLLERY_INSPIRED,SITE_STOLLERY_INSPIRED_GEN,2026-04-17,4,0,0,True
SAFE_SITE_STOLLERY_INSPIRED_GEN_20260418,SITE_STOLLERY_INSPIRED,SITE_STOLLERY_INSPIRED_GEN,2026-04-18,1,0,1,True
SAFE_SITE_STOLLERY_INSPIRED_GEN_20260419,SITE_STOLLERY_INSPIRED,SITE_STOLLERY_INSPIRED_GEN,2026-04-19,3,1,0,True
SAFE_SITE_STOLLERY_INSPIRED_GEN_20260420,SITE_STOLLERY_INSPIRED,SITE_STOLLERY_INSPIRED_GEN,2026-04-20,1,1,0,True
SAFE_SITE_STOLLERY_INSPIRED_GEN_20260421,SITE_STOLLERY_INSPIRED,SITE_STOLLERY_INSPIRED_GEN,2026-04-21,2,1,1,True
SAFE_SITE_STOLLERY_INSPIRED_GEN_20260422,SITE_STOLLERY_INSPIRED,SITE_STOLLERY_INSPIRED_GEN,2026-04-22,2,0,3,True
SAFE_SITE_STOLLERY_INSPIRED_GEN_20260423,SITE_STOLLERY_INSPIRED,SITE_STOLLERY_INSPIRED_GEN,2026-04-23,0,0,1,True
SAFE_SITE_STOLLERY_INSPIRED_GEN_20260424,SITE_STOLLERY_INSPIRED,SITE_STOLLERY_INSPIRED_GEN,2026-04-24,0,1,2,True
SAFE_SITE_STOLLERY_INSPIRED_GEN_20260425,SITE_STOLLERY_INSPIRED,SITE_STOLLERY_INSPIRED_GEN,2026-04-25,0,0,0,True
SAFE_SITE_STOLLERY_INSPIRED_GEN_20260426,SITE_STOLLERY_INSPIRED,SITE_STOLLERY_INSPIRED_GEN,2026-04-26,4,0,0,True
SAFE_SITE_STOLLERY_INSPIRED_GEN_20260427,SITE_STOLLERY_INSPIRED,SITE_STOLLERY_INSPIRED_GEN,2026-04-27,1,1,0,True
SAFE_SITE_STOLLERY_INSPIRED_GEN_20260428,SITE_STOLLERY_INSPIRED,SITE_STOLLERY_INSPIRED_GEN,2026-04-28,1,2,0,True
SAFE_SITE_STOLLERY_INSPIRED_GEN_20260429,SITE_STOLLERY_INSPIRED,SITE_STOLLERY_INSPIRED_GEN,2026-04-29,3,1,0,True
SAFE_SITE_STOLLERY_INSPIRED_GEN_20260430,SITE_STOLLERY_INSPIRED,SITE_STOLLERY_INSPIRED_GEN,2026-04-30,4,0,0,True
SAFE_SITE_STOLLERY_INSPIRED_RESP_20260101,SITE_STOLLERY_INSPIRED,SITE_STOLLERY_INSPIRED_RESP,2026-01-01,1,2,1,True
SAFE_SITE_STOLLERY_INSPIRED_RESP_20260102,SITE_STOLLERY_INSPIRED,SITE_STOLLERY_INSPIRED_RESP,2026-01-02,1,0,1,True
SAFE_SITE_STOLLERY_INSPIRED_RESP_20260103,SITE_STOLLERY_INSPIRED,SITE_STOLLERY_INSPIRED_RESP,2026-01-03,1,0,0,True
SAFE_SITE_STOLLERY_INSPIRED_RESP_20260104,SITE_STOLLERY_INSPIRED,SITE_STOLLERY_INSPIRED_RESP,2026-01-04,1,0,0,True
SAFE_SITE_STOLLERY_INSPIRED_RESP_20260105,SITE_STOLLERY_INSPIRED,SITE_STOLLERY_INSPIRED_RESP,2026-01-05,4,1,0,True
SAFE_SITE_STOLLERY_INSPIRED_RESP_20260106,SITE_STOLLERY_INSPIRED,SITE_STOLLERY_INSPIRED_RESP,2026-01-06,2,2,1,True
SAFE_SITE_STOLLERY_INSPIRED_RESP_20260107,SITE_STOLLERY_INSPIRED,SITE_STOLLERY_INSPIRED_RESP,2026-01-07,1,1,2,True
SAFE_SITE_STOLLERY_INSPIRED_RESP_20260108,SITE_STOLLERY_INSPIRED,SITE_STOLLERY_INSPIRED_RESP,2026-01-08,0,2,0,True
SAFE_SITE_STOLLERY_INSPIRED_RESP_20260109,SITE_STOLLERY_INSPIRED,SITE_STOLLERY_INSPIRED_RESP,2026-01-09,1,0,0,True
SAFE_SITE_STOLLERY_INSPIRED_RESP_20260110,SITE_STOLLERY_INSPIRED,SITE_STOLLERY_INSPIRED_RESP,2026-01-10,4,0,1,True
SAFE_SITE_STOLLERY_INSPIRED_RESP_20260111,SITE_STOLLERY_INSPIRED,SITE_STOLLERY_INSPIRED_RESP,2026-01-11,1,0,1,True
SAFE_SITE_STOLLERY_INSPIRED_RESP_20260112,SITE_STOLLERY_INSPIRED,SITE_STOLLERY_INSPIRED_RESP,2026-01-12,0,0,2,True
SAFE_SITE_STOLLERY_INSPIRED_RESP_20260113,SITE_STOLLERY_INSPIRED,SITE_STOLLERY_INSPIRED_RESP,2026-01-13,1,1,2,True
SAFE_SITE_STOLLERY_INSPIRED_RESP_20260114,SITE_STOLLERY_INSPIRED,SITE_STOLLERY_INSPIRED_RESP,2026-01-14,4,1,1,True
SAFE_SITE_STOLLERY_INSPIRED_RESP_20260115,SITE_STOLLERY_INSPIRED,SITE_STOLLERY_INSPIRED_RESP,2026-01-15,4,0,1,True
SAFE_SITE_STOLLERY_INSPIRED_RESP_20260116,SITE_STOLLERY_INSPIRED,SITE_STOLLERY_INSPIRED_RESP,2026-01-16,0,0,1,True
SAFE_SITE_STOLLERY_INSPIRED_RESP_20260117,SITE_STOLLERY_INSPIRED,SITE_STOLLERY_INSPIRED_RESP,2026-01-17,2,0,0,True
SAFE_SITE_STOLLERY_INSPIRED_RESP_20260118,SITE_STOLLERY_INSPIRED,SITE_STOLLERY_INSPIRED_RESP,2026-01-18,1,2,0,True
SAFE_SITE_STOLLERY_INSPIRED_RESP_20260119,SITE_STOLLERY_INSPIRED,SITE_STOLLERY_INSPIRED_RESP,2026-01-19,0,1,1,True
SAFE_SITE_STOLLERY_INSPIRED_RESP_20260120,SITE_STOLLERY_INSPIRED,SITE_STOLLERY_INSPIRED_RESP,2026-01-20,1,0,0,True
SAFE_SITE_STOLLERY_INSPIRED_RESP_20260121,SITE_STOLLERY_INSPIRED,SITE_STOLLERY_INSPIRED_RESP,2026-01-21,0,0,0,True
SAFE_SITE_STOLLERY_INSPIRED_RESP_20260122,SITE_STOLLERY_INSPIRED,SITE_STOLLERY_INSPIRED_RESP,2026-01-22,4,2,2,True
SAFE_SITE_STOLLERY_INSPIRED_RESP_20260123,SITE_STOLLERY_INSPIRED,SITE_STOLLERY_INSPIRED_RESP,2026-01-23,3,0,0,True
SAFE_SITE_STOLLERY_INSPIRED_RESP_20260124,SITE_STOLLERY_INSPIRED,SITE_STOLLERY_INSPIRED_RESP,2026-01-24,2,1,1,True
SAFE_SITE_STOLLERY_INSPIRED_RESP_20260125,SITE_STOLLERY_INSPIRED,SITE_STOLLERY_INSPIRED_RESP,2026-01-25,0,0,2,True
SAFE_SITE_STOLLERY_INSPIRED_RESP_20260126,SITE_STOLLERY_INSPIRED,SITE_STOLLERY_INSPIRED_RESP,2026-01-26,2,0,3,True
SAFE_SITE_STOLLERY_INSPIRED_RESP_20260127,SITE_STOLLERY_INSPIRED,SITE_STOLLERY_INSPIRED_RESP,2026-01-27,0,0,1,True
SAFE_SITE_STOLLERY_INSPIRED_RESP_20260128,SITE_STOLLERY_INSPIRED,SITE_STOLLERY_INSPIRED_RESP,2026-01-28,6,2,1,True
SAFE_SITE_STOLLERY_INSPIRED_RESP_20260129,SITE_STOLLERY_INSPIRED,SITE_STOLLERY_INSPIRED_RESP,2026-01-29,2,1,1,True
SAFE_SITE_STOLLERY_INSPIRED_RESP_20260130,SITE_STOLLERY_INSPIRED,SITE_STOLLERY_INSPIRED_RESP,2026-01-30,4,1,2,True
SAFE_SITE_STOLLERY_INSPIRED_RESP_20260131,SITE_STOLLERY_INSPIRED,SITE_STOLLERY_INSPIRED_RESP,2026-01-31,1,0,1,True
SAFE_SITE_STOLLERY_INSPIRED_RESP_20260201,SITE_STOLLERY_INSPIRED,SITE_STOLLERY_INSPIRED_RESP,2026-02-01,0,0,2,True
SAFE_SITE_STOLLERY_INSPIRED_RESP_20260202,SITE_STOLLERY_INSPIRED,SITE_STOLLERY_INSPIRED_RESP,2026-02-02,3,1,1,True
SAFE_SITE_STOLLERY_INSPIRED_RESP_20260203,SITE_STOLLERY_INSPIRED,SITE_STOLLERY_INSPIRED_RESP,2026-02-03,1,1,1,True
SAFE_SITE_STOLLERY_INSPIRED_RESP_20260204,SITE_STOLLERY_INSPIRED,SITE_STOLLERY_INSPIRED_RESP,2026-02-04,2,0,1,True
SAFE_SITE_STOLLERY_INSPIRED_RESP_20260205,SITE_STOLLERY_INSPIRED,SITE_STOLLERY_INSPIRED_RESP,2026-02-05,0,1,0,True
SAFE_SITE_STOLLERY_INSPIRED_RESP_20260206,SITE_STOLLERY_INSPIRED,SITE_STOLLERY_INSPIRED_RESP,2026-02-06,2,0,1,True
SAFE_SITE_STOLLERY_INSPIRED_RESP_20260207,SITE_STOLLERY_INSPIRED,SITE_STOLLERY_INSPIRED_RESP,2026-02-07,0,0,2,True
SAFE_SITE_STOLLERY_INSPIRED_RESP_20260208,SITE_STOLLERY_INSPIRED,SITE_STOLLERY_INSPIRED_RESP,2026-02-08,3,0,0,True
SAFE_SITE_STOLLERY_INSPIRED_RESP_20260209,SITE_STOLLERY_INSPIRED,SITE_STOLLERY_INSPIRED_RESP,2026-02-09,2,0,1,True
SAFE_SITE_STOLLERY_INSPIRED_RESP_20260210,SITE_STOLLERY_INSPIRED,SITE_STOLLERY_INSPIRED_RESP,2026-02-10,1,0,0,True
SAFE_SITE_STOLLERY_INSPIRED_RESP_20260211,SITE_STOLLERY_INSPIRED,SITE_STOLLERY_INSPIRED_RESP,2026-02-11,0,0,0,True
SAFE_SITE_STOLLERY_INSPIRED_RESP_20260212,SITE_STOLLERY_INSPIRED,SITE_STOLLERY_INSPIRED_RESP,2026-02-12,1,0,2,True
SAFE_SITE_STOLLERY_INSPIRED_RESP_20260213,SITE_STOLLERY_INSPIRED,SITE_STOLLERY_INSPIRED_RESP,2026-02-13,0,0,0,True
SAFE_SITE_STOLLERY_INSPIRED_RESP_20260214,SITE_STOLLERY_INSPIRED,SITE_STOLLERY_INSPIRED_RESP,2026-02-14,1,0,1,True
SAFE_SITE_STOLLERY_INSPIRED_RESP_20260215,SITE_STOLLERY_INSPIRED,SITE_STOLLERY_INSPIRED_RESP,2026-02-15,2,1,1,True
SAFE_SITE_STOLLERY_INSPIRED_RESP_20260216,SITE_STOLLERY_INSPIRED,SITE_STOLLERY_INSPIRED_RESP,2026-02-16,0,1,1,True
SAFE_SITE_STOLLERY_INSPIRED_RESP_20260217,SITE_STOLLERY_INSPIRED,SITE_STOLLERY_INSPIRED_RESP,2026-02-17,1,2,1,True
SAFE_SITE_STOLLERY_INSPIRED_RESP_20260218,SITE_STOLLERY_INSPIRED,SITE_STOLLERY_INSPIRED_RESP,2026-02-18,0,2,2,True
SAFE_SITE_STOLLERY_INSPIRED_RESP_20260219,SITE_STOLLERY_INSPIRED,SITE_STOLLERY_INSPIRED_RESP,2026-02-19,4,1,0,True
SAFE_SITE_STOLLERY_INSPIRED_RESP_20260220,SITE_STOLLERY_INSPIRED,SITE_STOLLERY_INSPIRED_RESP,2026-02-20,3,0,1,True
SAFE_SITE_STOLLERY_INSPIRED_RESP_20260221,SITE_STOLLERY_INSPIRED,SITE_STOLLERY_INSPIRED_RESP,2026-02-21,0,1,1,True
SAFE_SITE_STOLLERY_INSPIRED_RESP_20260222,SITE_STOLLERY_INSPIRED,SITE_STOLLERY_INSPIRED_RESP,2026-02-22,2,1,1,True
SAFE_SITE_STOLLERY_INSPIRED_RESP_20260223,SITE_STOLLERY_INSPIRED,SITE_STOLLERY_INSPIRED_RESP,2026-02-23,4,0,1,True
SAFE_SITE_STOLLERY_INSPIRED_RESP_20260224,SITE_STOLLERY_INSPIRED,SITE_STOLLERY_INSPIRED_RESP,2026-02-24,0,0,0,True
SAFE_SITE_STOLLERY_INSPIRED_RESP_20260225,SITE_STOLLERY_INSPIRED,SITE_STOLLERY_INSPIRED_RESP,2026-02-25,2,0,1,True
SAFE_SITE_STOLLERY_INSPIRED_RESP_20260226,SITE_STOLLERY_INSPIRED,SITE_STOLLERY_INSPIRED_RESP,2026-02-26,2,0,0,True
SAFE_SITE_STOLLERY_INSPIRED_RESP_20260227,SITE_STOLLERY_INSPIRED,SITE_STOLLERY_INSPIRED_RESP,2026-02-27,3,0,0,True
SAFE_SITE_STOLLERY_INSPIRED_RESP_20260228,SITE_STOLLERY_INSPIRED,SITE_STOLLERY_INSPIRED_RESP,2026-02-28,0,0,0,True
SAFE_SITE_STOLLERY_INSPIRED_RESP_20260301,SITE_STOLLERY_INSPIRED,SITE_STOLLERY_INSPIRED_RESP,2026-03-01,0,1,1,True
SAFE_SITE_STOLLERY_INSPIRED_RESP_20260302,SITE_STOLLERY_INSPIRED,SITE_STOLLERY_INSPIRED_RESP,2026-03-02,3,0,0,True
SAFE_SITE_STOLLERY_INSPIRED_RESP_20260303,SITE_STOLLERY_INSPIRED,SITE_STOLLERY_INSPIRED_RESP,2026-03-03,1,0,0,True
SAFE_SITE_STOLLERY_INSPIRED_RESP_20260304,SITE_STOLLERY_INSPIRED,SITE_STOLLERY_INSPIRED_RESP,2026-03-04,3,1,2,True
SAFE_SITE_STOLLERY_INSPIRED_RESP_20260305,SITE_STOLLERY_INSPIRED,SITE_STOLLERY_INSPIRED_RESP,2026-03-05,1,1,1,True
SAFE_SITE_STOLLERY_INSPIRED_RESP_20260306,SITE_STOLLERY_INSPIRED,SITE_STOLLERY_INSPIRED_RESP,2026-03-06,1,1,0,True
SAFE_SITE_STOLLERY_INSPIRED_RESP_20260307,SITE_STOLLERY_INSPIRED,SITE_STOLLERY_INSPIRED_RESP,2026-03-07,1,0,0,True
SAFE_SITE_STOLLERY_INSPIRED_RESP_20260308,SITE_STOLLERY_INSPIRED,SITE_STOLLERY_INSPIRED_RESP,2026-03-08,1,1,2,True
SAFE_SITE_STOLLERY_INSPIRED_RESP_20260309,SITE_STOLLERY_INSPIRED,SITE_STOLLERY_INSPIRED_RESP,2026-03-09,2,1,1,True
SAFE_SITE_STOLLERY_INSPIRED_RESP_20260310,SITE_STOLLERY_INSPIRED,SITE_STOLLERY_INSPIRED_RESP,2026-03-10,4,0,0,True
SAFE_SITE_STOLLERY_INSPIRED_RESP_20260311,SITE_STOLLERY_INSPIRED,SITE_STOLLERY_INSPIRED_RESP,2026-03-11,2,1,1,True
SAFE_SITE_STOLLERY_INSPIRED_RESP_20260312,SITE_STOLLERY_INSPIRED,SITE_STOLLERY_INSPIRED_RESP,2026-03-12,1,1,1,True
SAFE_SITE_STOLLERY_INSPIRED_RESP_20260313,SITE_STOLLERY_INSPIRED,SITE_STOLLERY_INSPIRED_RESP,2026-03-13,0,2,1,True
SAFE_SITE_STOLLERY_INSPIRED_RESP_20260314,SITE_STOLLERY_INSPIRED,SITE_STOLLERY_INSPIRED_RESP,2026-03-14,0,1,0,True
SAFE_SITE_STOLLERY_INSPIRED_RESP_20260315,SITE_STOLLERY_INSPIRED,SITE_STOLLERY_INSPIRED_RESP,2026-03-15,0,0,0,True
SAFE_SITE_STOLLERY_INSPIRED_RESP_20260316,SITE_STOLLERY_INSPIRED,SITE_STOLLERY_INSPIRED_RESP,2026-03-16,0,0,0,True
SAFE_SITE_STOLLERY_INSPIRED_RESP_20260317,SITE_STOLLERY_INSPIRED,SITE_STOLLERY_INSPIRED_RESP,2026-03-17,1,0,2,True
SAFE_SITE_STOLLERY_INSPIRED_RESP_20260318,SITE_STOLLERY_INSPIRED,SITE_STOLLERY_INSPIRED_RESP,2026-03-18,2,2,1,True
SAFE_SITE_STOLLERY_INSPIRED_RESP_20260319,SITE_STOLLERY_INSPIRED,SITE_STOLLERY_INSPIRED_RESP,2026-03-19,4,1,0,True
SAFE_SITE_STOLLERY_INSPIRED_RESP_20260320,SITE_STOLLERY_INSPIRED,SITE_STOLLERY_INSPIRED_RESP,2026-03-20,1,0,1,True
SAFE_SITE_STOLLERY_INSPIRED_RESP_20260321,SITE_STOLLERY_INSPIRED,SITE_STOLLERY_INSPIRED_RESP,2026-03-21,0,0,1,True
SAFE_SITE_STOLLERY_INSPIRED_RESP_20260322,SITE_STOLLERY_INSPIRED,SITE_STOLLERY_INSPIRED_RESP,2026-03-22,1,3,0,True
SAFE_SITE_STOLLERY_INSPIRED_RESP_20260323,SITE_STOLLERY_INSPIRED,SITE_STOLLERY_INSPIRED_RESP,2026-03-23,1,1,1,True
SAFE_SITE_STOLLERY_INSPIRED_RESP_20260324,SITE_STOLLERY_INSPIRED,SITE_STOLLERY_INSPIRED_RESP,2026-03-24,1,0,0,True
SAFE_SITE_STOLLERY_INSPIRED_RESP_20260325,SITE_STOLLERY_INSPIRED,SITE_STOLLERY_INSPIRED_RESP,2026-03-25,3,1,0,True
SAFE_SITE_STOLLERY_INSPIRED_RESP_20260326,SITE_STOLLERY_INSPIRED,SITE_STOLLERY_INSPIRED_RESP,2026-03-26,1,0,0,True
SAFE_SITE_STOLLERY_INSPIRED_RESP_20260327,SITE_STOLLERY_INSPIRED,SITE_STOLLERY_INSPIRED_RESP,2026-03-27,2,0,0,True
SAFE_SITE_STOLLERY_INSPIRED_RESP_20260328,SITE_STOLLERY_INSPIRED,SITE_STOLLERY_INSPIRED_RESP,2026-03-28,1,1,1,True
SAFE_SITE_STOLLERY_INSPIRED_RESP_20260329,SITE_STOLLERY_INSPIRED,SITE_STOLLERY_INSPIRED_RESP,2026-03-29,0,1,1,True
SAFE_SITE_STOLLERY_INSPIRED_RESP_20260330,SITE_STOLLERY_INSPIRED,SITE_STOLLERY_INSPIRED_RESP,2026-03-30,1,1,1,True
SAFE_SITE_STOLLERY_INSPIRED_RESP_20260331,SITE_STOLLERY_INSPIRED,SITE_STOLLERY_INSPIRED_RESP,2026-03-31,1,0,0,True
SAFE_SITE_STOLLERY_INSPIRED_RESP_20260401,SITE_STOLLERY_INSPIRED,SITE_STOLLERY_INSPIRED_RESP,2026-04-01,2,1,0,True
SAFE_SITE_STOLLERY_INSPIRED_RESP_20260402,SITE_STOLLERY_INSPIRED,SITE_STOLLERY_INSPIRED_RESP,2026-04-02,4,0,0,True
SAFE_SITE_STOLLERY_INSPIRED_RESP_20260403,SITE_STOLLERY_INSPIRED,SITE_STOLLERY_INSPIRED_RESP,2026-04-03,0,0,0,True
SAFE_SITE_STOLLERY_INSPIRED_RESP_20260404,SITE_STOLLERY_INSPIRED,SITE_STOLLERY_INSPIRED_RESP,2026-04-04,2,2,1,True
SAFE_SITE_STOLLERY_INSPIRED_RESP_20260405,SITE_STOLLERY_INSPIRED,SITE_STOLLERY_INSPIRED_RESP,2026-04-05,1,0,1,True
SAFE_SITE_STOLLERY_INSPIRED_RESP_20260406,SITE_STOLLERY_INSPIRED,SITE_STOLLERY_INSPIRED_RESP,2026-04-06,1,0,1,True
SAFE_SITE_STOLLERY_INSPIRED_RESP_20260407,SITE_STOLLERY_INSPIRED,SITE_STOLLERY_INSPIRED_RESP,2026-04-07,0,0,0,True
SAFE_SITE_STOLLERY_INSPIRED_RESP_20260408,SITE_STOLLERY_INSPIRED,SITE_STOLLERY_INSPIRED_RESP,2026-04-08,0,1,0,True
SAFE_SITE_STOLLERY_INSPIRED_RESP_20260409,SITE_STOLLERY_INSPIRED,SITE_STOLLERY_INSPIRED_RESP,2026-04-09,1,0,0,True
SAFE_SITE_STOLLERY_INSPIRED_RESP_20260410,SITE_STOLLERY_INSPIRED,SITE_STOLLERY_INSPIRED_RESP,2026-04-10,1,0,0,True
SAFE_SITE_STOLLERY_INSPIRED_RESP_20260411,SITE_STOLLERY_INSPIRED,SITE_STOLLERY_INSPIRED_RESP,2026-04-11,0,1,1,True
SAFE_SITE_STOLLERY_INSPIRED_RESP_20260412,SITE_STOLLERY_INSPIRED,SITE_STOLLERY_INSPIRED_RESP,2026-04-12,0,0,0,True
SAFE_SITE_STOLLERY_INSPIRED_RESP_20260413,SITE_STOLLERY_INSPIRED,SITE_STOLLERY_INSPIRED_RESP,2026-04-13,2,0,1,True
SAFE_SITE_STOLLERY_INSPIRED_RESP_20260414,SITE_STOLLERY_INSPIRED,SITE_STOLLERY_INSPIRED_RESP,2026-04-14,0,0,2,True
SAFE_SITE_STOLLERY_INSPIRED_RESP_20260415,SITE_STOLLERY_INSPIRED,SITE_STOLLERY_INSPIRED_RESP,2026-04-15,2,0,0,True
SAFE_SITE_STOLLERY_INSPIRED_RESP_20260416,SITE_STOLLERY_INSPIRED,SITE_STOLLERY_INSPIRED_RESP,2026-04-16,1,1,1,True
SAFE_SITE_STOLLERY_INSPIRED_RESP_20260417,SITE_STOLLERY_INSPIRED,SITE_STOLLERY_INSPIRED_RESP,2026-04-17,1,0,2,True
SAFE_SITE_STOLLERY_INSPIRED_RESP_20260418,SITE_STOLLERY_INSPIRED,SITE_STOLLERY_INSPIRED_RESP,2026-04-18,2,1,1,True
SAFE_SITE_STOLLERY_INSPIRED_RESP_20260419,SITE_STOLLERY_INSPIRED,SITE_STOLLERY_INSPIRED_RESP,2026-04-19,0,1,2,True
SAFE_SITE_STOLLERY_INSPIRED_RESP_20260420,SITE_STOLLERY_INSPIRED,SITE_STOLLERY_INSPIRED_RESP,2026-04-20,2,0,0,True
SAFE_SITE_STOLLERY_INSPIRED_RESP_20260421,SITE_STOLLERY_INSPIRED,SITE_STOLLERY_INSPIRED_RESP,2026-04-21,2,2,1,True
SAFE_SITE_STOLLERY_INSPIRED_RESP_20260422,SITE_STOLLERY_INSPIRED,SITE_STOLLERY_INSPIRED_RESP,2026-04-22,0,0,0,True
SAFE_SITE_STOLLERY_INSPIRED_RESP_20260423,SITE_STOLLERY_INSPIRED,SITE_STOLLERY_INSPIRED_RESP,2026-04-23,0,0,0,True
SAFE_SITE_STOLLERY_INSPIRED_RESP_20260424,SITE_STOLLERY_INSPIRED,SITE_STOLLERY_INSPIRED_RESP,2026-04-24,0,0,1,True
SAFE_SITE_STOLLERY_INSPIRED_RESP_20260425,SITE_STOLLERY_INSPIRED,SITE_STOLLERY_INSPIRED_RESP,2026-04-25,1,0,1,True
SAFE_SITE_STOLLERY_INSPIRED_RESP_20260426,SITE_STOLLERY_INSPIRED,SITE_STOLLERY_INSPIRED_RESP,2026-04-26,0,1,0,True
SAFE_SITE_STOLLERY_INSPIRED_RESP_20260427,SITE_STOLLERY_INSPIRED,SITE_STOLLERY_INSPIRED_RESP,2026-04-27,2,2,0,True
SAFE_SITE_STOLLERY_INSPIRED_RESP_20260428,SITE_STOLLERY_INSPIRED,SITE_STOLLERY_INSPIRED_RESP,2026-04-28,0,0,2,True
SAFE_SITE_STOLLERY_INSPIRED_RESP_20260429,SITE_STOLLERY_INSPIRED,SITE_STOLLERY_INSPIRED_RESP,2026-04-29,0,0,0,True
SAFE_SITE_STOLLERY_INSPIRED_RESP_20260430,SITE_STOLLERY_INSPIRED,SITE_STOLLERY_INSPIRED_RESP,2026-04-30,1,0,0,True
SAFE_SITE_STOLLERY_INSPIRED_SURG_20260101,SITE_STOLLERY_INSPIRED,SITE_STOLLERY_INSPIRED_SURG,2026-01-01,1,1,0,True
SAFE_SITE_STOLLERY_INSPIRED_SURG_20260102,SITE_STOLLERY_INSPIRED,SITE_STOLLERY_INSPIRED_SURG,2026-01-02,2,0,0,True
SAFE_SITE_STOLLERY_INSPIRED_SURG_20260103,SITE_STOLLERY_INSPIRED,SITE_STOLLERY_INSPIRED_SURG,2026-01-03,1,0,0,True
SAFE_SITE_STOLLERY_INSPIRED_SURG_20260104,SITE_STOLLERY_INSPIRED,SITE_STOLLERY_INSPIRED_SURG,2026-01-04,2,0,0,True
SAFE_SITE_STOLLERY_INSPIRED_SURG_20260105,SITE_STOLLERY_INSPIRED,SITE_STOLLERY_INSPIRED_SURG,2026-01-05,3,0,0,True
SAFE_SITE_STOLLERY_INSPIRED_SURG_20260106,SITE_STOLLERY_INSPIRED,SITE_STOLLERY_INSPIRED_SURG,2026-01-06,2,0,1,True
SAFE_SITE_STOLLERY_INSPIRED_SURG_20260107,SITE_STOLLERY_INSPIRED,SITE_STOLLERY_INSPIRED_SURG,2026-01-07,3,0,2,True
SAFE_SITE_STOLLERY_INSPIRED_SURG_20260108,SITE_STOLLERY_INSPIRED,SITE_STOLLERY_INSPIRED_SURG,2026-01-08,1,0,0,True
SAFE_SITE_STOLLERY_INSPIRED_SURG_20260109,SITE_STOLLERY_INSPIRED,SITE_STOLLERY_INSPIRED_SURG,2026-01-09,1,0,1,True
SAFE_SITE_STOLLERY_INSPIRED_SURG_20260110,SITE_STOLLERY_INSPIRED,SITE_STOLLERY_INSPIRED_SURG,2026-01-10,3,0,1,True
SAFE_SITE_STOLLERY_INSPIRED_SURG_20260111,SITE_STOLLERY_INSPIRED,SITE_STOLLERY_INSPIRED_SURG,2026-01-11,1,0,0,True
SAFE_SITE_STOLLERY_INSPIRED_SURG_20260112,SITE_STOLLERY_INSPIRED,SITE_STOLLERY_INSPIRED_SURG,2026-01-12,3,0,0,True
SAFE_SITE_STOLLERY_INSPIRED_SURG_20260113,SITE_STOLLERY_INSPIRED,SITE_STOLLERY_INSPIRED_SURG,2026-01-13,2,0,1,True
SAFE_SITE_STOLLERY_INSPIRED_SURG_20260114,SITE_STOLLERY_INSPIRED,SITE_STOLLERY_INSPIRED_SURG,2026-01-14,2,0,1,True
SAFE_SITE_STOLLERY_INSPIRED_SURG_20260115,SITE_STOLLERY_INSPIRED,SITE_STOLLERY_INSPIRED_SURG,2026-01-15,0,0,0,True
SAFE_SITE_STOLLERY_INSPIRED_SURG_20260116,SITE_STOLLERY_INSPIRED,SITE_STOLLERY_INSPIRED_SURG,2026-01-16,1,0,0,True
SAFE_SITE_STOLLERY_INSPIRED_SURG_20260117,SITE_STOLLERY_INSPIRED,SITE_STOLLERY_INSPIRED_SURG,2026-01-17,2,0,0,True
SAFE_SITE_STOLLERY_INSPIRED_SURG_20260118,SITE_STOLLERY_INSPIRED,SITE_STOLLERY_INSPIRED_SURG,2026-01-18,0,1,0,True
SAFE_SITE_STOLLERY_INSPIRED_SURG_20260119,SITE_STOLLERY_INSPIRED,SITE_STOLLERY_INSPIRED_SURG,2026-01-19,0,1,1,True
SAFE_SITE_STOLLERY_INSPIRED_SURG_20260120,SITE_STOLLERY_INSPIRED,SITE_STOLLERY_INSPIRED_SURG,2026-01-20,1,0,0,True
SAFE_SITE_STOLLERY_INSPIRED_SURG_20260121,SITE_STOLLERY_INSPIRED,SITE_STOLLERY_INSPIRED_SURG,2026-01-21,2,0,3,True
SAFE_SITE_STOLLERY_INSPIRED_SURG_20260122,SITE_STOLLERY_INSPIRED,SITE_STOLLERY_INSPIRED_SURG,2026-01-22,1,1,0,True
SAFE_SITE_STOLLERY_INSPIRED_SURG_20260123,SITE_STOLLERY_INSPIRED,SITE_STOLLERY_INSPIRED_SURG,2026-01-23,1,0,0,True
SAFE_SITE_STOLLERY_INSPIRED_SURG_20260124,SITE_STOLLERY_INSPIRED,SITE_STOLLERY_INSPIRED_SURG,2026-01-24,3,0,0,True
SAFE_SITE_STOLLERY_INSPIRED_SURG_20260125,SITE_STOLLERY_INSPIRED,SITE_STOLLERY_INSPIRED_SURG,2026-01-25,1,1,1,True
SAFE_SITE_STOLLERY_INSPIRED_SURG_20260126,SITE_STOLLERY_INSPIRED,SITE_STOLLERY_INSPIRED_SURG,2026-01-26,0,0,0,True
SAFE_SITE_STOLLERY_INSPIRED_SURG_20260127,SITE_STOLLERY_INSPIRED,SITE_STOLLERY_INSPIRED_SURG,2026-01-27,1,0,0,True
SAFE_SITE_STOLLERY_INSPIRED_SURG_20260128,SITE_STOLLERY_INSPIRED,SITE_STOLLERY_INSPIRED_SURG,2026-01-28,1,1,0,True
SAFE_SITE_STOLLERY_INSPIRED_SURG_20260129,SITE_STOLLERY_INSPIRED,SITE_STOLLERY_INSPIRED_SURG,2026-01-29,1,1,0,True
SAFE_SITE_STOLLERY_INSPIRED_SURG_20260130,SITE_STOLLERY_INSPIRED,SITE_STOLLERY_INSPIRED_SURG,2026-01-30,1,0,0,True
SAFE_SITE_STOLLERY_INSPIRED_SURG_20260131,SITE_STOLLERY_INSPIRED,SITE_STOLLERY_INSPIRED_SURG,2026-01-31,2,1,0,True
SAFE_SITE_STOLLERY_INSPIRED_SURG_20260201,SITE_STOLLERY_INSPIRED,SITE_STOLLERY_INSPIRED_SURG,2026-02-01,0,0,0,True
SAFE_SITE_STOLLERY_INSPIRED_SURG_20260202,SITE_STOLLERY_INSPIRED,SITE_STOLLERY_INSPIRED_SURG,2026-02-02,2,0,0,True
SAFE_SITE_STOLLERY_INSPIRED_SURG_20260203,SITE_STOLLERY_INSPIRED,SITE_STOLLERY_INSPIRED_SURG,2026-02-03,5,1,0,True
SAFE_SITE_STOLLERY_INSPIRED_SURG_20260204,SITE_STOLLERY_INSPIRED,SITE_STOLLERY_INSPIRED_SURG,2026-02-04,2,1,3,True
SAFE_SITE_STOLLERY_INSPIRED_SURG_20260205,SITE_STOLLERY_INSPIRED,SITE_STOLLERY_INSPIRED_SURG,2026-02-05,1,1,0,True
SAFE_SITE_STOLLERY_INSPIRED_SURG_20260206,SITE_STOLLERY_INSPIRED,SITE_STOLLERY_INSPIRED_SURG,2026-02-06,2,0,1,True
SAFE_SITE_STOLLERY_INSPIRED_SURG_20260207,SITE_STOLLERY_INSPIRED,SITE_STOLLERY_INSPIRED_SURG,2026-02-07,1,1,1,True
SAFE_SITE_STOLLERY_INSPIRED_SURG_20260208,SITE_STOLLERY_INSPIRED,SITE_STOLLERY_INSPIRED_SURG,2026-02-08,0,0,3,True
SAFE_SITE_STOLLERY_INSPIRED_SURG_20260209,SITE_STOLLERY_INSPIRED,SITE_STOLLERY_INSPIRED_SURG,2026-02-09,2,0,2,True
SAFE_SITE_STOLLERY_INSPIRED_SURG_20260210,SITE_STOLLERY_INSPIRED,SITE_STOLLERY_INSPIRED_SURG,2026-02-10,1,0,1,True
SAFE_SITE_STOLLERY_INSPIRED_SURG_20260211,SITE_STOLLERY_INSPIRED,SITE_STOLLERY_INSPIRED_SURG,2026-02-11,3,1,0,True
SAFE_SITE_STOLLERY_INSPIRED_SURG_20260212,SITE_STOLLERY_INSPIRED,SITE_STOLLERY_INSPIRED_SURG,2026-02-12,1,0,1,True
SAFE_SITE_STOLLERY_INSPIRED_SURG_20260213,SITE_STOLLERY_INSPIRED,SITE_STOLLERY_INSPIRED_SURG,2026-02-13,0,2,0,True
SAFE_SITE_STOLLERY_INSPIRED_SURG_20260214,SITE_STOLLERY_INSPIRED,SITE_STOLLERY_INSPIRED_SURG,2026-02-14,0,0,0,True
SAFE_SITE_STOLLERY_INSPIRED_SURG_20260215,SITE_STOLLERY_INSPIRED,SITE_STOLLERY_INSPIRED_SURG,2026-02-15,1,0,2,True
SAFE_SITE_STOLLERY_INSPIRED_SURG_20260216,SITE_STOLLERY_INSPIRED,SITE_STOLLERY_INSPIRED_SURG,2026-02-16,2,1,0,True
SAFE_SITE_STOLLERY_INSPIRED_SURG_20260217,SITE_STOLLERY_INSPIRED,SITE_STOLLERY_INSPIRED_SURG,2026-02-17,0,1,0,True
SAFE_SITE_STOLLERY_INSPIRED_SURG_20260218,SITE_STOLLERY_INSPIRED,SITE_STOLLERY_INSPIRED_SURG,2026-02-18,1,0,0,True
SAFE_SITE_STOLLERY_INSPIRED_SURG_20260219,SITE_STOLLERY_INSPIRED,SITE_STOLLERY_INSPIRED_SURG,2026-02-19,1,0,1,True
SAFE_SITE_STOLLERY_INSPIRED_SURG_20260220,SITE_STOLLERY_INSPIRED,SITE_STOLLERY_INSPIRED_SURG,2026-02-20,0,3,0,True
SAFE_SITE_STOLLERY_INSPIRED_SURG_20260221,SITE_STOLLERY_INSPIRED,SITE_STOLLERY_INSPIRED_SURG,2026-02-21,1,0,2,True
SAFE_SITE_STOLLERY_INSPIRED_SURG_20260222,SITE_STOLLERY_INSPIRED,SITE_STOLLERY_INSPIRED_SURG,2026-02-22,4,1,4,True
SAFE_SITE_STOLLERY_INSPIRED_SURG_20260223,SITE_STOLLERY_INSPIRED,SITE_STOLLERY_INSPIRED_SURG,2026-02-23,0,1,0,True
SAFE_SITE_STOLLERY_INSPIRED_SURG_20260224,SITE_STOLLERY_INSPIRED,SITE_STOLLERY_INSPIRED_SURG,2026-02-24,2,2,0,True
SAFE_SITE_STOLLERY_INSPIRED_SURG_20260225,SITE_STOLLERY_INSPIRED,SITE_STOLLERY_INSPIRED_SURG,2026-02-25,1,1,1,True
SAFE_SITE_STOLLERY_INSPIRED_SURG_20260226,SITE_STOLLERY_INSPIRED,SITE_STOLLERY_INSPIRED_SURG,2026-02-26,2,0,1,True
SAFE_SITE_STOLLERY_INSPIRED_SURG_20260227,SITE_STOLLERY_INSPIRED,SITE_STOLLERY_INSPIRED_SURG,2026-02-27,2,3,1,True
SAFE_SITE_STOLLERY_INSPIRED_SURG_20260228,SITE_STOLLERY_INSPIRED,SITE_STOLLERY_INSPIRED_SURG,2026-02-28,1,1,1,True
SAFE_SITE_STOLLERY_INSPIRED_SURG_20260301,SITE_STOLLERY_INSPIRED,SITE_STOLLERY_INSPIRED_SURG,2026-03-01,0,0,2,True
SAFE_SITE_STOLLERY_INSPIRED_SURG_20260302,SITE_STOLLERY_INSPIRED,SITE_STOLLERY_INSPIRED_SURG,2026-03-02,4,0,0,True
SAFE_SITE_STOLLERY_INSPIRED_SURG_20260303,SITE_STOLLERY_INSPIRED,SITE_STOLLERY_INSPIRED_SURG,2026-03-03,1,0,0,True
SAFE_SITE_STOLLERY_INSPIRED_SURG_20260304,SITE_STOLLERY_INSPIRED,SITE_STOLLERY_INSPIRED_SURG,2026-03-04,2,0,4,True
SAFE_SITE_STOLLERY_INSPIRED_SURG_20260305,SITE_STOLLERY_INSPIRED,SITE_STOLLERY_INSPIRED_SURG,2026-03-05,3,0,0,True
SAFE_SITE_STOLLERY_INSPIRED_SURG_20260306,SITE_STOLLERY_INSPIRED,SITE_STOLLERY_INSPIRED_SURG,2026-03-06,1,1,1,True
SAFE_SITE_STOLLERY_INSPIRED_SURG_20260307,SITE_STOLLERY_INSPIRED,SITE_STOLLERY_INSPIRED_SURG,2026-03-07,2,0,0,True
SAFE_SITE_STOLLERY_INSPIRED_SURG_20260308,SITE_STOLLERY_INSPIRED,SITE_STOLLERY_INSPIRED_SURG,2026-03-08,2,0,0,True
SAFE_SITE_STOLLERY_INSPIRED_SURG_20260309,SITE_STOLLERY_INSPIRED,SITE_STOLLERY_INSPIRED_SURG,2026-03-09,0,0,0,True
SAFE_SITE_STOLLERY_INSPIRED_SURG_20260310,SITE_STOLLERY_INSPIRED,SITE_STOLLERY_INSPIRED_SURG,2026-03-10,1,0,0,True
SAFE_SITE_STOLLERY_INSPIRED_SURG_20260311,SITE_STOLLERY_INSPIRED,SITE_STOLLERY_INSPIRED_SURG,2026-03-11,2,1,3,True
SAFE_SITE_STOLLERY_INSPIRED_SURG_20260312,SITE_STOLLERY_INSPIRED,SITE_STOLLERY_INSPIRED_SURG,2026-03-12,1,0,0,True
SAFE_SITE_STOLLERY_INSPIRED_SURG_20260313,SITE_STOLLERY_INSPIRED,SITE_STOLLERY_INSPIRED_SURG,2026-03-13,2,0,0,True
SAFE_SITE_STOLLERY_INSPIRED_SURG_20260314,SITE_STOLLERY_INSPIRED,SITE_STOLLERY_INSPIRED_SURG,2026-03-14,1,0,1,True
SAFE_SITE_STOLLERY_INSPIRED_SURG_20260315,SITE_STOLLERY_INSPIRED,SITE_STOLLERY_INSPIRED_SURG,2026-03-15,2,0,1,True
SAFE_SITE_STOLLERY_INSPIRED_SURG_20260316,SITE_STOLLERY_INSPIRED,SITE_STOLLERY_INSPIRED_SURG,2026-03-16,0,2,1,True
SAFE_SITE_STOLLERY_INSPIRED_SURG_20260317,SITE_STOLLERY_INSPIRED,SITE_STOLLERY_INSPIRED_SURG,2026-03-17,0,2,1,True
SAFE_SITE_STOLLERY_INSPIRED_SURG_20260318,SITE_STOLLERY_INSPIRED,SITE_STOLLERY_INSPIRED_SURG,2026-03-18,0,0,0,True
SAFE_SITE_STOLLERY_INSPIRED_SURG_20260319,SITE_STOLLERY_INSPIRED,SITE_STOLLERY_INSPIRED_SURG,2026-03-19,1,1,0,True
SAFE_SITE_STOLLERY_INSPIRED_SURG_20260320,SITE_STOLLERY_INSPIRED,SITE_STOLLERY_INSPIRED_SURG,2026-03-20,2,0,1,True
SAFE_SITE_STOLLERY_INSPIRED_SURG_20260321,SITE_STOLLERY_INSPIRED,SITE_STOLLERY_INSPIRED_SURG,2026-03-21,1,3,0,True
SAFE_SITE_STOLLERY_INSPIRED_SURG_20260322,SITE_STOLLERY_INSPIRED,SITE_STOLLERY_INSPIRED_SURG,2026-03-22,2,1,1,True
SAFE_SITE_STOLLERY_INSPIRED_SURG_20260323,SITE_STOLLERY_INSPIRED,SITE_STOLLERY_INSPIRED_SURG,2026-03-23,0,1,0,True
SAFE_SITE_STOLLERY_INSPIRED_SURG_20260324,SITE_STOLLERY_INSPIRED,SITE_STOLLERY_INSPIRED_SURG,2026-03-24,4,0,1,True
SAFE_SITE_STOLLERY_INSPIRED_SURG_20260325,SITE_STOLLERY_INSPIRED,SITE_STOLLERY_INSPIRED_SURG,2026-03-25,1,3,1,True
SAFE_SITE_STOLLERY_INSPIRED_SURG_20260326,SITE_STOLLERY_INSPIRED,SITE_STOLLERY_INSPIRED_SURG,2026-03-26,2,0,1,True
SAFE_SITE_STOLLERY_INSPIRED_SURG_20260327,SITE_STOLLERY_INSPIRED,SITE_STOLLERY_INSPIRED_SURG,2026-03-27,3,1,3,True
SAFE_SITE_STOLLERY_INSPIRED_SURG_20260328,SITE_STOLLERY_INSPIRED,SITE_STOLLERY_INSPIRED_SURG,2026-03-28,1,0,1,True
SAFE_SITE_STOLLERY_INSPIRED_SURG_20260329,SITE_STOLLERY_INSPIRED,SITE_STOLLERY_INSPIRED_SURG,2026-03-29,0,0,1,True
SAFE_SITE_STOLLERY_INSPIRED_SURG_20260330,SITE_STOLLERY_INSPIRED,SITE_STOLLERY_INSPIRED_SURG,2026-03-30,1,1,2,True
SAFE_SITE_STOLLERY_INSPIRED_SURG_20260331,SITE_STOLLERY_INSPIRED,SITE_STOLLERY_INSPIRED_SURG,2026-03-31,3,1,1,True
SAFE_SITE_STOLLERY_INSPIRED_SURG_20260401,SITE_STOLLERY_INSPIRED,SITE_STOLLERY_INSPIRED_SURG,2026-04-01,4,1,2,True
SAFE_SITE_STOLLERY_INSPIRED_SURG_20260402,SITE_STOLLERY_INSPIRED,SITE_STOLLERY_INSPIRED_SURG,2026-04-02,0,1,0,True
SAFE_SITE_STOLLERY_INSPIRED_SURG_20260403,SITE_STOLLERY_INSPIRED,SITE_STOLLERY_INSPIRED_SURG,2026-04-03,0,1,0,True
SAFE_SITE_STOLLERY_INSPIRED_SURG_20260404,SITE_STOLLERY_INSPIRED,SITE_STOLLERY_INSPIRED_SURG,2026-04-04,1,1,0,True
SAFE_SITE_STOLLERY_INSPIRED_SURG_20260405,SITE_STOLLERY_INSPIRED,SITE_STOLLERY_INSPIRED_SURG,2026-04-05,1,0,0,True
SAFE_SITE_STOLLERY_INSPIRED_SURG_20260406,SITE_STOLLERY_INSPIRED,SITE_STOLLERY_INSPIRED_SURG,2026-04-06,1,0,1,True
SAFE_SITE_STOLLERY_INSPIRED_SURG_20260407,SITE_STOLLERY_INSPIRED,SITE_STOLLERY_INSPIRED_SURG,2026-04-07,0,1,1,True
SAFE_SITE_STOLLERY_INSPIRED_SURG_20260408,SITE_STOLLERY_INSPIRED,SITE_STOLLERY_INSPIRED_SURG,2026-04-08,0,1,0,True
SAFE_SITE_STOLLERY_INSPIRED_SURG_20260409,SITE_STOLLERY_INSPIRED,SITE_STOLLERY_INSPIRED_SURG,2026-04-09,0,0,0,True
SAFE_SITE_STOLLERY_INSPIRED_SURG_20260410,SITE_STOLLERY_INSPIRED,SITE_STOLLERY_INSPIRED_SURG,2026-04-10,1,0,1,True
SAFE_SITE_STOLLERY_INSPIRED_SURG_20260411,SITE_STOLLERY_INSPIRED,SITE_STOLLERY_INSPIRED_SURG,2026-04-11,1,1,1,True
SAFE_SITE_STOLLERY_INSPIRED_SURG_20260412,SITE_STOLLERY_INSPIRED,SITE_STOLLERY_INSPIRED_SURG,2026-04-12,3,0,1,True
SAFE_SITE_STOLLERY_INSPIRED_SURG_20260413,SITE_STOLLERY_INSPIRED,SITE_STOLLERY_INSPIRED_SURG,2026-04-13,0,1,0,True
SAFE_SITE_STOLLERY_INSPIRED_SURG_20260414,SITE_STOLLERY_INSPIRED,SITE_STOLLERY_INSPIRED_SURG,2026-04-14,2,0,1,True
SAFE_SITE_STOLLERY_INSPIRED_SURG_20260415,SITE_STOLLERY_INSPIRED,SITE_STOLLERY_INSPIRED_SURG,2026-04-15,4,2,1,True
SAFE_SITE_STOLLERY_INSPIRED_SURG_20260416,SITE_STOLLERY_INSPIRED,SITE_STOLLERY_INSPIRED_SURG,2026-04-16,1,1,0,True
SAFE_SITE_STOLLERY_INSPIRED_SURG_20260417,SITE_STOLLERY_INSPIRED,SITE_STOLLERY_INSPIRED_SURG,2026-04-17,4,1,1,True
SAFE_SITE_STOLLERY_INSPIRED_SURG_20260418,SITE_STOLLERY_INSPIRED,SITE_STOLLERY_INSPIRED_SURG,2026-04-18,0,0,1,True
SAFE_SITE_STOLLERY_INSPIRED_SURG_20260419,SITE_STOLLERY_INSPIRED,SITE_STOLLERY_INSPIRED_SURG,2026-04-19,0,0,1,True
SAFE_SITE_STOLLERY_INSPIRED_SURG_20260420,SITE_STOLLERY_INSPIRED,SITE_STOLLERY_INSPIRED_SURG,2026-04-20,0,1,2,True
SAFE_SITE_STOLLERY_INSPIRED_SURG_20260421,SITE_STOLLERY_INSPIRED,SITE_STOLLERY_INSPIRED_SURG,2026-04-21,0,2,0,True
SAFE_SITE_STOLLERY_INSPIRED_SURG_20260422,SITE_STOLLERY_INSPIRED,SITE_STOLLERY_INSPIRED_SURG,2026-04-22,1,0,0,True
SAFE_SITE_STOLLERY_INSPIRED_SURG_20260423,SITE_STOLLERY_INSPIRED,SITE_STOLLERY_INSPIRED_SURG,2026-04-23,0,2,1,True
SAFE_SITE_STOLLERY_INSPIRED_SURG_20260424,SITE_STOLLERY_INSPIRED,SITE_STOLLERY_INSPIRED_SURG,2026-04-24,3,0,0,True
SAFE_SITE_STOLLERY_INSPIRED_SURG_20260425,SITE_STOLLERY_INSPIRED,SITE_STOLLERY_INSPIRED_SURG,2026-04-25,0,0,0,True
SAFE_SITE_STOLLERY_INSPIRED_SURG_20260426,SITE_STOLLERY_INSPIRED,SITE_STOLLERY_INSPIRED_SURG,2026-04-26,1,0,2,True
SAFE_SITE_STOLLERY_INSPIRED_SURG_20260427,SITE_STOLLERY_INSPIRED,SITE_STOLLERY_INSPIRED_SURG,2026-04-27,1,1,2,True
SAFE_SITE_STOLLERY_INSPIRED_SURG_20260428,SITE_STOLLERY_INSPIRED,SITE_STOLLERY_INSPIRED_SURG,2026-04-28,3,1,1,True
SAFE_SITE_STOLLERY_INSPIRED_SURG_20260429,SITE_STOLLERY_INSPIRED,SITE_STOLLERY_INSPIRED_SURG,2026-04-29,3,0,1,True
SAFE_SITE_STOLLERY_INSPIRED_SURG_20260430,SITE_STOLLERY_INSPIRED,SITE_STOLLERY_INSPIRED_SURG,2026-04-30,1,1,2,True
SAFE_SITE_STOLLERY_INSPIRED_PICU_20260101,SITE_STOLLERY_INSPIRED,SITE_STOLLERY_INSPIRED_PICU,2026-01-01,0,3,2,True
SAFE_SITE_STOLLERY_INSPIRED_PICU_20260102,SITE_STOLLERY_INSPIRED,SITE_STOLLERY_INSPIRED_PICU,2026-01-02,4,1,0,True
SAFE_SITE_STOLLERY_INSPIRED_PICU_20260103,SITE_STOLLERY_INSPIRED,SITE_STOLLERY_INSPIRED_PICU,2026-01-03,0,2,1,True
SAFE_SITE_STOLLERY_INSPIRED_PICU_20260104,SITE_STOLLERY_INSPIRED,SITE_STOLLERY_INSPIRED_PICU,2026-01-04,2,0,0,True
SAFE_SITE_STOLLERY_INSPIRED_PICU_20260105,SITE_STOLLERY_INSPIRED,SITE_STOLLERY_INSPIRED_PICU,2026-01-05,1,0,0,True
SAFE_SITE_STOLLERY_INSPIRED_PICU_20260106,SITE_STOLLERY_INSPIRED,SITE_STOLLERY_INSPIRED_PICU,2026-01-06,1,1,1,True
SAFE_SITE_STOLLERY_INSPIRED_PICU_20260107,SITE_STOLLERY_INSPIRED,SITE_STOLLERY_INSPIRED_PICU,2026-01-07,1,2,1,True
SAFE_SITE_STOLLERY_INSPIRED_PICU_20260108,SITE_STOLLERY_INSPIRED,SITE_STOLLERY_INSPIRED_PICU,2026-01-08,1,0,0,True
SAFE_SITE_STOLLERY_INSPIRED_PICU_20260109,SITE_STOLLERY_INSPIRED,SITE_STOLLERY_INSPIRED_PICU,2026-01-09,2,2,1,True
SAFE_SITE_STOLLERY_INSPIRED_PICU_20260110,SITE_STOLLERY_INSPIRED,SITE_STOLLERY_INSPIRED_PICU,2026-01-10,0,1,0,True
SAFE_SITE_STOLLERY_INSPIRED_PICU_20260111,SITE_STOLLERY_INSPIRED,SITE_STOLLERY_INSPIRED_PICU,2026-01-11,0,0,1,True
SAFE_SITE_STOLLERY_INSPIRED_PICU_20260112,SITE_STOLLERY_INSPIRED,SITE_STOLLERY_INSPIRED_PICU,2026-01-12,1,0,2,True
SAFE_SITE_STOLLERY_INSPIRED_PICU_20260113,SITE_STOLLERY_INSPIRED,SITE_STOLLERY_INSPIRED_PICU,2026-01-13,2,4,1,True
SAFE_SITE_STOLLERY_INSPIRED_PICU_20260114,SITE_STOLLERY_INSPIRED,SITE_STOLLERY_INSPIRED_PICU,2026-01-14,1,0,0,True
SAFE_SITE_STOLLERY_INSPIRED_PICU_20260115,SITE_STOLLERY_INSPIRED,SITE_STOLLERY_INSPIRED_PICU,2026-01-15,1,1,0,True
SAFE_SITE_STOLLERY_INSPIRED_PICU_20260116,SITE_STOLLERY_INSPIRED,SITE_STOLLERY_INSPIRED_PICU,2026-01-16,3,2,1,True
SAFE_SITE_STOLLERY_INSPIRED_PICU_20260117,SITE_STOLLERY_INSPIRED,SITE_STOLLERY_INSPIRED_PICU,2026-01-17,3,0,0,True
SAFE_SITE_STOLLERY_INSPIRED_PICU_20260118,SITE_STOLLERY_INSPIRED,SITE_STOLLERY_INSPIRED_PICU,2026-01-18,0,1,1,True
SAFE_SITE_STOLLERY_INSPIRED_PICU_20260119,SITE_STOLLERY_INSPIRED,SITE_STOLLERY_INSPIRED_PICU,2026-01-19,1,3,0,True
SAFE_SITE_STOLLERY_INSPIRED_PICU_20260120,SITE_STOLLERY_INSPIRED,SITE_STOLLERY_INSPIRED_PICU,2026-01-20,0,0,0,True
SAFE_SITE_STOLLERY_INSPIRED_PICU_20260121,SITE_STOLLERY_INSPIRED,SITE_STOLLERY_INSPIRED_PICU,2026-01-21,3,2,0,True
SAFE_SITE_STOLLERY_INSPIRED_PICU_20260122,SITE_STOLLERY_INSPIRED,SITE_STOLLERY_INSPIRED_PICU,2026-01-22,1,2,0,True
SAFE_SITE_STOLLERY_INSPIRED_PICU_20260123,SITE_STOLLERY_INSPIRED,SITE_STOLLERY_INSPIRED_PICU,2026-01-23,0,2,2,True
SAFE_SITE_STOLLERY_INSPIRED_PICU_20260124,SITE_STOLLERY_INSPIRED,SITE_STOLLERY_INSPIRED_PICU,2026-01-24,0,1,0,True
SAFE_SITE_STOLLERY_INSPIRED_PICU_20260125,SITE_STOLLERY_INSPIRED,SITE_STOLLERY_INSPIRED_PICU,2026-01-25,1,0,1,True
SAFE_SITE_STOLLERY_INSPIRED_PICU_20260126,SITE_STOLLERY_INSPIRED,SITE_STOLLERY_INSPIRED_PICU,2026-01-26,1,2,0,True
SAFE_SITE_STOLLERY_INSPIRED_PICU_20260127,SITE_STOLLERY_INSPIRED,SITE_STOLLERY_INSPIRED_PICU,2026-01-27,1,0,0,True
SAFE_SITE_STOLLERY_INSPIRED_PICU_20260128,SITE_STOLLERY_INSPIRED,SITE_STOLLERY_INSPIRED_PICU,2026-01-28,1,0,0,True
SAFE_SITE_STOLLERY_INSPIRED_PICU_20260129,SITE_STOLLERY_INSPIRED,SITE_STOLLERY_INSPIRED_PICU,2026-01-29,1,1,2,True
SAFE_SITE_STOLLERY_INSPIRED_PICU_20260130,SITE_STOLLERY_INSPIRED,SITE_STOLLERY_INSPIRED_PICU,2026-01-30,2,2,0,True
SAFE_SITE_STOLLERY_INSPIRED_PICU_20260131,SITE_STOLLERY_INSPIRED,SITE_STOLLERY_INSPIRED_PICU,2026-01-31,1,3,0,True
SAFE_SITE_STOLLERY_INSPIRED_PICU_20260201,SITE_STOLLERY_INSPIRED,SITE_STOLLERY_INSPIRED_PICU,2026-02-01,1,0,0,True
SAFE_SITE_STOLLERY_INSPIRED_PICU_20260202,SITE_STOLLERY_INSPIRED,SITE_STOLLERY_INSPIRED_PICU,2026-02-02,1,0,0,True
SAFE_SITE_STOLLERY_INSPIRED_PICU_20260203,SITE_STOLLERY_INSPIRED,SITE_STOLLERY_INSPIRED_PICU,2026-02-03,0,3,1,True
SAFE_SITE_STOLLERY_INSPIRED_PICU_20260204,SITE_STOLLERY_INSPIRED,SITE_STOLLERY_INSPIRED_PICU,2026-02-04,0,0,0,True
SAFE_SITE_STOLLERY_INSPIRED_PICU_20260205,SITE_STOLLERY_INSPIRED,SITE_STOLLERY_INSPIRED_PICU,2026-02-05,0,1,0,True
SAFE_SITE_STOLLERY_INSPIRED_PICU_20260206,SITE_STOLLERY_INSPIRED,SITE_STOLLERY_INSPIRED_PICU,2026-02-06,0,1,0,True
SAFE_SITE_STOLLERY_INSPIRED_PICU_20260207,SITE_STOLLERY_INSPIRED,SITE_STOLLERY_INSPIRED_PICU,2026-02-07,0,0,1,True
SAFE_SITE_STOLLERY_INSPIRED_PICU_20260208,SITE_STOLLERY_INSPIRED,SITE_STOLLERY_INSPIRED_PICU,2026-02-08,1,4,1,True
SAFE_SITE_STOLLERY_INSPIRED_PICU_20260209,SITE_STOLLERY_INSPIRED,SITE_STOLLERY_INSPIRED_PICU,2026-02-09,1,0,0,True
SAFE_SITE_STOLLERY_INSPIRED_PICU_20260210,SITE_STOLLERY_INSPIRED,SITE_STOLLERY_INSPIRED_PICU,2026-02-10,0,2,1,True
SAFE_SITE_STOLLERY_INSPIRED_PICU_20260211,SITE_STOLLERY_INSPIRED,SITE_STOLLERY_INSPIRED_PICU,2026-02-11,0,0,0,True
SAFE_SITE_STOLLERY_INSPIRED_PICU_20260212,SITE_STOLLERY_INSPIRED,SITE_STOLLERY_INSPIRED_PICU,2026-02-12,2,1,4,True
SAFE_SITE_STOLLERY_INSPIRED_PICU_20260213,SITE_STOLLERY_INSPIRED,SITE_STOLLERY_INSPIRED_PICU,2026-02-13,2,1,1,True
SAFE_SITE_STOLLERY_INSPIRED_PICU_20260214,SITE_STOLLERY_INSPIRED,SITE_STOLLERY_INSPIRED_PICU,2026-02-14,0,1,2,True
SAFE_SITE_STOLLERY_INSPIRED_PICU_20260215,SITE_STOLLERY_INSPIRED,SITE_STOLLERY_INSPIRED_PICU,2026-02-15,1,2,0,True
SAFE_SITE_STOLLERY_INSPIRED_PICU_20260216,SITE_STOLLERY_INSPIRED,SITE_STOLLERY_INSPIRED_PICU,2026-02-16,1,3,1,True
SAFE_SITE_STOLLERY_INSPIRED_PICU_20260217,SITE_STOLLERY_INSPIRED,SITE_STOLLERY_INSPIRED_PICU,2026-02-17,1,0,0,True
SAFE_SITE_STOLLERY_INSPIRED_PICU_20260218,SITE_STOLLERY_INSPIRED,SITE_STOLLERY_INSPIRED_PICU,2026-02-18,0,2,1,True
SAFE_SITE_STOLLERY_INSPIRED_PICU_20260219,SITE_STOLLERY_INSPIRED,SITE_STOLLERY_INSPIRED_PICU,2026-02-19,1,1,0,True
SAFE_SITE_STOLLERY_INSPIRED_PICU_20260220,SITE_STOLLERY_INSPIRED,SITE_STOLLERY_INSPIRED_PICU,2026-02-20,1,2,0,True
SAFE_SITE_STOLLERY_INSPIRED_PICU_20260221,SITE_STOLLERY_INSPIRED,SITE_STOLLERY_INSPIRED_PICU,2026-02-21,3,4,0,True
SAFE_SITE_STOLLERY_INSPIRED_PICU_20260222,SITE_STOLLERY_INSPIRED,SITE_STOLLERY_INSPIRED_PICU,2026-02-22,1,2,2,True
SAFE_SITE_STOLLERY_INSPIRED_PICU_20260223,SITE_STOLLERY_INSPIRED,SITE_STOLLERY_INSPIRED_PICU,2026-02-23,3,2,1,True
SAFE_SITE_STOLLERY_INSPIRED_PICU_20260224,SITE_STOLLERY_INSPIRED,SITE_STOLLERY_INSPIRED_PICU,2026-02-24,1,2,3,True
SAFE_SITE_STOLLERY_INSPIRED_PICU_20260225,SITE_STOLLERY_INSPIRED,SITE_STOLLERY_INSPIRED_PICU,2026-02-25,2,2,0,True
SAFE_SITE_STOLLERY_INSPIRED_PICU_20260226,SITE_STOLLERY_INSPIRED,SITE_STOLLERY_INSPIRED_PICU,2026-02-26,3,2,0,True
SAFE_SITE_STOLLERY_INSPIRED_PICU_20260227,SITE_STOLLERY_INSPIRED,SITE_STOLLERY_INSPIRED_PICU,2026-02-27,0,1,1,True
SAFE_SITE_STOLLERY_INSPIRED_PICU_20260228,SITE_STOLLERY_INSPIRED,SITE_STOLLERY_INSPIRED_PICU,2026-02-28,1,1,0,True
SAFE_SITE_STOLLERY_INSPIRED_PICU_20260301,SITE_STOLLERY_INSPIRED,SITE_STOLLERY_INSPIRED_PICU,2026-03-01,3,0,1,True
SAFE_SITE_STOLLERY_INSPIRED_PICU_20260302,SITE_STOLLERY_INSPIRED,SITE_STOLLERY_INSPIRED_PICU,2026-03-02,0,1,0,True
SAFE_SITE_STOLLERY_INSPIRED_PICU_20260303,SITE_STOLLERY_INSPIRED,SITE_STOLLERY_INSPIRED_PICU,2026-03-03,3,2,1,True
SAFE_SITE_STOLLERY_INSPIRED_PICU_20260304,SITE_STOLLERY_INSPIRED,SITE_STOLLERY_INSPIRED_PICU,2026-03-04,0,2,0,True
SAFE_SITE_STOLLERY_INSPIRED_PICU_20260305,SITE_STOLLERY_INSPIRED,SITE_STOLLERY_INSPIRED_PICU,2026-03-05,0,1,3,True
SAFE_SITE_STOLLERY_INSPIRED_PICU_20260306,SITE_STOLLERY_INSPIRED,SITE_STOLLERY_INSPIRED_PICU,2026-03-06,3,1,1,True
SAFE_SITE_STOLLERY_INSPIRED_PICU_20260307,SITE_STOLLERY_INSPIRED,SITE_STOLLERY_INSPIRED_PICU,2026-03-07,4,0,1,True
SAFE_SITE_STOLLERY_INSPIRED_PICU_20260308,SITE_STOLLERY_INSPIRED,SITE_STOLLERY_INSPIRED_PICU,2026-03-08,6,3,0,True
SAFE_SITE_STOLLERY_INSPIRED_PICU_20260309,SITE_STOLLERY_INSPIRED,SITE_STOLLERY_INSPIRED_PICU,2026-03-09,1,0,0,True
SAFE_SITE_STOLLERY_INSPIRED_PICU_20260310,SITE_STOLLERY_INSPIRED,SITE_STOLLERY_INSPIRED_PICU,2026-03-10,2,2,0,True
SAFE_SITE_STOLLERY_INSPIRED_PICU_20260311,SITE_STOLLERY_INSPIRED,SITE_STOLLERY_INSPIRED_PICU,2026-03-11,1,0,1,True
SAFE_SITE_STOLLERY_INSPIRED_PICU_20260312,SITE_STOLLERY_INSPIRED,SITE_STOLLERY_INSPIRED_PICU,2026-03-12,2,3,1,True
SAFE_SITE_STOLLERY_INSPIRED_PICU_20260313,SITE_STOLLERY_INSPIRED,SITE_STOLLERY_INSPIRED_PICU,2026-03-13,1,4,0,True
SAFE_SITE_STOLLERY_INSPIRED_PICU_20260314,SITE_STOLLERY_INSPIRED,SITE_STOLLERY_INSPIRED_PICU,2026-03-14,1,0,0,True
SAFE_SITE_STOLLERY_INSPIRED_PICU_20260315,SITE_STOLLERY_INSPIRED,SITE_STOLLERY_INSPIRED_PICU,2026-03-15,2,0,1,True
SAFE_SITE_STOLLERY_INSPIRED_PICU_20260316,SITE_STOLLERY_INSPIRED,SITE_STOLLERY_INSPIRED_PICU,2026-03-16,1,1,0,True
SAFE_SITE_STOLLERY_INSPIRED_PICU_20260317,SITE_STOLLERY_INSPIRED,SITE_STOLLERY_INSPIRED_PICU,2026-03-17,2,1,2,True
SAFE_SITE_STOLLERY_INSPIRED_PICU_20260318,SITE_STOLLERY_INSPIRED,SITE_STOLLERY_INSPIRED_PICU,2026-03-18,2,0,1,True
SAFE_SITE_STOLLERY_INSPIRED_PICU_20260319,SITE_STOLLERY_INSPIRED,SITE_STOLLERY_INSPIRED_PICU,2026-03-19,1,2,1,True
SAFE_SITE_STOLLERY_INSPIRED_PICU_20260320,SITE_STOLLERY_INSPIRED,SITE_STOLLERY_INSPIRED_PICU,2026-03-20,0,1,0,True
SAFE_SITE_STOLLERY_INSPIRED_PICU_20260321,SITE_STOLLERY_INSPIRED,SITE_STOLLERY_INSPIRED_PICU,2026-03-21,1,2,1,True
SAFE_SITE_STOLLERY_INSPIRED_PICU_20260322,SITE_STOLLERY_INSPIRED,SITE_STOLLERY_INSPIRED_PICU,2026-03-22,0,0,0,True
SAFE_SITE_STOLLERY_INSPIRED_PICU_20260323,SITE_STOLLERY_INSPIRED,SITE_STOLLERY_INSPIRED_PICU,2026-03-23,1,0,0,True
SAFE_SITE_STOLLERY_INSPIRED_PICU_20260324,SITE_STOLLERY_INSPIRED,SITE_STOLLERY_INSPIRED_PICU,2026-03-24,1,0,0,True
SAFE_SITE_STOLLERY_INSPIRED_PICU_20260325,SITE_STOLLERY_INSPIRED,SITE_STOLLERY_INSPIRED_PICU,2026-03-25,2,1,0,True
SAFE_SITE_STOLLERY_INSPIRED_PICU_20260326,SITE_STOLLERY_INSPIRED,SITE_STOLLERY_INSPIRED_PICU,2026-03-26,0,2,1,True
SAFE_SITE_STOLLERY_INSPIRED_PICU_20260327,SITE_STOLLERY_INSPIRED,SITE_STOLLERY_INSPIRED_PICU,2026-03-27,2,1,0,True
SAFE_SITE_STOLLERY_INSPIRED_PICU_20260328,SITE_STOLLERY_INSPIRED,SITE_STOLLERY_INSPIRED_PICU,2026-03-28,2,1,0,True
SAFE_SITE_STOLLERY_INSPIRED_PICU_20260329,SITE_STOLLERY_INSPIRED,SITE_STOLLERY_INSPIRED_PICU,2026-03-29,2,1,0,True
SAFE_SITE_STOLLERY_INSPIRED_PICU_20260330,SITE_STOLLERY_INSPIRED,SITE_STOLLERY_INSPIRED_PICU,2026-03-30,3,1,0,True
SAFE_SITE_STOLLERY_INSPIRED_PICU_20260331,SITE_STOLLERY_INSPIRED,SITE_STOLLERY_INSPIRED_PICU,2026-03-31,0,0,1,True
SAFE_SITE_STOLLERY_INSPIRED_PICU_20260401,SITE_STOLLERY_INSPIRED,SITE_STOLLERY_INSPIRED_PICU,2026-04-01,2,1,0,True
SAFE_SITE_STOLLERY_INSPIRED_PICU_20260402,SITE_STOLLERY_INSPIRED,SITE_STOLLERY_INSPIRED_PICU,2026-04-02,3,1,0,True
SAFE_SITE_STOLLERY_INSPIRED_PICU_20260403,SITE_STOLLERY_INSPIRED,SITE_STOLLERY_INSPIRED_PICU,2026-04-03,1,4,1,True
SAFE_SITE_STOLLERY_INSPIRED_PICU_20260404,SITE_STOLLERY_INSPIRED,SITE_STOLLERY_INSPIRED_PICU,2026-04-04,1,2,0,True
SAFE_SITE_STOLLERY_INSPIRED_PICU_20260405,SITE_STOLLERY_INSPIRED,SITE_STOLLERY_INSPIRED_PICU,2026-04-05,1,2,0,True
SAFE_SITE_STOLLERY_INSPIRED_PICU_20260406,SITE_STOLLERY_INSPIRED,SITE_STOLLERY_INSPIRED_PICU,2026-04-06,0,2,0,True
SAFE_SITE_STOLLERY_INSPIRED_PICU_20260407,SITE_STOLLERY_INSPIRED,SITE_STOLLERY_INSPIRED_PICU,2026-04-07,1,0,1,True
SAFE_SITE_STOLLERY_INSPIRED_PICU_20260408,SITE_STOLLERY_INSPIRED,SITE_STOLLERY_INSPIRED_PICU,2026-04-08,0,1,1,True
SAFE_SITE_STOLLERY_INSPIRED_PICU_20260409,SITE_STOLLERY_INSPIRED,SITE_STOLLERY_INSPIRED_PICU,2026-04-09,1,0,0,True
SAFE_SITE_STOLLERY_INSPIRED_PICU_20260410,SITE_STOLLERY_INSPIRED,SITE_STOLLERY_INSPIRED_PICU,2026-04-10,1,1,2,True
SAFE_SITE_STOLLERY_INSPIRED_PICU_20260411,SITE_STOLLERY_INSPIRED,SITE_STOLLERY_INSPIRED_PICU,2026-04-11,0,0,1,True
SAFE_SITE_STOLLERY_INSPIRED_PICU_20260412,SITE_STOLLERY_INSPIRED,SITE_STOLLERY_INSPIRED_PICU,2026-04-12,1,1,1,True
SAFE_SITE_STOLLERY_INSPIRED_PICU_20260413,SITE_STOLLERY_INSPIRED,SITE_STOLLERY_INSPIRED_PICU,2026-04-13,0,0,1,True
SAFE_SITE_STOLLERY_INSPIRED_PICU_20260414,SITE_STOLLERY_INSPIRED,SITE_STOLLERY_INSPIRED_PICU,2026-04-14,1,0,0,True
SAFE_SITE_STOLLERY_INSPIRED_PICU_20260415,SITE_STOLLERY_INSPIRED,SITE_STOLLERY_INSPIRED_PICU,2026-04-15,1,1,0,True
SAFE_SITE_STOLLERY_INSPIRED_PICU_20260416,SITE_STOLLERY_INSPIRED,SITE_STOLLERY_INSPIRED_PICU,2026-04-16,2,1,0,True
SAFE_SITE_STOLLERY_INSPIRED_PICU_20260417,SITE_STOLLERY_INSPIRED,SITE_STOLLERY_INSPIRED_PICU,2026-04-17,3,2,0,True
SAFE_SITE_STOLLERY_INSPIRED_PICU_20260418,SITE_STOLLERY_INSPIRED,SITE_STOLLERY_INSPIRED_PICU,2026-04-18,1,1,0,True
SAFE_SITE_STOLLERY_INSPIRED_PICU_20260419,SITE_STOLLERY_INSPIRED,SITE_STOLLERY_INSPIRED_PICU,2026-04-19,0,2,1,True
SAFE_SITE_STOLLERY_INSPIRED_PICU_20260420,SITE_STOLLERY_INSPIRED,SITE_STOLLERY_INSPIRED_PICU,2026-04-20,2,3,0,True
SAFE_SITE_STOLLERY_INSPIRED_PICU_20260421,SITE_STOLLERY_INSPIRED,SITE_STOLLERY_INSPIRED_PICU,2026-04-21,1,1,1,True
SAFE_SITE_STOLLERY_INSPIRED_PICU_20260422,SITE_STOLLERY_INSPIRED,SITE_STOLLERY_INSPIRED_PICU,2026-04-22,1,0,1,True
SAFE_SITE_STOLLERY_INSPIRED_PICU_20260423,SITE_STOLLERY_INSPIRED,SITE_STOLLERY_INSPIRED_PICU,2026-04-23,2,1,2,True
SAFE_SITE_STOLLERY_INSPIRED_PICU_20260424,SITE_STOLLERY_INSPIRED,SITE_STOLLERY_INSPIRED_PICU,2026-04-24,1,1,3,True
SAFE_SITE_STOLLERY_INSPIRED_PICU_20260425,SITE_STOLLERY_INSPIRED,SITE_STOLLERY_INSPIRED_PICU,2026-04-25,1,1,0,True
SAFE_SITE_STOLLERY_INSPIRED_PICU_20260426,SITE_STOLLERY_INSPIRED,SITE_STOLLERY_INSPIRED_PICU,2026-04-26,0,1,2,True
SAFE_SITE_STOLLERY_INSPIRED_PICU_20260427,SITE_STOLLERY_INSPIRED,SITE_STOLLERY_INSPIRED_PICU,2026-04-27,0,0,1,True
SAFE_SITE_STOLLERY_INSPIRED_PICU_20260428,SITE_STOLLERY_INSPIRED,SITE_STOLLERY_INSPIRED_PICU,2026-04-28,1,2,1,True
SAFE_SITE_STOLLERY_INSPIRED_PICU_20260429,SITE_STOLLERY_INSPIRED,SITE_STOLLERY_INSPIRED_PICU,2026-04-29,2,1,1,True
SAFE_SITE_STOLLERY_INSPIRED_PICU_20260430,SITE_STOLLERY_INSPIRED,SITE_STOLLERY_INSPIRED_PICU,2026-04-30,1,0,0,True
SAFE_SITE_STOLLERY_INSPIRED_NICU_20260101,SITE_STOLLERY_INSPIRED,SITE_STOLLERY_INSPIRED_NICU,2026-01-01,0,0,0,True
SAFE_SITE_STOLLERY_INSPIRED_NICU_20260102,SITE_STOLLERY_INSPIRED,SITE_STOLLERY_INSPIRED_NICU,2026-01-02,1,2,0,True
SAFE_SITE_STOLLERY_INSPIRED_NICU_20260103,SITE_STOLLERY_INSPIRED,SITE_STOLLERY_INSPIRED_NICU,2026-01-03,1,1,1,True
SAFE_SITE_STOLLERY_INSPIRED_NICU_20260104,SITE_STOLLERY_INSPIRED,SITE_STOLLERY_INSPIRED_NICU,2026-01-04,0,0,1,True
SAFE_SITE_STOLLERY_INSPIRED_NICU_20260105,SITE_STOLLERY_INSPIRED,SITE_STOLLERY_INSPIRED_NICU,2026-01-05,2,2,0,True
SAFE_SITE_STOLLERY_INSPIRED_NICU_20260106,SITE_STOLLERY_INSPIRED,SITE_STOLLERY_INSPIRED_NICU,2026-01-06,2,1,1,True
SAFE_SITE_STOLLERY_INSPIRED_NICU_20260107,SITE_STOLLERY_INSPIRED,SITE_STOLLERY_INSPIRED_NICU,2026-01-07,1,0,1,True
SAFE_SITE_STOLLERY_INSPIRED_NICU_20260108,SITE_STOLLERY_INSPIRED,SITE_STOLLERY_INSPIRED_NICU,2026-01-08,0,1,0,True
SAFE_SITE_STOLLERY_INSPIRED_NICU_20260109,SITE_STOLLERY_INSPIRED,SITE_STOLLERY_INSPIRED_NICU,2026-01-09,1,2,0,True
SAFE_SITE_STOLLERY_INSPIRED_NICU_20260110,SITE_STOLLERY_INSPIRED,SITE_STOLLERY_INSPIRED_NICU,2026-01-10,0,0,0,True
SAFE_SITE_STOLLERY_INSPIRED_NICU_20260111,SITE_STOLLERY_INSPIRED,SITE_STOLLERY_INSPIRED_NICU,2026-01-11,3,1,0,True
SAFE_SITE_STOLLERY_INSPIRED_NICU_20260112,SITE_STOLLERY_INSPIRED,SITE_STOLLERY_INSPIRED_NICU,2026-01-12,2,1,2,True
SAFE_SITE_STOLLERY_INSPIRED_NICU_20260113,SITE_STOLLERY_INSPIRED,SITE_STOLLERY_INSPIRED_NICU,2026-01-13,1,0,0,True
SAFE_SITE_STOLLERY_INSPIRED_NICU_20260114,SITE_STOLLERY_INSPIRED,SITE_STOLLERY_INSPIRED_NICU,2026-01-14,1,0,1,True
SAFE_SITE_STOLLERY_INSPIRED_NICU_20260115,SITE_STOLLERY_INSPIRED,SITE_STOLLERY_INSPIRED_NICU,2026-01-15,3,2,2,True
SAFE_SITE_STOLLERY_INSPIRED_NICU_20260116,SITE_STOLLERY_INSPIRED,SITE_STOLLERY_INSPIRED_NICU,2026-01-16,1,2,1,True
SAFE_SITE_STOLLERY_INSPIRED_NICU_20260117,SITE_STOLLERY_INSPIRED,SITE_STOLLERY_INSPIRED_NICU,2026-01-17,1,1,1,True
SAFE_SITE_STOLLERY_INSPIRED_NICU_20260118,SITE_STOLLERY_INSPIRED,SITE_STOLLERY_INSPIRED_NICU,2026-01-18,2,1,0,True
SAFE_SITE_STOLLERY_INSPIRED_NICU_20260119,SITE_STOLLERY_INSPIRED,SITE_STOLLERY_INSPIRED_NICU,2026-01-19,2,0,0,True
SAFE_SITE_STOLLERY_INSPIRED_NICU_20260120,SITE_STOLLERY_INSPIRED,SITE_STOLLERY_INSPIRED_NICU,2026-01-20,0,2,2,True
SAFE_SITE_STOLLERY_INSPIRED_NICU_20260121,SITE_STOLLERY_INSPIRED,SITE_STOLLERY_INSPIRED_NICU,2026-01-21,1,1,0,True
SAFE_SITE_STOLLERY_INSPIRED_NICU_20260122,SITE_STOLLERY_INSPIRED,SITE_STOLLERY_INSPIRED_NICU,2026-01-22,0,1,2,True
SAFE_SITE_STOLLERY_INSPIRED_NICU_20260123,SITE_STOLLERY_INSPIRED,SITE_STOLLERY_INSPIRED_NICU,2026-01-23,3,0,0,True
SAFE_SITE_STOLLERY_INSPIRED_NICU_20260124,SITE_STOLLERY_INSPIRED,SITE_STOLLERY_INSPIRED_NICU,2026-01-24,2,2,0,True
SAFE_SITE_STOLLERY_INSPIRED_NICU_20260125,SITE_STOLLERY_INSPIRED,SITE_STOLLERY_INSPIRED_NICU,2026-01-25,3,2,0,True
SAFE_SITE_STOLLERY_INSPIRED_NICU_20260126,SITE_STOLLERY_INSPIRED,SITE_STOLLERY_INSPIRED_NICU,2026-01-26,1,2,1,True
SAFE_SITE_STOLLERY_INSPIRED_NICU_20260127,SITE_STOLLERY_INSPIRED,SITE_STOLLERY_INSPIRED_NICU,2026-01-27,2,3,1,True
SAFE_SITE_STOLLERY_INSPIRED_NICU_20260128,SITE_STOLLERY_INSPIRED,SITE_STOLLERY_INSPIRED_NICU,2026-01-28,1,1,0,True
SAFE_SITE_STOLLERY_INSPIRED_NICU_20260129,SITE_STOLLERY_INSPIRED,SITE_STOLLERY_INSPIRED_NICU,2026-01-29,2,4,1,True
SAFE_SITE_STOLLERY_INSPIRED_NICU_20260130,SITE_STOLLERY_INSPIRED,SITE_STOLLERY_INSPIRED_NICU,2026-01-30,5,0,2,True
SAFE_SITE_STOLLERY_INSPIRED_NICU_20260131,SITE_STOLLERY_INSPIRED,SITE_STOLLERY_INSPIRED_NICU,2026-01-31,4,0,1,True
SAFE_SITE_STOLLERY_INSPIRED_NICU_20260201,SITE_STOLLERY_INSPIRED,SITE_STOLLERY_INSPIRED_NICU,2026-02-01,2,1,1,True
SAFE_SITE_STOLLERY_INSPIRED_NICU_20260202,SITE_STOLLERY_INSPIRED,SITE_STOLLERY_INSPIRED_NICU,2026-02-02,2,0,0,True
SAFE_SITE_STOLLERY_INSPIRED_NICU_20260203,SITE_STOLLERY_INSPIRED,SITE_STOLLERY_INSPIRED_NICU,2026-02-03,0,0,1,True
SAFE_SITE_STOLLERY_INSPIRED_NICU_20260204,SITE_STOLLERY_INSPIRED,SITE_STOLLERY_INSPIRED_NICU,2026-02-04,3,1,0,True
SAFE_SITE_STOLLERY_INSPIRED_NICU_20260205,SITE_STOLLERY_INSPIRED,SITE_STOLLERY_INSPIRED_NICU,2026-02-05,1,0,3,True
SAFE_SITE_STOLLERY_INSPIRED_NICU_20260206,SITE_STOLLERY_INSPIRED,SITE_STOLLERY_INSPIRED_NICU,2026-02-06,3,0,0,True
SAFE_SITE_STOLLERY_INSPIRED_NICU_20260207,SITE_STOLLERY_INSPIRED,SITE_STOLLERY_INSPIRED_NICU,2026-02-07,0,1,0,True
SAFE_SITE_STOLLERY_INSPIRED_NICU_20260208,SITE_STOLLERY_INSPIRED,SITE_STOLLERY_INSPIRED_NICU,2026-02-08,1,2,0,True
SAFE_SITE_STOLLERY_INSPIRED_NICU_20260209,SITE_STOLLERY_INSPIRED,SITE_STOLLERY_INSPIRED_NICU,2026-02-09,0,1,1,True
SAFE_SITE_STOLLERY_INSPIRED_NICU_20260210,SITE_STOLLERY_INSPIRED,SITE_STOLLERY_INSPIRED_NICU,2026-02-10,0,0,0,True
SAFE_SITE_STOLLERY_INSPIRED_NICU_20260211,SITE_STOLLERY_INSPIRED,SITE_STOLLERY_INSPIRED_NICU,2026-02-11,3,0,1,True
SAFE_SITE_STOLLERY_INSPIRED_NICU_20260212,SITE_STOLLERY_INSPIRED,SITE_STOLLERY_INSPIRED_NICU,2026-02-12,1,1,1,True
SAFE_SITE_STOLLERY_INSPIRED_NICU_20260213,SITE_STOLLERY_INSPIRED,SITE_STOLLERY_INSPIRED_NICU,2026-02-13,2,2,0,True
SAFE_SITE_STOLLERY_INSPIRED_NICU_20260214,SITE_STOLLERY_INSPIRED,SITE_STOLLERY_INSPIRED_NICU,2026-02-14,0,1,1,True
SAFE_SITE_STOLLERY_INSPIRED_NICU_20260215,SITE_STOLLERY_INSPIRED,SITE_STOLLERY_INSPIRED_NICU,2026-02-15,2,0,1,True
SAFE_SITE_STOLLERY_INSPIRED_NICU_20260216,SITE_STOLLERY_INSPIRED,SITE_STOLLERY_INSPIRED_NICU,2026-02-16,0,0,3,True
SAFE_SITE_STOLLERY_INSPIRED_NICU_20260217,SITE_STOLLERY_INSPIRED,SITE_STOLLERY_INSPIRED_NICU,2026-02-17,1,0,1,True
SAFE_SITE_STOLLERY_INSPIRED_NICU_20260218,SITE_STOLLERY_INSPIRED,SITE_STOLLERY_INSPIRED_NICU,2026-02-18,1,2,0,True
SAFE_SITE_STOLLERY_INSPIRED_NICU_20260219,SITE_STOLLERY_INSPIRED,SITE_STOLLERY_INSPIRED_NICU,2026-02-19,1,0,1,True
SAFE_SITE_STOLLERY_INSPIRED_NICU_20260220,SITE_STOLLERY_INSPIRED,SITE_STOLLERY_INSPIRED_NICU,2026-02-20,0,1,2,True
SAFE_SITE_STOLLERY_INSPIRED_NICU_20260221,SITE_STOLLERY_INSPIRED,SITE_STOLLERY_INSPIRED_NICU,2026-02-21,1,2,0,True
SAFE_SITE_STOLLERY_INSPIRED_NICU_20260222,SITE_STOLLERY_INSPIRED,SITE_STOLLERY_INSPIRED_NICU,2026-02-22,1,0,2,True
SAFE_SITE_STOLLERY_INSPIRED_NICU_20260223,SITE_STOLLERY_INSPIRED,SITE_STOLLERY_INSPIRED_NICU,2026-02-23,2,0,0,True
SAFE_SITE_STOLLERY_INSPIRED_NICU_20260224,SITE_STOLLERY_INSPIRED,SITE_STOLLERY_INSPIRED_NICU,2026-02-24,1,0,1,True
SAFE_SITE_STOLLERY_INSPIRED_NICU_20260225,SITE_STOLLERY_INSPIRED,SITE_STOLLERY_INSPIRED_NICU,2026-02-25,0,1,0,True
SAFE_SITE_STOLLERY_INSPIRED_NICU_20260226,SITE_STOLLERY_INSPIRED,SITE_STOLLERY_INSPIRED_NICU,2026-02-26,1,0,0,True
SAFE_SITE_STOLLERY_INSPIRED_NICU_20260227,SITE_STOLLERY_INSPIRED,SITE_STOLLERY_INSPIRED_NICU,2026-02-27,0,0,0,True
SAFE_SITE_STOLLERY_INSPIRED_NICU_20260228,SITE_STOLLERY_INSPIRED,SITE_STOLLERY_INSPIRED_NICU,2026-02-28,7,0,1,True
SAFE_SITE_STOLLERY_INSPIRED_NICU_20260301,SITE_STOLLERY_INSPIRED,SITE_STOLLERY_INSPIRED_NICU,2026-03-01,2,0,1,True
SAFE_SITE_STOLLERY_INSPIRED_NICU_20260302,SITE_STOLLERY_INSPIRED,SITE_STOLLERY_INSPIRED_NICU,2026-03-02,1,0,0,True
SAFE_SITE_STOLLERY_INSPIRED_NICU_20260303,SITE_STOLLERY_INSPIRED,SITE_STOLLERY_INSPIRED_NICU,2026-03-03,1,0,1,True
SAFE_SITE_STOLLERY_INSPIRED_NICU_20260304,SITE_STOLLERY_INSPIRED,SITE_STOLLERY_INSPIRED_NICU,2026-03-04,0,1,1,True
SAFE_SITE_STOLLERY_INSPIRED_NICU_20260305,SITE_STOLLERY_INSPIRED,SITE_STOLLERY_INSPIRED_NICU,2026-03-05,0,2,2,True
SAFE_SITE_STOLLERY_INSPIRED_NICU_20260306,SITE_STOLLERY_INSPIRED,SITE_STOLLERY_INSPIRED_NICU,2026-03-06,0,2,0,True
SAFE_SITE_STOLLERY_INSPIRED_NICU_20260307,SITE_STOLLERY_INSPIRED,SITE_STOLLERY_INSPIRED_NICU,2026-03-07,2,1,2,True
SAFE_SITE_STOLLERY_INSPIRED_NICU_20260308,SITE_STOLLERY_INSPIRED,SITE_STOLLERY_INSPIRED_NICU,2026-03-08,0,0,1,True
SAFE_SITE_STOLLERY_INSPIRED_NICU_20260309,SITE_STOLLERY_INSPIRED,SITE_STOLLERY_INSPIRED_NICU,2026-03-09,0,1,0,True
SAFE_SITE_STOLLERY_INSPIRED_NICU_20260310,SITE_STOLLERY_INSPIRED,SITE_STOLLERY_INSPIRED_NICU,2026-03-10,1,1,0,True
SAFE_SITE_STOLLERY_INSPIRED_NICU_20260311,SITE_STOLLERY_INSPIRED,SITE_STOLLERY_INSPIRED_NICU,2026-03-11,1,1,0,True
SAFE_SITE_STOLLERY_INSPIRED_NICU_20260312,SITE_STOLLERY_INSPIRED,SITE_STOLLERY_INSPIRED_NICU,2026-03-12,1,0,1,True
SAFE_SITE_STOLLERY_INSPIRED_NICU_20260313,SITE_STOLLERY_INSPIRED,SITE_STOLLERY_INSPIRED_NICU,2026-03-13,0,3,0,True
SAFE_SITE_STOLLERY_INSPIRED_NICU_20260314,SITE_STOLLERY_INSPIRED,SITE_STOLLERY_INSPIRED_NICU,2026-03-14,1,0,0,True
SAFE_SITE_STOLLERY_INSPIRED_NICU_20260315,SITE_STOLLERY_INSPIRED,SITE_STOLLERY_INSPIRED_NICU,2026-03-15,1,0,0,True
SAFE_SITE_STOLLERY_INSPIRED_NICU_20260316,SITE_STOLLERY_INSPIRED,SITE_STOLLERY_INSPIRED_NICU,2026-03-16,0,0,1,True
SAFE_SITE_STOLLERY_INSPIRED_NICU_20260317,SITE_STOLLERY_INSPIRED,SITE_STOLLERY_INSPIRED_NICU,2026-03-17,2,0,1,True
SAFE_SITE_STOLLERY_INSPIRED_NICU_20260318,SITE_STOLLERY_INSPIRED,SITE_STOLLERY_INSPIRED_NICU,2026-03-18,2,2,2,True
SAFE_SITE_STOLLERY_INSPIRED_NICU_20260319,SITE_STOLLERY_INSPIRED,SITE_STOLLERY_INSPIRED_NICU,2026-03-19,0,0,1,True
SAFE_SITE_STOLLERY_INSPIRED_NICU_20260320,SITE_STOLLERY_INSPIRED,SITE_STOLLERY_INSPIRED_NICU,2026-03-20,2,1,1,True
SAFE_SITE_STOLLERY_INSPIRED_NICU_20260321,SITE_STOLLERY_INSPIRED,SITE_STOLLERY_INSPIRED_NICU,2026-03-21,2,0,0,True
SAFE_SITE_STOLLERY_INSPIRED_NICU_20260322,SITE_STOLLERY_INSPIRED,SITE_STOLLERY_INSPIRED_NICU,2026-03-22,2,0,1,True
SAFE_SITE_STOLLERY_INSPIRED_NICU_20260323,SITE_STOLLERY_INSPIRED,SITE_STOLLERY_INSPIRED_NICU,2026-03-23,1,1,1,True
SAFE_SITE_STOLLERY_INSPIRED_NICU_20260324,SITE_STOLLERY_INSPIRED,SITE_STOLLERY_INSPIRED_NICU,2026-03-24,0,0,1,True
SAFE_SITE_STOLLERY_INSPIRED_NICU_20260325,SITE_STOLLERY_INSPIRED,SITE_STOLLERY_INSPIRED_NICU,2026-03-25,2,1,1,True
SAFE_SITE_STOLLERY_INSPIRED_NICU_20260326,SITE_STOLLERY_INSPIRED,SITE_STOLLERY_INSPIRED_NICU,2026-03-26,0,2,2,True
SAFE_SITE_STOLLERY_INSPIRED_NICU_20260327,SITE_STOLLERY_INSPIRED,SITE_STOLLERY_INSPIRED_NICU,2026-03-27,2,2,0,True
SAFE_SITE_STOLLERY_INSPIRED_NICU_20260328,SITE_STOLLERY_INSPIRED,SITE_STOLLERY_INSPIRED_NICU,2026-03-28,0,1,0,True
SAFE_SITE_STOLLERY_INSPIRED_NICU_20260329,SITE_STOLLERY_INSPIRED,SITE_STOLLERY_INSPIRED_NICU,2026-03-29,1,1,1,True
SAFE_SITE_STOLLERY_INSPIRED_NICU_20260330,SITE_STOLLERY_INSPIRED,SITE_STOLLERY_INSPIRED_NICU,2026-03-30,1,0,0,True
SAFE_SITE_STOLLERY_INSPIRED_NICU_20260331,SITE_STOLLERY_INSPIRED,SITE_STOLLERY_INSPIRED_NICU,2026-03-31,0,0,0,True
SAFE_SITE_STOLLERY_INSPIRED_NICU_20260401,SITE_STOLLERY_INSPIRED,SITE_STOLLERY_INSPIRED_NICU,2026-04-01,1,0,1,True
SAFE_SITE_STOLLERY_INSPIRED_NICU_20260402,SITE_STOLLERY_INSPIRED,SITE_STOLLERY_INSPIRED_NICU,2026-04-02,0,0,0,True
SAFE_SITE_STOLLERY_INSPIRED_NICU_20260403,SITE_STOLLERY_INSPIRED,SITE_STOLLERY_INSPIRED_NICU,2026-04-03,1,0,2,True
SAFE_SITE_STOLLERY_INSPIRED_NICU_20260404,SITE_STOLLERY_INSPIRED,SITE_STOLLERY_INSPIRED_NICU,2026-04-04,1,2,0,True
SAFE_SITE_STOLLERY_INSPIRED_NICU_20260405,SITE_STOLLERY_INSPIRED,SITE_STOLLERY_INSPIRED_NICU,2026-04-05,0,0,1,True
SAFE_SITE_STOLLERY_INSPIRED_NICU_20260406,SITE_STOLLERY_INSPIRED,SITE_STOLLERY_INSPIRED_NICU,2026-04-06,0,0,1,True
SAFE_SITE_STOLLERY_INSPIRED_NICU_20260407,SITE_STOLLERY_INSPIRED,SITE_STOLLERY_INSPIRED_NICU,2026-04-07,0,0,0,True
SAFE_SITE_STOLLERY_INSPIRED_NICU_20260408,SITE_STOLLERY_INSPIRED,SITE_STOLLERY_INSPIRED_NICU,2026-04-08,1,2,1,True
SAFE_SITE_STOLLERY_INSPIRED_NICU_20260409,SITE_STOLLERY_INSPIRED,SITE_STOLLERY_INSPIRED_NICU,2026-04-09,0,1,0,True
SAFE_SITE_STOLLERY_INSPIRED_NICU_20260410,SITE_STOLLERY_INSPIRED,SITE_STOLLERY_INSPIRED_NICU,2026-04-10,3,0,1,True
SAFE_SITE_STOLLERY_INSPIRED_NICU_20260411,SITE_STOLLERY_INSPIRED,SITE_STOLLERY_INSPIRED_NICU,2026-04-11,2,0,0,True
SAFE_SITE_STOLLERY_INSPIRED_NICU_20260412,SITE_STOLLERY_INSPIRED,SITE_STOLLERY_INSPIRED_NICU,2026-04-12,2,0,0,True
SAFE_SITE_STOLLERY_INSPIRED_NICU_20260413,SITE_STOLLERY_INSPIRED,SITE_STOLLERY_INSPIRED_NICU,2026-04-13,0,2,1,True
SAFE_SITE_STOLLERY_INSPIRED_NICU_20260414,SITE_STOLLERY_INSPIRED,SITE_STOLLERY_INSPIRED_NICU,2026-04-14,1,0,1,True
SAFE_SITE_STOLLERY_INSPIRED_NICU_20260415,SITE_STOLLERY_INSPIRED,SITE_STOLLERY_INSPIRED_NICU,2026-04-15,2,1,1,True
SAFE_SITE_STOLLERY_INSPIRED_NICU_20260416,SITE_STOLLERY_INSPIRED,SITE_STOLLERY_INSPIRED_NICU,2026-04-16,0,0,0,True
SAFE_SITE_STOLLERY_INSPIRED_NICU_20260417,SITE_STOLLERY_INSPIRED,SITE_STOLLERY_INSPIRED_NICU,2026-04-17,1,0,0,True
SAFE_SITE_STOLLERY_INSPIRED_NICU_20260418,SITE_STOLLERY_INSPIRED,SITE_STOLLERY_INSPIRED_NICU,2026-04-18,2,0,1,True
SAFE_SITE_STOLLERY_INSPIRED_NICU_20260419,SITE_STOLLERY_INSPIRED,SITE_STOLLERY_INSPIRED_NICU,2026-04-19,3,0,2,True
SAFE_SITE_STOLLERY_INSPIRED_NICU_20260420,SITE_STOLLERY_INSPIRED,SITE_STOLLERY_INSPIRED_NICU,2026-04-20,1,0,2,True
SAFE_SITE_STOLLERY_INSPIRED_NICU_20260421,SITE_STOLLERY_INSPIRED,SITE_STOLLERY_INSPIRED_NICU,2026-04-21,1,1,0,True
SAFE_SITE_STOLLERY_INSPIRED_NICU_20260422,SITE_STOLLERY_INSPIRED,SITE_STOLLERY_INSPIRED_NICU,2026-04-22,0,0,0,True
SAFE_SITE_STOLLERY_INSPIRED_NICU_20260423,SITE_STOLLERY_INSPIRED,SITE_STOLLERY_INSPIRED_NICU,2026-04-23,1,0,1,True
SAFE_SITE_STOLLERY_INSPIRED_NICU_20260424,SITE_STOLLERY_INSPIRED,SITE_STOLLERY_INSPIRED_NICU,2026-04-24,0,0,0,True
SAFE_SITE_STOLLERY_INSPIRED_NICU_20260425,SITE_STOLLERY_INSPIRED,SITE_STOLLERY_INSPIRED_NICU,2026-04-25,1,1,1,True
SAFE_SITE_STOLLERY_INSPIRED_NICU_20260426,SITE_STOLLERY_INSPIRED,SITE_STOLLERY_INSPIRED_NICU,2026-04-26,0,0,1,True
SAFE_SITE_STOLLERY_INSPIRED_NICU_20260427,SITE_STOLLERY_INSPIRED,SITE_STOLLERY_INSPIRED_NICU,2026-04-27,0,0,2,True
SAFE_SITE_STOLLERY_INSPIRED_NICU_20260428,SITE_STOLLERY_INSPIRED,SITE_STOLLERY_INSPIRED_NICU,2026-04-28,0,0,1,True
SAFE_SITE_STOLLERY_INSPIRED_NICU_20260429,SITE_STOLLERY_INSPIRED,SITE_STOLLERY_INSPIRED_NICU,2026-04-29,0,0,2,True
SAFE_SITE_STOLLERY_INSPIRED_NICU_20260430,SITE_STOLLERY_INSPIRED,SITE_STOLLERY_INSPIRED_NICU,2026-04-30,5,1,3,True
SAFE_SITE_STOLLERY_INSPIRED_MH_20260101,SITE_STOLLERY_INSPIRED,SITE_STOLLERY_INSPIRED_MH,2026-01-01,1,0,1,True
SAFE_SITE_STOLLERY_INSPIRED_MH_20260102,SITE_STOLLERY_INSPIRED,SITE_STOLLERY_INSPIRED_MH,2026-01-02,1,0,0,True
SAFE_SITE_STOLLERY_INSPIRED_MH_20260103,SITE_STOLLERY_INSPIRED,SITE_STOLLERY_INSPIRED_MH,2026-01-03,2,0,0,True
SAFE_SITE_STOLLERY_INSPIRED_MH_20260104,SITE_STOLLERY_INSPIRED,SITE_STOLLERY_INSPIRED_MH,2026-01-04,1,0,0,True
SAFE_SITE_STOLLERY_INSPIRED_MH_20260105,SITE_STOLLERY_INSPIRED,SITE_STOLLERY_INSPIRED_MH,2026-01-05,4,0,0,True
SAFE_SITE_STOLLERY_INSPIRED_MH_20260106,SITE_STOLLERY_INSPIRED,SITE_STOLLERY_INSPIRED_MH,2026-01-06,2,0,1,True
SAFE_SITE_STOLLERY_INSPIRED_MH_20260107,SITE_STOLLERY_INSPIRED,SITE_STOLLERY_INSPIRED_MH,2026-01-07,2,0,1,True
SAFE_SITE_STOLLERY_INSPIRED_MH_20260108,SITE_STOLLERY_INSPIRED,SITE_STOLLERY_INSPIRED_MH,2026-01-08,0,0,1,True
SAFE_SITE_STOLLERY_INSPIRED_MH_20260109,SITE_STOLLERY_INSPIRED,SITE_STOLLERY_INSPIRED_MH,2026-01-09,2,0,1,True
SAFE_SITE_STOLLERY_INSPIRED_MH_20260110,SITE_STOLLERY_INSPIRED,SITE_STOLLERY_INSPIRED_MH,2026-01-10,2,1,4,True
SAFE_SITE_STOLLERY_INSPIRED_MH_20260111,SITE_STOLLERY_INSPIRED,SITE_STOLLERY_INSPIRED_MH,2026-01-11,0,3,1,True
SAFE_SITE_STOLLERY_INSPIRED_MH_20260112,SITE_STOLLERY_INSPIRED,SITE_STOLLERY_INSPIRED_MH,2026-01-12,1,2,2,True
SAFE_SITE_STOLLERY_INSPIRED_MH_20260113,SITE_STOLLERY_INSPIRED,SITE_STOLLERY_INSPIRED_MH,2026-01-13,5,2,1,True
SAFE_SITE_STOLLERY_INSPIRED_MH_20260114,SITE_STOLLERY_INSPIRED,SITE_STOLLERY_INSPIRED_MH,2026-01-14,0,1,0,True
SAFE_SITE_STOLLERY_INSPIRED_MH_20260115,SITE_STOLLERY_INSPIRED,SITE_STOLLERY_INSPIRED_MH,2026-01-15,2,0,1,True
SAFE_SITE_STOLLERY_INSPIRED_MH_20260116,SITE_STOLLERY_INSPIRED,SITE_STOLLERY_INSPIRED_MH,2026-01-16,0,1,0,True
SAFE_SITE_STOLLERY_INSPIRED_MH_20260117,SITE_STOLLERY_INSPIRED,SITE_STOLLERY_INSPIRED_MH,2026-01-17,1,0,1,True
SAFE_SITE_STOLLERY_INSPIRED_MH_20260118,SITE_STOLLERY_INSPIRED,SITE_STOLLERY_INSPIRED_MH,2026-01-18,0,1,2,True
SAFE_SITE_STOLLERY_INSPIRED_MH_20260119,SITE_STOLLERY_INSPIRED,SITE_STOLLERY_INSPIRED_MH,2026-01-19,0,1,1,True
SAFE_SITE_STOLLERY_INSPIRED_MH_20260120,SITE_STOLLERY_INSPIRED,SITE_STOLLERY_INSPIRED_MH,2026-01-20,1,0,0,True
SAFE_SITE_STOLLERY_INSPIRED_MH_20260121,SITE_STOLLERY_INSPIRED,SITE_STOLLERY_INSPIRED_MH,2026-01-21,2,0,0,True
SAFE_SITE_STOLLERY_INSPIRED_MH_20260122,SITE_STOLLERY_INSPIRED,SITE_STOLLERY_INSPIRED_MH,2026-01-22,2,1,1,True
SAFE_SITE_STOLLERY_INSPIRED_MH_20260123,SITE_STOLLERY_INSPIRED,SITE_STOLLERY_INSPIRED_MH,2026-01-23,2,0,1,True
SAFE_SITE_STOLLERY_INSPIRED_MH_20260124,SITE_STOLLERY_INSPIRED,SITE_STOLLERY_INSPIRED_MH,2026-01-24,4,1,1,True
SAFE_SITE_STOLLERY_INSPIRED_MH_20260125,SITE_STOLLERY_INSPIRED,SITE_STOLLERY_INSPIRED_MH,2026-01-25,4,0,1,True
SAFE_SITE_STOLLERY_INSPIRED_MH_20260126,SITE_STOLLERY_INSPIRED,SITE_STOLLERY_INSPIRED_MH,2026-01-26,2,0,0,True
SAFE_SITE_STOLLERY_INSPIRED_MH_20260127,SITE_STOLLERY_INSPIRED,SITE_STOLLERY_INSPIRED_MH,2026-01-27,4,1,2,True
SAFE_SITE_STOLLERY_INSPIRED_MH_20260128,SITE_STOLLERY_INSPIRED,SITE_STOLLERY_INSPIRED_MH,2026-01-28,4,1,2,True
SAFE_SITE_STOLLERY_INSPIRED_MH_20260129,SITE_STOLLERY_INSPIRED,SITE_STOLLERY_INSPIRED_MH,2026-01-29,2,0,0,True
SAFE_SITE_STOLLERY_INSPIRED_MH_20260130,SITE_STOLLERY_INSPIRED,SITE_STOLLERY_INSPIRED_MH,2026-01-30,1,4,1,True
SAFE_SITE_STOLLERY_INSPIRED_MH_20260131,SITE_STOLLERY_INSPIRED,SITE_STOLLERY_INSPIRED_MH,2026-01-31,1,0,1,True
SAFE_SITE_STOLLERY_INSPIRED_MH_20260201,SITE_STOLLERY_INSPIRED,SITE_STOLLERY_INSPIRED_MH,2026-02-01,2,1,2,True
SAFE_SITE_STOLLERY_INSPIRED_MH_20260202,SITE_STOLLERY_INSPIRED,SITE_STOLLERY_INSPIRED_MH,2026-02-02,2,1,2,True
SAFE_SITE_STOLLERY_INSPIRED_MH_20260203,SITE_STOLLERY_INSPIRED,SITE_STOLLERY_INSPIRED_MH,2026-02-03,2,0,0,True
SAFE_SITE_STOLLERY_INSPIRED_MH_20260204,SITE_STOLLERY_INSPIRED,SITE_STOLLERY_INSPIRED_MH,2026-02-04,1,1,0,True
SAFE_SITE_STOLLERY_INSPIRED_MH_20260205,SITE_STOLLERY_INSPIRED,SITE_STOLLERY_INSPIRED_MH,2026-02-05,2,0,2,True
SAFE_SITE_STOLLERY_INSPIRED_MH_20260206,SITE_STOLLERY_INSPIRED,SITE_STOLLERY_INSPIRED_MH,2026-02-06,0,1,1,True
SAFE_SITE_STOLLERY_INSPIRED_MH_20260207,SITE_STOLLERY_INSPIRED,SITE_STOLLERY_INSPIRED_MH,2026-02-07,1,0,0,True
SAFE_SITE_STOLLERY_INSPIRED_MH_20260208,SITE_STOLLERY_INSPIRED,SITE_STOLLERY_INSPIRED_MH,2026-02-08,2,0,1,True
SAFE_SITE_STOLLERY_INSPIRED_MH_20260209,SITE_STOLLERY_INSPIRED,SITE_STOLLERY_INSPIRED_MH,2026-02-09,0,2,0,True
SAFE_SITE_STOLLERY_INSPIRED_MH_20260210,SITE_STOLLERY_INSPIRED,SITE_STOLLERY_INSPIRED_MH,2026-02-10,1,1,0,True
SAFE_SITE_STOLLERY_INSPIRED_MH_20260211,SITE_STOLLERY_INSPIRED,SITE_STOLLERY_INSPIRED_MH,2026-02-11,2,2,0,True
SAFE_SITE_STOLLERY_INSPIRED_MH_20260212,SITE_STOLLERY_INSPIRED,SITE_STOLLERY_INSPIRED_MH,2026-02-12,1,1,1,True
SAFE_SITE_STOLLERY_INSPIRED_MH_20260213,SITE_STOLLERY_INSPIRED,SITE_STOLLERY_INSPIRED_MH,2026-02-13,1,0,1,True
SAFE_SITE_STOLLERY_INSPIRED_MH_20260214,SITE_STOLLERY_INSPIRED,SITE_STOLLERY_INSPIRED_MH,2026-02-14,1,1,0,True
SAFE_SITE_STOLLERY_INSPIRED_MH_20260215,SITE_STOLLERY_INSPIRED,SITE_STOLLERY_INSPIRED_MH,2026-02-15,2,0,2,True
SAFE_SITE_STOLLERY_INSPIRED_MH_20260216,SITE_STOLLERY_INSPIRED,SITE_STOLLERY_INSPIRED_MH,2026-02-16,0,1,0,True
SAFE_SITE_STOLLERY_INSPIRED_MH_20260217,SITE_STOLLERY_INSPIRED,SITE_STOLLERY_INSPIRED_MH,2026-02-17,5,0,3,True
SAFE_SITE_STOLLERY_INSPIRED_MH_20260218,SITE_STOLLERY_INSPIRED,SITE_STOLLERY_INSPIRED_MH,2026-02-18,2,1,0,True
SAFE_SITE_STOLLERY_INSPIRED_MH_20260219,SITE_STOLLERY_INSPIRED,SITE_STOLLERY_INSPIRED_MH,2026-02-19,0,0,1,True
SAFE_SITE_STOLLERY_INSPIRED_MH_20260220,SITE_STOLLERY_INSPIRED,SITE_STOLLERY_INSPIRED_MH,2026-02-20,1,0,0,True
SAFE_SITE_STOLLERY_INSPIRED_MH_20260221,SITE_STOLLERY_INSPIRED,SITE_STOLLERY_INSPIRED_MH,2026-02-21,1,0,2,True
SAFE_SITE_STOLLERY_INSPIRED_MH_20260222,SITE_STOLLERY_INSPIRED,SITE_STOLLERY_INSPIRED_MH,2026-02-22,0,0,2,True
SAFE_SITE_STOLLERY_INSPIRED_MH_20260223,SITE_STOLLERY_INSPIRED,SITE_STOLLERY_INSPIRED_MH,2026-02-23,1,0,0,True
SAFE_SITE_STOLLERY_INSPIRED_MH_20260224,SITE_STOLLERY_INSPIRED,SITE_STOLLERY_INSPIRED_MH,2026-02-24,3,0,0,True
SAFE_SITE_STOLLERY_INSPIRED_MH_20260225,SITE_STOLLERY_INSPIRED,SITE_STOLLERY_INSPIRED_MH,2026-02-25,1,0,0,True
SAFE_SITE_STOLLERY_INSPIRED_MH_20260226,SITE_STOLLERY_INSPIRED,SITE_STOLLERY_INSPIRED_MH,2026-02-26,2,0,2,True
SAFE_SITE_STOLLERY_INSPIRED_MH_20260227,SITE_STOLLERY_INSPIRED,SITE_STOLLERY_INSPIRED_MH,2026-02-27,2,0,0,True
SAFE_SITE_STOLLERY_INSPIRED_MH_20260228,SITE_STOLLERY_INSPIRED,SITE_STOLLERY_INSPIRED_MH,2026-02-28,1,0,1,True
SAFE_SITE_STOLLERY_INSPIRED_MH_20260301,SITE_STOLLERY_INSPIRED,SITE_STOLLERY_INSPIRED_MH,2026-03-01,2,1,1,True
SAFE_SITE_STOLLERY_INSPIRED_MH_20260302,SITE_STOLLERY_INSPIRED,SITE_STOLLERY_INSPIRED_MH,2026-03-02,1,0,2,True
SAFE_SITE_STOLLERY_INSPIRED_MH_20260303,SITE_STOLLERY_INSPIRED,SITE_STOLLERY_INSPIRED_MH,2026-03-03,0,1,0,True
SAFE_SITE_STOLLERY_INSPIRED_MH_20260304,SITE_STOLLERY_INSPIRED,SITE_STOLLERY_INSPIRED_MH,2026-03-04,2,0,0,True
SAFE_SITE_STOLLERY_INSPIRED_MH_20260305,SITE_STOLLERY_INSPIRED,SITE_STOLLERY_INSPIRED_MH,2026-03-05,0,1,0,True
SAFE_SITE_STOLLERY_INSPIRED_MH_20260306,SITE_STOLLERY_INSPIRED,SITE_STOLLERY_INSPIRED_MH,2026-03-06,1,0,2,True
SAFE_SITE_STOLLERY_INSPIRED_MH_20260307,SITE_STOLLERY_INSPIRED,SITE_STOLLERY_INSPIRED_MH,2026-03-07,1,0,0,True
SAFE_SITE_STOLLERY_INSPIRED_MH_20260308,SITE_STOLLERY_INSPIRED,SITE_STOLLERY_INSPIRED_MH,2026-03-08,1,0,0,True
SAFE_SITE_STOLLERY_INSPIRED_MH_20260309,SITE_STOLLERY_INSPIRED,SITE_STOLLERY_INSPIRED_MH,2026-03-09,0,0,0,True
SAFE_SITE_STOLLERY_INSPIRED_MH_20260310,SITE_STOLLERY_INSPIRED,SITE_STOLLERY_INSPIRED_MH,2026-03-10,1,1,1,True
SAFE_SITE_STOLLERY_INSPIRED_MH_20260311,SITE_STOLLERY_INSPIRED,SITE_STOLLERY_INSPIRED_MH,2026-03-11,2,1,0,True
SAFE_SITE_STOLLERY_INSPIRED_MH_20260312,SITE_STOLLERY_INSPIRED,SITE_STOLLERY_INSPIRED_MH,2026-03-12,0,0,0,True
SAFE_SITE_STOLLERY_INSPIRED_MH_20260313,SITE_STOLLERY_INSPIRED,SITE_STOLLERY_INSPIRED_MH,2026-03-13,1,0,0,True
SAFE_SITE_STOLLERY_INSPIRED_MH_20260314,SITE_STOLLERY_INSPIRED,SITE_STOLLERY_INSPIRED_MH,2026-03-14,0,0,1,True
SAFE_SITE_STOLLERY_INSPIRED_MH_20260315,SITE_STOLLERY_INSPIRED,SITE_STOLLERY_INSPIRED_MH,2026-03-15,1,1,1,True
SAFE_SITE_STOLLERY_INSPIRED_MH_20260316,SITE_STOLLERY_INSPIRED,SITE_STOLLERY_INSPIRED_MH,2026-03-16,4,0,1,True
SAFE_SITE_STOLLERY_INSPIRED_MH_20260317,SITE_STOLLERY_INSPIRED,SITE_STOLLERY_INSPIRED_MH,2026-03-17,2,1,0,True
SAFE_SITE_STOLLERY_INSPIRED_MH_20260318,SITE_STOLLERY_INSPIRED,SITE_STOLLERY_INSPIRED_MH,2026-03-18,2,0,1,True
SAFE_SITE_STOLLERY_INSPIRED_MH_20260319,SITE_STOLLERY_INSPIRED,SITE_STOLLERY_INSPIRED_MH,2026-03-19,0,0,0,True
SAFE_SITE_STOLLERY_INSPIRED_MH_20260320,SITE_STOLLERY_INSPIRED,SITE_STOLLERY_INSPIRED_MH,2026-03-20,3,0,0,True
SAFE_SITE_STOLLERY_INSPIRED_MH_20260321,SITE_STOLLERY_INSPIRED,SITE_STOLLERY_INSPIRED_MH,2026-03-21,5,1,0,True
SAFE_SITE_STOLLERY_INSPIRED_MH_20260322,SITE_STOLLERY_INSPIRED,SITE_STOLLERY_INSPIRED_MH,2026-03-22,2,1,1,True
SAFE_SITE_STOLLERY_INSPIRED_MH_20260323,SITE_STOLLERY_INSPIRED,SITE_STOLLERY_INSPIRED_MH,2026-03-23,2,1,0,True
SAFE_SITE_STOLLERY_INSPIRED_MH_20260324,SITE_STOLLERY_INSPIRED,SITE_STOLLERY_INSPIRED_MH,2026-03-24,0,0,1,True
SAFE_SITE_STOLLERY_INSPIRED_MH_20260325,SITE_STOLLERY_INSPIRED,SITE_STOLLERY_INSPIRED_MH,2026-03-25,1,1,1,True
SAFE_SITE_STOLLERY_INSPIRED_MH_20260326,SITE_STOLLERY_INSPIRED,SITE_STOLLERY_INSPIRED_MH,2026-03-26,2,0,0,True
SAFE_SITE_STOLLERY_INSPIRED_MH_20260327,SITE_STOLLERY_INSPIRED,SITE_STOLLERY_INSPIRED_MH,2026-03-27,3,2,0,True
SAFE_SITE_STOLLERY_INSPIRED_MH_20260328,SITE_STOLLERY_INSPIRED,SITE_STOLLERY_INSPIRED_MH,2026-03-28,0,0,1,True
SAFE_SITE_STOLLERY_INSPIRED_MH_20260329,SITE_STOLLERY_INSPIRED,SITE_STOLLERY_INSPIRED_MH,2026-03-29,0,0,0,True
SAFE_SITE_STOLLERY_INSPIRED_MH_20260330,SITE_STOLLERY_INSPIRED,SITE_STOLLERY_INSPIRED_MH,2026-03-30,1,1,1,True
SAFE_SITE_STOLLERY_INSPIRED_MH_20260331,SITE_STOLLERY_INSPIRED,SITE_STOLLERY_INSPIRED_MH,2026-03-31,2,0,1,True
SAFE_SITE_STOLLERY_INSPIRED_MH_20260401,SITE_STOLLERY_INSPIRED,SITE_STOLLERY_INSPIRED_MH,2026-04-01,0,0,2,True
SAFE_SITE_STOLLERY_INSPIRED_MH_20260402,SITE_STOLLERY_INSPIRED,SITE_STOLLERY_INSPIRED_MH,2026-04-02,3,1,1,True
SAFE_SITE_STOLLERY_INSPIRED_MH_20260403,SITE_STOLLERY_INSPIRED,SITE_STOLLERY_INSPIRED_MH,2026-04-03,2,1,1,True
SAFE_SITE_STOLLERY_INSPIRED_MH_20260404,SITE_STOLLERY_INSPIRED,SITE_STOLLERY_INSPIRED_MH,2026-04-04,2,1,1,True
SAFE_SITE_STOLLERY_INSPIRED_MH_20260405,SITE_STOLLERY_INSPIRED,SITE_STOLLERY_INSPIRED_MH,2026-04-05,2,0,2,True
SAFE_SITE_STOLLERY_INSPIRED_MH_20260406,SITE_STOLLERY_INSPIRED,SITE_STOLLERY_INSPIRED_MH,2026-04-06,2,1,2,True
SAFE_SITE_STOLLERY_INSPIRED_MH_20260407,SITE_STOLLERY_INSPIRED,SITE_STOLLERY_INSPIRED_MH,2026-04-07,3,1,0,True
SAFE_SITE_STOLLERY_INSPIRED_MH_20260408,SITE_STOLLERY_INSPIRED,SITE_STOLLERY_INSPIRED_MH,2026-04-08,0,0,0,True
SAFE_SITE_STOLLERY_INSPIRED_MH_20260409,SITE_STOLLERY_INSPIRED,SITE_STOLLERY_INSPIRED_MH,2026-04-09,1,0,0,True
SAFE_SITE_STOLLERY_INSPIRED_MH_20260410,SITE_STOLLERY_INSPIRED,SITE_STOLLERY_INSPIRED_MH,2026-04-10,1,0,0,True
SAFE_SITE_STOLLERY_INSPIRED_MH_20260411,SITE_STOLLERY_INSPIRED,SITE_STOLLERY_INSPIRED_MH,2026-04-11,1,0,1,True
SAFE_SITE_STOLLERY_INSPIRED_MH_20260412,SITE_STOLLERY_INSPIRED,SITE_STOLLERY_INSPIRED_MH,2026-04-12,1,0,0,True
SAFE_SITE_STOLLERY_INSPIRED_MH_20260413,SITE_STOLLERY_INSPIRED,SITE_STOLLERY_INSPIRED_MH,2026-04-13,2,0,0,True
SAFE_SITE_STOLLERY_INSPIRED_MH_20260414,SITE_STOLLERY_INSPIRED,SITE_STOLLERY_INSPIRED_MH,2026-04-14,1,0,1,True
SAFE_SITE_STOLLERY_INSPIRED_MH_20260415,SITE_STOLLERY_INSPIRED,SITE_STOLLERY_INSPIRED_MH,2026-04-15,0,0,3,True
SAFE_SITE_STOLLERY_INSPIRED_MH_20260416,SITE_STOLLERY_INSPIRED,SITE_STOLLERY_INSPIRED_MH,2026-04-16,0,1,1,True
SAFE_SITE_STOLLERY_INSPIRED_MH_20260417,SITE_STOLLERY_INSPIRED,SITE_STOLLERY_INSPIRED_MH,2026-04-17,2,0,0,True
SAFE_SITE_STOLLERY_INSPIRED_MH_20260418,SITE_STOLLERY_INSPIRED,SITE_STOLLERY_INSPIRED_MH,2026-04-18,3,0,0,True
SAFE_SITE_STOLLERY_INSPIRED_MH_20260419,SITE_STOLLERY_INSPIRED,SITE_STOLLERY_INSPIRED_MH,2026-04-19,0,0,0,True
SAFE_SITE_STOLLERY_INSPIRED_MH_20260420,SITE_STOLLERY_INSPIRED,SITE_STOLLERY_INSPIRED_MH,2026-04-20,2,2,0,True
SAFE_SITE_STOLLERY_INSPIRED_MH_20260421,SITE_STOLLERY_INSPIRED,SITE_STOLLERY_INSPIRED_MH,2026-04-21,1,2,1,True
SAFE_SITE_STOLLERY_INSPIRED_MH_20260422,SITE_STOLLERY_INSPIRED,SITE_STOLLERY_INSPIRED_MH,2026-04-22,1,1,2,True
SAFE_SITE_STOLLERY_INSPIRED_MH_20260423,SITE_STOLLERY_INSPIRED,SITE_STOLLERY_INSPIRED_MH,2026-04-23,1,0,1,True
SAFE_SITE_STOLLERY_INSPIRED_MH_20260424,SITE_STOLLERY_INSPIRED,SITE_STOLLERY_INSPIRED_MH,2026-04-24,1,0,0,True
SAFE_SITE_STOLLERY_INSPIRED_MH_20260425,SITE_STOLLERY_INSPIRED,SITE_STOLLERY_INSPIRED_MH,2026-04-25,0,1,0,True
SAFE_SITE_STOLLERY_INSPIRED_MH_20260426,SITE_STOLLERY_INSPIRED,SITE_STOLLERY_INSPIRED_MH,2026-04-26,1,1,2,True
SAFE_SITE_STOLLERY_INSPIRED_MH_20260427,SITE_STOLLERY_INSPIRED,SITE_STOLLERY_INSPIRED_MH,2026-04-27,0,0,1,True
SAFE_SITE_STOLLERY_INSPIRED_MH_20260428,SITE_STOLLERY_INSPIRED,SITE_STOLLERY_INSPIRED_MH,2026-04-28,2,1,1,True
SAFE_SITE_STOLLERY_INSPIRED_MH_20260429,SITE_STOLLERY_INSPIRED,SITE_STOLLERY_INSPIRED_MH,2026-04-29,0,0,0,True
SAFE_SITE_STOLLERY_INSPIRED_MH_20260430,SITE_STOLLERY_INSPIRED,SITE_STOLLERY_INSPIRED_MH,2026-04-30,1,0,0,True
SAFE_SITE_ACH_INSPIRED_GEN_20260101,SITE_ACH_INSPIRED,SITE_ACH_INSPIRED_GEN,2026-01-01,1,0,0,True
SAFE_SITE_ACH_INSPIRED_GEN_20260102,SITE_ACH_INSPIRED,SITE_ACH_INSPIRED_GEN,2026-01-02,1,2,1,True
SAFE_SITE_ACH_INSPIRED_GEN_20260103,SITE_ACH_INSPIRED,SITE_ACH_INSPIRED_GEN,2026-01-03,1,2,1,True
SAFE_SITE_ACH_INSPIRED_GEN_20260104,SITE_ACH_INSPIRED,SITE_ACH_INSPIRED_GEN,2026-01-04,0,0,0,True
SAFE_SITE_ACH_INSPIRED_GEN_20260105,SITE_ACH_INSPIRED,SITE_ACH_INSPIRED_GEN,2026-01-05,0,1,3,True
SAFE_SITE_ACH_INSPIRED_GEN_20260106,SITE_ACH_INSPIRED,SITE_ACH_INSPIRED_GEN,2026-01-06,2,1,1,True
SAFE_SITE_ACH_INSPIRED_GEN_20260107,SITE_ACH_INSPIRED,SITE_ACH_INSPIRED_GEN,2026-01-07,0,0,2,True
SAFE_SITE_ACH_INSPIRED_GEN_20260108,SITE_ACH_INSPIRED,SITE_ACH_INSPIRED_GEN,2026-01-08,0,0,0,True
SAFE_SITE_ACH_INSPIRED_GEN_20260109,SITE_ACH_INSPIRED,SITE_ACH_INSPIRED_GEN,2026-01-09,2,0,1,True
SAFE_SITE_ACH_INSPIRED_GEN_20260110,SITE_ACH_INSPIRED,SITE_ACH_INSPIRED_GEN,2026-01-10,0,1,1,True
SAFE_SITE_ACH_INSPIRED_GEN_20260111,SITE_ACH_INSPIRED,SITE_ACH_INSPIRED_GEN,2026-01-11,1,2,0,True
SAFE_SITE_ACH_INSPIRED_GEN_20260112,SITE_ACH_INSPIRED,SITE_ACH_INSPIRED_GEN,2026-01-12,1,0,0,True
SAFE_SITE_ACH_INSPIRED_GEN_20260113,SITE_ACH_INSPIRED,SITE_ACH_INSPIRED_GEN,2026-01-13,1,1,0,True
SAFE_SITE_ACH_INSPIRED_GEN_20260114,SITE_ACH_INSPIRED,SITE_ACH_INSPIRED_GEN,2026-01-14,4,0,1,True
SAFE_SITE_ACH_INSPIRED_GEN_20260115,SITE_ACH_INSPIRED,SITE_ACH_INSPIRED_GEN,2026-01-15,2,0,1,True
SAFE_SITE_ACH_INSPIRED_GEN_20260116,SITE_ACH_INSPIRED,SITE_ACH_INSPIRED_GEN,2026-01-16,1,1,1,True
SAFE_SITE_ACH_INSPIRED_GEN_20260117,SITE_ACH_INSPIRED,SITE_ACH_INSPIRED_GEN,2026-01-17,0,1,0,True
SAFE_SITE_ACH_INSPIRED_GEN_20260118,SITE_ACH_INSPIRED,SITE_ACH_INSPIRED_GEN,2026-01-18,0,0,0,True
SAFE_SITE_ACH_INSPIRED_GEN_20260119,SITE_ACH_INSPIRED,SITE_ACH_INSPIRED_GEN,2026-01-19,2,1,0,True
SAFE_SITE_ACH_INSPIRED_GEN_20260120,SITE_ACH_INSPIRED,SITE_ACH_INSPIRED_GEN,2026-01-20,3,0,4,True
SAFE_SITE_ACH_INSPIRED_GEN_20260121,SITE_ACH_INSPIRED,SITE_ACH_INSPIRED_GEN,2026-01-21,1,0,1,True
SAFE_SITE_ACH_INSPIRED_GEN_20260122,SITE_ACH_INSPIRED,SITE_ACH_INSPIRED_GEN,2026-01-22,4,1,2,True
SAFE_SITE_ACH_INSPIRED_GEN_20260123,SITE_ACH_INSPIRED,SITE_ACH_INSPIRED_GEN,2026-01-23,2,0,1,True
SAFE_SITE_ACH_INSPIRED_GEN_20260124,SITE_ACH_INSPIRED,SITE_ACH_INSPIRED_GEN,2026-01-24,1,0,0,True
SAFE_SITE_ACH_INSPIRED_GEN_20260125,SITE_ACH_INSPIRED,SITE_ACH_INSPIRED_GEN,2026-01-25,2,2,2,True
SAFE_SITE_ACH_INSPIRED_GEN_20260126,SITE_ACH_INSPIRED,SITE_ACH_INSPIRED_GEN,2026-01-26,2,2,1,True
SAFE_SITE_ACH_INSPIRED_GEN_20260127,SITE_ACH_INSPIRED,SITE_ACH_INSPIRED_GEN,2026-01-27,0,2,1,True
SAFE_SITE_ACH_INSPIRED_GEN_20260128,SITE_ACH_INSPIRED,SITE_ACH_INSPIRED_GEN,2026-01-28,1,1,0,True
SAFE_SITE_ACH_INSPIRED_GEN_20260129,SITE_ACH_INSPIRED,SITE_ACH_INSPIRED_GEN,2026-01-29,1,0,0,True
SAFE_SITE_ACH_INSPIRED_GEN_20260130,SITE_ACH_INSPIRED,SITE_ACH_INSPIRED_GEN,2026-01-30,3,1,0,True
SAFE_SITE_ACH_INSPIRED_GEN_20260131,SITE_ACH_INSPIRED,SITE_ACH_INSPIRED_GEN,2026-01-31,1,0,2,True
SAFE_SITE_ACH_INSPIRED_GEN_20260201,SITE_ACH_INSPIRED,SITE_ACH_INSPIRED_GEN,2026-02-01,0,0,0,True
SAFE_SITE_ACH_INSPIRED_GEN_20260202,SITE_ACH_INSPIRED,SITE_ACH_INSPIRED_GEN,2026-02-02,1,1,0,True
SAFE_SITE_ACH_INSPIRED_GEN_20260203,SITE_ACH_INSPIRED,SITE_ACH_INSPIRED_GEN,2026-02-03,1,1,1,True
SAFE_SITE_ACH_INSPIRED_GEN_20260204,SITE_ACH_INSPIRED,SITE_ACH_INSPIRED_GEN,2026-02-04,0,0,1,True
SAFE_SITE_ACH_INSPIRED_GEN_20260205,SITE_ACH_INSPIRED,SITE_ACH_INSPIRED_GEN,2026-02-05,1,0,1,True
SAFE_SITE_ACH_INSPIRED_GEN_20260206,SITE_ACH_INSPIRED,SITE_ACH_INSPIRED_GEN,2026-02-06,2,0,0,True
SAFE_SITE_ACH_INSPIRED_GEN_20260207,SITE_ACH_INSPIRED,SITE_ACH_INSPIRED_GEN,2026-02-07,1,0,1,True
SAFE_SITE_ACH_INSPIRED_GEN_20260208,SITE_ACH_INSPIRED,SITE_ACH_INSPIRED_GEN,2026-02-08,2,2,0,True
SAFE_SITE_ACH_INSPIRED_GEN_20260209,SITE_ACH_INSPIRED,SITE_ACH_INSPIRED_GEN,2026-02-09,2,0,1,True
SAFE_SITE_ACH_INSPIRED_GEN_20260210,SITE_ACH_INSPIRED,SITE_ACH_INSPIRED_GEN,2026-02-10,1,0,1,True
SAFE_SITE_ACH_INSPIRED_GEN_20260211,SITE_ACH_INSPIRED,SITE_ACH_INSPIRED_GEN,2026-02-11,2,0,1,True
SAFE_SITE_ACH_INSPIRED_GEN_20260212,SITE_ACH_INSPIRED,SITE_ACH_INSPIRED_GEN,2026-02-12,1,0,0,True
SAFE_SITE_ACH_INSPIRED_GEN_20260213,SITE_ACH_INSPIRED,SITE_ACH_INSPIRED_GEN,2026-02-13,1,0,1,True
SAFE_SITE_ACH_INSPIRED_GEN_20260214,SITE_ACH_INSPIRED,SITE_ACH_INSPIRED_GEN,2026-02-14,1,0,1,True
SAFE_SITE_ACH_INSPIRED_GEN_20260215,SITE_ACH_INSPIRED,SITE_ACH_INSPIRED_GEN,2026-02-15,0,2,1,True
SAFE_SITE_ACH_INSPIRED_GEN_20260216,SITE_ACH_INSPIRED,SITE_ACH_INSPIRED_GEN,2026-02-16,1,0,2,True
SAFE_SITE_ACH_INSPIRED_GEN_20260217,SITE_ACH_INSPIRED,SITE_ACH_INSPIRED_GEN,2026-02-17,2,1,1,True
SAFE_SITE_ACH_INSPIRED_GEN_20260218,SITE_ACH_INSPIRED,SITE_ACH_INSPIRED_GEN,2026-02-18,1,1,0,True
SAFE_SITE_ACH_INSPIRED_GEN_20260219,SITE_ACH_INSPIRED,SITE_ACH_INSPIRED_GEN,2026-02-19,1,1,1,True
SAFE_SITE_ACH_INSPIRED_GEN_20260220,SITE_ACH_INSPIRED,SITE_ACH_INSPIRED_GEN,2026-02-20,4,0,0,True
SAFE_SITE_ACH_INSPIRED_GEN_20260221,SITE_ACH_INSPIRED,SITE_ACH_INSPIRED_GEN,2026-02-21,0,1,3,True
SAFE_SITE_ACH_INSPIRED_GEN_20260222,SITE_ACH_INSPIRED,SITE_ACH_INSPIRED_GEN,2026-02-22,3,0,2,True
SAFE_SITE_ACH_INSPIRED_GEN_20260223,SITE_ACH_INSPIRED,SITE_ACH_INSPIRED_GEN,2026-02-23,1,0,1,True
SAFE_SITE_ACH_INSPIRED_GEN_20260224,SITE_ACH_INSPIRED,SITE_ACH_INSPIRED_GEN,2026-02-24,1,0,0,True
SAFE_SITE_ACH_INSPIRED_GEN_20260225,SITE_ACH_INSPIRED,SITE_ACH_INSPIRED_GEN,2026-02-25,3,0,0,True
SAFE_SITE_ACH_INSPIRED_GEN_20260226,SITE_ACH_INSPIRED,SITE_ACH_INSPIRED_GEN,2026-02-26,0,0,0,True
SAFE_SITE_ACH_INSPIRED_GEN_20260227,SITE_ACH_INSPIRED,SITE_ACH_INSPIRED_GEN,2026-02-27,1,2,0,True
SAFE_SITE_ACH_INSPIRED_GEN_20260228,SITE_ACH_INSPIRED,SITE_ACH_INSPIRED_GEN,2026-02-28,2,0,1,True
SAFE_SITE_ACH_INSPIRED_GEN_20260301,SITE_ACH_INSPIRED,SITE_ACH_INSPIRED_GEN,2026-03-01,1,2,1,True
SAFE_SITE_ACH_INSPIRED_GEN_20260302,SITE_ACH_INSPIRED,SITE_ACH_INSPIRED_GEN,2026-03-02,0,0,1,True
SAFE_SITE_ACH_INSPIRED_GEN_20260303,SITE_ACH_INSPIRED,SITE_ACH_INSPIRED_GEN,2026-03-03,0,2,0,True
SAFE_SITE_ACH_INSPIRED_GEN_20260304,SITE_ACH_INSPIRED,SITE_ACH_INSPIRED_GEN,2026-03-04,0,0,0,True
SAFE_SITE_ACH_INSPIRED_GEN_20260305,SITE_ACH_INSPIRED,SITE_ACH_INSPIRED_GEN,2026-03-05,2,1,0,True
SAFE_SITE_ACH_INSPIRED_GEN_20260306,SITE_ACH_INSPIRED,SITE_ACH_INSPIRED_GEN,2026-03-06,3,0,3,True
SAFE_SITE_ACH_INSPIRED_GEN_20260307,SITE_ACH_INSPIRED,SITE_ACH_INSPIRED_GEN,2026-03-07,0,0,0,True
SAFE_SITE_ACH_INSPIRED_GEN_20260308,SITE_ACH_INSPIRED,SITE_ACH_INSPIRED_GEN,2026-03-08,0,0,2,True
SAFE_SITE_ACH_INSPIRED_GEN_20260309,SITE_ACH_INSPIRED,SITE_ACH_INSPIRED_GEN,2026-03-09,1,0,0,True
SAFE_SITE_ACH_INSPIRED_GEN_20260310,SITE_ACH_INSPIRED,SITE_ACH_INSPIRED_GEN,2026-03-10,2,0,0,True
SAFE_SITE_ACH_INSPIRED_GEN_20260311,SITE_ACH_INSPIRED,SITE_ACH_INSPIRED_GEN,2026-03-11,1,3,2,True
SAFE_SITE_ACH_INSPIRED_GEN_20260312,SITE_ACH_INSPIRED,SITE_ACH_INSPIRED_GEN,2026-03-12,1,0,0,True
SAFE_SITE_ACH_INSPIRED_GEN_20260313,SITE_ACH_INSPIRED,SITE_ACH_INSPIRED_GEN,2026-03-13,2,3,0,True
SAFE_SITE_ACH_INSPIRED_GEN_20260314,SITE_ACH_INSPIRED,SITE_ACH_INSPIRED_GEN,2026-03-14,2,0,1,True
SAFE_SITE_ACH_INSPIRED_GEN_20260315,SITE_ACH_INSPIRED,SITE_ACH_INSPIRED_GEN,2026-03-15,4,1,0,True
SAFE_SITE_ACH_INSPIRED_GEN_20260316,SITE_ACH_INSPIRED,SITE_ACH_INSPIRED_GEN,2026-03-16,1,1,0,True
SAFE_SITE_ACH_INSPIRED_GEN_20260317,SITE_ACH_INSPIRED,SITE_ACH_INSPIRED_GEN,2026-03-17,1,0,0,True
SAFE_SITE_ACH_INSPIRED_GEN_20260318,SITE_ACH_INSPIRED,SITE_ACH_INSPIRED_GEN,2026-03-18,2,0,0,True
SAFE_SITE_ACH_INSPIRED_GEN_20260319,SITE_ACH_INSPIRED,SITE_ACH_INSPIRED_GEN,2026-03-19,0,0,0,True
SAFE_SITE_ACH_INSPIRED_GEN_20260320,SITE_ACH_INSPIRED,SITE_ACH_INSPIRED_GEN,2026-03-20,3,0,1,True
SAFE_SITE_ACH_INSPIRED_GEN_20260321,SITE_ACH_INSPIRED,SITE_ACH_INSPIRED_GEN,2026-03-21,2,0,1,True
SAFE_SITE_ACH_INSPIRED_GEN_20260322,SITE_ACH_INSPIRED,SITE_ACH_INSPIRED_GEN,2026-03-22,1,1,0,True
SAFE_SITE_ACH_INSPIRED_GEN_20260323,SITE_ACH_INSPIRED,SITE_ACH_INSPIRED_GEN,2026-03-23,3,1,0,True
SAFE_SITE_ACH_INSPIRED_GEN_20260324,SITE_ACH_INSPIRED,SITE_ACH_INSPIRED_GEN,2026-03-24,1,0,1,True
SAFE_SITE_ACH_INSPIRED_GEN_20260325,SITE_ACH_INSPIRED,SITE_ACH_INSPIRED_GEN,2026-03-25,2,0,0,True
SAFE_SITE_ACH_INSPIRED_GEN_20260326,SITE_ACH_INSPIRED,SITE_ACH_INSPIRED_GEN,2026-03-26,1,0,1,True
SAFE_SITE_ACH_INSPIRED_GEN_20260327,SITE_ACH_INSPIRED,SITE_ACH_INSPIRED_GEN,2026-03-27,0,0,1,True
SAFE_SITE_ACH_INSPIRED_GEN_20260328,SITE_ACH_INSPIRED,SITE_ACH_INSPIRED_GEN,2026-03-28,2,1,1,True
SAFE_SITE_ACH_INSPIRED_GEN_20260329,SITE_ACH_INSPIRED,SITE_ACH_INSPIRED_GEN,2026-03-29,1,1,1,True
SAFE_SITE_ACH_INSPIRED_GEN_20260330,SITE_ACH_INSPIRED,SITE_ACH_INSPIRED_GEN,2026-03-30,0,1,0,True
SAFE_SITE_ACH_INSPIRED_GEN_20260331,SITE_ACH_INSPIRED,SITE_ACH_INSPIRED_GEN,2026-03-31,1,1,0,True
SAFE_SITE_ACH_INSPIRED_GEN_20260401,SITE_ACH_INSPIRED,SITE_ACH_INSPIRED_GEN,2026-04-01,1,0,1,True
SAFE_SITE_ACH_INSPIRED_GEN_20260402,SITE_ACH_INSPIRED,SITE_ACH_INSPIRED_GEN,2026-04-02,2,0,2,True
SAFE_SITE_ACH_INSPIRED_GEN_20260403,SITE_ACH_INSPIRED,SITE_ACH_INSPIRED_GEN,2026-04-03,2,0,0,True
SAFE_SITE_ACH_INSPIRED_GEN_20260404,SITE_ACH_INSPIRED,SITE_ACH_INSPIRED_GEN,2026-04-04,0,1,1,True
SAFE_SITE_ACH_INSPIRED_GEN_20260405,SITE_ACH_INSPIRED,SITE_ACH_INSPIRED_GEN,2026-04-05,4,1,1,True
SAFE_SITE_ACH_INSPIRED_GEN_20260406,SITE_ACH_INSPIRED,SITE_ACH_INSPIRED_GEN,2026-04-06,3,0,0,True
SAFE_SITE_ACH_INSPIRED_GEN_20260407,SITE_ACH_INSPIRED,SITE_ACH_INSPIRED_GEN,2026-04-07,1,0,1,True
SAFE_SITE_ACH_INSPIRED_GEN_20260408,SITE_ACH_INSPIRED,SITE_ACH_INSPIRED_GEN,2026-04-08,1,0,0,True
SAFE_SITE_ACH_INSPIRED_GEN_20260409,SITE_ACH_INSPIRED,SITE_ACH_INSPIRED_GEN,2026-04-09,1,0,1,True
SAFE_SITE_ACH_INSPIRED_GEN_20260410,SITE_ACH_INSPIRED,SITE_ACH_INSPIRED_GEN,2026-04-10,0,0,0,True
SAFE_SITE_ACH_INSPIRED_GEN_20260411,SITE_ACH_INSPIRED,SITE_ACH_INSPIRED_GEN,2026-04-11,1,0,0,True
SAFE_SITE_ACH_INSPIRED_GEN_20260412,SITE_ACH_INSPIRED,SITE_ACH_INSPIRED_GEN,2026-04-12,3,0,1,True
SAFE_SITE_ACH_INSPIRED_GEN_20260413,SITE_ACH_INSPIRED,SITE_ACH_INSPIRED_GEN,2026-04-13,2,2,3,True
SAFE_SITE_ACH_INSPIRED_GEN_20260414,SITE_ACH_INSPIRED,SITE_ACH_INSPIRED_GEN,2026-04-14,0,0,0,True
SAFE_SITE_ACH_INSPIRED_GEN_20260415,SITE_ACH_INSPIRED,SITE_ACH_INSPIRED_GEN,2026-04-15,0,2,1,True
SAFE_SITE_ACH_INSPIRED_GEN_20260416,SITE_ACH_INSPIRED,SITE_ACH_INSPIRED_GEN,2026-04-16,1,0,2,True
SAFE_SITE_ACH_INSPIRED_GEN_20260417,SITE_ACH_INSPIRED,SITE_ACH_INSPIRED_GEN,2026-04-17,1,0,0,True
SAFE_SITE_ACH_INSPIRED_GEN_20260418,SITE_ACH_INSPIRED,SITE_ACH_INSPIRED_GEN,2026-04-18,1,0,1,True
SAFE_SITE_ACH_INSPIRED_GEN_20260419,SITE_ACH_INSPIRED,SITE_ACH_INSPIRED_GEN,2026-04-19,1,2,0,True
SAFE_SITE_ACH_INSPIRED_GEN_20260420,SITE_ACH_INSPIRED,SITE_ACH_INSPIRED_GEN,2026-04-20,1,0,1,True
SAFE_SITE_ACH_INSPIRED_GEN_20260421,SITE_ACH_INSPIRED,SITE_ACH_INSPIRED_GEN,2026-04-21,2,0,1,True
SAFE_SITE_ACH_INSPIRED_GEN_20260422,SITE_ACH_INSPIRED,SITE_ACH_INSPIRED_GEN,2026-04-22,0,0,1,True
SAFE_SITE_ACH_INSPIRED_GEN_20260423,SITE_ACH_INSPIRED,SITE_ACH_INSPIRED_GEN,2026-04-23,4,2,0,True
SAFE_SITE_ACH_INSPIRED_GEN_20260424,SITE_ACH_INSPIRED,SITE_ACH_INSPIRED_GEN,2026-04-24,0,1,0,True
SAFE_SITE_ACH_INSPIRED_GEN_20260425,SITE_ACH_INSPIRED,SITE_ACH_INSPIRED_GEN,2026-04-25,0,0,2,True
SAFE_SITE_ACH_INSPIRED_GEN_20260426,SITE_ACH_INSPIRED,SITE_ACH_INSPIRED_GEN,2026-04-26,1,1,0,True
SAFE_SITE_ACH_INSPIRED_GEN_20260427,SITE_ACH_INSPIRED,SITE_ACH_INSPIRED_GEN,2026-04-27,0,1,0,True
SAFE_SITE_ACH_INSPIRED_GEN_20260428,SITE_ACH_INSPIRED,SITE_ACH_INSPIRED_GEN,2026-04-28,4,0,1,True
SAFE_SITE_ACH_INSPIRED_GEN_20260429,SITE_ACH_INSPIRED,SITE_ACH_INSPIRED_GEN,2026-04-29,1,0,1,True
SAFE_SITE_ACH_INSPIRED_GEN_20260430,SITE_ACH_INSPIRED,SITE_ACH_INSPIRED_GEN,2026-04-30,0,3,0,True
SAFE_SITE_ACH_INSPIRED_RESP_20260101,SITE_ACH_INSPIRED,SITE_ACH_INSPIRED_RESP,2026-01-01,1,2,0,True
SAFE_SITE_ACH_INSPIRED_RESP_20260102,SITE_ACH_INSPIRED,SITE_ACH_INSPIRED_RESP,2026-01-02,2,1,2,True
SAFE_SITE_ACH_INSPIRED_RESP_20260103,SITE_ACH_INSPIRED,SITE_ACH_INSPIRED_RESP,2026-01-03,0,1,0,True
SAFE_SITE_ACH_INSPIRED_RESP_20260104,SITE_ACH_INSPIRED,SITE_ACH_INSPIRED_RESP,2026-01-04,2,0,1,True
SAFE_SITE_ACH_INSPIRED_RESP_20260105,SITE_ACH_INSPIRED,SITE_ACH_INSPIRED_RESP,2026-01-05,0,0,3,True
SAFE_SITE_ACH_INSPIRED_RESP_20260106,SITE_ACH_INSPIRED,SITE_ACH_INSPIRED_RESP,2026-01-06,0,0,0,True
SAFE_SITE_ACH_INSPIRED_RESP_20260107,SITE_ACH_INSPIRED,SITE_ACH_INSPIRED_RESP,2026-01-07,1,0,0,True
SAFE_SITE_ACH_INSPIRED_RESP_20260108,SITE_ACH_INSPIRED,SITE_ACH_INSPIRED_RESP,2026-01-08,1,0,0,True
SAFE_SITE_ACH_INSPIRED_RESP_20260109,SITE_ACH_INSPIRED,SITE_ACH_INSPIRED_RESP,2026-01-09,1,1,0,True
SAFE_SITE_ACH_INSPIRED_RESP_20260110,SITE_ACH_INSPIRED,SITE_ACH_INSPIRED_RESP,2026-01-10,1,1,1,True
SAFE_SITE_ACH_INSPIRED_RESP_20260111,SITE_ACH_INSPIRED,SITE_ACH_INSPIRED_RESP,2026-01-11,1,1,1,True
SAFE_SITE_ACH_INSPIRED_RESP_20260112,SITE_ACH_INSPIRED,SITE_ACH_INSPIRED_RESP,2026-01-12,1,0,0,True
SAFE_SITE_ACH_INSPIRED_RESP_20260113,SITE_ACH_INSPIRED,SITE_ACH_INSPIRED_RESP,2026-01-13,1,0,0,True
SAFE_SITE_ACH_INSPIRED_RESP_20260114,SITE_ACH_INSPIRED,SITE_ACH_INSPIRED_RESP,2026-01-14,2,0,1,True
SAFE_SITE_ACH_INSPIRED_RESP_20260115,SITE_ACH_INSPIRED,SITE_ACH_INSPIRED_RESP,2026-01-15,0,0,0,True
SAFE_SITE_ACH_INSPIRED_RESP_20260116,SITE_ACH_INSPIRED,SITE_ACH_INSPIRED_RESP,2026-01-16,0,0,2,True
SAFE_SITE_ACH_INSPIRED_RESP_20260117,SITE_ACH_INSPIRED,SITE_ACH_INSPIRED_RESP,2026-01-17,1,2,0,True
SAFE_SITE_ACH_INSPIRED_RESP_20260118,SITE_ACH_INSPIRED,SITE_ACH_INSPIRED_RESP,2026-01-18,1,0,0,True
SAFE_SITE_ACH_INSPIRED_RESP_20260119,SITE_ACH_INSPIRED,SITE_ACH_INSPIRED_RESP,2026-01-19,2,0,1,True
SAFE_SITE_ACH_INSPIRED_RESP_20260120,SITE_ACH_INSPIRED,SITE_ACH_INSPIRED_RESP,2026-01-20,1,0,1,True
SAFE_SITE_ACH_INSPIRED_RESP_20260121,SITE_ACH_INSPIRED,SITE_ACH_INSPIRED_RESP,2026-01-21,0,1,2,True
SAFE_SITE_ACH_INSPIRED_RESP_20260122,SITE_ACH_INSPIRED,SITE_ACH_INSPIRED_RESP,2026-01-22,2,1,0,True
SAFE_SITE_ACH_INSPIRED_RESP_20260123,SITE_ACH_INSPIRED,SITE_ACH_INSPIRED_RESP,2026-01-23,1,0,2,True
SAFE_SITE_ACH_INSPIRED_RESP_20260124,SITE_ACH_INSPIRED,SITE_ACH_INSPIRED_RESP,2026-01-24,0,2,1,True
SAFE_SITE_ACH_INSPIRED_RESP_20260125,SITE_ACH_INSPIRED,SITE_ACH_INSPIRED_RESP,2026-01-25,0,0,0,True
SAFE_SITE_ACH_INSPIRED_RESP_20260126,SITE_ACH_INSPIRED,SITE_ACH_INSPIRED_RESP,2026-01-26,2,0,0,True
SAFE_SITE_ACH_INSPIRED_RESP_20260127,SITE_ACH_INSPIRED,SITE_ACH_INSPIRED_RESP,2026-01-27,1,0,1,True
SAFE_SITE_ACH_INSPIRED_RESP_20260128,SITE_ACH_INSPIRED,SITE_ACH_INSPIRED_RESP,2026-01-28,0,0,1,True
SAFE_SITE_ACH_INSPIRED_RESP_20260129,SITE_ACH_INSPIRED,SITE_ACH_INSPIRED_RESP,2026-01-29,1,1,0,True
SAFE_SITE_ACH_INSPIRED_RESP_20260130,SITE_ACH_INSPIRED,SITE_ACH_INSPIRED_RESP,2026-01-30,2,2,0,True
SAFE_SITE_ACH_INSPIRED_RESP_20260131,SITE_ACH_INSPIRED,SITE_ACH_INSPIRED_RESP,2026-01-31,3,1,0,True
SAFE_SITE_ACH_INSPIRED_RESP_20260201,SITE_ACH_INSPIRED,SITE_ACH_INSPIRED_RESP,2026-02-01,1,2,1,True
SAFE_SITE_ACH_INSPIRED_RESP_20260202,SITE_ACH_INSPIRED,SITE_ACH_INSPIRED_RESP,2026-02-02,1,0,0,True
SAFE_SITE_ACH_INSPIRED_RESP_20260203,SITE_ACH_INSPIRED,SITE_ACH_INSPIRED_RESP,2026-02-03,0,1,4,True
SAFE_SITE_ACH_INSPIRED_RESP_20260204,SITE_ACH_INSPIRED,SITE_ACH_INSPIRED_RESP,2026-02-04,1,1,0,True
SAFE_SITE_ACH_INSPIRED_RESP_20260205,SITE_ACH_INSPIRED,SITE_ACH_INSPIRED_RESP,2026-02-05,2,1,1,True
SAFE_SITE_ACH_INSPIRED_RESP_20260206,SITE_ACH_INSPIRED,SITE_ACH_INSPIRED_RESP,2026-02-06,3,0,2,True
SAFE_SITE_ACH_INSPIRED_RESP_20260207,SITE_ACH_INSPIRED,SITE_ACH_INSPIRED_RESP,2026-02-07,2,1,0,True
SAFE_SITE_ACH_INSPIRED_RESP_20260208,SITE_ACH_INSPIRED,SITE_ACH_INSPIRED_RESP,2026-02-08,2,0,0,True
SAFE_SITE_ACH_INSPIRED_RESP_20260209,SITE_ACH_INSPIRED,SITE_ACH_INSPIRED_RESP,2026-02-09,2,0,0,True
SAFE_SITE_ACH_INSPIRED_RESP_20260210,SITE_ACH_INSPIRED,SITE_ACH_INSPIRED_RESP,2026-02-10,2,0,1,True
SAFE_SITE_ACH_INSPIRED_RESP_20260211,SITE_ACH_INSPIRED,SITE_ACH_INSPIRED_RESP,2026-02-11,2,0,0,True
SAFE_SITE_ACH_INSPIRED_RESP_20260212,SITE_ACH_INSPIRED,SITE_ACH_INSPIRED_RESP,2026-02-12,2,0,0,True
SAFE_SITE_ACH_INSPIRED_RESP_20260213,SITE_ACH_INSPIRED,SITE_ACH_INSPIRED_RESP,2026-02-13,3,0,1,True
SAFE_SITE_ACH_INSPIRED_RESP_20260214,SITE_ACH_INSPIRED,SITE_ACH_INSPIRED_RESP,2026-02-14,1,0,2,True
SAFE_SITE_ACH_INSPIRED_RESP_20260215,SITE_ACH_INSPIRED,SITE_ACH_INSPIRED_RESP,2026-02-15,3,0,1,True
SAFE_SITE_ACH_INSPIRED_RESP_20260216,SITE_ACH_INSPIRED,SITE_ACH_INSPIRED_RESP,2026-02-16,3,0,0,True
SAFE_SITE_ACH_INSPIRED_RESP_20260217,SITE_ACH_INSPIRED,SITE_ACH_INSPIRED_RESP,2026-02-17,0,0,2,True
SAFE_SITE_ACH_INSPIRED_RESP_20260218,SITE_ACH_INSPIRED,SITE_ACH_INSPIRED_RESP,2026-02-18,0,0,0,True
SAFE_SITE_ACH_INSPIRED_RESP_20260219,SITE_ACH_INSPIRED,SITE_ACH_INSPIRED_RESP,2026-02-19,0,0,0,True
SAFE_SITE_ACH_INSPIRED_RESP_20260220,SITE_ACH_INSPIRED,SITE_ACH_INSPIRED_RESP,2026-02-20,1,1,2,True
SAFE_SITE_ACH_INSPIRED_RESP_20260221,SITE_ACH_INSPIRED,SITE_ACH_INSPIRED_RESP,2026-02-21,0,1,0,True
SAFE_SITE_ACH_INSPIRED_RESP_20260222,SITE_ACH_INSPIRED,SITE_ACH_INSPIRED_RESP,2026-02-22,0,0,0,True
SAFE_SITE_ACH_INSPIRED_RESP_20260223,SITE_ACH_INSPIRED,SITE_ACH_INSPIRED_RESP,2026-02-23,2,0,2,True
SAFE_SITE_ACH_INSPIRED_RESP_20260224,SITE_ACH_INSPIRED,SITE_ACH_INSPIRED_RESP,2026-02-24,4,0,0,True
SAFE_SITE_ACH_INSPIRED_RESP_20260225,SITE_ACH_INSPIRED,SITE_ACH_INSPIRED_RESP,2026-02-25,3,0,1,True
SAFE_SITE_ACH_INSPIRED_RESP_20260226,SITE_ACH_INSPIRED,SITE_ACH_INSPIRED_RESP,2026-02-26,1,0,0,True
SAFE_SITE_ACH_INSPIRED_RESP_20260227,SITE_ACH_INSPIRED,SITE_ACH_INSPIRED_RESP,2026-02-27,0,0,0,True
SAFE_SITE_ACH_INSPIRED_RESP_20260228,SITE_ACH_INSPIRED,SITE_ACH_INSPIRED_RESP,2026-02-28,0,1,1,True
SAFE_SITE_ACH_INSPIRED_RESP_20260301,SITE_ACH_INSPIRED,SITE_ACH_INSPIRED_RESP,2026-03-01,1,1,1,True
SAFE_SITE_ACH_INSPIRED_RESP_20260302,SITE_ACH_INSPIRED,SITE_ACH_INSPIRED_RESP,2026-03-02,4,1,0,True
SAFE_SITE_ACH_INSPIRED_RESP_20260303,SITE_ACH_INSPIRED,SITE_ACH_INSPIRED_RESP,2026-03-03,2,1,0,True
SAFE_SITE_ACH_INSPIRED_RESP_20260304,SITE_ACH_INSPIRED,SITE_ACH_INSPIRED_RESP,2026-03-04,2,0,0,True
SAFE_SITE_ACH_INSPIRED_RESP_20260305,SITE_ACH_INSPIRED,SITE_ACH_INSPIRED_RESP,2026-03-05,2,0,0,True
SAFE_SITE_ACH_INSPIRED_RESP_20260306,SITE_ACH_INSPIRED,SITE_ACH_INSPIRED_RESP,2026-03-06,1,1,1,True
SAFE_SITE_ACH_INSPIRED_RESP_20260307,SITE_ACH_INSPIRED,SITE_ACH_INSPIRED_RESP,2026-03-07,1,0,0,True
SAFE_SITE_ACH_INSPIRED_RESP_20260308,SITE_ACH_INSPIRED,SITE_ACH_INSPIRED_RESP,2026-03-08,2,1,0,True
SAFE_SITE_ACH_INSPIRED_RESP_20260309,SITE_ACH_INSPIRED,SITE_ACH_INSPIRED_RESP,2026-03-09,1,1,1,True
SAFE_SITE_ACH_INSPIRED_RESP_20260310,SITE_ACH_INSPIRED,SITE_ACH_INSPIRED_RESP,2026-03-10,2,0,1,True
SAFE_SITE_ACH_INSPIRED_RESP_20260311,SITE_ACH_INSPIRED,SITE_ACH_INSPIRED_RESP,2026-03-11,2,0,0,True
SAFE_SITE_ACH_INSPIRED_RESP_20260312,SITE_ACH_INSPIRED,SITE_ACH_INSPIRED_RESP,2026-03-12,1,0,0,True
SAFE_SITE_ACH_INSPIRED_RESP_20260313,SITE_ACH_INSPIRED,SITE_ACH_INSPIRED_RESP,2026-03-13,4,2,1,True
SAFE_SITE_ACH_INSPIRED_RESP_20260314,SITE_ACH_INSPIRED,SITE_ACH_INSPIRED_RESP,2026-03-14,0,0,0,True
SAFE_SITE_ACH_INSPIRED_RESP_20260315,SITE_ACH_INSPIRED,SITE_ACH_INSPIRED_RESP,2026-03-15,1,1,1,True
SAFE_SITE_ACH_INSPIRED_RESP_20260316,SITE_ACH_INSPIRED,SITE_ACH_INSPIRED_RESP,2026-03-16,0,1,0,True
SAFE_SITE_ACH_INSPIRED_RESP_20260317,SITE_ACH_INSPIRED,SITE_ACH_INSPIRED_RESP,2026-03-17,0,1,0,True
SAFE_SITE_ACH_INSPIRED_RESP_20260318,SITE_ACH_INSPIRED,SITE_ACH_INSPIRED_RESP,2026-03-18,3,1,2,True
SAFE_SITE_ACH_INSPIRED_RESP_20260319,SITE_ACH_INSPIRED,SITE_ACH_INSPIRED_RESP,2026-03-19,6,0,1,True
SAFE_SITE_ACH_INSPIRED_RESP_20260320,SITE_ACH_INSPIRED,SITE_ACH_INSPIRED_RESP,2026-03-20,1,1,2,True
SAFE_SITE_ACH_INSPIRED_RESP_20260321,SITE_ACH_INSPIRED,SITE_ACH_INSPIRED_RESP,2026-03-21,1,1,1,True
SAFE_SITE_ACH_INSPIRED_RESP_20260322,SITE_ACH_INSPIRED,SITE_ACH_INSPIRED_RESP,2026-03-22,1,0,1,True
SAFE_SITE_ACH_INSPIRED_RESP_20260323,SITE_ACH_INSPIRED,SITE_ACH_INSPIRED_RESP,2026-03-23,1,0,0,True
SAFE_SITE_ACH_INSPIRED_RESP_20260324,SITE_ACH_INSPIRED,SITE_ACH_INSPIRED_RESP,2026-03-24,2,1,0,True
SAFE_SITE_ACH_INSPIRED_RESP_20260325,SITE_ACH_INSPIRED,SITE_ACH_INSPIRED_RESP,2026-03-25,1,0,0,True
SAFE_SITE_ACH_INSPIRED_RESP_20260326,SITE_ACH_INSPIRED,SITE_ACH_INSPIRED_RESP,2026-03-26,1,0,0,True
SAFE_SITE_ACH_INSPIRED_RESP_20260327,SITE_ACH_INSPIRED,SITE_ACH_INSPIRED_RESP,2026-03-27,1,0,0,True
SAFE_SITE_ACH_INSPIRED_RESP_20260328,SITE_ACH_INSPIRED,SITE_ACH_INSPIRED_RESP,2026-03-28,0,0,2,True
SAFE_SITE_ACH_INSPIRED_RESP_20260329,SITE_ACH_INSPIRED,SITE_ACH_INSPIRED_RESP,2026-03-29,1,0,1,True
SAFE_SITE_ACH_INSPIRED_RESP_20260330,SITE_ACH_INSPIRED,SITE_ACH_INSPIRED_RESP,2026-03-30,1,1,1,True
SAFE_SITE_ACH_INSPIRED_RESP_20260331,SITE_ACH_INSPIRED,SITE_ACH_INSPIRED_RESP,2026-03-31,2,0,0,True
SAFE_SITE_ACH_INSPIRED_RESP_20260401,SITE_ACH_INSPIRED,SITE_ACH_INSPIRED_RESP,2026-04-01,2,1,0,True
SAFE_SITE_ACH_INSPIRED_RESP_20260402,SITE_ACH_INSPIRED,SITE_ACH_INSPIRED_RESP,2026-04-02,1,0,2,True
SAFE_SITE_ACH_INSPIRED_RESP_20260403,SITE_ACH_INSPIRED,SITE_ACH_INSPIRED_RESP,2026-04-03,1,0,1,True
SAFE_SITE_ACH_INSPIRED_RESP_20260404,SITE_ACH_INSPIRED,SITE_ACH_INSPIRED_RESP,2026-04-04,0,0,1,True
SAFE_SITE_ACH_INSPIRED_RESP_20260405,SITE_ACH_INSPIRED,SITE_ACH_INSPIRED_RESP,2026-04-05,1,0,0,True
SAFE_SITE_ACH_INSPIRED_RESP_20260406,SITE_ACH_INSPIRED,SITE_ACH_INSPIRED_RESP,2026-04-06,2,0,0,True
SAFE_SITE_ACH_INSPIRED_RESP_20260407,SITE_ACH_INSPIRED,SITE_ACH_INSPIRED_RESP,2026-04-07,3,0,2,True
SAFE_SITE_ACH_INSPIRED_RESP_20260408,SITE_ACH_INSPIRED,SITE_ACH_INSPIRED_RESP,2026-04-08,1,0,2,True
SAFE_SITE_ACH_INSPIRED_RESP_20260409,SITE_ACH_INSPIRED,SITE_ACH_INSPIRED_RESP,2026-04-09,1,0,0,True
SAFE_SITE_ACH_INSPIRED_RESP_20260410,SITE_ACH_INSPIRED,SITE_ACH_INSPIRED_RESP,2026-04-10,0,0,1,True
SAFE_SITE_ACH_INSPIRED_RESP_20260411,SITE_ACH_INSPIRED,SITE_ACH_INSPIRED_RESP,2026-04-11,1,1,1,True
SAFE_SITE_ACH_INSPIRED_RESP_20260412,SITE_ACH_INSPIRED,SITE_ACH_INSPIRED_RESP,2026-04-12,0,0,0,True
SAFE_SITE_ACH_INSPIRED_RESP_20260413,SITE_ACH_INSPIRED,SITE_ACH_INSPIRED_RESP,2026-04-13,0,1,0,True
SAFE_SITE_ACH_INSPIRED_RESP_20260414,SITE_ACH_INSPIRED,SITE_ACH_INSPIRED_RESP,2026-04-14,1,1,2,True
SAFE_SITE_ACH_INSPIRED_RESP_20260415,SITE_ACH_INSPIRED,SITE_ACH_INSPIRED_RESP,2026-04-15,1,1,2,True
SAFE_SITE_ACH_INSPIRED_RESP_20260416,SITE_ACH_INSPIRED,SITE_ACH_INSPIRED_RESP,2026-04-16,1,1,2,True
SAFE_SITE_ACH_INSPIRED_RESP_20260417,SITE_ACH_INSPIRED,SITE_ACH_INSPIRED_RESP,2026-04-17,2,0,0,True
SAFE_SITE_ACH_INSPIRED_RESP_20260418,SITE_ACH_INSPIRED,SITE_ACH_INSPIRED_RESP,2026-04-18,3,1,0,True
SAFE_SITE_ACH_INSPIRED_RESP_20260419,SITE_ACH_INSPIRED,SITE_ACH_INSPIRED_RESP,2026-04-19,0,0,0,True
SAFE_SITE_ACH_INSPIRED_RESP_20260420,SITE_ACH_INSPIRED,SITE_ACH_INSPIRED_RESP,2026-04-20,2,1,0,True
SAFE_SITE_ACH_INSPIRED_RESP_20260421,SITE_ACH_INSPIRED,SITE_ACH_INSPIRED_RESP,2026-04-21,1,1,0,True
SAFE_SITE_ACH_INSPIRED_RESP_20260422,SITE_ACH_INSPIRED,SITE_ACH_INSPIRED_RESP,2026-04-22,1,1,1,True
SAFE_SITE_ACH_INSPIRED_RESP_20260423,SITE_ACH_INSPIRED,SITE_ACH_INSPIRED_RESP,2026-04-23,1,3,1,True
SAFE_SITE_ACH_INSPIRED_RESP_20260424,SITE_ACH_INSPIRED,SITE_ACH_INSPIRED_RESP,2026-04-24,0,0,0,True
SAFE_SITE_ACH_INSPIRED_RESP_20260425,SITE_ACH_INSPIRED,SITE_ACH_INSPIRED_RESP,2026-04-25,0,1,1,True
SAFE_SITE_ACH_INSPIRED_RESP_20260426,SITE_ACH_INSPIRED,SITE_ACH_INSPIRED_RESP,2026-04-26,1,1,0,True
SAFE_SITE_ACH_INSPIRED_RESP_20260427,SITE_ACH_INSPIRED,SITE_ACH_INSPIRED_RESP,2026-04-27,0,0,0,True
SAFE_SITE_ACH_INSPIRED_RESP_20260428,SITE_ACH_INSPIRED,SITE_ACH_INSPIRED_RESP,2026-04-28,1,0,0,True
SAFE_SITE_ACH_INSPIRED_RESP_20260429,SITE_ACH_INSPIRED,SITE_ACH_INSPIRED_RESP,2026-04-29,3,0,1,True
SAFE_SITE_ACH_INSPIRED_RESP_20260430,SITE_ACH_INSPIRED,SITE_ACH_INSPIRED_RESP,2026-04-30,1,0,0,True
SAFE_SITE_ACH_INSPIRED_SURG_20260101,SITE_ACH_INSPIRED,SITE_ACH_INSPIRED_SURG,2026-01-01,3,2,2,True
SAFE_SITE_ACH_INSPIRED_SURG_20260102,SITE_ACH_INSPIRED,SITE_ACH_INSPIRED_SURG,2026-01-02,0,1,0,True
SAFE_SITE_ACH_INSPIRED_SURG_20260103,SITE_ACH_INSPIRED,SITE_ACH_INSPIRED_SURG,2026-01-03,0,0,0,True
SAFE_SITE_ACH_INSPIRED_SURG_20260104,SITE_ACH_INSPIRED,SITE_ACH_INSPIRED_SURG,2026-01-04,4,0,2,True
SAFE_SITE_ACH_INSPIRED_SURG_20260105,SITE_ACH_INSPIRED,SITE_ACH_INSPIRED_SURG,2026-01-05,2,0,2,True
SAFE_SITE_ACH_INSPIRED_SURG_20260106,SITE_ACH_INSPIRED,SITE_ACH_INSPIRED_SURG,2026-01-06,2,0,0,True
SAFE_SITE_ACH_INSPIRED_SURG_20260107,SITE_ACH_INSPIRED,SITE_ACH_INSPIRED_SURG,2026-01-07,1,1,2,True
SAFE_SITE_ACH_INSPIRED_SURG_20260108,SITE_ACH_INSPIRED,SITE_ACH_INSPIRED_SURG,2026-01-08,1,1,1,True
SAFE_SITE_ACH_INSPIRED_SURG_20260109,SITE_ACH_INSPIRED,SITE_ACH_INSPIRED_SURG,2026-01-09,3,1,0,True
SAFE_SITE_ACH_INSPIRED_SURG_20260110,SITE_ACH_INSPIRED,SITE_ACH_INSPIRED_SURG,2026-01-10,1,0,1,True
SAFE_SITE_ACH_INSPIRED_SURG_20260111,SITE_ACH_INSPIRED,SITE_ACH_INSPIRED_SURG,2026-01-11,0,0,1,True
SAFE_SITE_ACH_INSPIRED_SURG_20260112,SITE_ACH_INSPIRED,SITE_ACH_INSPIRED_SURG,2026-01-12,1,0,0,True
SAFE_SITE_ACH_INSPIRED_SURG_20260113,SITE_ACH_INSPIRED,SITE_ACH_INSPIRED_SURG,2026-01-13,3,0,2,True
SAFE_SITE_ACH_INSPIRED_SURG_20260114,SITE_ACH_INSPIRED,SITE_ACH_INSPIRED_SURG,2026-01-14,1,0,0,True
SAFE_SITE_ACH_INSPIRED_SURG_20260115,SITE_ACH_INSPIRED,SITE_ACH_INSPIRED_SURG,2026-01-15,1,1,0,True
SAFE_SITE_ACH_INSPIRED_SURG_20260116,SITE_ACH_INSPIRED,SITE_ACH_INSPIRED_SURG,2026-01-16,1,1,0,True
SAFE_SITE_ACH_INSPIRED_SURG_20260117,SITE_ACH_INSPIRED,SITE_ACH_INSPIRED_SURG,2026-01-17,1,1,2,True
SAFE_SITE_ACH_INSPIRED_SURG_20260118,SITE_ACH_INSPIRED,SITE_ACH_INSPIRED_SURG,2026-01-18,0,0,1,True
SAFE_SITE_ACH_INSPIRED_SURG_20260119,SITE_ACH_INSPIRED,SITE_ACH_INSPIRED_SURG,2026-01-19,0,0,0,True
SAFE_SITE_ACH_INSPIRED_SURG_20260120,SITE_ACH_INSPIRED,SITE_ACH_INSPIRED_SURG,2026-01-20,1,0,1,True
SAFE_SITE_ACH_INSPIRED_SURG_20260121,SITE_ACH_INSPIRED,SITE_ACH_INSPIRED_SURG,2026-01-21,0,0,1,True
SAFE_SITE_ACH_INSPIRED_SURG_20260122,SITE_ACH_INSPIRED,SITE_ACH_INSPIRED_SURG,2026-01-22,3,2,0,True
SAFE_SITE_ACH_INSPIRED_SURG_20260123,SITE_ACH_INSPIRED,SITE_ACH_INSPIRED_SURG,2026-01-23,1,0,0,True
SAFE_SITE_ACH_INSPIRED_SURG_20260124,SITE_ACH_INSPIRED,SITE_ACH_INSPIRED_SURG,2026-01-24,0,0,1,True
SAFE_SITE_ACH_INSPIRED_SURG_20260125,SITE_ACH_INSPIRED,SITE_ACH_INSPIRED_SURG,2026-01-25,0,0,1,True
SAFE_SITE_ACH_INSPIRED_SURG_20260126,SITE_ACH_INSPIRED,SITE_ACH_INSPIRED_SURG,2026-01-26,0,0,0,True
SAFE_SITE_ACH_INSPIRED_SURG_20260127,SITE_ACH_INSPIRED,SITE_ACH_INSPIRED_SURG,2026-01-27,2,1,1,True
SAFE_SITE_ACH_INSPIRED_SURG_20260128,SITE_ACH_INSPIRED,SITE_ACH_INSPIRED_SURG,2026-01-28,2,0,0,True
SAFE_SITE_ACH_INSPIRED_SURG_20260129,SITE_ACH_INSPIRED,SITE_ACH_INSPIRED_SURG,2026-01-29,1,1,2,True
SAFE_SITE_ACH_INSPIRED_SURG_20260130,SITE_ACH_INSPIRED,SITE_ACH_INSPIRED_SURG,2026-01-30,1,1,1,True
SAFE_SITE_ACH_INSPIRED_SURG_20260131,SITE_ACH_INSPIRED,SITE_ACH_INSPIRED_SURG,2026-01-31,2,0,4,True
SAFE_SITE_ACH_INSPIRED_SURG_20260201,SITE_ACH_INSPIRED,SITE_ACH_INSPIRED_SURG,2026-02-01,1,0,1,True
SAFE_SITE_ACH_INSPIRED_SURG_20260202,SITE_ACH_INSPIRED,SITE_ACH_INSPIRED_SURG,2026-02-02,2,0,0,True
SAFE_SITE_ACH_INSPIRED_SURG_20260203,SITE_ACH_INSPIRED,SITE_ACH_INSPIRED_SURG,2026-02-03,0,0,0,True
SAFE_SITE_ACH_INSPIRED_SURG_20260204,SITE_ACH_INSPIRED,SITE_ACH_INSPIRED_SURG,2026-02-04,2,1,1,True
SAFE_SITE_ACH_INSPIRED_SURG_20260205,SITE_ACH_INSPIRED,SITE_ACH_INSPIRED_SURG,2026-02-05,0,1,1,True
SAFE_SITE_ACH_INSPIRED_SURG_20260206,SITE_ACH_INSPIRED,SITE_ACH_INSPIRED_SURG,2026-02-06,1,2,1,True
SAFE_SITE_ACH_INSPIRED_SURG_20260207,SITE_ACH_INSPIRED,SITE_ACH_INSPIRED_SURG,2026-02-07,2,0,1,True
SAFE_SITE_ACH_INSPIRED_SURG_20260208,SITE_ACH_INSPIRED,SITE_ACH_INSPIRED_SURG,2026-02-08,0,0,1,True
SAFE_SITE_ACH_INSPIRED_SURG_20260209,SITE_ACH_INSPIRED,SITE_ACH_INSPIRED_SURG,2026-02-09,1,0,1,True
SAFE_SITE_ACH_INSPIRED_SURG_20260210,SITE_ACH_INSPIRED,SITE_ACH_INSPIRED_SURG,2026-02-10,3,1,1,True
SAFE_SITE_ACH_INSPIRED_SURG_20260211,SITE_ACH_INSPIRED,SITE_ACH_INSPIRED_SURG,2026-02-11,3,0,0,True
SAFE_SITE_ACH_INSPIRED_SURG_20260212,SITE_ACH_INSPIRED,SITE_ACH_INSPIRED_SURG,2026-02-12,1,1,1,True
SAFE_SITE_ACH_INSPIRED_SURG_20260213,SITE_ACH_INSPIRED,SITE_ACH_INSPIRED_SURG,2026-02-13,0,0,0,True
SAFE_SITE_ACH_INSPIRED_SURG_20260214,SITE_ACH_INSPIRED,SITE_ACH_INSPIRED_SURG,2026-02-14,3,0,2,True
SAFE_SITE_ACH_INSPIRED_SURG_20260215,SITE_ACH_INSPIRED,SITE_ACH_INSPIRED_SURG,2026-02-15,1,1,0,True
SAFE_SITE_ACH_INSPIRED_SURG_20260216,SITE_ACH_INSPIRED,SITE_ACH_INSPIRED_SURG,2026-02-16,2,0,1,True
SAFE_SITE_ACH_INSPIRED_SURG_20260217,SITE_ACH_INSPIRED,SITE_ACH_INSPIRED_SURG,2026-02-17,2,0,0,True
SAFE_SITE_ACH_INSPIRED_SURG_20260218,SITE_ACH_INSPIRED,SITE_ACH_INSPIRED_SURG,2026-02-18,2,0,1,True
SAFE_SITE_ACH_INSPIRED_SURG_20260219,SITE_ACH_INSPIRED,SITE_ACH_INSPIRED_SURG,2026-02-19,2,1,0,True
SAFE_SITE_ACH_INSPIRED_SURG_20260220,SITE_ACH_INSPIRED,SITE_ACH_INSPIRED_SURG,2026-02-20,1,0,0,True
SAFE_SITE_ACH_INSPIRED_SURG_20260221,SITE_ACH_INSPIRED,SITE_ACH_INSPIRED_SURG,2026-02-21,1,0,1,True
SAFE_SITE_ACH_INSPIRED_SURG_20260222,SITE_ACH_INSPIRED,SITE_ACH_INSPIRED_SURG,2026-02-22,0,0,0,True
SAFE_SITE_ACH_INSPIRED_SURG_20260223,SITE_ACH_INSPIRED,SITE_ACH_INSPIRED_SURG,2026-02-23,2,2,0,True
SAFE_SITE_ACH_INSPIRED_SURG_20260224,SITE_ACH_INSPIRED,SITE_ACH_INSPIRED_SURG,2026-02-24,1,0,0,True
SAFE_SITE_ACH_INSPIRED_SURG_20260225,SITE_ACH_INSPIRED,SITE_ACH_INSPIRED_SURG,2026-02-25,3,1,1,True
SAFE_SITE_ACH_INSPIRED_SURG_20260226,SITE_ACH_INSPIRED,SITE_ACH_INSPIRED_SURG,2026-02-26,2,0,0,True
SAFE_SITE_ACH_INSPIRED_SURG_20260227,SITE_ACH_INSPIRED,SITE_ACH_INSPIRED_SURG,2026-02-27,1,2,1,True
SAFE_SITE_ACH_INSPIRED_SURG_20260228,SITE_ACH_INSPIRED,SITE_ACH_INSPIRED_SURG,2026-02-28,1,0,0,True
SAFE_SITE_ACH_INSPIRED_SURG_20260301,SITE_ACH_INSPIRED,SITE_ACH_INSPIRED_SURG,2026-03-01,0,0,0,True
SAFE_SITE_ACH_INSPIRED_SURG_20260302,SITE_ACH_INSPIRED,SITE_ACH_INSPIRED_SURG,2026-03-02,5,0,0,True
SAFE_SITE_ACH_INSPIRED_SURG_20260303,SITE_ACH_INSPIRED,SITE_ACH_INSPIRED_SURG,2026-03-03,0,0,4,True
SAFE_SITE_ACH_INSPIRED_SURG_20260304,SITE_ACH_INSPIRED,SITE_ACH_INSPIRED_SURG,2026-03-04,2,0,0,True
SAFE_SITE_ACH_INSPIRED_SURG_20260305,SITE_ACH_INSPIRED,SITE_ACH_INSPIRED_SURG,2026-03-05,2,1,0,True
SAFE_SITE_ACH_INSPIRED_SURG_20260306,SITE_ACH_INSPIRED,SITE_ACH_INSPIRED_SURG,2026-03-06,2,1,0,True
SAFE_SITE_ACH_INSPIRED_SURG_20260307,SITE_ACH_INSPIRED,SITE_ACH_INSPIRED_SURG,2026-03-07,0,2,0,True
SAFE_SITE_ACH_INSPIRED_SURG_20260308,SITE_ACH_INSPIRED,SITE_ACH_INSPIRED_SURG,2026-03-08,0,1,0,True
SAFE_SITE_ACH_INSPIRED_SURG_20260309,SITE_ACH_INSPIRED,SITE_ACH_INSPIRED_SURG,2026-03-09,1,0,1,True
SAFE_SITE_ACH_INSPIRED_SURG_20260310,SITE_ACH_INSPIRED,SITE_ACH_INSPIRED_SURG,2026-03-10,0,2,1,True
SAFE_SITE_ACH_INSPIRED_SURG_20260311,SITE_ACH_INSPIRED,SITE_ACH_INSPIRED_SURG,2026-03-11,1,0,0,True
SAFE_SITE_ACH_INSPIRED_SURG_20260312,SITE_ACH_INSPIRED,SITE_ACH_INSPIRED_SURG,2026-03-12,0,0,1,True
SAFE_SITE_ACH_INSPIRED_SURG_20260313,SITE_ACH_INSPIRED,SITE_ACH_INSPIRED_SURG,2026-03-13,1,0,0,True
SAFE_SITE_ACH_INSPIRED_SURG_20260314,SITE_ACH_INSPIRED,SITE_ACH_INSPIRED_SURG,2026-03-14,2,2,0,True
SAFE_SITE_ACH_INSPIRED_SURG_20260315,SITE_ACH_INSPIRED,SITE_ACH_INSPIRED_SURG,2026-03-15,1,0,0,True
SAFE_SITE_ACH_INSPIRED_SURG_20260316,SITE_ACH_INSPIRED,SITE_ACH_INSPIRED_SURG,2026-03-16,3,1,4,True
SAFE_SITE_ACH_INSPIRED_SURG_20260317,SITE_ACH_INSPIRED,SITE_ACH_INSPIRED_SURG,2026-03-17,2,0,0,True
SAFE_SITE_ACH_INSPIRED_SURG_20260318,SITE_ACH_INSPIRED,SITE_ACH_INSPIRED_SURG,2026-03-18,0,2,0,True
SAFE_SITE_ACH_INSPIRED_SURG_20260319,SITE_ACH_INSPIRED,SITE_ACH_INSPIRED_SURG,2026-03-19,1,2,0,True
SAFE_SITE_ACH_INSPIRED_SURG_20260320,SITE_ACH_INSPIRED,SITE_ACH_INSPIRED_SURG,2026-03-20,1,2,0,True
SAFE_SITE_ACH_INSPIRED_SURG_20260321,SITE_ACH_INSPIRED,SITE_ACH_INSPIRED_SURG,2026-03-21,3,0,0,True
SAFE_SITE_ACH_INSPIRED_SURG_20260322,SITE_ACH_INSPIRED,SITE_ACH_INSPIRED_SURG,2026-03-22,1,0,0,True
SAFE_SITE_ACH_INSPIRED_SURG_20260323,SITE_ACH_INSPIRED,SITE_ACH_INSPIRED_SURG,2026-03-23,2,1,1,True
SAFE_SITE_ACH_INSPIRED_SURG_20260324,SITE_ACH_INSPIRED,SITE_ACH_INSPIRED_SURG,2026-03-24,3,1,0,True
SAFE_SITE_ACH_INSPIRED_SURG_20260325,SITE_ACH_INSPIRED,SITE_ACH_INSPIRED_SURG,2026-03-25,4,1,1,True
SAFE_SITE_ACH_INSPIRED_SURG_20260326,SITE_ACH_INSPIRED,SITE_ACH_INSPIRED_SURG,2026-03-26,1,2,2,True
SAFE_SITE_ACH_INSPIRED_SURG_20260327,SITE_ACH_INSPIRED,SITE_ACH_INSPIRED_SURG,2026-03-27,1,1,0,True
SAFE_SITE_ACH_INSPIRED_SURG_20260328,SITE_ACH_INSPIRED,SITE_ACH_INSPIRED_SURG,2026-03-28,0,1,0,True
SAFE_SITE_ACH_INSPIRED_SURG_20260329,SITE_ACH_INSPIRED,SITE_ACH_INSPIRED_SURG,2026-03-29,0,1,0,True
SAFE_SITE_ACH_INSPIRED_SURG_20260330,SITE_ACH_INSPIRED,SITE_ACH_INSPIRED_SURG,2026-03-30,0,1,1,True
SAFE_SITE_ACH_INSPIRED_SURG_20260331,SITE_ACH_INSPIRED,SITE_ACH_INSPIRED_SURG,2026-03-31,0,1,2,True
SAFE_SITE_ACH_INSPIRED_SURG_20260401,SITE_ACH_INSPIRED,SITE_ACH_INSPIRED_SURG,2026-04-01,0,1,1,True
SAFE_SITE_ACH_INSPIRED_SURG_20260402,SITE_ACH_INSPIRED,SITE_ACH_INSPIRED_SURG,2026-04-02,2,1,1,True
SAFE_SITE_ACH_INSPIRED_SURG_20260403,SITE_ACH_INSPIRED,SITE_ACH_INSPIRED_SURG,2026-04-03,2,0,1,True
SAFE_SITE_ACH_INSPIRED_SURG_20260404,SITE_ACH_INSPIRED,SITE_ACH_INSPIRED_SURG,2026-04-04,0,0,1,True
SAFE_SITE_ACH_INSPIRED_SURG_20260405,SITE_ACH_INSPIRED,SITE_ACH_INSPIRED_SURG,2026-04-05,3,0,0,True
SAFE_SITE_ACH_INSPIRED_SURG_20260406,SITE_ACH_INSPIRED,SITE_ACH_INSPIRED_SURG,2026-04-06,1,1,1,True
SAFE_SITE_ACH_INSPIRED_SURG_20260407,SITE_ACH_INSPIRED,SITE_ACH_INSPIRED_SURG,2026-04-07,0,1,0,True
SAFE_SITE_ACH_INSPIRED_SURG_20260408,SITE_ACH_INSPIRED,SITE_ACH_INSPIRED_SURG,2026-04-08,2,1,0,True
SAFE_SITE_ACH_INSPIRED_SURG_20260409,SITE_ACH_INSPIRED,SITE_ACH_INSPIRED_SURG,2026-04-09,0,0,2,True
SAFE_SITE_ACH_INSPIRED_SURG_20260410,SITE_ACH_INSPIRED,SITE_ACH_INSPIRED_SURG,2026-04-10,2,0,1,True
SAFE_SITE_ACH_INSPIRED_SURG_20260411,SITE_ACH_INSPIRED,SITE_ACH_INSPIRED_SURG,2026-04-11,1,0,0,True
SAFE_SITE_ACH_INSPIRED_SURG_20260412,SITE_ACH_INSPIRED,SITE_ACH_INSPIRED_SURG,2026-04-12,2,2,0,True
SAFE_SITE_ACH_INSPIRED_SURG_20260413,SITE_ACH_INSPIRED,SITE_ACH_INSPIRED_SURG,2026-04-13,2,2,0,True
SAFE_SITE_ACH_INSPIRED_SURG_20260414,SITE_ACH_INSPIRED,SITE_ACH_INSPIRED_SURG,2026-04-14,2,0,0,True
SAFE_SITE_ACH_INSPIRED_SURG_20260415,SITE_ACH_INSPIRED,SITE_ACH_INSPIRED_SURG,2026-04-15,0,1,0,True
SAFE_SITE_ACH_INSPIRED_SURG_20260416,SITE_ACH_INSPIRED,SITE_ACH_INSPIRED_SURG,2026-04-16,1,0,0,True
SAFE_SITE_ACH_INSPIRED_SURG_20260417,SITE_ACH_INSPIRED,SITE_ACH_INSPIRED_SURG,2026-04-17,0,1,1,True
SAFE_SITE_ACH_INSPIRED_SURG_20260418,SITE_ACH_INSPIRED,SITE_ACH_INSPIRED_SURG,2026-04-18,0,0,0,True
SAFE_SITE_ACH_INSPIRED_SURG_20260419,SITE_ACH_INSPIRED,SITE_ACH_INSPIRED_SURG,2026-04-19,0,0,1,True
SAFE_SITE_ACH_INSPIRED_SURG_20260420,SITE_ACH_INSPIRED,SITE_ACH_INSPIRED_SURG,2026-04-20,1,0,1,True
SAFE_SITE_ACH_INSPIRED_SURG_20260421,SITE_ACH_INSPIRED,SITE_ACH_INSPIRED_SURG,2026-04-21,3,2,0,True
SAFE_SITE_ACH_INSPIRED_SURG_20260422,SITE_ACH_INSPIRED,SITE_ACH_INSPIRED_SURG,2026-04-22,3,1,0,True
SAFE_SITE_ACH_INSPIRED_SURG_20260423,SITE_ACH_INSPIRED,SITE_ACH_INSPIRED_SURG,2026-04-23,1,2,0,True
SAFE_SITE_ACH_INSPIRED_SURG_20260424,SITE_ACH_INSPIRED,SITE_ACH_INSPIRED_SURG,2026-04-24,1,1,0,True
SAFE_SITE_ACH_INSPIRED_SURG_20260425,SITE_ACH_INSPIRED,SITE_ACH_INSPIRED_SURG,2026-04-25,4,0,0,True
SAFE_SITE_ACH_INSPIRED_SURG_20260426,SITE_ACH_INSPIRED,SITE_ACH_INSPIRED_SURG,2026-04-26,3,1,0,True
SAFE_SITE_ACH_INSPIRED_SURG_20260427,SITE_ACH_INSPIRED,SITE_ACH_INSPIRED_SURG,2026-04-27,1,0,0,True
SAFE_SITE_ACH_INSPIRED_SURG_20260428,SITE_ACH_INSPIRED,SITE_ACH_INSPIRED_SURG,2026-04-28,1,0,2,True
SAFE_SITE_ACH_INSPIRED_SURG_20260429,SITE_ACH_INSPIRED,SITE_ACH_INSPIRED_SURG,2026-04-29,1,0,0,True
SAFE_SITE_ACH_INSPIRED_SURG_20260430,SITE_ACH_INSPIRED,SITE_ACH_INSPIRED_SURG,2026-04-30,1,2,0,True
SAFE_SITE_ACH_INSPIRED_PICU_20260101,SITE_ACH_INSPIRED,SITE_ACH_INSPIRED_PICU,2026-01-01,0,1,0,True
SAFE_SITE_ACH_INSPIRED_PICU_20260102,SITE_ACH_INSPIRED,SITE_ACH_INSPIRED_PICU,2026-01-02,2,2,1,True
SAFE_SITE_ACH_INSPIRED_PICU_20260103,SITE_ACH_INSPIRED,SITE_ACH_INSPIRED_PICU,2026-01-03,2,1,3,True
SAFE_SITE_ACH_INSPIRED_PICU_20260104,SITE_ACH_INSPIRED,SITE_ACH_INSPIRED_PICU,2026-01-04,0,3,1,True
SAFE_SITE_ACH_INSPIRED_PICU_20260105,SITE_ACH_INSPIRED,SITE_ACH_INSPIRED_PICU,2026-01-05,0,0,4,True
SAFE_SITE_ACH_INSPIRED_PICU_20260106,SITE_ACH_INSPIRED,SITE_ACH_INSPIRED_PICU,2026-01-06,3,1,0,True
SAFE_SITE_ACH_INSPIRED_PICU_20260107,SITE_ACH_INSPIRED,SITE_ACH_INSPIRED_PICU,2026-01-07,1,0,0,True
SAFE_SITE_ACH_INSPIRED_PICU_20260108,SITE_ACH_INSPIRED,SITE_ACH_INSPIRED_PICU,2026-01-08,3,1,1,True
SAFE_SITE_ACH_INSPIRED_PICU_20260109,SITE_ACH_INSPIRED,SITE_ACH_INSPIRED_PICU,2026-01-09,1,1,0,True
SAFE_SITE_ACH_INSPIRED_PICU_20260110,SITE_ACH_INSPIRED,SITE_ACH_INSPIRED_PICU,2026-01-10,1,1,0,True
SAFE_SITE_ACH_INSPIRED_PICU_20260111,SITE_ACH_INSPIRED,SITE_ACH_INSPIRED_PICU,2026-01-11,0,3,1,True
SAFE_SITE_ACH_INSPIRED_PICU_20260112,SITE_ACH_INSPIRED,SITE_ACH_INSPIRED_PICU,2026-01-12,0,1,3,True
SAFE_SITE_ACH_INSPIRED_PICU_20260113,SITE_ACH_INSPIRED,SITE_ACH_INSPIRED_PICU,2026-01-13,2,0,0,True
SAFE_SITE_ACH_INSPIRED_PICU_20260114,SITE_ACH_INSPIRED,SITE_ACH_INSPIRED_PICU,2026-01-14,1,0,0,True
SAFE_SITE_ACH_INSPIRED_PICU_20260115,SITE_ACH_INSPIRED,SITE_ACH_INSPIRED_PICU,2026-01-15,1,3,1,True
SAFE_SITE_ACH_INSPIRED_PICU_20260116,SITE_ACH_INSPIRED,SITE_ACH_INSPIRED_PICU,2026-01-16,2,2,1,True
SAFE_SITE_ACH_INSPIRED_PICU_20260117,SITE_ACH_INSPIRED,SITE_ACH_INSPIRED_PICU,2026-01-17,2,0,1,True
SAFE_SITE_ACH_INSPIRED_PICU_20260118,SITE_ACH_INSPIRED,SITE_ACH_INSPIRED_PICU,2026-01-18,0,0,0,True
SAFE_SITE_ACH_INSPIRED_PICU_20260119,SITE_ACH_INSPIRED,SITE_ACH_INSPIRED_PICU,2026-01-19,1,2,0,True
SAFE_SITE_ACH_INSPIRED_PICU_20260120,SITE_ACH_INSPIRED,SITE_ACH_INSPIRED_PICU,2026-01-20,3,0,0,True
SAFE_SITE_ACH_INSPIRED_PICU_20260121,SITE_ACH_INSPIRED,SITE_ACH_INSPIRED_PICU,2026-01-21,1,1,0,True
SAFE_SITE_ACH_INSPIRED_PICU_20260122,SITE_ACH_INSPIRED,SITE_ACH_INSPIRED_PICU,2026-01-22,3,2,0,True
SAFE_SITE_ACH_INSPIRED_PICU_20260123,SITE_ACH_INSPIRED,SITE_ACH_INSPIRED_PICU,2026-01-23,0,2,0,True
SAFE_SITE_ACH_INSPIRED_PICU_20260124,SITE_ACH_INSPIRED,SITE_ACH_INSPIRED_PICU,2026-01-24,1,5,0,True
SAFE_SITE_ACH_INSPIRED_PICU_20260125,SITE_ACH_INSPIRED,SITE_ACH_INSPIRED_PICU,2026-01-25,0,1,5,True
SAFE_SITE_ACH_INSPIRED_PICU_20260126,SITE_ACH_INSPIRED,SITE_ACH_INSPIRED_PICU,2026-01-26,1,0,4,True
SAFE_SITE_ACH_INSPIRED_PICU_20260127,SITE_ACH_INSPIRED,SITE_ACH_INSPIRED_PICU,2026-01-27,3,1,0,True
SAFE_SITE_ACH_INSPIRED_PICU_20260128,SITE_ACH_INSPIRED,SITE_ACH_INSPIRED_PICU,2026-01-28,1,2,2,True
SAFE_SITE_ACH_INSPIRED_PICU_20260129,SITE_ACH_INSPIRED,SITE_ACH_INSPIRED_PICU,2026-01-29,0,2,0,True
SAFE_SITE_ACH_INSPIRED_PICU_20260130,SITE_ACH_INSPIRED,SITE_ACH_INSPIRED_PICU,2026-01-30,4,0,2,True
SAFE_SITE_ACH_INSPIRED_PICU_20260131,SITE_ACH_INSPIRED,SITE_ACH_INSPIRED_PICU,2026-01-31,1,0,0,True
SAFE_SITE_ACH_INSPIRED_PICU_20260201,SITE_ACH_INSPIRED,SITE_ACH_INSPIRED_PICU,2026-02-01,2,0,0,True
SAFE_SITE_ACH_INSPIRED_PICU_20260202,SITE_ACH_INSPIRED,SITE_ACH_INSPIRED_PICU,2026-02-02,1,3,0,True
SAFE_SITE_ACH_INSPIRED_PICU_20260203,SITE_ACH_INSPIRED,SITE_ACH_INSPIRED_PICU,2026-02-03,2,1,1,True
SAFE_SITE_ACH_INSPIRED_PICU_20260204,SITE_ACH_INSPIRED,SITE_ACH_INSPIRED_PICU,2026-02-04,1,0,0,True
SAFE_SITE_ACH_INSPIRED_PICU_20260205,SITE_ACH_INSPIRED,SITE_ACH_INSPIRED_PICU,2026-02-05,2,1,1,True
SAFE_SITE_ACH_INSPIRED_PICU_20260206,SITE_ACH_INSPIRED,SITE_ACH_INSPIRED_PICU,2026-02-06,1,2,0,True
SAFE_SITE_ACH_INSPIRED_PICU_20260207,SITE_ACH_INSPIRED,SITE_ACH_INSPIRED_PICU,2026-02-07,2,2,1,True
SAFE_SITE_ACH_INSPIRED_PICU_20260208,SITE_ACH_INSPIRED,SITE_ACH_INSPIRED_PICU,2026-02-08,0,3,0,True
SAFE_SITE_ACH_INSPIRED_PICU_20260209,SITE_ACH_INSPIRED,SITE_ACH_INSPIRED_PICU,2026-02-09,1,2,1,True
SAFE_SITE_ACH_INSPIRED_PICU_20260210,SITE_ACH_INSPIRED,SITE_ACH_INSPIRED_PICU,2026-02-10,4,0,0,True
SAFE_SITE_ACH_INSPIRED_PICU_20260211,SITE_ACH_INSPIRED,SITE_ACH_INSPIRED_PICU,2026-02-11,2,0,0,True
SAFE_SITE_ACH_INSPIRED_PICU_20260212,SITE_ACH_INSPIRED,SITE_ACH_INSPIRED_PICU,2026-02-12,2,2,0,True
SAFE_SITE_ACH_INSPIRED_PICU_20260213,SITE_ACH_INSPIRED,SITE_ACH_INSPIRED_PICU,2026-02-13,3,0,1,True
SAFE_SITE_ACH_INSPIRED_PICU_20260214,SITE_ACH_INSPIRED,SITE_ACH_INSPIRED_PICU,2026-02-14,1,1,0,True
SAFE_SITE_ACH_INSPIRED_PICU_20260215,SITE_ACH_INSPIRED,SITE_ACH_INSPIRED_PICU,2026-02-15,2,4,0,True
SAFE_SITE_ACH_INSPIRED_PICU_20260216,SITE_ACH_INSPIRED,SITE_ACH_INSPIRED_PICU,2026-02-16,1,1,1,True
SAFE_SITE_ACH_INSPIRED_PICU_20260217,SITE_ACH_INSPIRED,SITE_ACH_INSPIRED_PICU,2026-02-17,1,1,0,True
SAFE_SITE_ACH_INSPIRED_PICU_20260218,SITE_ACH_INSPIRED,SITE_ACH_INSPIRED_PICU,2026-02-18,1,2,0,True
SAFE_SITE_ACH_INSPIRED_PICU_20260219,SITE_ACH_INSPIRED,SITE_ACH_INSPIRED_PICU,2026-02-19,4,1,1,True
SAFE_SITE_ACH_INSPIRED_PICU_20260220,SITE_ACH_INSPIRED,SITE_ACH_INSPIRED_PICU,2026-02-20,0,5,0,True
SAFE_SITE_ACH_INSPIRED_PICU_20260221,SITE_ACH_INSPIRED,SITE_ACH_INSPIRED_PICU,2026-02-21,0,0,1,True
SAFE_SITE_ACH_INSPIRED_PICU_20260222,SITE_ACH_INSPIRED,SITE_ACH_INSPIRED_PICU,2026-02-22,1,2,3,True
SAFE_SITE_ACH_INSPIRED_PICU_20260223,SITE_ACH_INSPIRED,SITE_ACH_INSPIRED_PICU,2026-02-23,0,1,3,True
SAFE_SITE_ACH_INSPIRED_PICU_20260224,SITE_ACH_INSPIRED,SITE_ACH_INSPIRED_PICU,2026-02-24,1,0,0,True
SAFE_SITE_ACH_INSPIRED_PICU_20260225,SITE_ACH_INSPIRED,SITE_ACH_INSPIRED_PICU,2026-02-25,2,2,0,True
SAFE_SITE_ACH_INSPIRED_PICU_20260226,SITE_ACH_INSPIRED,SITE_ACH_INSPIRED_PICU,2026-02-26,1,1,0,True
SAFE_SITE_ACH_INSPIRED_PICU_20260227,SITE_ACH_INSPIRED,SITE_ACH_INSPIRED_PICU,2026-02-27,2,2,0,True
SAFE_SITE_ACH_INSPIRED_PICU_20260228,SITE_ACH_INSPIRED,SITE_ACH_INSPIRED_PICU,2026-02-28,3,0,1,True
SAFE_SITE_ACH_INSPIRED_PICU_20260301,SITE_ACH_INSPIRED,SITE_ACH_INSPIRED_PICU,2026-03-01,3,2,0,True
SAFE_SITE_ACH_INSPIRED_PICU_20260302,SITE_ACH_INSPIRED,SITE_ACH_INSPIRED_PICU,2026-03-02,1,0,1,True
SAFE_SITE_ACH_INSPIRED_PICU_20260303,SITE_ACH_INSPIRED,SITE_ACH_INSPIRED_PICU,2026-03-03,1,1,2,True
SAFE_SITE_ACH_INSPIRED_PICU_20260304,SITE_ACH_INSPIRED,SITE_ACH_INSPIRED_PICU,2026-03-04,2,2,0,True
SAFE_SITE_ACH_INSPIRED_PICU_20260305,SITE_ACH_INSPIRED,SITE_ACH_INSPIRED_PICU,2026-03-05,2,0,1,True
SAFE_SITE_ACH_INSPIRED_PICU_20260306,SITE_ACH_INSPIRED,SITE_ACH_INSPIRED_PICU,2026-03-06,1,0,1,True
SAFE_SITE_ACH_INSPIRED_PICU_20260307,SITE_ACH_INSPIRED,SITE_ACH_INSPIRED_PICU,2026-03-07,3,0,0,True
SAFE_SITE_ACH_INSPIRED_PICU_20260308,SITE_ACH_INSPIRED,SITE_ACH_INSPIRED_PICU,2026-03-08,2,1,1,True
SAFE_SITE_ACH_INSPIRED_PICU_20260309,SITE_ACH_INSPIRED,SITE_ACH_INSPIRED_PICU,2026-03-09,0,1,1,True
SAFE_SITE_ACH_INSPIRED_PICU_20260310,SITE_ACH_INSPIRED,SITE_ACH_INSPIRED_PICU,2026-03-10,1,1,1,True
SAFE_SITE_ACH_INSPIRED_PICU_20260311,SITE_ACH_INSPIRED,SITE_ACH_INSPIRED_PICU,2026-03-11,1,4,0,True
SAFE_SITE_ACH_INSPIRED_PICU_20260312,SITE_ACH_INSPIRED,SITE_ACH_INSPIRED_PICU,2026-03-12,2,3,1,True
SAFE_SITE_ACH_INSPIRED_PICU_20260313,SITE_ACH_INSPIRED,SITE_ACH_INSPIRED_PICU,2026-03-13,1,0,1,True
SAFE_SITE_ACH_INSPIRED_PICU_20260314,SITE_ACH_INSPIRED,SITE_ACH_INSPIRED_PICU,2026-03-14,3,2,1,True
SAFE_SITE_ACH_INSPIRED_PICU_20260315,SITE_ACH_INSPIRED,SITE_ACH_INSPIRED_PICU,2026-03-15,1,1,0,True
SAFE_SITE_ACH_INSPIRED_PICU_20260316,SITE_ACH_INSPIRED,SITE_ACH_INSPIRED_PICU,2026-03-16,2,0,1,True
SAFE_SITE_ACH_INSPIRED_PICU_20260317,SITE_ACH_INSPIRED,SITE_ACH_INSPIRED_PICU,2026-03-17,2,2,0,True
SAFE_SITE_ACH_INSPIRED_PICU_20260318,SITE_ACH_INSPIRED,SITE_ACH_INSPIRED_PICU,2026-03-18,3,0,0,True
SAFE_SITE_ACH_INSPIRED_PICU_20260319,SITE_ACH_INSPIRED,SITE_ACH_INSPIRED_PICU,2026-03-19,0,2,0,True
SAFE_SITE_ACH_INSPIRED_PICU_20260320,SITE_ACH_INSPIRED,SITE_ACH_INSPIRED_PICU,2026-03-20,4,1,0,True
SAFE_SITE_ACH_INSPIRED_PICU_20260321,SITE_ACH_INSPIRED,SITE_ACH_INSPIRED_PICU,2026-03-21,1,2,3,True
SAFE_SITE_ACH_INSPIRED_PICU_20260322,SITE_ACH_INSPIRED,SITE_ACH_INSPIRED_PICU,2026-03-22,0,0,0,True
SAFE_SITE_ACH_INSPIRED_PICU_20260323,SITE_ACH_INSPIRED,SITE_ACH_INSPIRED_PICU,2026-03-23,0,0,0,True
SAFE_SITE_ACH_INSPIRED_PICU_20260324,SITE_ACH_INSPIRED,SITE_ACH_INSPIRED_PICU,2026-03-24,3,1,0,True
SAFE_SITE_ACH_INSPIRED_PICU_20260325,SITE_ACH_INSPIRED,SITE_ACH_INSPIRED_PICU,2026-03-25,0,1,0,True
SAFE_SITE_ACH_INSPIRED_PICU_20260326,SITE_ACH_INSPIRED,SITE_ACH_INSPIRED_PICU,2026-03-26,2,2,0,True
SAFE_SITE_ACH_INSPIRED_PICU_20260327,SITE_ACH_INSPIRED,SITE_ACH_INSPIRED_PICU,2026-03-27,2,0,1,True
SAFE_SITE_ACH_INSPIRED_PICU_20260328,SITE_ACH_INSPIRED,SITE_ACH_INSPIRED_PICU,2026-03-28,0,0,0,True
SAFE_SITE_ACH_INSPIRED_PICU_20260329,SITE_ACH_INSPIRED,SITE_ACH_INSPIRED_PICU,2026-03-29,0,0,1,True
SAFE_SITE_ACH_INSPIRED_PICU_20260330,SITE_ACH_INSPIRED,SITE_ACH_INSPIRED_PICU,2026-03-30,0,1,0,True
SAFE_SITE_ACH_INSPIRED_PICU_20260331,SITE_ACH_INSPIRED,SITE_ACH_INSPIRED_PICU,2026-03-31,3,1,0,True
SAFE_SITE_ACH_INSPIRED_PICU_20260401,SITE_ACH_INSPIRED,SITE_ACH_INSPIRED_PICU,2026-04-01,0,1,0,True
SAFE_SITE_ACH_INSPIRED_PICU_20260402,SITE_ACH_INSPIRED,SITE_ACH_INSPIRED_PICU,2026-04-02,1,1,2,True
SAFE_SITE_ACH_INSPIRED_PICU_20260403,SITE_ACH_INSPIRED,SITE_ACH_INSPIRED_PICU,2026-04-03,2,0,0,True
SAFE_SITE_ACH_INSPIRED_PICU_20260404,SITE_ACH_INSPIRED,SITE_ACH_INSPIRED_PICU,2026-04-04,1,1,0,True
SAFE_SITE_ACH_INSPIRED_PICU_20260405,SITE_ACH_INSPIRED,SITE_ACH_INSPIRED_PICU,2026-04-05,1,0,2,True
SAFE_SITE_ACH_INSPIRED_PICU_20260406,SITE_ACH_INSPIRED,SITE_ACH_INSPIRED_PICU,2026-04-06,1,1,0,True
SAFE_SITE_ACH_INSPIRED_PICU_20260407,SITE_ACH_INSPIRED,SITE_ACH_INSPIRED_PICU,2026-04-07,1,0,1,True
SAFE_SITE_ACH_INSPIRED_PICU_20260408,SITE_ACH_INSPIRED,SITE_ACH_INSPIRED_PICU,2026-04-08,4,2,0,True
SAFE_SITE_ACH_INSPIRED_PICU_20260409,SITE_ACH_INSPIRED,SITE_ACH_INSPIRED_PICU,2026-04-09,1,1,0,True
SAFE_SITE_ACH_INSPIRED_PICU_20260410,SITE_ACH_INSPIRED,SITE_ACH_INSPIRED_PICU,2026-04-10,2,1,0,True
SAFE_SITE_ACH_INSPIRED_PICU_20260411,SITE_ACH_INSPIRED,SITE_ACH_INSPIRED_PICU,2026-04-11,0,0,0,True
SAFE_SITE_ACH_INSPIRED_PICU_20260412,SITE_ACH_INSPIRED,SITE_ACH_INSPIRED_PICU,2026-04-12,0,1,1,True
SAFE_SITE_ACH_INSPIRED_PICU_20260413,SITE_ACH_INSPIRED,SITE_ACH_INSPIRED_PICU,2026-04-13,0,1,0,True
SAFE_SITE_ACH_INSPIRED_PICU_20260414,SITE_ACH_INSPIRED,SITE_ACH_INSPIRED_PICU,2026-04-14,2,1,1,True
SAFE_SITE_ACH_INSPIRED_PICU_20260415,SITE_ACH_INSPIRED,SITE_ACH_INSPIRED_PICU,2026-04-15,0,2,0,True
SAFE_SITE_ACH_INSPIRED_PICU_20260416,SITE_ACH_INSPIRED,SITE_ACH_INSPIRED_PICU,2026-04-16,0,0,0,True
SAFE_SITE_ACH_INSPIRED_PICU_20260417,SITE_ACH_INSPIRED,SITE_ACH_INSPIRED_PICU,2026-04-17,1,2,0,True
SAFE_SITE_ACH_INSPIRED_PICU_20260418,SITE_ACH_INSPIRED,SITE_ACH_INSPIRED_PICU,2026-04-18,1,1,1,True
SAFE_SITE_ACH_INSPIRED_PICU_20260419,SITE_ACH_INSPIRED,SITE_ACH_INSPIRED_PICU,2026-04-19,0,1,0,True
SAFE_SITE_ACH_INSPIRED_PICU_20260420,SITE_ACH_INSPIRED,SITE_ACH_INSPIRED_PICU,2026-04-20,1,0,1,True
SAFE_SITE_ACH_INSPIRED_PICU_20260421,SITE_ACH_INSPIRED,SITE_ACH_INSPIRED_PICU,2026-04-21,2,0,0,True
SAFE_SITE_ACH_INSPIRED_PICU_20260422,SITE_ACH_INSPIRED,SITE_ACH_INSPIRED_PICU,2026-04-22,1,1,0,True
SAFE_SITE_ACH_INSPIRED_PICU_20260423,SITE_ACH_INSPIRED,SITE_ACH_INSPIRED_PICU,2026-04-23,3,0,0,True
SAFE_SITE_ACH_INSPIRED_PICU_20260424,SITE_ACH_INSPIRED,SITE_ACH_INSPIRED_PICU,2026-04-24,0,3,0,True
SAFE_SITE_ACH_INSPIRED_PICU_20260425,SITE_ACH_INSPIRED,SITE_ACH_INSPIRED_PICU,2026-04-25,0,1,1,True
SAFE_SITE_ACH_INSPIRED_PICU_20260426,SITE_ACH_INSPIRED,SITE_ACH_INSPIRED_PICU,2026-04-26,2,0,1,True
SAFE_SITE_ACH_INSPIRED_PICU_20260427,SITE_ACH_INSPIRED,SITE_ACH_INSPIRED_PICU,2026-04-27,0,2,0,True
SAFE_SITE_ACH_INSPIRED_PICU_20260428,SITE_ACH_INSPIRED,SITE_ACH_INSPIRED_PICU,2026-04-28,1,1,0,True
SAFE_SITE_ACH_INSPIRED_PICU_20260429,SITE_ACH_INSPIRED,SITE_ACH_INSPIRED_PICU,2026-04-29,3,0,1,True
SAFE_SITE_ACH_INSPIRED_PICU_20260430,SITE_ACH_INSPIRED,SITE_ACH_INSPIRED_PICU,2026-04-30,0,1,3,True
SAFE_SITE_ACH_INSPIRED_NICU_20260101,SITE_ACH_INSPIRED,SITE_ACH_INSPIRED_NICU,2026-01-01,1,1,1,True
SAFE_SITE_ACH_INSPIRED_NICU_20260102,SITE_ACH_INSPIRED,SITE_ACH_INSPIRED_NICU,2026-01-02,2,0,3,True
SAFE_SITE_ACH_INSPIRED_NICU_20260103,SITE_ACH_INSPIRED,SITE_ACH_INSPIRED_NICU,2026-01-03,0,2,1,True
SAFE_SITE_ACH_INSPIRED_NICU_20260104,SITE_ACH_INSPIRED,SITE_ACH_INSPIRED_NICU,2026-01-04,1,2,1,True
SAFE_SITE_ACH_INSPIRED_NICU_20260105,SITE_ACH_INSPIRED,SITE_ACH_INSPIRED_NICU,2026-01-05,2,1,0,True
SAFE_SITE_ACH_INSPIRED_NICU_20260106,SITE_ACH_INSPIRED,SITE_ACH_INSPIRED_NICU,2026-01-06,2,0,0,True
SAFE_SITE_ACH_INSPIRED_NICU_20260107,SITE_ACH_INSPIRED,SITE_ACH_INSPIRED_NICU,2026-01-07,0,0,1,True
SAFE_SITE_ACH_INSPIRED_NICU_20260108,SITE_ACH_INSPIRED,SITE_ACH_INSPIRED_NICU,2026-01-08,1,0,3,True
SAFE_SITE_ACH_INSPIRED_NICU_20260109,SITE_ACH_INSPIRED,SITE_ACH_INSPIRED_NICU,2026-01-09,3,1,0,True
SAFE_SITE_ACH_INSPIRED_NICU_20260110,SITE_ACH_INSPIRED,SITE_ACH_INSPIRED_NICU,2026-01-10,1,1,1,True
SAFE_SITE_ACH_INSPIRED_NICU_20260111,SITE_ACH_INSPIRED,SITE_ACH_INSPIRED_NICU,2026-01-11,1,0,0,True
SAFE_SITE_ACH_INSPIRED_NICU_20260112,SITE_ACH_INSPIRED,SITE_ACH_INSPIRED_NICU,2026-01-12,0,1,0,True
SAFE_SITE_ACH_INSPIRED_NICU_20260113,SITE_ACH_INSPIRED,SITE_ACH_INSPIRED_NICU,2026-01-13,3,0,2,True
SAFE_SITE_ACH_INSPIRED_NICU_20260114,SITE_ACH_INSPIRED,SITE_ACH_INSPIRED_NICU,2026-01-14,0,0,0,True
SAFE_SITE_ACH_INSPIRED_NICU_20260115,SITE_ACH_INSPIRED,SITE_ACH_INSPIRED_NICU,2026-01-15,0,0,1,True
SAFE_SITE_ACH_INSPIRED_NICU_20260116,SITE_ACH_INSPIRED,SITE_ACH_INSPIRED_NICU,2026-01-16,3,0,0,True
SAFE_SITE_ACH_INSPIRED_NICU_20260117,SITE_ACH_INSPIRED,SITE_ACH_INSPIRED_NICU,2026-01-17,0,1,0,True
SAFE_SITE_ACH_INSPIRED_NICU_20260118,SITE_ACH_INSPIRED,SITE_ACH_INSPIRED_NICU,2026-01-18,1,0,1,True
SAFE_SITE_ACH_INSPIRED_NICU_20260119,SITE_ACH_INSPIRED,SITE_ACH_INSPIRED_NICU,2026-01-19,2,1,1,True
SAFE_SITE_ACH_INSPIRED_NICU_20260120,SITE_ACH_INSPIRED,SITE_ACH_INSPIRED_NICU,2026-01-20,1,0,1,True
SAFE_SITE_ACH_INSPIRED_NICU_20260121,SITE_ACH_INSPIRED,SITE_ACH_INSPIRED_NICU,2026-01-21,1,0,0,True
SAFE_SITE_ACH_INSPIRED_NICU_20260122,SITE_ACH_INSPIRED,SITE_ACH_INSPIRED_NICU,2026-01-22,1,0,1,True
SAFE_SITE_ACH_INSPIRED_NICU_20260123,SITE_ACH_INSPIRED,SITE_ACH_INSPIRED_NICU,2026-01-23,1,2,2,True
SAFE_SITE_ACH_INSPIRED_NICU_20260124,SITE_ACH_INSPIRED,SITE_ACH_INSPIRED_NICU,2026-01-24,0,1,1,True
SAFE_SITE_ACH_INSPIRED_NICU_20260125,SITE_ACH_INSPIRED,SITE_ACH_INSPIRED_NICU,2026-01-25,1,0,1,True
SAFE_SITE_ACH_INSPIRED_NICU_20260126,SITE_ACH_INSPIRED,SITE_ACH_INSPIRED_NICU,2026-01-26,0,2,0,True
SAFE_SITE_ACH_INSPIRED_NICU_20260127,SITE_ACH_INSPIRED,SITE_ACH_INSPIRED_NICU,2026-01-27,2,0,0,True
SAFE_SITE_ACH_INSPIRED_NICU_20260128,SITE_ACH_INSPIRED,SITE_ACH_INSPIRED_NICU,2026-01-28,1,0,0,True
SAFE_SITE_ACH_INSPIRED_NICU_20260129,SITE_ACH_INSPIRED,SITE_ACH_INSPIRED_NICU,2026-01-29,1,0,1,True
SAFE_SITE_ACH_INSPIRED_NICU_20260130,SITE_ACH_INSPIRED,SITE_ACH_INSPIRED_NICU,2026-01-30,1,0,0,True
SAFE_SITE_ACH_INSPIRED_NICU_20260131,SITE_ACH_INSPIRED,SITE_ACH_INSPIRED_NICU,2026-01-31,0,1,0,True
SAFE_SITE_ACH_INSPIRED_NICU_20260201,SITE_ACH_INSPIRED,SITE_ACH_INSPIRED_NICU,2026-02-01,1,0,0,True
SAFE_SITE_ACH_INSPIRED_NICU_20260202,SITE_ACH_INSPIRED,SITE_ACH_INSPIRED_NICU,2026-02-02,2,0,0,True
SAFE_SITE_ACH_INSPIRED_NICU_20260203,SITE_ACH_INSPIRED,SITE_ACH_INSPIRED_NICU,2026-02-03,3,0,0,True
SAFE_SITE_ACH_INSPIRED_NICU_20260204,SITE_ACH_INSPIRED,SITE_ACH_INSPIRED_NICU,2026-02-04,2,1,0,True
SAFE_SITE_ACH_INSPIRED_NICU_20260205,SITE_ACH_INSPIRED,SITE_ACH_INSPIRED_NICU,2026-02-05,1,1,3,True
SAFE_SITE_ACH_INSPIRED_NICU_20260206,SITE_ACH_INSPIRED,SITE_ACH_INSPIRED_NICU,2026-02-06,1,0,1,True
SAFE_SITE_ACH_INSPIRED_NICU_20260207,SITE_ACH_INSPIRED,SITE_ACH_INSPIRED_NICU,2026-02-07,0,1,1,True
SAFE_SITE_ACH_INSPIRED_NICU_20260208,SITE_ACH_INSPIRED,SITE_ACH_INSPIRED_NICU,2026-02-08,1,0,1,True
SAFE_SITE_ACH_INSPIRED_NICU_20260209,SITE_ACH_INSPIRED,SITE_ACH_INSPIRED_NICU,2026-02-09,2,0,0,True
SAFE_SITE_ACH_INSPIRED_NICU_20260210,SITE_ACH_INSPIRED,SITE_ACH_INSPIRED_NICU,2026-02-10,4,0,1,True
SAFE_SITE_ACH_INSPIRED_NICU_20260211,SITE_ACH_INSPIRED,SITE_ACH_INSPIRED_NICU,2026-02-11,0,1,0,True
SAFE_SITE_ACH_INSPIRED_NICU_20260212,SITE_ACH_INSPIRED,SITE_ACH_INSPIRED_NICU,2026-02-12,0,2,0,True
SAFE_SITE_ACH_INSPIRED_NICU_20260213,SITE_ACH_INSPIRED,SITE_ACH_INSPIRED_NICU,2026-02-13,1,2,0,True
SAFE_SITE_ACH_INSPIRED_NICU_20260214,SITE_ACH_INSPIRED,SITE_ACH_INSPIRED_NICU,2026-02-14,1,1,1,True
SAFE_SITE_ACH_INSPIRED_NICU_20260215,SITE_ACH_INSPIRED,SITE_ACH_INSPIRED_NICU,2026-02-15,2,0,2,True
SAFE_SITE_ACH_INSPIRED_NICU_20260216,SITE_ACH_INSPIRED,SITE_ACH_INSPIRED_NICU,2026-02-16,3,1,2,True
SAFE_SITE_ACH_INSPIRED_NICU_20260217,SITE_ACH_INSPIRED,SITE_ACH_INSPIRED_NICU,2026-02-17,2,1,0,True
SAFE_SITE_ACH_INSPIRED_NICU_20260218,SITE_ACH_INSPIRED,SITE_ACH_INSPIRED_NICU,2026-02-18,0,1,1,True
SAFE_SITE_ACH_INSPIRED_NICU_20260219,SITE_ACH_INSPIRED,SITE_ACH_INSPIRED_NICU,2026-02-19,0,0,1,True
SAFE_SITE_ACH_INSPIRED_NICU_20260220,SITE_ACH_INSPIRED,SITE_ACH_INSPIRED_NICU,2026-02-20,1,0,1,True
SAFE_SITE_ACH_INSPIRED_NICU_20260221,SITE_ACH_INSPIRED,SITE_ACH_INSPIRED_NICU,2026-02-21,1,0,2,True
SAFE_SITE_ACH_INSPIRED_NICU_20260222,SITE_ACH_INSPIRED,SITE_ACH_INSPIRED_NICU,2026-02-22,1,3,0,True
SAFE_SITE_ACH_INSPIRED_NICU_20260223,SITE_ACH_INSPIRED,SITE_ACH_INSPIRED_NICU,2026-02-23,1,0,0,True
SAFE_SITE_ACH_INSPIRED_NICU_20260224,SITE_ACH_INSPIRED,SITE_ACH_INSPIRED_NICU,2026-02-24,3,2,1,True
SAFE_SITE_ACH_INSPIRED_NICU_20260225,SITE_ACH_INSPIRED,SITE_ACH_INSPIRED_NICU,2026-02-25,2,1,0,True
SAFE_SITE_ACH_INSPIRED_NICU_20260226,SITE_ACH_INSPIRED,SITE_ACH_INSPIRED_NICU,2026-02-26,3,0,0,True
SAFE_SITE_ACH_INSPIRED_NICU_20260227,SITE_ACH_INSPIRED,SITE_ACH_INSPIRED_NICU,2026-02-27,0,1,1,True
SAFE_SITE_ACH_INSPIRED_NICU_20260228,SITE_ACH_INSPIRED,SITE_ACH_INSPIRED_NICU,2026-02-28,0,0,0,True
SAFE_SITE_ACH_INSPIRED_NICU_20260301,SITE_ACH_INSPIRED,SITE_ACH_INSPIRED_NICU,2026-03-01,1,0,0,True
SAFE_SITE_ACH_INSPIRED_NICU_20260302,SITE_ACH_INSPIRED,SITE_ACH_INSPIRED_NICU,2026-03-02,0,0,1,True
SAFE_SITE_ACH_INSPIRED_NICU_20260303,SITE_ACH_INSPIRED,SITE_ACH_INSPIRED_NICU,2026-03-03,1,0,0,True
SAFE_SITE_ACH_INSPIRED_NICU_20260304,SITE_ACH_INSPIRED,SITE_ACH_INSPIRED_NICU,2026-03-04,1,0,1,True
SAFE_SITE_ACH_INSPIRED_NICU_20260305,SITE_ACH_INSPIRED,SITE_ACH_INSPIRED_NICU,2026-03-05,0,0,1,True
SAFE_SITE_ACH_INSPIRED_NICU_20260306,SITE_ACH_INSPIRED,SITE_ACH_INSPIRED_NICU,2026-03-06,3,0,1,True
SAFE_SITE_ACH_INSPIRED_NICU_20260307,SITE_ACH_INSPIRED,SITE_ACH_INSPIRED_NICU,2026-03-07,1,1,1,True
SAFE_SITE_ACH_INSPIRED_NICU_20260308,SITE_ACH_INSPIRED,SITE_ACH_INSPIRED_NICU,2026-03-08,0,0,2,True
SAFE_SITE_ACH_INSPIRED_NICU_20260309,SITE_ACH_INSPIRED,SITE_ACH_INSPIRED_NICU,2026-03-09,1,0,0,True
SAFE_SITE_ACH_INSPIRED_NICU_20260310,SITE_ACH_INSPIRED,SITE_ACH_INSPIRED_NICU,2026-03-10,2,0,0,True
SAFE_SITE_ACH_INSPIRED_NICU_20260311,SITE_ACH_INSPIRED,SITE_ACH_INSPIRED_NICU,2026-03-11,2,0,0,True
SAFE_SITE_ACH_INSPIRED_NICU_20260312,SITE_ACH_INSPIRED,SITE_ACH_INSPIRED_NICU,2026-03-12,0,0,0,True
SAFE_SITE_ACH_INSPIRED_NICU_20260313,SITE_ACH_INSPIRED,SITE_ACH_INSPIRED_NICU,2026-03-13,2,0,0,True
SAFE_SITE_ACH_INSPIRED_NICU_20260314,SITE_ACH_INSPIRED,SITE_ACH_INSPIRED_NICU,2026-03-14,2,0,0,True
SAFE_SITE_ACH_INSPIRED_NICU_20260315,SITE_ACH_INSPIRED,SITE_ACH_INSPIRED_NICU,2026-03-15,2,1,1,True
SAFE_SITE_ACH_INSPIRED_NICU_20260316,SITE_ACH_INSPIRED,SITE_ACH_INSPIRED_NICU,2026-03-16,1,1,2,True
SAFE_SITE_ACH_INSPIRED_NICU_20260317,SITE_ACH_INSPIRED,SITE_ACH_INSPIRED_NICU,2026-03-17,2,0,1,True
SAFE_SITE_ACH_INSPIRED_NICU_20260318,SITE_ACH_INSPIRED,SITE_ACH_INSPIRED_NICU,2026-03-18,1,0,1,True
SAFE_SITE_ACH_INSPIRED_NICU_20260319,SITE_ACH_INSPIRED,SITE_ACH_INSPIRED_NICU,2026-03-19,1,0,1,True
SAFE_SITE_ACH_INSPIRED_NICU_20260320,SITE_ACH_INSPIRED,SITE_ACH_INSPIRED_NICU,2026-03-20,2,0,1,True
SAFE_SITE_ACH_INSPIRED_NICU_20260321,SITE_ACH_INSPIRED,SITE_ACH_INSPIRED_NICU,2026-03-21,1,0,0,True
SAFE_SITE_ACH_INSPIRED_NICU_20260322,SITE_ACH_INSPIRED,SITE_ACH_INSPIRED_NICU,2026-03-22,0,0,2,True
SAFE_SITE_ACH_INSPIRED_NICU_20260323,SITE_ACH_INSPIRED,SITE_ACH_INSPIRED_NICU,2026-03-23,0,0,0,True
SAFE_SITE_ACH_INSPIRED_NICU_20260324,SITE_ACH_INSPIRED,SITE_ACH_INSPIRED_NICU,2026-03-24,1,0,0,True
SAFE_SITE_ACH_INSPIRED_NICU_20260325,SITE_ACH_INSPIRED,SITE_ACH_INSPIRED_NICU,2026-03-25,0,0,0,True
SAFE_SITE_ACH_INSPIRED_NICU_20260326,SITE_ACH_INSPIRED,SITE_ACH_INSPIRED_NICU,2026-03-26,2,0,0,True
SAFE_SITE_ACH_INSPIRED_NICU_20260327,SITE_ACH_INSPIRED,SITE_ACH_INSPIRED_NICU,2026-03-27,1,1,0,True
SAFE_SITE_ACH_INSPIRED_NICU_20260328,SITE_ACH_INSPIRED,SITE_ACH_INSPIRED_NICU,2026-03-28,0,0,0,True
SAFE_SITE_ACH_INSPIRED_NICU_20260329,SITE_ACH_INSPIRED,SITE_ACH_INSPIRED_NICU,2026-03-29,3,0,0,True
SAFE_SITE_ACH_INSPIRED_NICU_20260330,SITE_ACH_INSPIRED,SITE_ACH_INSPIRED_NICU,2026-03-30,2,0,0,True
SAFE_SITE_ACH_INSPIRED_NICU_20260331,SITE_ACH_INSPIRED,SITE_ACH_INSPIRED_NICU,2026-03-31,0,0,3,True
SAFE_SITE_ACH_INSPIRED_NICU_20260401,SITE_ACH_INSPIRED,SITE_ACH_INSPIRED_NICU,2026-04-01,1,1,2,True
SAFE_SITE_ACH_INSPIRED_NICU_20260402,SITE_ACH_INSPIRED,SITE_ACH_INSPIRED_NICU,2026-04-02,2,0,0,True
SAFE_SITE_ACH_INSPIRED_NICU_20260403,SITE_ACH_INSPIRED,SITE_ACH_INSPIRED_NICU,2026-04-03,2,0,0,True
SAFE_SITE_ACH_INSPIRED_NICU_20260404,SITE_ACH_INSPIRED,SITE_ACH_INSPIRED_NICU,2026-04-04,2,3,0,True
SAFE_SITE_ACH_INSPIRED_NICU_20260405,SITE_ACH_INSPIRED,SITE_ACH_INSPIRED_NICU,2026-04-05,1,0,3,True
SAFE_SITE_ACH_INSPIRED_NICU_20260406,SITE_ACH_INSPIRED,SITE_ACH_INSPIRED_NICU,2026-04-06,1,1,0,True
SAFE_SITE_ACH_INSPIRED_NICU_20260407,SITE_ACH_INSPIRED,SITE_ACH_INSPIRED_NICU,2026-04-07,1,0,0,True
SAFE_SITE_ACH_INSPIRED_NICU_20260408,SITE_ACH_INSPIRED,SITE_ACH_INSPIRED_NICU,2026-04-08,0,0,0,True
SAFE_SITE_ACH_INSPIRED_NICU_20260409,SITE_ACH_INSPIRED,SITE_ACH_INSPIRED_NICU,2026-04-09,1,0,0,True
SAFE_SITE_ACH_INSPIRED_NICU_20260410,SITE_ACH_INSPIRED,SITE_ACH_INSPIRED_NICU,2026-04-10,3,0,1,True
SAFE_SITE_ACH_INSPIRED_NICU_20260411,SITE_ACH_INSPIRED,SITE_ACH_INSPIRED_NICU,2026-04-11,0,0,2,True
SAFE_SITE_ACH_INSPIRED_NICU_20260412,SITE_ACH_INSPIRED,SITE_ACH_INSPIRED_NICU,2026-04-12,1,0,1,True
SAFE_SITE_ACH_INSPIRED_NICU_20260413,SITE_ACH_INSPIRED,SITE_ACH_INSPIRED_NICU,2026-04-13,1,0,0,True
SAFE_SITE_ACH_INSPIRED_NICU_20260414,SITE_ACH_INSPIRED,SITE_ACH_INSPIRED_NICU,2026-04-14,2,0,0,True
SAFE_SITE_ACH_INSPIRED_NICU_20260415,SITE_ACH_INSPIRED,SITE_ACH_INSPIRED_NICU,2026-04-15,0,0,1,True
SAFE_SITE_ACH_INSPIRED_NICU_20260416,SITE_ACH_INSPIRED,SITE_ACH_INSPIRED_NICU,2026-04-16,1,2,4,True
SAFE_SITE_ACH_INSPIRED_NICU_20260417,SITE_ACH_INSPIRED,SITE_ACH_INSPIRED_NICU,2026-04-17,1,1,3,True
SAFE_SITE_ACH_INSPIRED_NICU_20260418,SITE_ACH_INSPIRED,SITE_ACH_INSPIRED_NICU,2026-04-18,0,1,0,True
SAFE_SITE_ACH_INSPIRED_NICU_20260419,SITE_ACH_INSPIRED,SITE_ACH_INSPIRED_NICU,2026-04-19,2,1,0,True
SAFE_SITE_ACH_INSPIRED_NICU_20260420,SITE_ACH_INSPIRED,SITE_ACH_INSPIRED_NICU,2026-04-20,1,0,0,True
SAFE_SITE_ACH_INSPIRED_NICU_20260421,SITE_ACH_INSPIRED,SITE_ACH_INSPIRED_NICU,2026-04-21,1,0,2,True
SAFE_SITE_ACH_INSPIRED_NICU_20260422,SITE_ACH_INSPIRED,SITE_ACH_INSPIRED_NICU,2026-04-22,0,1,1,True
SAFE_SITE_ACH_INSPIRED_NICU_20260423,SITE_ACH_INSPIRED,SITE_ACH_INSPIRED_NICU,2026-04-23,2,2,0,True
SAFE_SITE_ACH_INSPIRED_NICU_20260424,SITE_ACH_INSPIRED,SITE_ACH_INSPIRED_NICU,2026-04-24,1,0,0,True
SAFE_SITE_ACH_INSPIRED_NICU_20260425,SITE_ACH_INSPIRED,SITE_ACH_INSPIRED_NICU,2026-04-25,1,0,0,True
SAFE_SITE_ACH_INSPIRED_NICU_20260426,SITE_ACH_INSPIRED,SITE_ACH_INSPIRED_NICU,2026-04-26,0,2,0,True
SAFE_SITE_ACH_INSPIRED_NICU_20260427,SITE_ACH_INSPIRED,SITE_ACH_INSPIRED_NICU,2026-04-27,1,1,0,True
SAFE_SITE_ACH_INSPIRED_NICU_20260428,SITE_ACH_INSPIRED,SITE_ACH_INSPIRED_NICU,2026-04-28,1,0,0,True
SAFE_SITE_ACH_INSPIRED_NICU_20260429,SITE_ACH_INSPIRED,SITE_ACH_INSPIRED_NICU,2026-04-29,1,1,0,True
SAFE_SITE_ACH_INSPIRED_NICU_20260430,SITE_ACH_INSPIRED,SITE_ACH_INSPIRED_NICU,2026-04-30,1,1,0,True
SAFE_SITE_ACH_INSPIRED_MH_20260101,SITE_ACH_INSPIRED,SITE_ACH_INSPIRED_MH,2026-01-01,2,0,1,True
SAFE_SITE_ACH_INSPIRED_MH_20260102,SITE_ACH_INSPIRED,SITE_ACH_INSPIRED_MH,2026-01-02,0,1,1,True
SAFE_SITE_ACH_INSPIRED_MH_20260103,SITE_ACH_INSPIRED,SITE_ACH_INSPIRED_MH,2026-01-03,1,0,0,True
SAFE_SITE_ACH_INSPIRED_MH_20260104,SITE_ACH_INSPIRED,SITE_ACH_INSPIRED_MH,2026-01-04,0,0,2,True
SAFE_SITE_ACH_INSPIRED_MH_20260105,SITE_ACH_INSPIRED,SITE_ACH_INSPIRED_MH,2026-01-05,2,0,1,True
SAFE_SITE_ACH_INSPIRED_MH_20260106,SITE_ACH_INSPIRED,SITE_ACH_INSPIRED_MH,2026-01-06,2,0,1,True
SAFE_SITE_ACH_INSPIRED_MH_20260107,SITE_ACH_INSPIRED,SITE_ACH_INSPIRED_MH,2026-01-07,3,2,0,True
SAFE_SITE_ACH_INSPIRED_MH_20260108,SITE_ACH_INSPIRED,SITE_ACH_INSPIRED_MH,2026-01-08,2,0,0,True
SAFE_SITE_ACH_INSPIRED_MH_20260109,SITE_ACH_INSPIRED,SITE_ACH_INSPIRED_MH,2026-01-09,2,0,0,True
SAFE_SITE_ACH_INSPIRED_MH_20260110,SITE_ACH_INSPIRED,SITE_ACH_INSPIRED_MH,2026-01-10,0,0,2,True
SAFE_SITE_ACH_INSPIRED_MH_20260111,SITE_ACH_INSPIRED,SITE_ACH_INSPIRED_MH,2026-01-11,0,0,0,True
SAFE_SITE_ACH_INSPIRED_MH_20260112,SITE_ACH_INSPIRED,SITE_ACH_INSPIRED_MH,2026-01-12,3,0,1,True
SAFE_SITE_ACH_INSPIRED_MH_20260113,SITE_ACH_INSPIRED,SITE_ACH_INSPIRED_MH,2026-01-13,1,0,1,True
SAFE_SITE_ACH_INSPIRED_MH_20260114,SITE_ACH_INSPIRED,SITE_ACH_INSPIRED_MH,2026-01-14,2,0,1,True
SAFE_SITE_ACH_INSPIRED_MH_20260115,SITE_ACH_INSPIRED,SITE_ACH_INSPIRED_MH,2026-01-15,1,0,1,True
SAFE_SITE_ACH_INSPIRED_MH_20260116,SITE_ACH_INSPIRED,SITE_ACH_INSPIRED_MH,2026-01-16,2,0,1,True
SAFE_SITE_ACH_INSPIRED_MH_20260117,SITE_ACH_INSPIRED,SITE_ACH_INSPIRED_MH,2026-01-17,0,0,0,True
SAFE_SITE_ACH_INSPIRED_MH_20260118,SITE_ACH_INSPIRED,SITE_ACH_INSPIRED_MH,2026-01-18,4,0,1,True
SAFE_SITE_ACH_INSPIRED_MH_20260119,SITE_ACH_INSPIRED,SITE_ACH_INSPIRED_MH,2026-01-19,2,0,1,True
SAFE_SITE_ACH_INSPIRED_MH_20260120,SITE_ACH_INSPIRED,SITE_ACH_INSPIRED_MH,2026-01-20,3,3,1,True
SAFE_SITE_ACH_INSPIRED_MH_20260121,SITE_ACH_INSPIRED,SITE_ACH_INSPIRED_MH,2026-01-21,0,1,1,True
SAFE_SITE_ACH_INSPIRED_MH_20260122,SITE_ACH_INSPIRED,SITE_ACH_INSPIRED_MH,2026-01-22,2,0,2,True
SAFE_SITE_ACH_INSPIRED_MH_20260123,SITE_ACH_INSPIRED,SITE_ACH_INSPIRED_MH,2026-01-23,0,0,0,True
SAFE_SITE_ACH_INSPIRED_MH_20260124,SITE_ACH_INSPIRED,SITE_ACH_INSPIRED_MH,2026-01-24,2,2,0,True
SAFE_SITE_ACH_INSPIRED_MH_20260125,SITE_ACH_INSPIRED,SITE_ACH_INSPIRED_MH,2026-01-25,2,1,1,True
SAFE_SITE_ACH_INSPIRED_MH_20260126,SITE_ACH_INSPIRED,SITE_ACH_INSPIRED_MH,2026-01-26,2,0,1,True
SAFE_SITE_ACH_INSPIRED_MH_20260127,SITE_ACH_INSPIRED,SITE_ACH_INSPIRED_MH,2026-01-27,2,0,1,True
SAFE_SITE_ACH_INSPIRED_MH_20260128,SITE_ACH_INSPIRED,SITE_ACH_INSPIRED_MH,2026-01-28,1,0,1,True
SAFE_SITE_ACH_INSPIRED_MH_20260129,SITE_ACH_INSPIRED,SITE_ACH_INSPIRED_MH,2026-01-29,2,2,0,True
SAFE_SITE_ACH_INSPIRED_MH_20260130,SITE_ACH_INSPIRED,SITE_ACH_INSPIRED_MH,2026-01-30,1,0,2,True
SAFE_SITE_ACH_INSPIRED_MH_20260131,SITE_ACH_INSPIRED,SITE_ACH_INSPIRED_MH,2026-01-31,0,0,1,True
SAFE_SITE_ACH_INSPIRED_MH_20260201,SITE_ACH_INSPIRED,SITE_ACH_INSPIRED_MH,2026-02-01,0,1,0,True
SAFE_SITE_ACH_INSPIRED_MH_20260202,SITE_ACH_INSPIRED,SITE_ACH_INSPIRED_MH,2026-02-02,0,0,0,True
SAFE_SITE_ACH_INSPIRED_MH_20260203,SITE_ACH_INSPIRED,SITE_ACH_INSPIRED_MH,2026-02-03,2,1,0,True
SAFE_SITE_ACH_INSPIRED_MH_20260204,SITE_ACH_INSPIRED,SITE_ACH_INSPIRED_MH,2026-02-04,2,0,0,True
SAFE_SITE_ACH_INSPIRED_MH_20260205,SITE_ACH_INSPIRED,SITE_ACH_INSPIRED_MH,2026-02-05,2,1,0,True
SAFE_SITE_ACH_INSPIRED_MH_20260206,SITE_ACH_INSPIRED,SITE_ACH_INSPIRED_MH,2026-02-06,1,1,2,True
SAFE_SITE_ACH_INSPIRED_MH_20260207,SITE_ACH_INSPIRED,SITE_ACH_INSPIRED_MH,2026-02-07,1,1,0,True
SAFE_SITE_ACH_INSPIRED_MH_20260208,SITE_ACH_INSPIRED,SITE_ACH_INSPIRED_MH,2026-02-08,0,1,0,True
SAFE_SITE_ACH_INSPIRED_MH_20260209,SITE_ACH_INSPIRED,SITE_ACH_INSPIRED_MH,2026-02-09,0,0,1,True
SAFE_SITE_ACH_INSPIRED_MH_20260210,SITE_ACH_INSPIRED,SITE_ACH_INSPIRED_MH,2026-02-10,1,1,0,True
SAFE_SITE_ACH_INSPIRED_MH_20260211,SITE_ACH_INSPIRED,SITE_ACH_INSPIRED_MH,2026-02-11,0,0,0,True
SAFE_SITE_ACH_INSPIRED_MH_20260212,SITE_ACH_INSPIRED,SITE_ACH_INSPIRED_MH,2026-02-12,1,0,0,True
SAFE_SITE_ACH_INSPIRED_MH_20260213,SITE_ACH_INSPIRED,SITE_ACH_INSPIRED_MH,2026-02-13,0,0,1,True
SAFE_SITE_ACH_INSPIRED_MH_20260214,SITE_ACH_INSPIRED,SITE_ACH_INSPIRED_MH,2026-02-14,2,1,0,True
SAFE_SITE_ACH_INSPIRED_MH_20260215,SITE_ACH_INSPIRED,SITE_ACH_INSPIRED_MH,2026-02-15,0,1,0,True
SAFE_SITE_ACH_INSPIRED_MH_20260216,SITE_ACH_INSPIRED,SITE_ACH_INSPIRED_MH,2026-02-16,3,3,4,True
SAFE_SITE_ACH_INSPIRED_MH_20260217,SITE_ACH_INSPIRED,SITE_ACH_INSPIRED_MH,2026-02-17,1,0,1,True
SAFE_SITE_ACH_INSPIRED_MH_20260218,SITE_ACH_INSPIRED,SITE_ACH_INSPIRED_MH,2026-02-18,0,0,0,True
SAFE_SITE_ACH_INSPIRED_MH_20260219,SITE_ACH_INSPIRED,SITE_ACH_INSPIRED_MH,2026-02-19,1,1,0,True
SAFE_SITE_ACH_INSPIRED_MH_20260220,SITE_ACH_INSPIRED,SITE_ACH_INSPIRED_MH,2026-02-20,3,0,0,True
SAFE_SITE_ACH_INSPIRED_MH_20260221,SITE_ACH_INSPIRED,SITE_ACH_INSPIRED_MH,2026-02-21,2,0,2,True
SAFE_SITE_ACH_INSPIRED_MH_20260222,SITE_ACH_INSPIRED,SITE_ACH_INSPIRED_MH,2026-02-22,1,0,0,True
SAFE_SITE_ACH_INSPIRED_MH_20260223,SITE_ACH_INSPIRED,SITE_ACH_INSPIRED_MH,2026-02-23,0,2,0,True
SAFE_SITE_ACH_INSPIRED_MH_20260224,SITE_ACH_INSPIRED,SITE_ACH_INSPIRED_MH,2026-02-24,1,0,1,True
SAFE_SITE_ACH_INSPIRED_MH_20260225,SITE_ACH_INSPIRED,SITE_ACH_INSPIRED_MH,2026-02-25,3,0,0,True
SAFE_SITE_ACH_INSPIRED_MH_20260226,SITE_ACH_INSPIRED,SITE_ACH_INSPIRED_MH,2026-02-26,2,1,1,True
SAFE_SITE_ACH_INSPIRED_MH_20260227,SITE_ACH_INSPIRED,SITE_ACH_INSPIRED_MH,2026-02-27,2,0,0,True
SAFE_SITE_ACH_INSPIRED_MH_20260228,SITE_ACH_INSPIRED,SITE_ACH_INSPIRED_MH,2026-02-28,0,1,0,True
SAFE_SITE_ACH_INSPIRED_MH_20260301,SITE_ACH_INSPIRED,SITE_ACH_INSPIRED_MH,2026-03-01,1,0,0,True
SAFE_SITE_ACH_INSPIRED_MH_20260302,SITE_ACH_INSPIRED,SITE_ACH_INSPIRED_MH,2026-03-02,0,0,1,True
SAFE_SITE_ACH_INSPIRED_MH_20260303,SITE_ACH_INSPIRED,SITE_ACH_INSPIRED_MH,2026-03-03,0,1,0,True
SAFE_SITE_ACH_INSPIRED_MH_20260304,SITE_ACH_INSPIRED,SITE_ACH_INSPIRED_MH,2026-03-04,0,1,1,True
SAFE_SITE_ACH_INSPIRED_MH_20260305,SITE_ACH_INSPIRED,SITE_ACH_INSPIRED_MH,2026-03-05,1,0,0,True
SAFE_SITE_ACH_INSPIRED_MH_20260306,SITE_ACH_INSPIRED,SITE_ACH_INSPIRED_MH,2026-03-06,3,0,0,True
SAFE_SITE_ACH_INSPIRED_MH_20260307,SITE_ACH_INSPIRED,SITE_ACH_INSPIRED_MH,2026-03-07,1,1,0,True
SAFE_SITE_ACH_INSPIRED_MH_20260308,SITE_ACH_INSPIRED,SITE_ACH_INSPIRED_MH,2026-03-08,2,0,0,True
SAFE_SITE_ACH_INSPIRED_MH_20260309,SITE_ACH_INSPIRED,SITE_ACH_INSPIRED_MH,2026-03-09,0,0,0,True
SAFE_SITE_ACH_INSPIRED_MH_20260310,SITE_ACH_INSPIRED,SITE_ACH_INSPIRED_MH,2026-03-10,2,0,1,True
SAFE_SITE_ACH_INSPIRED_MH_20260311,SITE_ACH_INSPIRED,SITE_ACH_INSPIRED_MH,2026-03-11,0,1,0,True
SAFE_SITE_ACH_INSPIRED_MH_20260312,SITE_ACH_INSPIRED,SITE_ACH_INSPIRED_MH,2026-03-12,2,1,0,True
SAFE_SITE_ACH_INSPIRED_MH_20260313,SITE_ACH_INSPIRED,SITE_ACH_INSPIRED_MH,2026-03-13,3,0,0,True
SAFE_SITE_ACH_INSPIRED_MH_20260314,SITE_ACH_INSPIRED,SITE_ACH_INSPIRED_MH,2026-03-14,3,1,0,True
SAFE_SITE_ACH_INSPIRED_MH_20260315,SITE_ACH_INSPIRED,SITE_ACH_INSPIRED_MH,2026-03-15,0,0,0,True
SAFE_SITE_ACH_INSPIRED_MH_20260316,SITE_ACH_INSPIRED,SITE_ACH_INSPIRED_MH,2026-03-16,0,2,1,True
SAFE_SITE_ACH_INSPIRED_MH_20260317,SITE_ACH_INSPIRED,SITE_ACH_INSPIRED_MH,2026-03-17,1,0,0,True
SAFE_SITE_ACH_INSPIRED_MH_20260318,SITE_ACH_INSPIRED,SITE_ACH_INSPIRED_MH,2026-03-18,1,0,2,True
SAFE_SITE_ACH_INSPIRED_MH_20260319,SITE_ACH_INSPIRED,SITE_ACH_INSPIRED_MH,2026-03-19,2,1,0,True
SAFE_SITE_ACH_INSPIRED_MH_20260320,SITE_ACH_INSPIRED,SITE_ACH_INSPIRED_MH,2026-03-20,0,0,0,True
SAFE_SITE_ACH_INSPIRED_MH_20260321,SITE_ACH_INSPIRED,SITE_ACH_INSPIRED_MH,2026-03-21,2,0,0,True
SAFE_SITE_ACH_INSPIRED_MH_20260322,SITE_ACH_INSPIRED,SITE_ACH_INSPIRED_MH,2026-03-22,2,1,1,True
SAFE_SITE_ACH_INSPIRED_MH_20260323,SITE_ACH_INSPIRED,SITE_ACH_INSPIRED_MH,2026-03-23,1,0,1,True
SAFE_SITE_ACH_INSPIRED_MH_20260324,SITE_ACH_INSPIRED,SITE_ACH_INSPIRED_MH,2026-03-24,2,0,0,True
SAFE_SITE_ACH_INSPIRED_MH_20260325,SITE_ACH_INSPIRED,SITE_ACH_INSPIRED_MH,2026-03-25,2,0,1,True
SAFE_SITE_ACH_INSPIRED_MH_20260326,SITE_ACH_INSPIRED,SITE_ACH_INSPIRED_MH,2026-03-26,1,0,1,True
SAFE_SITE_ACH_INSPIRED_MH_20260327,SITE_ACH_INSPIRED,SITE_ACH_INSPIRED_MH,2026-03-27,5,0,1,True
SAFE_SITE_ACH_INSPIRED_MH_20260328,SITE_ACH_INSPIRED,SITE_ACH_INSPIRED_MH,2026-03-28,1,0,1,True
SAFE_SITE_ACH_INSPIRED_MH_20260329,SITE_ACH_INSPIRED,SITE_ACH_INSPIRED_MH,2026-03-29,2,0,0,True
SAFE_SITE_ACH_INSPIRED_MH_20260330,SITE_ACH_INSPIRED,SITE_ACH_INSPIRED_MH,2026-03-30,1,2,0,True
SAFE_SITE_ACH_INSPIRED_MH_20260331,SITE_ACH_INSPIRED,SITE_ACH_INSPIRED_MH,2026-03-31,0,0,0,True
SAFE_SITE_ACH_INSPIRED_MH_20260401,SITE_ACH_INSPIRED,SITE_ACH_INSPIRED_MH,2026-04-01,1,0,0,True
SAFE_SITE_ACH_INSPIRED_MH_20260402,SITE_ACH_INSPIRED,SITE_ACH_INSPIRED_MH,2026-04-02,5,2,2,True
SAFE_SITE_ACH_INSPIRED_MH_20260403,SITE_ACH_INSPIRED,SITE_ACH_INSPIRED_MH,2026-04-03,1,0,2,True
SAFE_SITE_ACH_INSPIRED_MH_20260404,SITE_ACH_INSPIRED,SITE_ACH_INSPIRED_MH,2026-04-04,0,3,1,True
SAFE_SITE_ACH_INSPIRED_MH_20260405,SITE_ACH_INSPIRED,SITE_ACH_INSPIRED_MH,2026-04-05,2,0,0,True
SAFE_SITE_ACH_INSPIRED_MH_20260406,SITE_ACH_INSPIRED,SITE_ACH_INSPIRED_MH,2026-04-06,3,0,1,True
SAFE_SITE_ACH_INSPIRED_MH_20260407,SITE_ACH_INSPIRED,SITE_ACH_INSPIRED_MH,2026-04-07,0,0,0,True
SAFE_SITE_ACH_INSPIRED_MH_20260408,SITE_ACH_INSPIRED,SITE_ACH_INSPIRED_MH,2026-04-08,0,0,1,True
SAFE_SITE_ACH_INSPIRED_MH_20260409,SITE_ACH_INSPIRED,SITE_ACH_INSPIRED_MH,2026-04-09,0,0,0,True
SAFE_SITE_ACH_INSPIRED_MH_20260410,SITE_ACH_INSPIRED,SITE_ACH_INSPIRED_MH,2026-04-10,3,0,1,True
SAFE_SITE_ACH_INSPIRED_MH_20260411,SITE_ACH_INSPIRED,SITE_ACH_INSPIRED_MH,2026-04-11,4,0,2,True
SAFE_SITE_ACH_INSPIRED_MH_20260412,SITE_ACH_INSPIRED,SITE_ACH_INSPIRED_MH,2026-04-12,0,0,0,True
SAFE_SITE_ACH_INSPIRED_MH_20260413,SITE_ACH_INSPIRED,SITE_ACH_INSPIRED_MH,2026-04-13,1,1,0,True
SAFE_SITE_ACH_INSPIRED_MH_20260414,SITE_ACH_INSPIRED,SITE_ACH_INSPIRED_MH,2026-04-14,0,0,1,True
SAFE_SITE_ACH_INSPIRED_MH_20260415,SITE_ACH_INSPIRED,SITE_ACH_INSPIRED_MH,2026-04-15,1,0,0,True
SAFE_SITE_ACH_INSPIRED_MH_20260416,SITE_ACH_INSPIRED,SITE_ACH_INSPIRED_MH,2026-04-16,2,2,1,True
SAFE_SITE_ACH_INSPIRED_MH_20260417,SITE_ACH_INSPIRED,SITE_ACH_INSPIRED_MH,2026-04-17,2,0,0,True
SAFE_SITE_ACH_INSPIRED_MH_20260418,SITE_ACH_INSPIRED,SITE_ACH_INSPIRED_MH,2026-04-18,2,0,0,True
SAFE_SITE_ACH_INSPIRED_MH_20260419,SITE_ACH_INSPIRED,SITE_ACH_INSPIRED_MH,2026-04-19,1,0,2,True
SAFE_SITE_ACH_INSPIRED_MH_20260420,SITE_ACH_INSPIRED,SITE_ACH_INSPIRED_MH,2026-04-20,3,0,0,True
SAFE_SITE_ACH_INSPIRED_MH_20260421,SITE_ACH_INSPIRED,SITE_ACH_INSPIRED_MH,2026-04-21,3,0,1,True
SAFE_SITE_ACH_INSPIRED_MH_20260422,SITE_ACH_INSPIRED,SITE_ACH_INSPIRED_MH,2026-04-22,4,1,0,True
SAFE_SITE_ACH_INSPIRED_MH_20260423,SITE_ACH_INSPIRED,SITE_ACH_INSPIRED_MH,2026-04-23,2,1,0,True
SAFE_SITE_ACH_INSPIRED_MH_20260424,SITE_ACH_INSPIRED,SITE_ACH_INSPIRED_MH,2026-04-24,2,0,0,True
SAFE_SITE_ACH_INSPIRED_MH_20260425,SITE_ACH_INSPIRED,SITE_ACH_INSPIRED_MH,2026-04-25,1,0,0,True
SAFE_SITE_ACH_INSPIRED_MH_20260426,SITE_ACH_INSPIRED,SITE_ACH_INSPIRED_MH,2026-04-26,0,2,1,True
SAFE_SITE_ACH_INSPIRED_MH_20260427,SITE_ACH_INSPIRED,SITE_ACH_INSPIRED_MH,2026-04-27,1,0,2,True
SAFE_SITE_ACH_INSPIRED_MH_20260428,SITE_ACH_INSPIRED,SITE_ACH_INSPIRED_MH,2026-04-28,0,0,1,True
SAFE_SITE_ACH_INSPIRED_MH_20260429,SITE_ACH_INSPIRED,SITE_ACH_INSPIRED_MH,2026-04-29,2,0,0,True
SAFE_SITE_ACH_INSPIRED_MH_20260430,SITE_ACH_INSPIRED,SITE_ACH_INSPIRED_MH,2026-04-30,1,0,0,True
SAFE_SITE_PROV_NETWORK_GEN_20260101,SITE_PROV_NETWORK,SITE_PROV_NETWORK_GEN,2026-01-01,2,0,1,True
SAFE_SITE_PROV_NETWORK_GEN_20260102,SITE_PROV_NETWORK,SITE_PROV_NETWORK_GEN,2026-01-02,1,1,1,True
SAFE_SITE_PROV_NETWORK_GEN_20260103,SITE_PROV_NETWORK,SITE_PROV_NETWORK_GEN,2026-01-03,1,0,0,True
SAFE_SITE_PROV_NETWORK_GEN_20260104,SITE_PROV_NETWORK,SITE_PROV_NETWORK_GEN,2026-01-04,0,0,2,True
SAFE_SITE_PROV_NETWORK_GEN_20260105,SITE_PROV_NETWORK,SITE_PROV_NETWORK_GEN,2026-01-05,0,1,1,True
SAFE_SITE_PROV_NETWORK_GEN_20260106,SITE_PROV_NETWORK,SITE_PROV_NETWORK_GEN,2026-01-06,0,0,0,True
SAFE_SITE_PROV_NETWORK_GEN_20260107,SITE_PROV_NETWORK,SITE_PROV_NETWORK_GEN,2026-01-07,0,0,3,True
SAFE_SITE_PROV_NETWORK_GEN_20260108,SITE_PROV_NETWORK,SITE_PROV_NETWORK_GEN,2026-01-08,2,1,1,True
SAFE_SITE_PROV_NETWORK_GEN_20260109,SITE_PROV_NETWORK,SITE_PROV_NETWORK_GEN,2026-01-09,1,1,0,True
SAFE_SITE_PROV_NETWORK_GEN_20260110,SITE_PROV_NETWORK,SITE_PROV_NETWORK_GEN,2026-01-10,2,0,0,True
SAFE_SITE_PROV_NETWORK_GEN_20260111,SITE_PROV_NETWORK,SITE_PROV_NETWORK_GEN,2026-01-11,2,0,0,True
SAFE_SITE_PROV_NETWORK_GEN_20260112,SITE_PROV_NETWORK,SITE_PROV_NETWORK_GEN,2026-01-12,1,0,2,True
SAFE_SITE_PROV_NETWORK_GEN_20260113,SITE_PROV_NETWORK,SITE_PROV_NETWORK_GEN,2026-01-13,2,0,3,True
SAFE_SITE_PROV_NETWORK_GEN_20260114,SITE_PROV_NETWORK,SITE_PROV_NETWORK_GEN,2026-01-14,0,1,2,True
SAFE_SITE_PROV_NETWORK_GEN_20260115,SITE_PROV_NETWORK,SITE_PROV_NETWORK_GEN,2026-01-15,2,0,1,True
SAFE_SITE_PROV_NETWORK_GEN_20260116,SITE_PROV_NETWORK,SITE_PROV_NETWORK_GEN,2026-01-16,2,1,1,True
SAFE_SITE_PROV_NETWORK_GEN_20260117,SITE_PROV_NETWORK,SITE_PROV_NETWORK_GEN,2026-01-17,1,0,3,True
SAFE_SITE_PROV_NETWORK_GEN_20260118,SITE_PROV_NETWORK,SITE_PROV_NETWORK_GEN,2026-01-18,1,1,1,True
SAFE_SITE_PROV_NETWORK_GEN_20260119,SITE_PROV_NETWORK,SITE_PROV_NETWORK_GEN,2026-01-19,2,0,1,True
SAFE_SITE_PROV_NETWORK_GEN_20260120,SITE_PROV_NETWORK,SITE_PROV_NETWORK_GEN,2026-01-20,1,1,0,True
SAFE_SITE_PROV_NETWORK_GEN_20260121,SITE_PROV_NETWORK,SITE_PROV_NETWORK_GEN,2026-01-21,4,0,1,True
SAFE_SITE_PROV_NETWORK_GEN_20260122,SITE_PROV_NETWORK,SITE_PROV_NETWORK_GEN,2026-01-22,1,0,3,True
SAFE_SITE_PROV_NETWORK_GEN_20260123,SITE_PROV_NETWORK,SITE_PROV_NETWORK_GEN,2026-01-23,1,2,0,True
SAFE_SITE_PROV_NETWORK_GEN_20260124,SITE_PROV_NETWORK,SITE_PROV_NETWORK_GEN,2026-01-24,0,2,1,True
SAFE_SITE_PROV_NETWORK_GEN_20260125,SITE_PROV_NETWORK,SITE_PROV_NETWORK_GEN,2026-01-25,0,0,2,True
SAFE_SITE_PROV_NETWORK_GEN_20260126,SITE_PROV_NETWORK,SITE_PROV_NETWORK_GEN,2026-01-26,1,0,1,True
SAFE_SITE_PROV_NETWORK_GEN_20260127,SITE_PROV_NETWORK,SITE_PROV_NETWORK_GEN,2026-01-27,2,1,1,True
SAFE_SITE_PROV_NETWORK_GEN_20260128,SITE_PROV_NETWORK,SITE_PROV_NETWORK_GEN,2026-01-28,1,1,0,True
SAFE_SITE_PROV_NETWORK_GEN_20260129,SITE_PROV_NETWORK,SITE_PROV_NETWORK_GEN,2026-01-29,2,0,1,True
SAFE_SITE_PROV_NETWORK_GEN_20260130,SITE_PROV_NETWORK,SITE_PROV_NETWORK_GEN,2026-01-30,2,1,0,True
SAFE_SITE_PROV_NETWORK_GEN_20260131,SITE_PROV_NETWORK,SITE_PROV_NETWORK_GEN,2026-01-31,2,1,6,True
SAFE_SITE_PROV_NETWORK_GEN_20260201,SITE_PROV_NETWORK,SITE_PROV_NETWORK_GEN,2026-02-01,2,0,1,True
SAFE_SITE_PROV_NETWORK_GEN_20260202,SITE_PROV_NETWORK,SITE_PROV_NETWORK_GEN,2026-02-02,1,1,0,True
SAFE_SITE_PROV_NETWORK_GEN_20260203,SITE_PROV_NETWORK,SITE_PROV_NETWORK_GEN,2026-02-03,3,0,1,True
SAFE_SITE_PROV_NETWORK_GEN_20260204,SITE_PROV_NETWORK,SITE_PROV_NETWORK_GEN,2026-02-04,4,1,1,True
SAFE_SITE_PROV_NETWORK_GEN_20260205,SITE_PROV_NETWORK,SITE_PROV_NETWORK_GEN,2026-02-05,0,0,1,True
SAFE_SITE_PROV_NETWORK_GEN_20260206,SITE_PROV_NETWORK,SITE_PROV_NETWORK_GEN,2026-02-06,1,0,0,True
SAFE_SITE_PROV_NETWORK_GEN_20260207,SITE_PROV_NETWORK,SITE_PROV_NETWORK_GEN,2026-02-07,2,1,0,True
SAFE_SITE_PROV_NETWORK_GEN_20260208,SITE_PROV_NETWORK,SITE_PROV_NETWORK_GEN,2026-02-08,3,0,0,True
SAFE_SITE_PROV_NETWORK_GEN_20260209,SITE_PROV_NETWORK,SITE_PROV_NETWORK_GEN,2026-02-09,1,0,1,True
SAFE_SITE_PROV_NETWORK_GEN_20260210,SITE_PROV_NETWORK,SITE_PROV_NETWORK_GEN,2026-02-10,2,0,1,True
SAFE_SITE_PROV_NETWORK_GEN_20260211,SITE_PROV_NETWORK,SITE_PROV_NETWORK_GEN,2026-02-11,1,0,1,True
SAFE_SITE_PROV_NETWORK_GEN_20260212,SITE_PROV_NETWORK,SITE_PROV_NETWORK_GEN,2026-02-12,0,2,0,True
SAFE_SITE_PROV_NETWORK_GEN_20260213,SITE_PROV_NETWORK,SITE_PROV_NETWORK_GEN,2026-02-13,3,0,1,True
SAFE_SITE_PROV_NETWORK_GEN_20260214,SITE_PROV_NETWORK,SITE_PROV_NETWORK_GEN,2026-02-14,2,0,2,True
SAFE_SITE_PROV_NETWORK_GEN_20260215,SITE_PROV_NETWORK,SITE_PROV_NETWORK_GEN,2026-02-15,4,0,2,True
SAFE_SITE_PROV_NETWORK_GEN_20260216,SITE_PROV_NETWORK,SITE_PROV_NETWORK_GEN,2026-02-16,1,0,2,True
SAFE_SITE_PROV_NETWORK_GEN_20260217,SITE_PROV_NETWORK,SITE_PROV_NETWORK_GEN,2026-02-17,1,1,0,True
SAFE_SITE_PROV_NETWORK_GEN_20260218,SITE_PROV_NETWORK,SITE_PROV_NETWORK_GEN,2026-02-18,1,1,0,True
SAFE_SITE_PROV_NETWORK_GEN_20260219,SITE_PROV_NETWORK,SITE_PROV_NETWORK_GEN,2026-02-19,1,0,0,True
SAFE_SITE_PROV_NETWORK_GEN_20260220,SITE_PROV_NETWORK,SITE_PROV_NETWORK_GEN,2026-02-20,2,2,0,True
SAFE_SITE_PROV_NETWORK_GEN_20260221,SITE_PROV_NETWORK,SITE_PROV_NETWORK_GEN,2026-02-21,0,1,0,True
SAFE_SITE_PROV_NETWORK_GEN_20260222,SITE_PROV_NETWORK,SITE_PROV_NETWORK_GEN,2026-02-22,1,2,1,True
SAFE_SITE_PROV_NETWORK_GEN_20260223,SITE_PROV_NETWORK,SITE_PROV_NETWORK_GEN,2026-02-23,0,1,2,True
SAFE_SITE_PROV_NETWORK_GEN_20260224,SITE_PROV_NETWORK,SITE_PROV_NETWORK_GEN,2026-02-24,1,0,3,True
SAFE_SITE_PROV_NETWORK_GEN_20260225,SITE_PROV_NETWORK,SITE_PROV_NETWORK_GEN,2026-02-25,3,0,0,True
SAFE_SITE_PROV_NETWORK_GEN_20260226,SITE_PROV_NETWORK,SITE_PROV_NETWORK_GEN,2026-02-26,4,1,0,True
SAFE_SITE_PROV_NETWORK_GEN_20260227,SITE_PROV_NETWORK,SITE_PROV_NETWORK_GEN,2026-02-27,2,0,1,True
SAFE_SITE_PROV_NETWORK_GEN_20260228,SITE_PROV_NETWORK,SITE_PROV_NETWORK_GEN,2026-02-28,0,0,1,True
SAFE_SITE_PROV_NETWORK_GEN_20260301,SITE_PROV_NETWORK,SITE_PROV_NETWORK_GEN,2026-03-01,0,0,0,True
SAFE_SITE_PROV_NETWORK_GEN_20260302,SITE_PROV_NETWORK,SITE_PROV_NETWORK_GEN,2026-03-02,3,0,0,True
SAFE_SITE_PROV_NETWORK_GEN_20260303,SITE_PROV_NETWORK,SITE_PROV_NETWORK_GEN,2026-03-03,1,1,1,True
SAFE_SITE_PROV_NETWORK_GEN_20260304,SITE_PROV_NETWORK,SITE_PROV_NETWORK_GEN,2026-03-04,2,0,2,True
SAFE_SITE_PROV_NETWORK_GEN_20260305,SITE_PROV_NETWORK,SITE_PROV_NETWORK_GEN,2026-03-05,1,2,0,True
SAFE_SITE_PROV_NETWORK_GEN_20260306,SITE_PROV_NETWORK,SITE_PROV_NETWORK_GEN,2026-03-06,1,1,1,True
SAFE_SITE_PROV_NETWORK_GEN_20260307,SITE_PROV_NETWORK,SITE_PROV_NETWORK_GEN,2026-03-07,0,0,1,True
SAFE_SITE_PROV_NETWORK_GEN_20260308,SITE_PROV_NETWORK,SITE_PROV_NETWORK_GEN,2026-03-08,3,0,1,True
SAFE_SITE_PROV_NETWORK_GEN_20260309,SITE_PROV_NETWORK,SITE_PROV_NETWORK_GEN,2026-03-09,3,1,0,True
SAFE_SITE_PROV_NETWORK_GEN_20260310,SITE_PROV_NETWORK,SITE_PROV_NETWORK_GEN,2026-03-10,2,0,0,True
SAFE_SITE_PROV_NETWORK_GEN_20260311,SITE_PROV_NETWORK,SITE_PROV_NETWORK_GEN,2026-03-11,1,0,1,True
SAFE_SITE_PROV_NETWORK_GEN_20260312,SITE_PROV_NETWORK,SITE_PROV_NETWORK_GEN,2026-03-12,3,1,2,True
SAFE_SITE_PROV_NETWORK_GEN_20260313,SITE_PROV_NETWORK,SITE_PROV_NETWORK_GEN,2026-03-13,2,0,2,True
SAFE_SITE_PROV_NETWORK_GEN_20260314,SITE_PROV_NETWORK,SITE_PROV_NETWORK_GEN,2026-03-14,0,1,1,True
SAFE_SITE_PROV_NETWORK_GEN_20260315,SITE_PROV_NETWORK,SITE_PROV_NETWORK_GEN,2026-03-15,1,1,1,True
SAFE_SITE_PROV_NETWORK_GEN_20260316,SITE_PROV_NETWORK,SITE_PROV_NETWORK_GEN,2026-03-16,0,0,1,True
SAFE_SITE_PROV_NETWORK_GEN_20260317,SITE_PROV_NETWORK,SITE_PROV_NETWORK_GEN,2026-03-17,0,0,2,True
SAFE_SITE_PROV_NETWORK_GEN_20260318,SITE_PROV_NETWORK,SITE_PROV_NETWORK_GEN,2026-03-18,0,0,3,True
SAFE_SITE_PROV_NETWORK_GEN_20260319,SITE_PROV_NETWORK,SITE_PROV_NETWORK_GEN,2026-03-19,1,0,1,True
SAFE_SITE_PROV_NETWORK_GEN_20260320,SITE_PROV_NETWORK,SITE_PROV_NETWORK_GEN,2026-03-20,4,0,1,True
SAFE_SITE_PROV_NETWORK_GEN_20260321,SITE_PROV_NETWORK,SITE_PROV_NETWORK_GEN,2026-03-21,2,1,1,True
SAFE_SITE_PROV_NETWORK_GEN_20260322,SITE_PROV_NETWORK,SITE_PROV_NETWORK_GEN,2026-03-22,2,0,1,True
SAFE_SITE_PROV_NETWORK_GEN_20260323,SITE_PROV_NETWORK,SITE_PROV_NETWORK_GEN,2026-03-23,4,0,1,True
SAFE_SITE_PROV_NETWORK_GEN_20260324,SITE_PROV_NETWORK,SITE_PROV_NETWORK_GEN,2026-03-24,3,2,0,True
SAFE_SITE_PROV_NETWORK_GEN_20260325,SITE_PROV_NETWORK,SITE_PROV_NETWORK_GEN,2026-03-25,2,0,2,True
SAFE_SITE_PROV_NETWORK_GEN_20260326,SITE_PROV_NETWORK,SITE_PROV_NETWORK_GEN,2026-03-26,0,0,0,True
SAFE_SITE_PROV_NETWORK_GEN_20260327,SITE_PROV_NETWORK,SITE_PROV_NETWORK_GEN,2026-03-27,0,1,2,True
SAFE_SITE_PROV_NETWORK_GEN_20260328,SITE_PROV_NETWORK,SITE_PROV_NETWORK_GEN,2026-03-28,3,0,1,True
SAFE_SITE_PROV_NETWORK_GEN_20260329,SITE_PROV_NETWORK,SITE_PROV_NETWORK_GEN,2026-03-29,2,0,0,True
SAFE_SITE_PROV_NETWORK_GEN_20260330,SITE_PROV_NETWORK,SITE_PROV_NETWORK_GEN,2026-03-30,3,0,2,True
SAFE_SITE_PROV_NETWORK_GEN_20260331,SITE_PROV_NETWORK,SITE_PROV_NETWORK_GEN,2026-03-31,1,1,1,True
SAFE_SITE_PROV_NETWORK_GEN_20260401,SITE_PROV_NETWORK,SITE_PROV_NETWORK_GEN,2026-04-01,1,3,0,True
SAFE_SITE_PROV_NETWORK_GEN_20260402,SITE_PROV_NETWORK,SITE_PROV_NETWORK_GEN,2026-04-02,0,0,1,True
SAFE_SITE_PROV_NETWORK_GEN_20260403,SITE_PROV_NETWORK,SITE_PROV_NETWORK_GEN,2026-04-03,1,0,1,True
SAFE_SITE_PROV_NETWORK_GEN_20260404,SITE_PROV_NETWORK,SITE_PROV_NETWORK_GEN,2026-04-04,1,0,0,True
SAFE_SITE_PROV_NETWORK_GEN_20260405,SITE_PROV_NETWORK,SITE_PROV_NETWORK_GEN,2026-04-05,1,0,0,True
SAFE_SITE_PROV_NETWORK_GEN_20260406,SITE_PROV_NETWORK,SITE_PROV_NETWORK_GEN,2026-04-06,0,1,1,True
SAFE_SITE_PROV_NETWORK_GEN_20260407,SITE_PROV_NETWORK,SITE_PROV_NETWORK_GEN,2026-04-07,0,2,0,True
SAFE_SITE_PROV_NETWORK_GEN_20260408,SITE_PROV_NETWORK,SITE_PROV_NETWORK_GEN,2026-04-08,0,1,1,True
SAFE_SITE_PROV_NETWORK_GEN_20260409,SITE_PROV_NETWORK,SITE_PROV_NETWORK_GEN,2026-04-09,1,0,0,True
SAFE_SITE_PROV_NETWORK_GEN_20260410,SITE_PROV_NETWORK,SITE_PROV_NETWORK_GEN,2026-04-10,0,0,1,True
SAFE_SITE_PROV_NETWORK_GEN_20260411,SITE_PROV_NETWORK,SITE_PROV_NETWORK_GEN,2026-04-11,0,0,1,True
SAFE_SITE_PROV_NETWORK_GEN_20260412,SITE_PROV_NETWORK,SITE_PROV_NETWORK_GEN,2026-04-12,1,0,3,True
SAFE_SITE_PROV_NETWORK_GEN_20260413,SITE_PROV_NETWORK,SITE_PROV_NETWORK_GEN,2026-04-13,3,0,1,True
SAFE_SITE_PROV_NETWORK_GEN_20260414,SITE_PROV_NETWORK,SITE_PROV_NETWORK_GEN,2026-04-14,2,1,1,True
SAFE_SITE_PROV_NETWORK_GEN_20260415,SITE_PROV_NETWORK,SITE_PROV_NETWORK_GEN,2026-04-15,2,1,1,True
SAFE_SITE_PROV_NETWORK_GEN_20260416,SITE_PROV_NETWORK,SITE_PROV_NETWORK_GEN,2026-04-16,3,1,1,True
SAFE_SITE_PROV_NETWORK_GEN_20260417,SITE_PROV_NETWORK,SITE_PROV_NETWORK_GEN,2026-04-17,1,1,1,True
SAFE_SITE_PROV_NETWORK_GEN_20260418,SITE_PROV_NETWORK,SITE_PROV_NETWORK_GEN,2026-04-18,1,0,1,True
SAFE_SITE_PROV_NETWORK_GEN_20260419,SITE_PROV_NETWORK,SITE_PROV_NETWORK_GEN,2026-04-19,2,0,1,True
SAFE_SITE_PROV_NETWORK_GEN_20260420,SITE_PROV_NETWORK,SITE_PROV_NETWORK_GEN,2026-04-20,1,0,0,True
SAFE_SITE_PROV_NETWORK_GEN_20260421,SITE_PROV_NETWORK,SITE_PROV_NETWORK_GEN,2026-04-21,0,1,0,True
SAFE_SITE_PROV_NETWORK_GEN_20260422,SITE_PROV_NETWORK,SITE_PROV_NETWORK_GEN,2026-04-22,1,0,3,True
SAFE_SITE_PROV_NETWORK_GEN_20260423,SITE_PROV_NETWORK,SITE_PROV_NETWORK_GEN,2026-04-23,0,0,1,True
SAFE_SITE_PROV_NETWORK_GEN_20260424,SITE_PROV_NETWORK,SITE_PROV_NETWORK_GEN,2026-04-24,3,2,0,True
SAFE_SITE_PROV_NETWORK_GEN_20260425,SITE_PROV_NETWORK,SITE_PROV_NETWORK_GEN,2026-04-25,1,0,1,True
SAFE_SITE_PROV_NETWORK_GEN_20260426,SITE_PROV_NETWORK,SITE_PROV_NETWORK_GEN,2026-04-26,2,1,1,True
SAFE_SITE_PROV_NETWORK_GEN_20260427,SITE_PROV_NETWORK,SITE_PROV_NETWORK_GEN,2026-04-27,2,0,0,True
SAFE_SITE_PROV_NETWORK_GEN_20260428,SITE_PROV_NETWORK,SITE_PROV_NETWORK_GEN,2026-04-28,1,1,1,True
SAFE_SITE_PROV_NETWORK_GEN_20260429,SITE_PROV_NETWORK,SITE_PROV_NETWORK_GEN,2026-04-29,0,0,0,True
SAFE_SITE_PROV_NETWORK_GEN_20260430,SITE_PROV_NETWORK,SITE_PROV_NETWORK_GEN,2026-04-30,0,0,1,True
SAFE_SITE_PROV_NETWORK_RESP_20260101,SITE_PROV_NETWORK,SITE_PROV_NETWORK_RESP,2026-01-01,0,0,0,True
SAFE_SITE_PROV_NETWORK_RESP_20260102,SITE_PROV_NETWORK,SITE_PROV_NETWORK_RESP,2026-01-02,1,1,0,True
SAFE_SITE_PROV_NETWORK_RESP_20260103,SITE_PROV_NETWORK,SITE_PROV_NETWORK_RESP,2026-01-03,2,1,1,True
SAFE_SITE_PROV_NETWORK_RESP_20260104,SITE_PROV_NETWORK,SITE_PROV_NETWORK_RESP,2026-01-04,2,0,1,True
SAFE_SITE_PROV_NETWORK_RESP_20260105,SITE_PROV_NETWORK,SITE_PROV_NETWORK_RESP,2026-01-05,2,2,2,True
SAFE_SITE_PROV_NETWORK_RESP_20260106,SITE_PROV_NETWORK,SITE_PROV_NETWORK_RESP,2026-01-06,1,1,4,True
SAFE_SITE_PROV_NETWORK_RESP_20260107,SITE_PROV_NETWORK,SITE_PROV_NETWORK_RESP,2026-01-07,0,1,0,True
SAFE_SITE_PROV_NETWORK_RESP_20260108,SITE_PROV_NETWORK,SITE_PROV_NETWORK_RESP,2026-01-08,3,1,2,True
SAFE_SITE_PROV_NETWORK_RESP_20260109,SITE_PROV_NETWORK,SITE_PROV_NETWORK_RESP,2026-01-09,1,0,1,True
SAFE_SITE_PROV_NETWORK_RESP_20260110,SITE_PROV_NETWORK,SITE_PROV_NETWORK_RESP,2026-01-10,2,0,0,True
SAFE_SITE_PROV_NETWORK_RESP_20260111,SITE_PROV_NETWORK,SITE_PROV_NETWORK_RESP,2026-01-11,0,2,0,True
SAFE_SITE_PROV_NETWORK_RESP_20260112,SITE_PROV_NETWORK,SITE_PROV_NETWORK_RESP,2026-01-12,1,2,0,True
SAFE_SITE_PROV_NETWORK_RESP_20260113,SITE_PROV_NETWORK,SITE_PROV_NETWORK_RESP,2026-01-13,3,0,0,True
SAFE_SITE_PROV_NETWORK_RESP_20260114,SITE_PROV_NETWORK,SITE_PROV_NETWORK_RESP,2026-01-14,0,1,0,True
SAFE_SITE_PROV_NETWORK_RESP_20260115,SITE_PROV_NETWORK,SITE_PROV_NETWORK_RESP,2026-01-15,0,0,1,True
SAFE_SITE_PROV_NETWORK_RESP_20260116,SITE_PROV_NETWORK,SITE_PROV_NETWORK_RESP,2026-01-16,0,0,0,True
SAFE_SITE_PROV_NETWORK_RESP_20260117,SITE_PROV_NETWORK,SITE_PROV_NETWORK_RESP,2026-01-17,1,0,0,True
SAFE_SITE_PROV_NETWORK_RESP_20260118,SITE_PROV_NETWORK,SITE_PROV_NETWORK_RESP,2026-01-18,0,1,0,True
SAFE_SITE_PROV_NETWORK_RESP_20260119,SITE_PROV_NETWORK,SITE_PROV_NETWORK_RESP,2026-01-19,1,0,1,True
SAFE_SITE_PROV_NETWORK_RESP_20260120,SITE_PROV_NETWORK,SITE_PROV_NETWORK_RESP,2026-01-20,2,0,0,True
SAFE_SITE_PROV_NETWORK_RESP_20260121,SITE_PROV_NETWORK,SITE_PROV_NETWORK_RESP,2026-01-21,0,0,0,True
SAFE_SITE_PROV_NETWORK_RESP_20260122,SITE_PROV_NETWORK,SITE_PROV_NETWORK_RESP,2026-01-22,2,1,0,True
SAFE_SITE_PROV_NETWORK_RESP_20260123,SITE_PROV_NETWORK,SITE_PROV_NETWORK_RESP,2026-01-23,1,1,0,True
SAFE_SITE_PROV_NETWORK_RESP_20260124,SITE_PROV_NETWORK,SITE_PROV_NETWORK_RESP,2026-01-24,3,1,1,True
SAFE_SITE_PROV_NETWORK_RESP_20260125,SITE_PROV_NETWORK,SITE_PROV_NETWORK_RESP,2026-01-25,0,2,0,True
SAFE_SITE_PROV_NETWORK_RESP_20260126,SITE_PROV_NETWORK,SITE_PROV_NETWORK_RESP,2026-01-26,1,0,1,True
SAFE_SITE_PROV_NETWORK_RESP_20260127,SITE_PROV_NETWORK,SITE_PROV_NETWORK_RESP,2026-01-27,1,0,1,True
SAFE_SITE_PROV_NETWORK_RESP_20260128,SITE_PROV_NETWORK,SITE_PROV_NETWORK_RESP,2026-01-28,1,0,0,True
SAFE_SITE_PROV_NETWORK_RESP_20260129,SITE_PROV_NETWORK,SITE_PROV_NETWORK_RESP,2026-01-29,2,0,1,True
SAFE_SITE_PROV_NETWORK_RESP_20260130,SITE_PROV_NETWORK,SITE_PROV_NETWORK_RESP,2026-01-30,1,0,4,True
SAFE_SITE_PROV_NETWORK_RESP_20260131,SITE_PROV_NETWORK,SITE_PROV_NETWORK_RESP,2026-01-31,2,0,2,True
SAFE_SITE_PROV_NETWORK_RESP_20260201,SITE_PROV_NETWORK,SITE_PROV_NETWORK_RESP,2026-02-01,2,0,1,True
SAFE_SITE_PROV_NETWORK_RESP_20260202,SITE_PROV_NETWORK,SITE_PROV_NETWORK_RESP,2026-02-02,3,1,0,True
SAFE_SITE_PROV_NETWORK_RESP_20260203,SITE_PROV_NETWORK,SITE_PROV_NETWORK_RESP,2026-02-03,1,1,1,True
SAFE_SITE_PROV_NETWORK_RESP_20260204,SITE_PROV_NETWORK,SITE_PROV_NETWORK_RESP,2026-02-04,3,2,0,True
SAFE_SITE_PROV_NETWORK_RESP_20260205,SITE_PROV_NETWORK,SITE_PROV_NETWORK_RESP,2026-02-05,0,1,0,True
SAFE_SITE_PROV_NETWORK_RESP_20260206,SITE_PROV_NETWORK,SITE_PROV_NETWORK_RESP,2026-02-06,2,1,0,True
SAFE_SITE_PROV_NETWORK_RESP_20260207,SITE_PROV_NETWORK,SITE_PROV_NETWORK_RESP,2026-02-07,0,0,2,True
SAFE_SITE_PROV_NETWORK_RESP_20260208,SITE_PROV_NETWORK,SITE_PROV_NETWORK_RESP,2026-02-08,3,2,0,True
SAFE_SITE_PROV_NETWORK_RESP_20260209,SITE_PROV_NETWORK,SITE_PROV_NETWORK_RESP,2026-02-09,1,0,1,True
SAFE_SITE_PROV_NETWORK_RESP_20260210,SITE_PROV_NETWORK,SITE_PROV_NETWORK_RESP,2026-02-10,3,0,0,True
SAFE_SITE_PROV_NETWORK_RESP_20260211,SITE_PROV_NETWORK,SITE_PROV_NETWORK_RESP,2026-02-11,2,1,0,True
SAFE_SITE_PROV_NETWORK_RESP_20260212,SITE_PROV_NETWORK,SITE_PROV_NETWORK_RESP,2026-02-12,5,2,0,True
SAFE_SITE_PROV_NETWORK_RESP_20260213,SITE_PROV_NETWORK,SITE_PROV_NETWORK_RESP,2026-02-13,1,0,0,True
SAFE_SITE_PROV_NETWORK_RESP_20260214,SITE_PROV_NETWORK,SITE_PROV_NETWORK_RESP,2026-02-14,1,0,2,True
SAFE_SITE_PROV_NETWORK_RESP_20260215,SITE_PROV_NETWORK,SITE_PROV_NETWORK_RESP,2026-02-15,0,0,0,True
SAFE_SITE_PROV_NETWORK_RESP_20260216,SITE_PROV_NETWORK,SITE_PROV_NETWORK_RESP,2026-02-16,3,0,0,True
SAFE_SITE_PROV_NETWORK_RESP_20260217,SITE_PROV_NETWORK,SITE_PROV_NETWORK_RESP,2026-02-17,2,3,2,True
SAFE_SITE_PROV_NETWORK_RESP_20260218,SITE_PROV_NETWORK,SITE_PROV_NETWORK_RESP,2026-02-18,1,0,1,True
SAFE_SITE_PROV_NETWORK_RESP_20260219,SITE_PROV_NETWORK,SITE_PROV_NETWORK_RESP,2026-02-19,0,1,2,True
SAFE_SITE_PROV_NETWORK_RESP_20260220,SITE_PROV_NETWORK,SITE_PROV_NETWORK_RESP,2026-02-20,2,0,1,True
SAFE_SITE_PROV_NETWORK_RESP_20260221,SITE_PROV_NETWORK,SITE_PROV_NETWORK_RESP,2026-02-21,0,0,1,True
SAFE_SITE_PROV_NETWORK_RESP_20260222,SITE_PROV_NETWORK,SITE_PROV_NETWORK_RESP,2026-02-22,2,0,1,True
SAFE_SITE_PROV_NETWORK_RESP_20260223,SITE_PROV_NETWORK,SITE_PROV_NETWORK_RESP,2026-02-23,2,0,0,True
SAFE_SITE_PROV_NETWORK_RESP_20260224,SITE_PROV_NETWORK,SITE_PROV_NETWORK_RESP,2026-02-24,1,1,0,True
SAFE_SITE_PROV_NETWORK_RESP_20260225,SITE_PROV_NETWORK,SITE_PROV_NETWORK_RESP,2026-02-25,0,0,1,True
SAFE_SITE_PROV_NETWORK_RESP_20260226,SITE_PROV_NETWORK,SITE_PROV_NETWORK_RESP,2026-02-26,1,2,0,True
SAFE_SITE_PROV_NETWORK_RESP_20260227,SITE_PROV_NETWORK,SITE_PROV_NETWORK_RESP,2026-02-27,2,0,0,True
SAFE_SITE_PROV_NETWORK_RESP_20260228,SITE_PROV_NETWORK,SITE_PROV_NETWORK_RESP,2026-02-28,1,1,1,True
SAFE_SITE_PROV_NETWORK_RESP_20260301,SITE_PROV_NETWORK,SITE_PROV_NETWORK_RESP,2026-03-01,0,0,1,True
SAFE_SITE_PROV_NETWORK_RESP_20260302,SITE_PROV_NETWORK,SITE_PROV_NETWORK_RESP,2026-03-02,3,0,0,True
SAFE_SITE_PROV_NETWORK_RESP_20260303,SITE_PROV_NETWORK,SITE_PROV_NETWORK_RESP,2026-03-03,5,1,0,True
SAFE_SITE_PROV_NETWORK_RESP_20260304,SITE_PROV_NETWORK,SITE_PROV_NETWORK_RESP,2026-03-04,0,0,1,True
SAFE_SITE_PROV_NETWORK_RESP_20260305,SITE_PROV_NETWORK,SITE_PROV_NETWORK_RESP,2026-03-05,2,0,0,True
SAFE_SITE_PROV_NETWORK_RESP_20260306,SITE_PROV_NETWORK,SITE_PROV_NETWORK_RESP,2026-03-06,5,0,2,True
SAFE_SITE_PROV_NETWORK_RESP_20260307,SITE_PROV_NETWORK,SITE_PROV_NETWORK_RESP,2026-03-07,0,1,0,True
SAFE_SITE_PROV_NETWORK_RESP_20260308,SITE_PROV_NETWORK,SITE_PROV_NETWORK_RESP,2026-03-08,1,0,1,True
SAFE_SITE_PROV_NETWORK_RESP_20260309,SITE_PROV_NETWORK,SITE_PROV_NETWORK_RESP,2026-03-09,2,0,0,True
SAFE_SITE_PROV_NETWORK_RESP_20260310,SITE_PROV_NETWORK,SITE_PROV_NETWORK_RESP,2026-03-10,3,0,0,True
SAFE_SITE_PROV_NETWORK_RESP_20260311,SITE_PROV_NETWORK,SITE_PROV_NETWORK_RESP,2026-03-11,1,0,0,True
SAFE_SITE_PROV_NETWORK_RESP_20260312,SITE_PROV_NETWORK,SITE_PROV_NETWORK_RESP,2026-03-12,1,0,0,True
SAFE_SITE_PROV_NETWORK_RESP_20260313,SITE_PROV_NETWORK,SITE_PROV_NETWORK_RESP,2026-03-13,2,2,1,True
SAFE_SITE_PROV_NETWORK_RESP_20260314,SITE_PROV_NETWORK,SITE_PROV_NETWORK_RESP,2026-03-14,1,1,0,True
SAFE_SITE_PROV_NETWORK_RESP_20260315,SITE_PROV_NETWORK,SITE_PROV_NETWORK_RESP,2026-03-15,0,1,1,True
SAFE_SITE_PROV_NETWORK_RESP_20260316,SITE_PROV_NETWORK,SITE_PROV_NETWORK_RESP,2026-03-16,3,0,1,True
SAFE_SITE_PROV_NETWORK_RESP_20260317,SITE_PROV_NETWORK,SITE_PROV_NETWORK_RESP,2026-03-17,2,0,0,True
SAFE_SITE_PROV_NETWORK_RESP_20260318,SITE_PROV_NETWORK,SITE_PROV_NETWORK_RESP,2026-03-18,2,1,0,True
SAFE_SITE_PROV_NETWORK_RESP_20260319,SITE_PROV_NETWORK,SITE_PROV_NETWORK_RESP,2026-03-19,0,1,1,True
SAFE_SITE_PROV_NETWORK_RESP_20260320,SITE_PROV_NETWORK,SITE_PROV_NETWORK_RESP,2026-03-20,1,0,0,True
SAFE_SITE_PROV_NETWORK_RESP_20260321,SITE_PROV_NETWORK,SITE_PROV_NETWORK_RESP,2026-03-21,0,0,1,True
SAFE_SITE_PROV_NETWORK_RESP_20260322,SITE_PROV_NETWORK,SITE_PROV_NETWORK_RESP,2026-03-22,1,1,0,True
SAFE_SITE_PROV_NETWORK_RESP_20260323,SITE_PROV_NETWORK,SITE_PROV_NETWORK_RESP,2026-03-23,1,0,1,True
SAFE_SITE_PROV_NETWORK_RESP_20260324,SITE_PROV_NETWORK,SITE_PROV_NETWORK_RESP,2026-03-24,2,0,0,True
SAFE_SITE_PROV_NETWORK_RESP_20260325,SITE_PROV_NETWORK,SITE_PROV_NETWORK_RESP,2026-03-25,2,2,3,True
SAFE_SITE_PROV_NETWORK_RESP_20260326,SITE_PROV_NETWORK,SITE_PROV_NETWORK_RESP,2026-03-26,0,0,1,True
SAFE_SITE_PROV_NETWORK_RESP_20260327,SITE_PROV_NETWORK,SITE_PROV_NETWORK_RESP,2026-03-27,0,0,4,True
SAFE_SITE_PROV_NETWORK_RESP_20260328,SITE_PROV_NETWORK,SITE_PROV_NETWORK_RESP,2026-03-28,1,2,0,True
SAFE_SITE_PROV_NETWORK_RESP_20260329,SITE_PROV_NETWORK,SITE_PROV_NETWORK_RESP,2026-03-29,0,1,1,True
SAFE_SITE_PROV_NETWORK_RESP_20260330,SITE_PROV_NETWORK,SITE_PROV_NETWORK_RESP,2026-03-30,1,0,0,True
SAFE_SITE_PROV_NETWORK_RESP_20260331,SITE_PROV_NETWORK,SITE_PROV_NETWORK_RESP,2026-03-31,2,1,0,True
SAFE_SITE_PROV_NETWORK_RESP_20260401,SITE_PROV_NETWORK,SITE_PROV_NETWORK_RESP,2026-04-01,4,2,0,True
SAFE_SITE_PROV_NETWORK_RESP_20260402,SITE_PROV_NETWORK,SITE_PROV_NETWORK_RESP,2026-04-02,1,0,0,True
SAFE_SITE_PROV_NETWORK_RESP_20260403,SITE_PROV_NETWORK,SITE_PROV_NETWORK_RESP,2026-04-03,1,1,1,True
SAFE_SITE_PROV_NETWORK_RESP_20260404,SITE_PROV_NETWORK,SITE_PROV_NETWORK_RESP,2026-04-04,0,0,1,True
SAFE_SITE_PROV_NETWORK_RESP_20260405,SITE_PROV_NETWORK,SITE_PROV_NETWORK_RESP,2026-04-05,2,0,0,True
SAFE_SITE_PROV_NETWORK_RESP_20260406,SITE_PROV_NETWORK,SITE_PROV_NETWORK_RESP,2026-04-06,0,0,0,True
SAFE_SITE_PROV_NETWORK_RESP_20260407,SITE_PROV_NETWORK,SITE_PROV_NETWORK_RESP,2026-04-07,3,0,1,True
SAFE_SITE_PROV_NETWORK_RESP_20260408,SITE_PROV_NETWORK,SITE_PROV_NETWORK_RESP,2026-04-08,0,0,1,True
SAFE_SITE_PROV_NETWORK_RESP_20260409,SITE_PROV_NETWORK,SITE_PROV_NETWORK_RESP,2026-04-09,2,0,1,True
SAFE_SITE_PROV_NETWORK_RESP_20260410,SITE_PROV_NETWORK,SITE_PROV_NETWORK_RESP,2026-04-10,1,1,1,True
SAFE_SITE_PROV_NETWORK_RESP_20260411,SITE_PROV_NETWORK,SITE_PROV_NETWORK_RESP,2026-04-11,2,0,1,True
SAFE_SITE_PROV_NETWORK_RESP_20260412,SITE_PROV_NETWORK,SITE_PROV_NETWORK_RESP,2026-04-12,3,2,0,True
SAFE_SITE_PROV_NETWORK_RESP_20260413,SITE_PROV_NETWORK,SITE_PROV_NETWORK_RESP,2026-04-13,0,0,0,True
SAFE_SITE_PROV_NETWORK_RESP_20260414,SITE_PROV_NETWORK,SITE_PROV_NETWORK_RESP,2026-04-14,1,0,2,True
SAFE_SITE_PROV_NETWORK_RESP_20260415,SITE_PROV_NETWORK,SITE_PROV_NETWORK_RESP,2026-04-15,2,0,1,True
SAFE_SITE_PROV_NETWORK_RESP_20260416,SITE_PROV_NETWORK,SITE_PROV_NETWORK_RESP,2026-04-16,1,0,0,True
SAFE_SITE_PROV_NETWORK_RESP_20260417,SITE_PROV_NETWORK,SITE_PROV_NETWORK_RESP,2026-04-17,1,0,0,True
SAFE_SITE_PROV_NETWORK_RESP_20260418,SITE_PROV_NETWORK,SITE_PROV_NETWORK_RESP,2026-04-18,1,0,1,True
SAFE_SITE_PROV_NETWORK_RESP_20260419,SITE_PROV_NETWORK,SITE_PROV_NETWORK_RESP,2026-04-19,0,0,0,True
SAFE_SITE_PROV_NETWORK_RESP_20260420,SITE_PROV_NETWORK,SITE_PROV_NETWORK_RESP,2026-04-20,2,0,2,True
SAFE_SITE_PROV_NETWORK_RESP_20260421,SITE_PROV_NETWORK,SITE_PROV_NETWORK_RESP,2026-04-21,1,1,0,True
SAFE_SITE_PROV_NETWORK_RESP_20260422,SITE_PROV_NETWORK,SITE_PROV_NETWORK_RESP,2026-04-22,2,3,0,True
SAFE_SITE_PROV_NETWORK_RESP_20260423,SITE_PROV_NETWORK,SITE_PROV_NETWORK_RESP,2026-04-23,2,1,0,True
SAFE_SITE_PROV_NETWORK_RESP_20260424,SITE_PROV_NETWORK,SITE_PROV_NETWORK_RESP,2026-04-24,4,0,0,True
SAFE_SITE_PROV_NETWORK_RESP_20260425,SITE_PROV_NETWORK,SITE_PROV_NETWORK_RESP,2026-04-25,1,1,1,True
SAFE_SITE_PROV_NETWORK_RESP_20260426,SITE_PROV_NETWORK,SITE_PROV_NETWORK_RESP,2026-04-26,1,1,5,True
SAFE_SITE_PROV_NETWORK_RESP_20260427,SITE_PROV_NETWORK,SITE_PROV_NETWORK_RESP,2026-04-27,1,0,1,True
SAFE_SITE_PROV_NETWORK_RESP_20260428,SITE_PROV_NETWORK,SITE_PROV_NETWORK_RESP,2026-04-28,0,0,2,True
SAFE_SITE_PROV_NETWORK_RESP_20260429,SITE_PROV_NETWORK,SITE_PROV_NETWORK_RESP,2026-04-29,0,1,0,True
SAFE_SITE_PROV_NETWORK_RESP_20260430,SITE_PROV_NETWORK,SITE_PROV_NETWORK_RESP,2026-04-30,1,1,0,True
SAFE_SITE_PROV_NETWORK_SURG_20260101,SITE_PROV_NETWORK,SITE_PROV_NETWORK_SURG,2026-01-01,0,2,1,True
SAFE_SITE_PROV_NETWORK_SURG_20260102,SITE_PROV_NETWORK,SITE_PROV_NETWORK_SURG,2026-01-02,3,0,0,True
SAFE_SITE_PROV_NETWORK_SURG_20260103,SITE_PROV_NETWORK,SITE_PROV_NETWORK_SURG,2026-01-03,0,0,0,True
SAFE_SITE_PROV_NETWORK_SURG_20260104,SITE_PROV_NETWORK,SITE_PROV_NETWORK_SURG,2026-01-04,0,0,0,True
SAFE_SITE_PROV_NETWORK_SURG_20260105,SITE_PROV_NETWORK,SITE_PROV_NETWORK_SURG,2026-01-05,0,0,1,True
SAFE_SITE_PROV_NETWORK_SURG_20260106,SITE_PROV_NETWORK,SITE_PROV_NETWORK_SURG,2026-01-06,0,0,1,True
SAFE_SITE_PROV_NETWORK_SURG_20260107,SITE_PROV_NETWORK,SITE_PROV_NETWORK_SURG,2026-01-07,0,3,0,True
SAFE_SITE_PROV_NETWORK_SURG_20260108,SITE_PROV_NETWORK,SITE_PROV_NETWORK_SURG,2026-01-08,0,1,0,True
SAFE_SITE_PROV_NETWORK_SURG_20260109,SITE_PROV_NETWORK,SITE_PROV_NETWORK_SURG,2026-01-09,2,0,1,True
SAFE_SITE_PROV_NETWORK_SURG_20260110,SITE_PROV_NETWORK,SITE_PROV_NETWORK_SURG,2026-01-10,0,0,0,True
SAFE_SITE_PROV_NETWORK_SURG_20260111,SITE_PROV_NETWORK,SITE_PROV_NETWORK_SURG,2026-01-11,2,0,0,True
SAFE_SITE_PROV_NETWORK_SURG_20260112,SITE_PROV_NETWORK,SITE_PROV_NETWORK_SURG,2026-01-12,4,1,0,True
SAFE_SITE_PROV_NETWORK_SURG_20260113,SITE_PROV_NETWORK,SITE_PROV_NETWORK_SURG,2026-01-13,4,1,0,True
SAFE_SITE_PROV_NETWORK_SURG_20260114,SITE_PROV_NETWORK,SITE_PROV_NETWORK_SURG,2026-01-14,3,0,0,True
SAFE_SITE_PROV_NETWORK_SURG_20260115,SITE_PROV_NETWORK,SITE_PROV_NETWORK_SURG,2026-01-15,1,2,0,True
SAFE_SITE_PROV_NETWORK_SURG_20260116,SITE_PROV_NETWORK,SITE_PROV_NETWORK_SURG,2026-01-16,0,1,0,True
SAFE_SITE_PROV_NETWORK_SURG_20260117,SITE_PROV_NETWORK,SITE_PROV_NETWORK_SURG,2026-01-17,1,2,0,True
SAFE_SITE_PROV_NETWORK_SURG_20260118,SITE_PROV_NETWORK,SITE_PROV_NETWORK_SURG,2026-01-18,0,1,0,True
SAFE_SITE_PROV_NETWORK_SURG_20260119,SITE_PROV_NETWORK,SITE_PROV_NETWORK_SURG,2026-01-19,3,0,1,True
SAFE_SITE_PROV_NETWORK_SURG_20260120,SITE_PROV_NETWORK,SITE_PROV_NETWORK_SURG,2026-01-20,2,1,1,True
SAFE_SITE_PROV_NETWORK_SURG_20260121,SITE_PROV_NETWORK,SITE_PROV_NETWORK_SURG,2026-01-21,2,0,1,True
SAFE_SITE_PROV_NETWORK_SURG_20260122,SITE_PROV_NETWORK,SITE_PROV_NETWORK_SURG,2026-01-22,2,0,0,True
SAFE_SITE_PROV_NETWORK_SURG_20260123,SITE_PROV_NETWORK,SITE_PROV_NETWORK_SURG,2026-01-23,1,1,0,True
SAFE_SITE_PROV_NETWORK_SURG_20260124,SITE_PROV_NETWORK,SITE_PROV_NETWORK_SURG,2026-01-24,2,0,0,True
SAFE_SITE_PROV_NETWORK_SURG_20260125,SITE_PROV_NETWORK,SITE_PROV_NETWORK_SURG,2026-01-25,2,1,0,True
SAFE_SITE_PROV_NETWORK_SURG_20260126,SITE_PROV_NETWORK,SITE_PROV_NETWORK_SURG,2026-01-26,1,3,0,True
SAFE_SITE_PROV_NETWORK_SURG_20260127,SITE_PROV_NETWORK,SITE_PROV_NETWORK_SURG,2026-01-27,1,0,1,True
SAFE_SITE_PROV_NETWORK_SURG_20260128,SITE_PROV_NETWORK,SITE_PROV_NETWORK_SURG,2026-01-28,3,0,1,True
SAFE_SITE_PROV_NETWORK_SURG_20260129,SITE_PROV_NETWORK,SITE_PROV_NETWORK_SURG,2026-01-29,0,0,1,True
SAFE_SITE_PROV_NETWORK_SURG_20260130,SITE_PROV_NETWORK,SITE_PROV_NETWORK_SURG,2026-01-30,2,0,1,True
SAFE_SITE_PROV_NETWORK_SURG_20260131,SITE_PROV_NETWORK,SITE_PROV_NETWORK_SURG,2026-01-31,0,0,0,True
SAFE_SITE_PROV_NETWORK_SURG_20260201,SITE_PROV_NETWORK,SITE_PROV_NETWORK_SURG,2026-02-01,3,0,0,True
SAFE_SITE_PROV_NETWORK_SURG_20260202,SITE_PROV_NETWORK,SITE_PROV_NETWORK_SURG,2026-02-02,0,1,0,True
SAFE_SITE_PROV_NETWORK_SURG_20260203,SITE_PROV_NETWORK,SITE_PROV_NETWORK_SURG,2026-02-03,1,1,1,True
SAFE_SITE_PROV_NETWORK_SURG_20260204,SITE_PROV_NETWORK,SITE_PROV_NETWORK_SURG,2026-02-04,0,0,0,True
SAFE_SITE_PROV_NETWORK_SURG_20260205,SITE_PROV_NETWORK,SITE_PROV_NETWORK_SURG,2026-02-05,1,0,1,True
SAFE_SITE_PROV_NETWORK_SURG_20260206,SITE_PROV_NETWORK,SITE_PROV_NETWORK_SURG,2026-02-06,6,1,1,True
SAFE_SITE_PROV_NETWORK_SURG_20260207,SITE_PROV_NETWORK,SITE_PROV_NETWORK_SURG,2026-02-07,4,1,0,True
SAFE_SITE_PROV_NETWORK_SURG_20260208,SITE_PROV_NETWORK,SITE_PROV_NETWORK_SURG,2026-02-08,0,0,2,True
SAFE_SITE_PROV_NETWORK_SURG_20260209,SITE_PROV_NETWORK,SITE_PROV_NETWORK_SURG,2026-02-09,2,0,1,True
SAFE_SITE_PROV_NETWORK_SURG_20260210,SITE_PROV_NETWORK,SITE_PROV_NETWORK_SURG,2026-02-10,1,1,0,True
SAFE_SITE_PROV_NETWORK_SURG_20260211,SITE_PROV_NETWORK,SITE_PROV_NETWORK_SURG,2026-02-11,1,0,1,True
SAFE_SITE_PROV_NETWORK_SURG_20260212,SITE_PROV_NETWORK,SITE_PROV_NETWORK_SURG,2026-02-12,1,1,0,True
SAFE_SITE_PROV_NETWORK_SURG_20260213,SITE_PROV_NETWORK,SITE_PROV_NETWORK_SURG,2026-02-13,1,1,0,True
SAFE_SITE_PROV_NETWORK_SURG_20260214,SITE_PROV_NETWORK,SITE_PROV_NETWORK_SURG,2026-02-14,0,0,0,True
SAFE_SITE_PROV_NETWORK_SURG_20260215,SITE_PROV_NETWORK,SITE_PROV_NETWORK_SURG,2026-02-15,0,0,1,True
SAFE_SITE_PROV_NETWORK_SURG_20260216,SITE_PROV_NETWORK,SITE_PROV_NETWORK_SURG,2026-02-16,2,0,0,True
SAFE_SITE_PROV_NETWORK_SURG_20260217,SITE_PROV_NETWORK,SITE_PROV_NETWORK_SURG,2026-02-17,1,0,1,True
SAFE_SITE_PROV_NETWORK_SURG_20260218,SITE_PROV_NETWORK,SITE_PROV_NETWORK_SURG,2026-02-18,2,3,0,True
SAFE_SITE_PROV_NETWORK_SURG_20260219,SITE_PROV_NETWORK,SITE_PROV_NETWORK_SURG,2026-02-19,2,0,1,True
SAFE_SITE_PROV_NETWORK_SURG_20260220,SITE_PROV_NETWORK,SITE_PROV_NETWORK_SURG,2026-02-20,1,0,0,True
SAFE_SITE_PROV_NETWORK_SURG_20260221,SITE_PROV_NETWORK,SITE_PROV_NETWORK_SURG,2026-02-21,1,1,0,True
SAFE_SITE_PROV_NETWORK_SURG_20260222,SITE_PROV_NETWORK,SITE_PROV_NETWORK_SURG,2026-02-22,0,1,0,True
SAFE_SITE_PROV_NETWORK_SURG_20260223,SITE_PROV_NETWORK,SITE_PROV_NETWORK_SURG,2026-02-23,1,1,1,True
SAFE_SITE_PROV_NETWORK_SURG_20260224,SITE_PROV_NETWORK,SITE_PROV_NETWORK_SURG,2026-02-24,5,1,2,True
SAFE_SITE_PROV_NETWORK_SURG_20260225,SITE_PROV_NETWORK,SITE_PROV_NETWORK_SURG,2026-02-25,3,1,2,True
SAFE_SITE_PROV_NETWORK_SURG_20260226,SITE_PROV_NETWORK,SITE_PROV_NETWORK_SURG,2026-02-26,2,1,1,True
SAFE_SITE_PROV_NETWORK_SURG_20260227,SITE_PROV_NETWORK,SITE_PROV_NETWORK_SURG,2026-02-27,0,2,1,True
SAFE_SITE_PROV_NETWORK_SURG_20260228,SITE_PROV_NETWORK,SITE_PROV_NETWORK_SURG,2026-02-28,3,0,1,True
SAFE_SITE_PROV_NETWORK_SURG_20260301,SITE_PROV_NETWORK,SITE_PROV_NETWORK_SURG,2026-03-01,1,0,1,True
SAFE_SITE_PROV_NETWORK_SURG_20260302,SITE_PROV_NETWORK,SITE_PROV_NETWORK_SURG,2026-03-02,1,1,0,True
SAFE_SITE_PROV_NETWORK_SURG_20260303,SITE_PROV_NETWORK,SITE_PROV_NETWORK_SURG,2026-03-03,0,0,2,True
SAFE_SITE_PROV_NETWORK_SURG_20260304,SITE_PROV_NETWORK,SITE_PROV_NETWORK_SURG,2026-03-04,1,1,0,True
SAFE_SITE_PROV_NETWORK_SURG_20260305,SITE_PROV_NETWORK,SITE_PROV_NETWORK_SURG,2026-03-05,4,1,0,True
SAFE_SITE_PROV_NETWORK_SURG_20260306,SITE_PROV_NETWORK,SITE_PROV_NETWORK_SURG,2026-03-06,2,1,1,True
SAFE_SITE_PROV_NETWORK_SURG_20260307,SITE_PROV_NETWORK,SITE_PROV_NETWORK_SURG,2026-03-07,1,0,0,True
SAFE_SITE_PROV_NETWORK_SURG_20260308,SITE_PROV_NETWORK,SITE_PROV_NETWORK_SURG,2026-03-08,0,0,0,True
SAFE_SITE_PROV_NETWORK_SURG_20260309,SITE_PROV_NETWORK,SITE_PROV_NETWORK_SURG,2026-03-09,1,0,1,True
SAFE_SITE_PROV_NETWORK_SURG_20260310,SITE_PROV_NETWORK,SITE_PROV_NETWORK_SURG,2026-03-10,1,0,0,True
SAFE_SITE_PROV_NETWORK_SURG_20260311,SITE_PROV_NETWORK,SITE_PROV_NETWORK_SURG,2026-03-11,3,0,0,True
SAFE_SITE_PROV_NETWORK_SURG_20260312,SITE_PROV_NETWORK,SITE_PROV_NETWORK_SURG,2026-03-12,0,0,1,True
SAFE_SITE_PROV_NETWORK_SURG_20260313,SITE_PROV_NETWORK,SITE_PROV_NETWORK_SURG,2026-03-13,0,0,0,True
SAFE_SITE_PROV_NETWORK_SURG_20260314,SITE_PROV_NETWORK,SITE_PROV_NETWORK_SURG,2026-03-14,0,0,0,True
SAFE_SITE_PROV_NETWORK_SURG_20260315,SITE_PROV_NETWORK,SITE_PROV_NETWORK_SURG,2026-03-15,0,1,0,True
SAFE_SITE_PROV_NETWORK_SURG_20260316,SITE_PROV_NETWORK,SITE_PROV_NETWORK_SURG,2026-03-16,2,0,2,True
SAFE_SITE_PROV_NETWORK_SURG_20260317,SITE_PROV_NETWORK,SITE_PROV_NETWORK_SURG,2026-03-17,0,0,1,True
SAFE_SITE_PROV_NETWORK_SURG_20260318,SITE_PROV_NETWORK,SITE_PROV_NETWORK_SURG,2026-03-18,3,2,1,True
SAFE_SITE_PROV_NETWORK_SURG_20260319,SITE_PROV_NETWORK,SITE_PROV_NETWORK_SURG,2026-03-19,3,0,3,True
SAFE_SITE_PROV_NETWORK_SURG_20260320,SITE_PROV_NETWORK,SITE_PROV_NETWORK_SURG,2026-03-20,1,1,1,True
SAFE_SITE_PROV_NETWORK_SURG_20260321,SITE_PROV_NETWORK,SITE_PROV_NETWORK_SURG,2026-03-21,0,0,0,True
SAFE_SITE_PROV_NETWORK_SURG_20260322,SITE_PROV_NETWORK,SITE_PROV_NETWORK_SURG,2026-03-22,2,0,1,True
SAFE_SITE_PROV_NETWORK_SURG_20260323,SITE_PROV_NETWORK,SITE_PROV_NETWORK_SURG,2026-03-23,4,0,1,True
SAFE_SITE_PROV_NETWORK_SURG_20260324,SITE_PROV_NETWORK,SITE_PROV_NETWORK_SURG,2026-03-24,2,1,0,True
SAFE_SITE_PROV_NETWORK_SURG_20260325,SITE_PROV_NETWORK,SITE_PROV_NETWORK_SURG,2026-03-25,1,0,1,True
SAFE_SITE_PROV_NETWORK_SURG_20260326,SITE_PROV_NETWORK,SITE_PROV_NETWORK_SURG,2026-03-26,1,2,0,True
SAFE_SITE_PROV_NETWORK_SURG_20260327,SITE_PROV_NETWORK,SITE_PROV_NETWORK_SURG,2026-03-27,1,2,2,True
SAFE_SITE_PROV_NETWORK_SURG_20260328,SITE_PROV_NETWORK,SITE_PROV_NETWORK_SURG,2026-03-28,2,0,0,True
SAFE_SITE_PROV_NETWORK_SURG_20260329,SITE_PROV_NETWORK,SITE_PROV_NETWORK_SURG,2026-03-29,1,2,1,True
SAFE_SITE_PROV_NETWORK_SURG_20260330,SITE_PROV_NETWORK,SITE_PROV_NETWORK_SURG,2026-03-30,0,0,0,True
SAFE_SITE_PROV_NETWORK_SURG_20260331,SITE_PROV_NETWORK,SITE_PROV_NETWORK_SURG,2026-03-31,0,0,0,True
SAFE_SITE_PROV_NETWORK_SURG_20260401,SITE_PROV_NETWORK,SITE_PROV_NETWORK_SURG,2026-04-01,2,0,0,True
SAFE_SITE_PROV_NETWORK_SURG_20260402,SITE_PROV_NETWORK,SITE_PROV_NETWORK_SURG,2026-04-02,1,2,0,True
SAFE_SITE_PROV_NETWORK_SURG_20260403,SITE_PROV_NETWORK,SITE_PROV_NETWORK_SURG,2026-04-03,1,2,1,True
SAFE_SITE_PROV_NETWORK_SURG_20260404,SITE_PROV_NETWORK,SITE_PROV_NETWORK_SURG,2026-04-04,1,0,0,True
SAFE_SITE_PROV_NETWORK_SURG_20260405,SITE_PROV_NETWORK,SITE_PROV_NETWORK_SURG,2026-04-05,0,1,1,True
SAFE_SITE_PROV_NETWORK_SURG_20260406,SITE_PROV_NETWORK,SITE_PROV_NETWORK_SURG,2026-04-06,1,2,1,True
SAFE_SITE_PROV_NETWORK_SURG_20260407,SITE_PROV_NETWORK,SITE_PROV_NETWORK_SURG,2026-04-07,0,3,0,True
SAFE_SITE_PROV_NETWORK_SURG_20260408,SITE_PROV_NETWORK,SITE_PROV_NETWORK_SURG,2026-04-08,0,1,1,True
SAFE_SITE_PROV_NETWORK_SURG_20260409,SITE_PROV_NETWORK,SITE_PROV_NETWORK_SURG,2026-04-09,0,0,1,True
SAFE_SITE_PROV_NETWORK_SURG_20260410,SITE_PROV_NETWORK,SITE_PROV_NETWORK_SURG,2026-04-10,0,2,0,True
SAFE_SITE_PROV_NETWORK_SURG_20260411,SITE_PROV_NETWORK,SITE_PROV_NETWORK_SURG,2026-04-11,1,0,0,True
SAFE_SITE_PROV_NETWORK_SURG_20260412,SITE_PROV_NETWORK,SITE_PROV_NETWORK_SURG,2026-04-12,1,0,0,True
SAFE_SITE_PROV_NETWORK_SURG_20260413,SITE_PROV_NETWORK,SITE_PROV_NETWORK_SURG,2026-04-13,1,1,0,True
SAFE_SITE_PROV_NETWORK_SURG_20260414,SITE_PROV_NETWORK,SITE_PROV_NETWORK_SURG,2026-04-14,4,2,0,True
SAFE_SITE_PROV_NETWORK_SURG_20260415,SITE_PROV_NETWORK,SITE_PROV_NETWORK_SURG,2026-04-15,1,0,0,True
SAFE_SITE_PROV_NETWORK_SURG_20260416,SITE_PROV_NETWORK,SITE_PROV_NETWORK_SURG,2026-04-16,2,2,1,True
SAFE_SITE_PROV_NETWORK_SURG_20260417,SITE_PROV_NETWORK,SITE_PROV_NETWORK_SURG,2026-04-17,5,2,1,True
SAFE_SITE_PROV_NETWORK_SURG_20260418,SITE_PROV_NETWORK,SITE_PROV_NETWORK_SURG,2026-04-18,2,0,1,True
SAFE_SITE_PROV_NETWORK_SURG_20260419,SITE_PROV_NETWORK,SITE_PROV_NETWORK_SURG,2026-04-19,1,1,0,True
SAFE_SITE_PROV_NETWORK_SURG_20260420,SITE_PROV_NETWORK,SITE_PROV_NETWORK_SURG,2026-04-20,0,1,0,True
SAFE_SITE_PROV_NETWORK_SURG_20260421,SITE_PROV_NETWORK,SITE_PROV_NETWORK_SURG,2026-04-21,1,0,0,True
SAFE_SITE_PROV_NETWORK_SURG_20260422,SITE_PROV_NETWORK,SITE_PROV_NETWORK_SURG,2026-04-22,1,0,2,True
SAFE_SITE_PROV_NETWORK_SURG_20260423,SITE_PROV_NETWORK,SITE_PROV_NETWORK_SURG,2026-04-23,0,0,1,True
SAFE_SITE_PROV_NETWORK_SURG_20260424,SITE_PROV_NETWORK,SITE_PROV_NETWORK_SURG,2026-04-24,1,0,2,True
SAFE_SITE_PROV_NETWORK_SURG_20260425,SITE_PROV_NETWORK,SITE_PROV_NETWORK_SURG,2026-04-25,0,0,1,True
SAFE_SITE_PROV_NETWORK_SURG_20260426,SITE_PROV_NETWORK,SITE_PROV_NETWORK_SURG,2026-04-26,0,1,3,True
SAFE_SITE_PROV_NETWORK_SURG_20260427,SITE_PROV_NETWORK,SITE_PROV_NETWORK_SURG,2026-04-27,2,0,0,True
SAFE_SITE_PROV_NETWORK_SURG_20260428,SITE_PROV_NETWORK,SITE_PROV_NETWORK_SURG,2026-04-28,1,1,0,True
SAFE_SITE_PROV_NETWORK_SURG_20260429,SITE_PROV_NETWORK,SITE_PROV_NETWORK_SURG,2026-04-29,1,1,2,True
SAFE_SITE_PROV_NETWORK_SURG_20260430,SITE_PROV_NETWORK,SITE_PROV_NETWORK_SURG,2026-04-30,1,1,2,True
SAFE_SITE_PROV_NETWORK_PICU_20260101,SITE_PROV_NETWORK,SITE_PROV_NETWORK_PICU,2026-01-01,1,1,1,True
SAFE_SITE_PROV_NETWORK_PICU_20260102,SITE_PROV_NETWORK,SITE_PROV_NETWORK_PICU,2026-01-02,1,2,1,True
SAFE_SITE_PROV_NETWORK_PICU_20260103,SITE_PROV_NETWORK,SITE_PROV_NETWORK_PICU,2026-01-03,1,1,1,True
SAFE_SITE_PROV_NETWORK_PICU_20260104,SITE_PROV_NETWORK,SITE_PROV_NETWORK_PICU,2026-01-04,0,0,4,True
SAFE_SITE_PROV_NETWORK_PICU_20260105,SITE_PROV_NETWORK,SITE_PROV_NETWORK_PICU,2026-01-05,2,1,1,True
SAFE_SITE_PROV_NETWORK_PICU_20260106,SITE_PROV_NETWORK,SITE_PROV_NETWORK_PICU,2026-01-06,2,3,2,True
SAFE_SITE_PROV_NETWORK_PICU_20260107,SITE_PROV_NETWORK,SITE_PROV_NETWORK_PICU,2026-01-07,1,1,1,True
SAFE_SITE_PROV_NETWORK_PICU_20260108,SITE_PROV_NETWORK,SITE_PROV_NETWORK_PICU,2026-01-08,2,1,0,True
SAFE_SITE_PROV_NETWORK_PICU_20260109,SITE_PROV_NETWORK,SITE_PROV_NETWORK_PICU,2026-01-09,1,0,1,True
SAFE_SITE_PROV_NETWORK_PICU_20260110,SITE_PROV_NETWORK,SITE_PROV_NETWORK_PICU,2026-01-10,3,5,2,True
SAFE_SITE_PROV_NETWORK_PICU_20260111,SITE_PROV_NETWORK,SITE_PROV_NETWORK_PICU,2026-01-11,0,0,0,True
SAFE_SITE_PROV_NETWORK_PICU_20260112,SITE_PROV_NETWORK,SITE_PROV_NETWORK_PICU,2026-01-12,2,0,0,True
SAFE_SITE_PROV_NETWORK_PICU_20260113,SITE_PROV_NETWORK,SITE_PROV_NETWORK_PICU,2026-01-13,1,1,0,True
SAFE_SITE_PROV_NETWORK_PICU_20260114,SITE_PROV_NETWORK,SITE_PROV_NETWORK_PICU,2026-01-14,0,4,0,True
SAFE_SITE_PROV_NETWORK_PICU_20260115,SITE_PROV_NETWORK,SITE_PROV_NETWORK_PICU,2026-01-15,1,1,0,True
SAFE_SITE_PROV_NETWORK_PICU_20260116,SITE_PROV_NETWORK,SITE_PROV_NETWORK_PICU,2026-01-16,3,2,1,True
SAFE_SITE_PROV_NETWORK_PICU_20260117,SITE_PROV_NETWORK,SITE_PROV_NETWORK_PICU,2026-01-17,0,2,2,True
SAFE_SITE_PROV_NETWORK_PICU_20260118,SITE_PROV_NETWORK,SITE_PROV_NETWORK_PICU,2026-01-18,0,1,1,True
SAFE_SITE_PROV_NETWORK_PICU_20260119,SITE_PROV_NETWORK,SITE_PROV_NETWORK_PICU,2026-01-19,3,1,1,True
SAFE_SITE_PROV_NETWORK_PICU_20260120,SITE_PROV_NETWORK,SITE_PROV_NETWORK_PICU,2026-01-20,4,2,1,True
SAFE_SITE_PROV_NETWORK_PICU_20260121,SITE_PROV_NETWORK,SITE_PROV_NETWORK_PICU,2026-01-21,0,0,0,True
SAFE_SITE_PROV_NETWORK_PICU_20260122,SITE_PROV_NETWORK,SITE_PROV_NETWORK_PICU,2026-01-22,0,2,0,True
SAFE_SITE_PROV_NETWORK_PICU_20260123,SITE_PROV_NETWORK,SITE_PROV_NETWORK_PICU,2026-01-23,3,2,1,True
SAFE_SITE_PROV_NETWORK_PICU_20260124,SITE_PROV_NETWORK,SITE_PROV_NETWORK_PICU,2026-01-24,0,3,1,True
SAFE_SITE_PROV_NETWORK_PICU_20260125,SITE_PROV_NETWORK,SITE_PROV_NETWORK_PICU,2026-01-25,1,0,1,True
SAFE_SITE_PROV_NETWORK_PICU_20260126,SITE_PROV_NETWORK,SITE_PROV_NETWORK_PICU,2026-01-26,2,0,1,True
SAFE_SITE_PROV_NETWORK_PICU_20260127,SITE_PROV_NETWORK,SITE_PROV_NETWORK_PICU,2026-01-27,0,3,2,True
SAFE_SITE_PROV_NETWORK_PICU_20260128,SITE_PROV_NETWORK,SITE_PROV_NETWORK_PICU,2026-01-28,1,0,0,True
SAFE_SITE_PROV_NETWORK_PICU_20260129,SITE_PROV_NETWORK,SITE_PROV_NETWORK_PICU,2026-01-29,4,3,0,True
SAFE_SITE_PROV_NETWORK_PICU_20260130,SITE_PROV_NETWORK,SITE_PROV_NETWORK_PICU,2026-01-30,1,1,1,True
SAFE_SITE_PROV_NETWORK_PICU_20260131,SITE_PROV_NETWORK,SITE_PROV_NETWORK_PICU,2026-01-31,0,0,0,True
SAFE_SITE_PROV_NETWORK_PICU_20260201,SITE_PROV_NETWORK,SITE_PROV_NETWORK_PICU,2026-02-01,4,1,2,True
SAFE_SITE_PROV_NETWORK_PICU_20260202,SITE_PROV_NETWORK,SITE_PROV_NETWORK_PICU,2026-02-02,1,1,0,True
SAFE_SITE_PROV_NETWORK_PICU_20260203,SITE_PROV_NETWORK,SITE_PROV_NETWORK_PICU,2026-02-03,1,1,2,True
SAFE_SITE_PROV_NETWORK_PICU_20260204,SITE_PROV_NETWORK,SITE_PROV_NETWORK_PICU,2026-02-04,1,2,1,True
SAFE_SITE_PROV_NETWORK_PICU_20260205,SITE_PROV_NETWORK,SITE_PROV_NETWORK_PICU,2026-02-05,4,0,0,True
SAFE_SITE_PROV_NETWORK_PICU_20260206,SITE_PROV_NETWORK,SITE_PROV_NETWORK_PICU,2026-02-06,2,1,1,True
SAFE_SITE_PROV_NETWORK_PICU_20260207,SITE_PROV_NETWORK,SITE_PROV_NETWORK_PICU,2026-02-07,2,1,0,True
SAFE_SITE_PROV_NETWORK_PICU_20260208,SITE_PROV_NETWORK,SITE_PROV_NETWORK_PICU,2026-02-08,2,0,1,True
SAFE_SITE_PROV_NETWORK_PICU_20260209,SITE_PROV_NETWORK,SITE_PROV_NETWORK_PICU,2026-02-09,0,2,0,True
SAFE_SITE_PROV_NETWORK_PICU_20260210,SITE_PROV_NETWORK,SITE_PROV_NETWORK_PICU,2026-02-10,4,1,1,True
SAFE_SITE_PROV_NETWORK_PICU_20260211,SITE_PROV_NETWORK,SITE_PROV_NETWORK_PICU,2026-02-11,0,0,4,True
SAFE_SITE_PROV_NETWORK_PICU_20260212,SITE_PROV_NETWORK,SITE_PROV_NETWORK_PICU,2026-02-12,0,0,1,True
SAFE_SITE_PROV_NETWORK_PICU_20260213,SITE_PROV_NETWORK,SITE_PROV_NETWORK_PICU,2026-02-13,2,0,1,True
SAFE_SITE_PROV_NETWORK_PICU_20260214,SITE_PROV_NETWORK,SITE_PROV_NETWORK_PICU,2026-02-14,1,0,2,True
SAFE_SITE_PROV_NETWORK_PICU_20260215,SITE_PROV_NETWORK,SITE_PROV_NETWORK_PICU,2026-02-15,0,0,2,True
SAFE_SITE_PROV_NETWORK_PICU_20260216,SITE_PROV_NETWORK,SITE_PROV_NETWORK_PICU,2026-02-16,1,0,0,True
SAFE_SITE_PROV_NETWORK_PICU_20260217,SITE_PROV_NETWORK,SITE_PROV_NETWORK_PICU,2026-02-17,3,1,0,True
SAFE_SITE_PROV_NETWORK_PICU_20260218,SITE_PROV_NETWORK,SITE_PROV_NETWORK_PICU,2026-02-18,2,3,0,True
SAFE_SITE_PROV_NETWORK_PICU_20260219,SITE_PROV_NETWORK,SITE_PROV_NETWORK_PICU,2026-02-19,1,2,1,True
SAFE_SITE_PROV_NETWORK_PICU_20260220,SITE_PROV_NETWORK,SITE_PROV_NETWORK_PICU,2026-02-20,2,1,1,True
SAFE_SITE_PROV_NETWORK_PICU_20260221,SITE_PROV_NETWORK,SITE_PROV_NETWORK_PICU,2026-02-21,0,2,2,True
SAFE_SITE_PROV_NETWORK_PICU_20260222,SITE_PROV_NETWORK,SITE_PROV_NETWORK_PICU,2026-02-22,0,0,0,True
SAFE_SITE_PROV_NETWORK_PICU_20260223,SITE_PROV_NETWORK,SITE_PROV_NETWORK_PICU,2026-02-23,0,3,0,True
SAFE_SITE_PROV_NETWORK_PICU_20260224,SITE_PROV_NETWORK,SITE_PROV_NETWORK_PICU,2026-02-24,2,1,0,True
SAFE_SITE_PROV_NETWORK_PICU_20260225,SITE_PROV_NETWORK,SITE_PROV_NETWORK_PICU,2026-02-25,2,2,1,True
SAFE_SITE_PROV_NETWORK_PICU_20260226,SITE_PROV_NETWORK,SITE_PROV_NETWORK_PICU,2026-02-26,0,1,0,True
SAFE_SITE_PROV_NETWORK_PICU_20260227,SITE_PROV_NETWORK,SITE_PROV_NETWORK_PICU,2026-02-27,2,0,2,True
SAFE_SITE_PROV_NETWORK_PICU_20260228,SITE_PROV_NETWORK,SITE_PROV_NETWORK_PICU,2026-02-28,3,0,2,True
SAFE_SITE_PROV_NETWORK_PICU_20260301,SITE_PROV_NETWORK,SITE_PROV_NETWORK_PICU,2026-03-01,2,2,0,True
SAFE_SITE_PROV_NETWORK_PICU_20260302,SITE_PROV_NETWORK,SITE_PROV_NETWORK_PICU,2026-03-02,0,0,2,True
SAFE_SITE_PROV_NETWORK_PICU_20260303,SITE_PROV_NETWORK,SITE_PROV_NETWORK_PICU,2026-03-03,2,2,0,True
SAFE_SITE_PROV_NETWORK_PICU_20260304,SITE_PROV_NETWORK,SITE_PROV_NETWORK_PICU,2026-03-04,2,1,0,True
SAFE_SITE_PROV_NETWORK_PICU_20260305,SITE_PROV_NETWORK,SITE_PROV_NETWORK_PICU,2026-03-05,0,1,0,True
SAFE_SITE_PROV_NETWORK_PICU_20260306,SITE_PROV_NETWORK,SITE_PROV_NETWORK_PICU,2026-03-06,0,2,0,True
SAFE_SITE_PROV_NETWORK_PICU_20260307,SITE_PROV_NETWORK,SITE_PROV_NETWORK_PICU,2026-03-07,4,0,0,True
SAFE_SITE_PROV_NETWORK_PICU_20260308,SITE_PROV_NETWORK,SITE_PROV_NETWORK_PICU,2026-03-08,0,0,0,True
SAFE_SITE_PROV_NETWORK_PICU_20260309,SITE_PROV_NETWORK,SITE_PROV_NETWORK_PICU,2026-03-09,1,0,1,True
SAFE_SITE_PROV_NETWORK_PICU_20260310,SITE_PROV_NETWORK,SITE_PROV_NETWORK_PICU,2026-03-10,0,2,0,True
SAFE_SITE_PROV_NETWORK_PICU_20260311,SITE_PROV_NETWORK,SITE_PROV_NETWORK_PICU,2026-03-11,0,1,0,True
SAFE_SITE_PROV_NETWORK_PICU_20260312,SITE_PROV_NETWORK,SITE_PROV_NETWORK_PICU,2026-03-12,0,0,0,True
SAFE_SITE_PROV_NETWORK_PICU_20260313,SITE_PROV_NETWORK,SITE_PROV_NETWORK_PICU,2026-03-13,3,1,1,True
SAFE_SITE_PROV_NETWORK_PICU_20260314,SITE_PROV_NETWORK,SITE_PROV_NETWORK_PICU,2026-03-14,5,1,4,True
SAFE_SITE_PROV_NETWORK_PICU_20260315,SITE_PROV_NETWORK,SITE_PROV_NETWORK_PICU,2026-03-15,1,0,0,True
SAFE_SITE_PROV_NETWORK_PICU_20260316,SITE_PROV_NETWORK,SITE_PROV_NETWORK_PICU,2026-03-16,2,2,1,True
SAFE_SITE_PROV_NETWORK_PICU_20260317,SITE_PROV_NETWORK,SITE_PROV_NETWORK_PICU,2026-03-17,1,2,0,True
SAFE_SITE_PROV_NETWORK_PICU_20260318,SITE_PROV_NETWORK,SITE_PROV_NETWORK_PICU,2026-03-18,0,1,0,True
SAFE_SITE_PROV_NETWORK_PICU_20260319,SITE_PROV_NETWORK,SITE_PROV_NETWORK_PICU,2026-03-19,0,1,0,True
SAFE_SITE_PROV_NETWORK_PICU_20260320,SITE_PROV_NETWORK,SITE_PROV_NETWORK_PICU,2026-03-20,0,2,0,True
SAFE_SITE_PROV_NETWORK_PICU_20260321,SITE_PROV_NETWORK,SITE_PROV_NETWORK_PICU,2026-03-21,1,0,1,True
SAFE_SITE_PROV_NETWORK_PICU_20260322,SITE_PROV_NETWORK,SITE_PROV_NETWORK_PICU,2026-03-22,1,1,0,True
SAFE_SITE_PROV_NETWORK_PICU_20260323,SITE_PROV_NETWORK,SITE_PROV_NETWORK_PICU,2026-03-23,1,0,1,True
SAFE_SITE_PROV_NETWORK_PICU_20260324,SITE_PROV_NETWORK,SITE_PROV_NETWORK_PICU,2026-03-24,1,0,0,True
SAFE_SITE_PROV_NETWORK_PICU_20260325,SITE_PROV_NETWORK,SITE_PROV_NETWORK_PICU,2026-03-25,0,1,0,True
SAFE_SITE_PROV_NETWORK_PICU_20260326,SITE_PROV_NETWORK,SITE_PROV_NETWORK_PICU,2026-03-26,0,3,0,True
SAFE_SITE_PROV_NETWORK_PICU_20260327,SITE_PROV_NETWORK,SITE_PROV_NETWORK_PICU,2026-03-27,0,1,0,True
SAFE_SITE_PROV_NETWORK_PICU_20260328,SITE_PROV_NETWORK,SITE_PROV_NETWORK_PICU,2026-03-28,2,2,2,True
SAFE_SITE_PROV_NETWORK_PICU_20260329,SITE_PROV_NETWORK,SITE_PROV_NETWORK_PICU,2026-03-29,0,1,0,True
SAFE_SITE_PROV_NETWORK_PICU_20260330,SITE_PROV_NETWORK,SITE_PROV_NETWORK_PICU,2026-03-30,0,1,0,True
SAFE_SITE_PROV_NETWORK_PICU_20260331,SITE_PROV_NETWORK,SITE_PROV_NETWORK_PICU,2026-03-31,0,0,1,True
SAFE_SITE_PROV_NETWORK_PICU_20260401,SITE_PROV_NETWORK,SITE_PROV_NETWORK_PICU,2026-04-01,1,1,0,True
SAFE_SITE_PROV_NETWORK_PICU_20260402,SITE_PROV_NETWORK,SITE_PROV_NETWORK_PICU,2026-04-02,0,1,0,True
SAFE_SITE_PROV_NETWORK_PICU_20260403,SITE_PROV_NETWORK,SITE_PROV_NETWORK_PICU,2026-04-03,0,2,0,True
SAFE_SITE_PROV_NETWORK_PICU_20260404,SITE_PROV_NETWORK,SITE_PROV_NETWORK_PICU,2026-04-04,1,1,0,True
SAFE_SITE_PROV_NETWORK_PICU_20260405,SITE_PROV_NETWORK,SITE_PROV_NETWORK_PICU,2026-04-05,3,0,1,True
SAFE_SITE_PROV_NETWORK_PICU_20260406,SITE_PROV_NETWORK,SITE_PROV_NETWORK_PICU,2026-04-06,1,1,1,True
SAFE_SITE_PROV_NETWORK_PICU_20260407,SITE_PROV_NETWORK,SITE_PROV_NETWORK_PICU,2026-04-07,1,1,1,True
SAFE_SITE_PROV_NETWORK_PICU_20260408,SITE_PROV_NETWORK,SITE_PROV_NETWORK_PICU,2026-04-08,0,2,0,True
SAFE_SITE_PROV_NETWORK_PICU_20260409,SITE_PROV_NETWORK,SITE_PROV_NETWORK_PICU,2026-04-09,2,2,1,True
SAFE_SITE_PROV_NETWORK_PICU_20260410,SITE_PROV_NETWORK,SITE_PROV_NETWORK_PICU,2026-04-10,2,1,1,True
SAFE_SITE_PROV_NETWORK_PICU_20260411,SITE_PROV_NETWORK,SITE_PROV_NETWORK_PICU,2026-04-11,1,2,0,True
SAFE_SITE_PROV_NETWORK_PICU_20260412,SITE_PROV_NETWORK,SITE_PROV_NETWORK_PICU,2026-04-12,0,0,2,True
SAFE_SITE_PROV_NETWORK_PICU_20260413,SITE_PROV_NETWORK,SITE_PROV_NETWORK_PICU,2026-04-13,0,0,1,True
SAFE_SITE_PROV_NETWORK_PICU_20260414,SITE_PROV_NETWORK,SITE_PROV_NETWORK_PICU,2026-04-14,1,5,1,True
SAFE_SITE_PROV_NETWORK_PICU_20260415,SITE_PROV_NETWORK,SITE_PROV_NETWORK_PICU,2026-04-15,4,1,0,True
SAFE_SITE_PROV_NETWORK_PICU_20260416,SITE_PROV_NETWORK,SITE_PROV_NETWORK_PICU,2026-04-16,0,0,2,True
SAFE_SITE_PROV_NETWORK_PICU_20260417,SITE_PROV_NETWORK,SITE_PROV_NETWORK_PICU,2026-04-17,0,1,1,True
SAFE_SITE_PROV_NETWORK_PICU_20260418,SITE_PROV_NETWORK,SITE_PROV_NETWORK_PICU,2026-04-18,1,0,0,True
SAFE_SITE_PROV_NETWORK_PICU_20260419,SITE_PROV_NETWORK,SITE_PROV_NETWORK_PICU,2026-04-19,1,3,0,True
SAFE_SITE_PROV_NETWORK_PICU_20260420,SITE_PROV_NETWORK,SITE_PROV_NETWORK_PICU,2026-04-20,4,1,0,True
SAFE_SITE_PROV_NETWORK_PICU_20260421,SITE_PROV_NETWORK,SITE_PROV_NETWORK_PICU,2026-04-21,0,0,1,True
SAFE_SITE_PROV_NETWORK_PICU_20260422,SITE_PROV_NETWORK,SITE_PROV_NETWORK_PICU,2026-04-22,0,0,3,True
SAFE_SITE_PROV_NETWORK_PICU_20260423,SITE_PROV_NETWORK,SITE_PROV_NETWORK_PICU,2026-04-23,0,2,1,True
SAFE_SITE_PROV_NETWORK_PICU_20260424,SITE_PROV_NETWORK,SITE_PROV_NETWORK_PICU,2026-04-24,0,0,0,True
SAFE_SITE_PROV_NETWORK_PICU_20260425,SITE_PROV_NETWORK,SITE_PROV_NETWORK_PICU,2026-04-25,0,1,0,True
SAFE_SITE_PROV_NETWORK_PICU_20260426,SITE_PROV_NETWORK,SITE_PROV_NETWORK_PICU,2026-04-26,0,2,2,True
SAFE_SITE_PROV_NETWORK_PICU_20260427,SITE_PROV_NETWORK,SITE_PROV_NETWORK_PICU,2026-04-27,1,0,1,True
SAFE_SITE_PROV_NETWORK_PICU_20260428,SITE_PROV_NETWORK,SITE_PROV_NETWORK_PICU,2026-04-28,1,3,0,True
SAFE_SITE_PROV_NETWORK_PICU_20260429,SITE_PROV_NETWORK,SITE_PROV_NETWORK_PICU,2026-04-29,0,2,1,True
SAFE_SITE_PROV_NETWORK_PICU_20260430,SITE_PROV_NETWORK,SITE_PROV_NETWORK_PICU,2026-04-30,1,0,1,True
SAFE_SITE_PROV_NETWORK_NICU_20260101,SITE_PROV_NETWORK,SITE_PROV_NETWORK_NICU,2026-01-01,2,0,0,True
SAFE_SITE_PROV_NETWORK_NICU_20260102,SITE_PROV_NETWORK,SITE_PROV_NETWORK_NICU,2026-01-02,2,0,1,True
SAFE_SITE_PROV_NETWORK_NICU_20260103,SITE_PROV_NETWORK,SITE_PROV_NETWORK_NICU,2026-01-03,0,1,0,True
SAFE_SITE_PROV_NETWORK_NICU_20260104,SITE_PROV_NETWORK,SITE_PROV_NETWORK_NICU,2026-01-04,1,0,0,True
SAFE_SITE_PROV_NETWORK_NICU_20260105,SITE_PROV_NETWORK,SITE_PROV_NETWORK_NICU,2026-01-05,1,1,0,True
SAFE_SITE_PROV_NETWORK_NICU_20260106,SITE_PROV_NETWORK,SITE_PROV_NETWORK_NICU,2026-01-06,2,1,0,True
SAFE_SITE_PROV_NETWORK_NICU_20260107,SITE_PROV_NETWORK,SITE_PROV_NETWORK_NICU,2026-01-07,3,0,1,True
SAFE_SITE_PROV_NETWORK_NICU_20260108,SITE_PROV_NETWORK,SITE_PROV_NETWORK_NICU,2026-01-08,1,1,1,True
SAFE_SITE_PROV_NETWORK_NICU_20260109,SITE_PROV_NETWORK,SITE_PROV_NETWORK_NICU,2026-01-09,1,1,0,True
SAFE_SITE_PROV_NETWORK_NICU_20260110,SITE_PROV_NETWORK,SITE_PROV_NETWORK_NICU,2026-01-10,0,1,1,True
SAFE_SITE_PROV_NETWORK_NICU_20260111,SITE_PROV_NETWORK,SITE_PROV_NETWORK_NICU,2026-01-11,0,0,0,True
SAFE_SITE_PROV_NETWORK_NICU_20260112,SITE_PROV_NETWORK,SITE_PROV_NETWORK_NICU,2026-01-12,0,0,0,True
SAFE_SITE_PROV_NETWORK_NICU_20260113,SITE_PROV_NETWORK,SITE_PROV_NETWORK_NICU,2026-01-13,1,2,0,True
SAFE_SITE_PROV_NETWORK_NICU_20260114,SITE_PROV_NETWORK,SITE_PROV_NETWORK_NICU,2026-01-14,2,0,1,True
SAFE_SITE_PROV_NETWORK_NICU_20260115,SITE_PROV_NETWORK,SITE_PROV_NETWORK_NICU,2026-01-15,1,0,0,True
SAFE_SITE_PROV_NETWORK_NICU_20260116,SITE_PROV_NETWORK,SITE_PROV_NETWORK_NICU,2026-01-16,2,0,2,True
SAFE_SITE_PROV_NETWORK_NICU_20260117,SITE_PROV_NETWORK,SITE_PROV_NETWORK_NICU,2026-01-17,0,0,1,True
SAFE_SITE_PROV_NETWORK_NICU_20260118,SITE_PROV_NETWORK,SITE_PROV_NETWORK_NICU,2026-01-18,1,2,1,True
SAFE_SITE_PROV_NETWORK_NICU_20260119,SITE_PROV_NETWORK,SITE_PROV_NETWORK_NICU,2026-01-19,1,1,0,True
SAFE_SITE_PROV_NETWORK_NICU_20260120,SITE_PROV_NETWORK,SITE_PROV_NETWORK_NICU,2026-01-20,2,0,1,True
SAFE_SITE_PROV_NETWORK_NICU_20260121,SITE_PROV_NETWORK,SITE_PROV_NETWORK_NICU,2026-01-21,1,0,2,True
SAFE_SITE_PROV_NETWORK_NICU_20260122,SITE_PROV_NETWORK,SITE_PROV_NETWORK_NICU,2026-01-22,0,0,2,True
SAFE_SITE_PROV_NETWORK_NICU_20260123,SITE_PROV_NETWORK,SITE_PROV_NETWORK_NICU,2026-01-23,1,0,0,True
SAFE_SITE_PROV_NETWORK_NICU_20260124,SITE_PROV_NETWORK,SITE_PROV_NETWORK_NICU,2026-01-24,1,1,0,True
SAFE_SITE_PROV_NETWORK_NICU_20260125,SITE_PROV_NETWORK,SITE_PROV_NETWORK_NICU,2026-01-25,0,1,1,True
SAFE_SITE_PROV_NETWORK_NICU_20260126,SITE_PROV_NETWORK,SITE_PROV_NETWORK_NICU,2026-01-26,6,0,1,True
SAFE_SITE_PROV_NETWORK_NICU_20260127,SITE_PROV_NETWORK,SITE_PROV_NETWORK_NICU,2026-01-27,1,0,1,True
SAFE_SITE_PROV_NETWORK_NICU_20260128,SITE_PROV_NETWORK,SITE_PROV_NETWORK_NICU,2026-01-28,2,0,0,True
SAFE_SITE_PROV_NETWORK_NICU_20260129,SITE_PROV_NETWORK,SITE_PROV_NETWORK_NICU,2026-01-29,4,1,0,True
SAFE_SITE_PROV_NETWORK_NICU_20260130,SITE_PROV_NETWORK,SITE_PROV_NETWORK_NICU,2026-01-30,1,1,0,True
SAFE_SITE_PROV_NETWORK_NICU_20260131,SITE_PROV_NETWORK,SITE_PROV_NETWORK_NICU,2026-01-31,4,0,1,True
SAFE_SITE_PROV_NETWORK_NICU_20260201,SITE_PROV_NETWORK,SITE_PROV_NETWORK_NICU,2026-02-01,3,0,0,True
SAFE_SITE_PROV_NETWORK_NICU_20260202,SITE_PROV_NETWORK,SITE_PROV_NETWORK_NICU,2026-02-02,1,0,0,True
SAFE_SITE_PROV_NETWORK_NICU_20260203,SITE_PROV_NETWORK,SITE_PROV_NETWORK_NICU,2026-02-03,0,0,1,True
SAFE_SITE_PROV_NETWORK_NICU_20260204,SITE_PROV_NETWORK,SITE_PROV_NETWORK_NICU,2026-02-04,1,0,0,True
SAFE_SITE_PROV_NETWORK_NICU_20260205,SITE_PROV_NETWORK,SITE_PROV_NETWORK_NICU,2026-02-05,0,0,1,True
SAFE_SITE_PROV_NETWORK_NICU_20260206,SITE_PROV_NETWORK,SITE_PROV_NETWORK_NICU,2026-02-06,2,0,0,True
SAFE_SITE_PROV_NETWORK_NICU_20260207,SITE_PROV_NETWORK,SITE_PROV_NETWORK_NICU,2026-02-07,1,0,2,True
SAFE_SITE_PROV_NETWORK_NICU_20260208,SITE_PROV_NETWORK,SITE_PROV_NETWORK_NICU,2026-02-08,0,2,0,True
SAFE_SITE_PROV_NETWORK_NICU_20260209,SITE_PROV_NETWORK,SITE_PROV_NETWORK_NICU,2026-02-09,2,0,0,True
SAFE_SITE_PROV_NETWORK_NICU_20260210,SITE_PROV_NETWORK,SITE_PROV_NETWORK_NICU,2026-02-10,1,0,0,True
SAFE_SITE_PROV_NETWORK_NICU_20260211,SITE_PROV_NETWORK,SITE_PROV_NETWORK_NICU,2026-02-11,1,0,1,True
SAFE_SITE_PROV_NETWORK_NICU_20260212,SITE_PROV_NETWORK,SITE_PROV_NETWORK_NICU,2026-02-12,1,0,0,True
SAFE_SITE_PROV_NETWORK_NICU_20260213,SITE_PROV_NETWORK,SITE_PROV_NETWORK_NICU,2026-02-13,1,1,0,True
SAFE_SITE_PROV_NETWORK_NICU_20260214,SITE_PROV_NETWORK,SITE_PROV_NETWORK_NICU,2026-02-14,1,1,0,True
SAFE_SITE_PROV_NETWORK_NICU_20260215,SITE_PROV_NETWORK,SITE_PROV_NETWORK_NICU,2026-02-15,1,0,1,True
SAFE_SITE_PROV_NETWORK_NICU_20260216,SITE_PROV_NETWORK,SITE_PROV_NETWORK_NICU,2026-02-16,4,1,0,True
SAFE_SITE_PROV_NETWORK_NICU_20260217,SITE_PROV_NETWORK,SITE_PROV_NETWORK_NICU,2026-02-17,3,0,0,True
SAFE_SITE_PROV_NETWORK_NICU_20260218,SITE_PROV_NETWORK,SITE_PROV_NETWORK_NICU,2026-02-18,2,0,0,True
SAFE_SITE_PROV_NETWORK_NICU_20260219,SITE_PROV_NETWORK,SITE_PROV_NETWORK_NICU,2026-02-19,0,0,1,True
SAFE_SITE_PROV_NETWORK_NICU_20260220,SITE_PROV_NETWORK,SITE_PROV_NETWORK_NICU,2026-02-20,3,0,1,True
SAFE_SITE_PROV_NETWORK_NICU_20260221,SITE_PROV_NETWORK,SITE_PROV_NETWORK_NICU,2026-02-21,1,0,2,True
SAFE_SITE_PROV_NETWORK_NICU_20260222,SITE_PROV_NETWORK,SITE_PROV_NETWORK_NICU,2026-02-22,1,1,2,True
SAFE_SITE_PROV_NETWORK_NICU_20260223,SITE_PROV_NETWORK,SITE_PROV_NETWORK_NICU,2026-02-23,2,0,0,True
SAFE_SITE_PROV_NETWORK_NICU_20260224,SITE_PROV_NETWORK,SITE_PROV_NETWORK_NICU,2026-02-24,0,1,1,True
SAFE_SITE_PROV_NETWORK_NICU_20260225,SITE_PROV_NETWORK,SITE_PROV_NETWORK_NICU,2026-02-25,2,0,0,True
SAFE_SITE_PROV_NETWORK_NICU_20260226,SITE_PROV_NETWORK,SITE_PROV_NETWORK_NICU,2026-02-26,4,1,2,True
SAFE_SITE_PROV_NETWORK_NICU_20260227,SITE_PROV_NETWORK,SITE_PROV_NETWORK_NICU,2026-02-27,2,0,1,True
SAFE_SITE_PROV_NETWORK_NICU_20260228,SITE_PROV_NETWORK,SITE_PROV_NETWORK_NICU,2026-02-28,1,0,0,True
SAFE_SITE_PROV_NETWORK_NICU_20260301,SITE_PROV_NETWORK,SITE_PROV_NETWORK_NICU,2026-03-01,2,1,0,True
SAFE_SITE_PROV_NETWORK_NICU_20260302,SITE_PROV_NETWORK,SITE_PROV_NETWORK_NICU,2026-03-02,1,2,0,True
SAFE_SITE_PROV_NETWORK_NICU_20260303,SITE_PROV_NETWORK,SITE_PROV_NETWORK_NICU,2026-03-03,1,0,2,True
SAFE_SITE_PROV_NETWORK_NICU_20260304,SITE_PROV_NETWORK,SITE_PROV_NETWORK_NICU,2026-03-04,0,1,2,True
SAFE_SITE_PROV_NETWORK_NICU_20260305,SITE_PROV_NETWORK,SITE_PROV_NETWORK_NICU,2026-03-05,1,0,2,True
SAFE_SITE_PROV_NETWORK_NICU_20260306,SITE_PROV_NETWORK,SITE_PROV_NETWORK_NICU,2026-03-06,1,0,0,True
SAFE_SITE_PROV_NETWORK_NICU_20260307,SITE_PROV_NETWORK,SITE_PROV_NETWORK_NICU,2026-03-07,1,0,1,True
SAFE_SITE_PROV_NETWORK_NICU_20260308,SITE_PROV_NETWORK,SITE_PROV_NETWORK_NICU,2026-03-08,2,0,1,True
SAFE_SITE_PROV_NETWORK_NICU_20260309,SITE_PROV_NETWORK,SITE_PROV_NETWORK_NICU,2026-03-09,2,0,1,True
SAFE_SITE_PROV_NETWORK_NICU_20260310,SITE_PROV_NETWORK,SITE_PROV_NETWORK_NICU,2026-03-10,1,0,0,True
SAFE_SITE_PROV_NETWORK_NICU_20260311,SITE_PROV_NETWORK,SITE_PROV_NETWORK_NICU,2026-03-11,2,0,0,True
SAFE_SITE_PROV_NETWORK_NICU_20260312,SITE_PROV_NETWORK,SITE_PROV_NETWORK_NICU,2026-03-12,4,0,1,True
SAFE_SITE_PROV_NETWORK_NICU_20260313,SITE_PROV_NETWORK,SITE_PROV_NETWORK_NICU,2026-03-13,0,0,0,True
SAFE_SITE_PROV_NETWORK_NICU_20260314,SITE_PROV_NETWORK,SITE_PROV_NETWORK_NICU,2026-03-14,1,0,0,True
SAFE_SITE_PROV_NETWORK_NICU_20260315,SITE_PROV_NETWORK,SITE_PROV_NETWORK_NICU,2026-03-15,0,0,0,True
SAFE_SITE_PROV_NETWORK_NICU_20260316,SITE_PROV_NETWORK,SITE_PROV_NETWORK_NICU,2026-03-16,2,0,1,True
SAFE_SITE_PROV_NETWORK_NICU_20260317,SITE_PROV_NETWORK,SITE_PROV_NETWORK_NICU,2026-03-17,1,2,0,True
SAFE_SITE_PROV_NETWORK_NICU_20260318,SITE_PROV_NETWORK,SITE_PROV_NETWORK_NICU,2026-03-18,0,0,1,True
SAFE_SITE_PROV_NETWORK_NICU_20260319,SITE_PROV_NETWORK,SITE_PROV_NETWORK_NICU,2026-03-19,1,0,0,True
SAFE_SITE_PROV_NETWORK_NICU_20260320,SITE_PROV_NETWORK,SITE_PROV_NETWORK_NICU,2026-03-20,3,0,0,True
SAFE_SITE_PROV_NETWORK_NICU_20260321,SITE_PROV_NETWORK,SITE_PROV_NETWORK_NICU,2026-03-21,1,1,0,True
SAFE_SITE_PROV_NETWORK_NICU_20260322,SITE_PROV_NETWORK,SITE_PROV_NETWORK_NICU,2026-03-22,1,1,0,True
SAFE_SITE_PROV_NETWORK_NICU_20260323,SITE_PROV_NETWORK,SITE_PROV_NETWORK_NICU,2026-03-23,0,1,4,True
SAFE_SITE_PROV_NETWORK_NICU_20260324,SITE_PROV_NETWORK,SITE_PROV_NETWORK_NICU,2026-03-24,2,1,1,True
SAFE_SITE_PROV_NETWORK_NICU_20260325,SITE_PROV_NETWORK,SITE_PROV_NETWORK_NICU,2026-03-25,2,1,1,True
SAFE_SITE_PROV_NETWORK_NICU_20260326,SITE_PROV_NETWORK,SITE_PROV_NETWORK_NICU,2026-03-26,0,1,0,True
SAFE_SITE_PROV_NETWORK_NICU_20260327,SITE_PROV_NETWORK,SITE_PROV_NETWORK_NICU,2026-03-27,1,0,0,True
SAFE_SITE_PROV_NETWORK_NICU_20260328,SITE_PROV_NETWORK,SITE_PROV_NETWORK_NICU,2026-03-28,0,0,0,True
SAFE_SITE_PROV_NETWORK_NICU_20260329,SITE_PROV_NETWORK,SITE_PROV_NETWORK_NICU,2026-03-29,1,0,2,True
SAFE_SITE_PROV_NETWORK_NICU_20260330,SITE_PROV_NETWORK,SITE_PROV_NETWORK_NICU,2026-03-30,1,0,2,True
SAFE_SITE_PROV_NETWORK_NICU_20260331,SITE_PROV_NETWORK,SITE_PROV_NETWORK_NICU,2026-03-31,2,1,0,True
SAFE_SITE_PROV_NETWORK_NICU_20260401,SITE_PROV_NETWORK,SITE_PROV_NETWORK_NICU,2026-04-01,0,1,1,True
SAFE_SITE_PROV_NETWORK_NICU_20260402,SITE_PROV_NETWORK,SITE_PROV_NETWORK_NICU,2026-04-02,2,0,1,True
SAFE_SITE_PROV_NETWORK_NICU_20260403,SITE_PROV_NETWORK,SITE_PROV_NETWORK_NICU,2026-04-03,0,0,0,True
SAFE_SITE_PROV_NETWORK_NICU_20260404,SITE_PROV_NETWORK,SITE_PROV_NETWORK_NICU,2026-04-04,0,0,0,True
SAFE_SITE_PROV_NETWORK_NICU_20260405,SITE_PROV_NETWORK,SITE_PROV_NETWORK_NICU,2026-04-05,2,0,0,True
SAFE_SITE_PROV_NETWORK_NICU_20260406,SITE_PROV_NETWORK,SITE_PROV_NETWORK_NICU,2026-04-06,0,0,3,True
SAFE_SITE_PROV_NETWORK_NICU_20260407,SITE_PROV_NETWORK,SITE_PROV_NETWORK_NICU,2026-04-07,3,1,0,True
SAFE_SITE_PROV_NETWORK_NICU_20260408,SITE_PROV_NETWORK,SITE_PROV_NETWORK_NICU,2026-04-08,0,1,0,True
SAFE_SITE_PROV_NETWORK_NICU_20260409,SITE_PROV_NETWORK,SITE_PROV_NETWORK_NICU,2026-04-09,1,0,1,True
SAFE_SITE_PROV_NETWORK_NICU_20260410,SITE_PROV_NETWORK,SITE_PROV_NETWORK_NICU,2026-04-10,3,0,0,True
SAFE_SITE_PROV_NETWORK_NICU_20260411,SITE_PROV_NETWORK,SITE_PROV_NETWORK_NICU,2026-04-11,0,0,2,True
SAFE_SITE_PROV_NETWORK_NICU_20260412,SITE_PROV_NETWORK,SITE_PROV_NETWORK_NICU,2026-04-12,1,0,1,True
SAFE_SITE_PROV_NETWORK_NICU_20260413,SITE_PROV_NETWORK,SITE_PROV_NETWORK_NICU,2026-04-13,0,1,1,True
SAFE_SITE_PROV_NETWORK_NICU_20260414,SITE_PROV_NETWORK,SITE_PROV_NETWORK_NICU,2026-04-14,2,1,4,True
SAFE_SITE_PROV_NETWORK_NICU_20260415,SITE_PROV_NETWORK,SITE_PROV_NETWORK_NICU,2026-04-15,0,2,0,True
SAFE_SITE_PROV_NETWORK_NICU_20260416,SITE_PROV_NETWORK,SITE_PROV_NETWORK_NICU,2026-04-16,1,3,0,True
SAFE_SITE_PROV_NETWORK_NICU_20260417,SITE_PROV_NETWORK,SITE_PROV_NETWORK_NICU,2026-04-17,0,0,3,True
SAFE_SITE_PROV_NETWORK_NICU_20260418,SITE_PROV_NETWORK,SITE_PROV_NETWORK_NICU,2026-04-18,2,1,0,True
SAFE_SITE_PROV_NETWORK_NICU_20260419,SITE_PROV_NETWORK,SITE_PROV_NETWORK_NICU,2026-04-19,0,1,0,True
SAFE_SITE_PROV_NETWORK_NICU_20260420,SITE_PROV_NETWORK,SITE_PROV_NETWORK_NICU,2026-04-20,0,0,0,True
SAFE_SITE_PROV_NETWORK_NICU_20260421,SITE_PROV_NETWORK,SITE_PROV_NETWORK_NICU,2026-04-21,1,0,0,True
SAFE_SITE_PROV_NETWORK_NICU_20260422,SITE_PROV_NETWORK,SITE_PROV_NETWORK_NICU,2026-04-22,0,0,0,True
SAFE_SITE_PROV_NETWORK_NICU_20260423,SITE_PROV_NETWORK,SITE_PROV_NETWORK_NICU,2026-04-23,4,3,0,True
SAFE_SITE_PROV_NETWORK_NICU_20260424,SITE_PROV_NETWORK,SITE_PROV_NETWORK_NICU,2026-04-24,1,1,0,True
SAFE_SITE_PROV_NETWORK_NICU_20260425,SITE_PROV_NETWORK,SITE_PROV_NETWORK_NICU,2026-04-25,1,1,2,True
SAFE_SITE_PROV_NETWORK_NICU_20260426,SITE_PROV_NETWORK,SITE_PROV_NETWORK_NICU,2026-04-26,2,2,1,True
SAFE_SITE_PROV_NETWORK_NICU_20260427,SITE_PROV_NETWORK,SITE_PROV_NETWORK_NICU,2026-04-27,1,0,0,True
SAFE_SITE_PROV_NETWORK_NICU_20260428,SITE_PROV_NETWORK,SITE_PROV_NETWORK_NICU,2026-04-28,1,0,0,True
SAFE_SITE_PROV_NETWORK_NICU_20260429,SITE_PROV_NETWORK,SITE_PROV_NETWORK_NICU,2026-04-29,3,1,1,True
SAFE_SITE_PROV_NETWORK_NICU_20260430,SITE_PROV_NETWORK,SITE_PROV_NETWORK_NICU,2026-04-30,1,0,1,True
SAFE_SITE_PROV_NETWORK_MH_20260101,SITE_PROV_NETWORK,SITE_PROV_NETWORK_MH,2026-01-01,2,1,0,True
SAFE_SITE_PROV_NETWORK_MH_20260102,SITE_PROV_NETWORK,SITE_PROV_NETWORK_MH,2026-01-02,1,0,1,True
SAFE_SITE_PROV_NETWORK_MH_20260103,SITE_PROV_NETWORK,SITE_PROV_NETWORK_MH,2026-01-03,1,1,2,True
SAFE_SITE_PROV_NETWORK_MH_20260104,SITE_PROV_NETWORK,SITE_PROV_NETWORK_MH,2026-01-04,2,0,0,True
SAFE_SITE_PROV_NETWORK_MH_20260105,SITE_PROV_NETWORK,SITE_PROV_NETWORK_MH,2026-01-05,2,2,0,True
SAFE_SITE_PROV_NETWORK_MH_20260106,SITE_PROV_NETWORK,SITE_PROV_NETWORK_MH,2026-01-06,1,0,0,True
SAFE_SITE_PROV_NETWORK_MH_20260107,SITE_PROV_NETWORK,SITE_PROV_NETWORK_MH,2026-01-07,0,0,0,True
SAFE_SITE_PROV_NETWORK_MH_20260108,SITE_PROV_NETWORK,SITE_PROV_NETWORK_MH,2026-01-08,2,0,0,True
SAFE_SITE_PROV_NETWORK_MH_20260109,SITE_PROV_NETWORK,SITE_PROV_NETWORK_MH,2026-01-09,0,1,1,True
SAFE_SITE_PROV_NETWORK_MH_20260110,SITE_PROV_NETWORK,SITE_PROV_NETWORK_MH,2026-01-10,2,0,2,True
SAFE_SITE_PROV_NETWORK_MH_20260111,SITE_PROV_NETWORK,SITE_PROV_NETWORK_MH,2026-01-11,0,0,0,True
SAFE_SITE_PROV_NETWORK_MH_20260112,SITE_PROV_NETWORK,SITE_PROV_NETWORK_MH,2026-01-12,0,0,2,True
SAFE_SITE_PROV_NETWORK_MH_20260113,SITE_PROV_NETWORK,SITE_PROV_NETWORK_MH,2026-01-13,0,0,0,True
SAFE_SITE_PROV_NETWORK_MH_20260114,SITE_PROV_NETWORK,SITE_PROV_NETWORK_MH,2026-01-14,4,0,1,True
SAFE_SITE_PROV_NETWORK_MH_20260115,SITE_PROV_NETWORK,SITE_PROV_NETWORK_MH,2026-01-15,0,0,2,True
SAFE_SITE_PROV_NETWORK_MH_20260116,SITE_PROV_NETWORK,SITE_PROV_NETWORK_MH,2026-01-16,0,0,1,True
SAFE_SITE_PROV_NETWORK_MH_20260117,SITE_PROV_NETWORK,SITE_PROV_NETWORK_MH,2026-01-17,1,0,2,True
SAFE_SITE_PROV_NETWORK_MH_20260118,SITE_PROV_NETWORK,SITE_PROV_NETWORK_MH,2026-01-18,1,1,2,True
SAFE_SITE_PROV_NETWORK_MH_20260119,SITE_PROV_NETWORK,SITE_PROV_NETWORK_MH,2026-01-19,2,1,0,True
SAFE_SITE_PROV_NETWORK_MH_20260120,SITE_PROV_NETWORK,SITE_PROV_NETWORK_MH,2026-01-20,5,1,0,True
SAFE_SITE_PROV_NETWORK_MH_20260121,SITE_PROV_NETWORK,SITE_PROV_NETWORK_MH,2026-01-21,3,0,1,True
SAFE_SITE_PROV_NETWORK_MH_20260122,SITE_PROV_NETWORK,SITE_PROV_NETWORK_MH,2026-01-22,2,1,0,True
SAFE_SITE_PROV_NETWORK_MH_20260123,SITE_PROV_NETWORK,SITE_PROV_NETWORK_MH,2026-01-23,1,0,0,True
SAFE_SITE_PROV_NETWORK_MH_20260124,SITE_PROV_NETWORK,SITE_PROV_NETWORK_MH,2026-01-24,1,0,0,True
SAFE_SITE_PROV_NETWORK_MH_20260125,SITE_PROV_NETWORK,SITE_PROV_NETWORK_MH,2026-01-25,1,0,1,True
SAFE_SITE_PROV_NETWORK_MH_20260126,SITE_PROV_NETWORK,SITE_PROV_NETWORK_MH,2026-01-26,3,1,0,True
SAFE_SITE_PROV_NETWORK_MH_20260127,SITE_PROV_NETWORK,SITE_PROV_NETWORK_MH,2026-01-27,2,0,1,True
SAFE_SITE_PROV_NETWORK_MH_20260128,SITE_PROV_NETWORK,SITE_PROV_NETWORK_MH,2026-01-28,2,0,0,True
SAFE_SITE_PROV_NETWORK_MH_20260129,SITE_PROV_NETWORK,SITE_PROV_NETWORK_MH,2026-01-29,0,0,0,True
SAFE_SITE_PROV_NETWORK_MH_20260130,SITE_PROV_NETWORK,SITE_PROV_NETWORK_MH,2026-01-30,1,1,1,True
SAFE_SITE_PROV_NETWORK_MH_20260131,SITE_PROV_NETWORK,SITE_PROV_NETWORK_MH,2026-01-31,1,0,1,True
SAFE_SITE_PROV_NETWORK_MH_20260201,SITE_PROV_NETWORK,SITE_PROV_NETWORK_MH,2026-02-01,2,0,0,True
SAFE_SITE_PROV_NETWORK_MH_20260202,SITE_PROV_NETWORK,SITE_PROV_NETWORK_MH,2026-02-02,1,1,2,True
SAFE_SITE_PROV_NETWORK_MH_20260203,SITE_PROV_NETWORK,SITE_PROV_NETWORK_MH,2026-02-03,0,0,1,True
SAFE_SITE_PROV_NETWORK_MH_20260204,SITE_PROV_NETWORK,SITE_PROV_NETWORK_MH,2026-02-04,0,3,0,True
SAFE_SITE_PROV_NETWORK_MH_20260205,SITE_PROV_NETWORK,SITE_PROV_NETWORK_MH,2026-02-05,1,3,3,True
SAFE_SITE_PROV_NETWORK_MH_20260206,SITE_PROV_NETWORK,SITE_PROV_NETWORK_MH,2026-02-06,1,0,2,True
SAFE_SITE_PROV_NETWORK_MH_20260207,SITE_PROV_NETWORK,SITE_PROV_NETWORK_MH,2026-02-07,2,0,2,True
SAFE_SITE_PROV_NETWORK_MH_20260208,SITE_PROV_NETWORK,SITE_PROV_NETWORK_MH,2026-02-08,5,3,1,True
SAFE_SITE_PROV_NETWORK_MH_20260209,SITE_PROV_NETWORK,SITE_PROV_NETWORK_MH,2026-02-09,2,0,0,True
SAFE_SITE_PROV_NETWORK_MH_20260210,SITE_PROV_NETWORK,SITE_PROV_NETWORK_MH,2026-02-10,0,1,3,True
SAFE_SITE_PROV_NETWORK_MH_20260211,SITE_PROV_NETWORK,SITE_PROV_NETWORK_MH,2026-02-11,1,0,0,True
SAFE_SITE_PROV_NETWORK_MH_20260212,SITE_PROV_NETWORK,SITE_PROV_NETWORK_MH,2026-02-12,2,0,2,True
SAFE_SITE_PROV_NETWORK_MH_20260213,SITE_PROV_NETWORK,SITE_PROV_NETWORK_MH,2026-02-13,3,0,0,True
SAFE_SITE_PROV_NETWORK_MH_20260214,SITE_PROV_NETWORK,SITE_PROV_NETWORK_MH,2026-02-14,4,1,0,True
SAFE_SITE_PROV_NETWORK_MH_20260215,SITE_PROV_NETWORK,SITE_PROV_NETWORK_MH,2026-02-15,0,0,2,True
SAFE_SITE_PROV_NETWORK_MH_20260216,SITE_PROV_NETWORK,SITE_PROV_NETWORK_MH,2026-02-16,0,1,0,True
SAFE_SITE_PROV_NETWORK_MH_20260217,SITE_PROV_NETWORK,SITE_PROV_NETWORK_MH,2026-02-17,1,2,2,True
SAFE_SITE_PROV_NETWORK_MH_20260218,SITE_PROV_NETWORK,SITE_PROV_NETWORK_MH,2026-02-18,2,0,0,True
SAFE_SITE_PROV_NETWORK_MH_20260219,SITE_PROV_NETWORK,SITE_PROV_NETWORK_MH,2026-02-19,2,0,2,True
SAFE_SITE_PROV_NETWORK_MH_20260220,SITE_PROV_NETWORK,SITE_PROV_NETWORK_MH,2026-02-20,0,0,1,True
SAFE_SITE_PROV_NETWORK_MH_20260221,SITE_PROV_NETWORK,SITE_PROV_NETWORK_MH,2026-02-21,0,0,2,True
SAFE_SITE_PROV_NETWORK_MH_20260222,SITE_PROV_NETWORK,SITE_PROV_NETWORK_MH,2026-02-22,0,0,1,True
SAFE_SITE_PROV_NETWORK_MH_20260223,SITE_PROV_NETWORK,SITE_PROV_NETWORK_MH,2026-02-23,3,1,1,True
SAFE_SITE_PROV_NETWORK_MH_20260224,SITE_PROV_NETWORK,SITE_PROV_NETWORK_MH,2026-02-24,0,0,0,True
SAFE_SITE_PROV_NETWORK_MH_20260225,SITE_PROV_NETWORK,SITE_PROV_NETWORK_MH,2026-02-25,1,1,1,True
SAFE_SITE_PROV_NETWORK_MH_20260226,SITE_PROV_NETWORK,SITE_PROV_NETWORK_MH,2026-02-26,2,0,1,True
SAFE_SITE_PROV_NETWORK_MH_20260227,SITE_PROV_NETWORK,SITE_PROV_NETWORK_MH,2026-02-27,3,0,0,True
SAFE_SITE_PROV_NETWORK_MH_20260228,SITE_PROV_NETWORK,SITE_PROV_NETWORK_MH,2026-02-28,0,1,1,True
SAFE_SITE_PROV_NETWORK_MH_20260301,SITE_PROV_NETWORK,SITE_PROV_NETWORK_MH,2026-03-01,1,0,1,True
SAFE_SITE_PROV_NETWORK_MH_20260302,SITE_PROV_NETWORK,SITE_PROV_NETWORK_MH,2026-03-02,0,1,1,True
SAFE_SITE_PROV_NETWORK_MH_20260303,SITE_PROV_NETWORK,SITE_PROV_NETWORK_MH,2026-03-03,1,0,2,True
SAFE_SITE_PROV_NETWORK_MH_20260304,SITE_PROV_NETWORK,SITE_PROV_NETWORK_MH,2026-03-04,1,0,0,True
SAFE_SITE_PROV_NETWORK_MH_20260305,SITE_PROV_NETWORK,SITE_PROV_NETWORK_MH,2026-03-05,2,0,1,True
SAFE_SITE_PROV_NETWORK_MH_20260306,SITE_PROV_NETWORK,SITE_PROV_NETWORK_MH,2026-03-06,1,0,0,True
SAFE_SITE_PROV_NETWORK_MH_20260307,SITE_PROV_NETWORK,SITE_PROV_NETWORK_MH,2026-03-07,1,2,1,True
SAFE_SITE_PROV_NETWORK_MH_20260308,SITE_PROV_NETWORK,SITE_PROV_NETWORK_MH,2026-03-08,2,1,2,True
SAFE_SITE_PROV_NETWORK_MH_20260309,SITE_PROV_NETWORK,SITE_PROV_NETWORK_MH,2026-03-09,5,0,0,True
SAFE_SITE_PROV_NETWORK_MH_20260310,SITE_PROV_NETWORK,SITE_PROV_NETWORK_MH,2026-03-10,2,4,0,True
SAFE_SITE_PROV_NETWORK_MH_20260311,SITE_PROV_NETWORK,SITE_PROV_NETWORK_MH,2026-03-11,0,2,0,True
SAFE_SITE_PROV_NETWORK_MH_20260312,SITE_PROV_NETWORK,SITE_PROV_NETWORK_MH,2026-03-12,5,0,1,True
SAFE_SITE_PROV_NETWORK_MH_20260313,SITE_PROV_NETWORK,SITE_PROV_NETWORK_MH,2026-03-13,0,0,0,True
SAFE_SITE_PROV_NETWORK_MH_20260314,SITE_PROV_NETWORK,SITE_PROV_NETWORK_MH,2026-03-14,1,0,1,True
SAFE_SITE_PROV_NETWORK_MH_20260315,SITE_PROV_NETWORK,SITE_PROV_NETWORK_MH,2026-03-15,2,2,1,True
SAFE_SITE_PROV_NETWORK_MH_20260316,SITE_PROV_NETWORK,SITE_PROV_NETWORK_MH,2026-03-16,3,0,0,True
SAFE_SITE_PROV_NETWORK_MH_20260317,SITE_PROV_NETWORK,SITE_PROV_NETWORK_MH,2026-03-17,1,1,1,True
SAFE_SITE_PROV_NETWORK_MH_20260318,SITE_PROV_NETWORK,SITE_PROV_NETWORK_MH,2026-03-18,3,1,0,True
SAFE_SITE_PROV_NETWORK_MH_20260319,SITE_PROV_NETWORK,SITE_PROV_NETWORK_MH,2026-03-19,0,0,0,True
SAFE_SITE_PROV_NETWORK_MH_20260320,SITE_PROV_NETWORK,SITE_PROV_NETWORK_MH,2026-03-20,0,0,0,True
SAFE_SITE_PROV_NETWORK_MH_20260321,SITE_PROV_NETWORK,SITE_PROV_NETWORK_MH,2026-03-21,0,1,0,True
SAFE_SITE_PROV_NETWORK_MH_20260322,SITE_PROV_NETWORK,SITE_PROV_NETWORK_MH,2026-03-22,0,0,1,True
SAFE_SITE_PROV_NETWORK_MH_20260323,SITE_PROV_NETWORK,SITE_PROV_NETWORK_MH,2026-03-23,1,0,0,True
SAFE_SITE_PROV_NETWORK_MH_20260324,SITE_PROV_NETWORK,SITE_PROV_NETWORK_MH,2026-03-24,1,1,0,True
SAFE_SITE_PROV_NETWORK_MH_20260325,SITE_PROV_NETWORK,SITE_PROV_NETWORK_MH,2026-03-25,0,1,0,True
SAFE_SITE_PROV_NETWORK_MH_20260326,SITE_PROV_NETWORK,SITE_PROV_NETWORK_MH,2026-03-26,1,1,1,True
SAFE_SITE_PROV_NETWORK_MH_20260327,SITE_PROV_NETWORK,SITE_PROV_NETWORK_MH,2026-03-27,0,0,0,True
SAFE_SITE_PROV_NETWORK_MH_20260328,SITE_PROV_NETWORK,SITE_PROV_NETWORK_MH,2026-03-28,2,2,0,True
SAFE_SITE_PROV_NETWORK_MH_20260329,SITE_PROV_NETWORK,SITE_PROV_NETWORK_MH,2026-03-29,1,2,1,True
SAFE_SITE_PROV_NETWORK_MH_20260330,SITE_PROV_NETWORK,SITE_PROV_NETWORK_MH,2026-03-30,1,0,0,True
SAFE_SITE_PROV_NETWORK_MH_20260331,SITE_PROV_NETWORK,SITE_PROV_NETWORK_MH,2026-03-31,3,2,0,True
SAFE_SITE_PROV_NETWORK_MH_20260401,SITE_PROV_NETWORK,SITE_PROV_NETWORK_MH,2026-04-01,2,0,0,True
SAFE_SITE_PROV_NETWORK_MH_20260402,SITE_PROV_NETWORK,SITE_PROV_NETWORK_MH,2026-04-02,4,1,1,True
SAFE_SITE_PROV_NETWORK_MH_20260403,SITE_PROV_NETWORK,SITE_PROV_NETWORK_MH,2026-04-03,4,2,3,True
SAFE_SITE_PROV_NETWORK_MH_20260404,SITE_PROV_NETWORK,SITE_PROV_NETWORK_MH,2026-04-04,4,0,1,True
SAFE_SITE_PROV_NETWORK_MH_20260405,SITE_PROV_NETWORK,SITE_PROV_NETWORK_MH,2026-04-05,3,1,1,True
SAFE_SITE_PROV_NETWORK_MH_20260406,SITE_PROV_NETWORK,SITE_PROV_NETWORK_MH,2026-04-06,2,0,1,True
SAFE_SITE_PROV_NETWORK_MH_20260407,SITE_PROV_NETWORK,SITE_PROV_NETWORK_MH,2026-04-07,0,0,0,True
SAFE_SITE_PROV_NETWORK_MH_20260408,SITE_PROV_NETWORK,SITE_PROV_NETWORK_MH,2026-04-08,2,2,1,True
SAFE_SITE_PROV_NETWORK_MH_20260409,SITE_PROV_NETWORK,SITE_PROV_NETWORK_MH,2026-04-09,1,0,3,True
SAFE_SITE_PROV_NETWORK_MH_20260410,SITE_PROV_NETWORK,SITE_PROV_NETWORK_MH,2026-04-10,0,1,0,True
SAFE_SITE_PROV_NETWORK_MH_20260411,SITE_PROV_NETWORK,SITE_PROV_NETWORK_MH,2026-04-11,3,2,2,True
SAFE_SITE_PROV_NETWORK_MH_20260412,SITE_PROV_NETWORK,SITE_PROV_NETWORK_MH,2026-04-12,0,0,0,True
SAFE_SITE_PROV_NETWORK_MH_20260413,SITE_PROV_NETWORK,SITE_PROV_NETWORK_MH,2026-04-13,1,0,2,True
SAFE_SITE_PROV_NETWORK_MH_20260414,SITE_PROV_NETWORK,SITE_PROV_NETWORK_MH,2026-04-14,1,1,0,True
SAFE_SITE_PROV_NETWORK_MH_20260415,SITE_PROV_NETWORK,SITE_PROV_NETWORK_MH,2026-04-15,3,0,0,True
SAFE_SITE_PROV_NETWORK_MH_20260416,SITE_PROV_NETWORK,SITE_PROV_NETWORK_MH,2026-04-16,1,1,0,True
SAFE_SITE_PROV_NETWORK_MH_20260417,SITE_PROV_NETWORK,SITE_PROV_NETWORK_MH,2026-04-17,0,0,0,True
SAFE_SITE_PROV_NETWORK_MH_20260418,SITE_PROV_NETWORK,SITE_PROV_NETWORK_MH,2026-04-18,1,0,0,True
SAFE_SITE_PROV_NETWORK_MH_20260419,SITE_PROV_NETWORK,SITE_PROV_NETWORK_MH,2026-04-19,0,0,1,True
SAFE_SITE_PROV_NETWORK_MH_20260420,SITE_PROV_NETWORK,SITE_PROV_NETWORK_MH,2026-04-20,1,0,1,True
SAFE_SITE_PROV_NETWORK_MH_20260421,SITE_PROV_NETWORK,SITE_PROV_NETWORK_MH,2026-04-21,0,0,1,True
SAFE_SITE_PROV_NETWORK_MH_20260422,SITE_PROV_NETWORK,SITE_PROV_NETWORK_MH,2026-04-22,1,0,1,True
SAFE_SITE_PROV_NETWORK_MH_20260423,SITE_PROV_NETWORK,SITE_PROV_NETWORK_MH,2026-04-23,0,1,0,True
SAFE_SITE_PROV_NETWORK_MH_20260424,SITE_PROV_NETWORK,SITE_PROV_NETWORK_MH,2026-04-24,4,0,0,True
SAFE_SITE_PROV_NETWORK_MH_20260425,SITE_PROV_NETWORK,SITE_PROV_NETWORK_MH,2026-04-25,0,0,1,True
SAFE_SITE_PROV_NETWORK_MH_20260426,SITE_PROV_NETWORK,SITE_PROV_NETWORK_MH,2026-04-26,1,0,0,True
SAFE_SITE_PROV_NETWORK_MH_20260427,SITE_PROV_NETWORK,SITE_PROV_NETWORK_MH,2026-04-27,1,0,1,True
SAFE_SITE_PROV_NETWORK_MH_20260428,SITE_PROV_NETWORK,SITE_PROV_NETWORK_MH,2026-04-28,0,0,0,True
SAFE_SITE_PROV_NETWORK_MH_20260429,SITE_PROV_NETWORK,SITE_PROV_NETWORK_MH,2026-04-29,0,2,2,True
SAFE_SITE_PROV_NETWORK_MH_20260430,SITE_PROV_NETWORK,SITE_PROV_NETWORK_MH,2026-04-30,0,0,0,True
