site_id,site_name,program_id,program,week,week_start,forecast_waitlist,lower,upper,third_next_available_days,referral_forecast,diagnostic_readiness,source_ids,classification,source_readiness
SITE_STOLLERY_INSPIRED,Stollery-inspired,respiratory,Respiratory,1,2026-06-15,756,688,847,72,93,0.714,"SRC_SYNTH_REFERRALS,SRC_SYNTH_REFERRAL_TRIAGE,SRC_SYNTH_WAITLIST_SNAPSHOTS,SRC_SYNTH_CLINIC_TEMPLATES,SRC_SYNTH_PROVIDER_AVAILABILITY,SRC_SYNTH_NO_SHOW_LATE_CANCEL,SRC_SYNTH_DIAGNOSTIC_READINESS,SRC_SYNTH_HR_SHIFT_ROSTER,SRC_SYNTH_FINANCE_RESOURCE_ENVELOPE,SRC_OPEN_RESPIRATORY_VIRUS_DASHBOARD,SRC_OPEN_AQHI_SMOKE_CONTEXT,SRC_OPEN_SCHOOL_HOLIDAY_CALENDAR,SRC_OPEN_STATCAN_PED_POPULATION",modelled,ready
SITE_STOLLERY_INSPIRED,Stollery-inspired,respiratory,Respiratory,2,2026-06-22,771,702,864,73,94,0.714,"SRC_SYNTH_REFERRALS,SRC_SYNTH_REFERRAL_TRIAGE,SRC_SYNTH_WAITLIST_SNAPSHOTS,SRC_SYNTH_CLINIC_TEMPLATES,SRC_SYNTH_PROVIDER_AVAILABILITY,SRC_SYNTH_NO_SHOW_LATE_CANCEL,SRC_SYNTH_DIAGNOSTIC_READINESS,SRC_SYNTH_HR_SHIFT_ROSTER,SRC_SYNTH_FINANCE_RESOURCE_ENVELOPE,SRC_OPEN_RESPIRATORY_VIRUS_DASHBOARD,SRC_OPEN_AQHI_SMOKE_CONTEXT,SRC_OPEN_SCHOOL_HOLIDAY_CALENDAR,SRC_OPEN_STATCAN_PED_POPULATION",modelled,ready
SITE_STOLLERY_INSPIRED,Stollery-inspired,respiratory,Respiratory,3,2026-06-29,786,715,880,74,95,0.714,"SRC_SYNTH_REFERRALS,SRC_SYNTH_REFERRAL_TRIAGE,SRC_SYNTH_WAITLIST_SNAPSHOTS,SRC_SYNTH_CLINIC_TEMPLATES,SRC_SYNTH_PROVIDER_AVAILABILITY,SRC_SYNTH_NO_SHOW_LATE_CANCEL,SRC_SYNTH_DIAGNOSTIC_READINESS,SRC_SYNTH_HR_SHIFT_ROSTER,SRC_SYNTH_FINANCE_RESOURCE_ENVELOPE,SRC_OPEN_RESPIRATORY_VIRUS_DASHBOARD,SRC_OPEN_AQHI_SMOKE_CONTEXT,SRC_OPEN_SCHOOL_HOLIDAY_CALENDAR,SRC_OPEN_STATCAN_PED_POPULATION",modelled,ready
SITE_STOLLERY_INSPIRED,Stollery-inspired,respiratory,Respiratory,4,2026-07-06,799,727,895,75,95,0.714,"SRC_SYNTH_REFERRALS,SRC_SYNTH_REFERRAL_TRIAGE,SRC_SYNTH_WAITLIST_SNAPSHOTS,SRC_SYNTH_CLINIC_TEMPLATES,SRC_SYNTH_PROVIDER_AVAILABILITY,SRC_SYNTH_NO_SHOW_LATE_CANCEL,SRC_SYNTH_DIAGNOSTIC_READINESS,SRC_SYNTH_HR_SHIFT_ROSTER,SRC_SYNTH_FINANCE_RESOURCE_ENVELOPE,SRC_OPEN_RESPIRATORY_VIRUS_DASHBOARD,SRC_OPEN_AQHI_SMOKE_CONTEXT,SRC_OPEN_SCHOOL_HOLIDAY_CALENDAR,SRC_OPEN_STATCAN_PED_POPULATION",modelled,ready
SITE_STOLLERY_INSPIRED,Stollery-inspired,respiratory,Respiratory,5,2026-07-13,811,738,908,76,96,0.714,"SRC_SYNTH_REFERRALS,SRC_SYNTH_REFERRAL_TRIAGE,SRC_SYNTH_WAITLIST_SNAPSHOTS,SRC_SYNTH_CLINIC_TEMPLATES,SRC_SYNTH_PROVIDER_AVAILABILITY,SRC_SYNTH_NO_SHOW_LATE_CANCEL,SRC_SYNTH_DIAGNOSTIC_READINESS,SRC_SYNTH_HR_SHIFT_ROSTER,SRC_SYNTH_FINANCE_RESOURCE_ENVELOPE,SRC_OPEN_RESPIRATORY_VIRUS_DASHBOARD,SRC_OPEN_AQHI_SMOKE_CONTEXT,SRC_OPEN_SCHOOL_HOLIDAY_CALENDAR,SRC_OPEN_STATCAN_PED_POPULATION",modelled,ready
SITE_STOLLERY_INSPIRED,Stollery-inspired,respiratory,Respiratory,6,2026-07-20,822,748,921,76,97,0.714,"SRC_SYNTH_REFERRALS,SRC_SYNTH_REFERRAL_TRIAGE,SRC_SYNTH_WAITLIST_SNAPSHOTS,SRC_SYNTH_CLINIC_TEMPLATES,SRC_SYNTH_PROVIDER_AVAILABILITY,SRC_SYNTH_NO_SHOW_LATE_CANCEL,SRC_SYNTH_DIAGNOSTIC_READINESS,SRC_SYNTH_HR_SHIFT_ROSTER,SRC_SYNTH_FINANCE_RESOURCE_ENVELOPE,SRC_OPEN_RESPIRATORY_VIRUS_DASHBOARD,SRC_OPEN_AQHI_SMOKE_CONTEXT,SRC_OPEN_SCHOOL_HOLIDAY_CALENDAR,SRC_OPEN_STATCAN_PED_POPULATION",modelled,ready
SITE_STOLLERY_INSPIRED,Stollery-inspired,respiratory,Respiratory,7,2026-07-27,831,756,931,77,98,0.714,"SRC_SYNTH_REFERRALS,SRC_SYNTH_REFERRAL_TRIAGE,SRC_SYNTH_WAITLIST_SNAPSHOTS,SRC_SYNTH_CLINIC_TEMPLATES,SRC_SYNTH_PROVIDER_AVAILABILITY,SRC_SYNTH_NO_SHOW_LATE_CANCEL,SRC_SYNTH_DIAGNOSTIC_READINESS,SRC_SYNTH_HR_SHIFT_ROSTER,SRC_SYNTH_FINANCE_RESOURCE_ENVELOPE,SRC_OPEN_RESPIRATORY_VIRUS_DASHBOARD,SRC_OPEN_AQHI_SMOKE_CONTEXT,SRC_OPEN_SCHOOL_HOLIDAY_CALENDAR,SRC_OPEN_STATCAN_PED_POPULATION",modelled,ready
SITE_STOLLERY_INSPIRED,Stollery-inspired,respiratory,Respiratory,8,2026-08-03,837,762,937,77,99,0.714,"SRC_SYNTH_REFERRALS,SRC_SYNTH_REFERRAL_TRIAGE,SRC_SYNTH_WAITLIST_SNAPSHOTS,SRC_SYNTH_CLINIC_TEMPLATES,SRC_SYNTH_PROVIDER_AVAILABILITY,SRC_SYNTH_NO_SHOW_LATE_CANCEL,SRC_SYNTH_DIAGNOSTIC_READINESS,SRC_SYNTH_HR_SHIFT_ROSTER,SRC_SYNTH_FINANCE_RESOURCE_ENVELOPE,SRC_OPEN_RESPIRATORY_VIRUS_DASHBOARD,SRC_OPEN_AQHI_SMOKE_CONTEXT,SRC_OPEN_SCHOOL_HOLIDAY_CALENDAR,SRC_OPEN_STATCAN_PED_POPULATION",modelled,ready
SITE_STOLLERY_INSPIRED,Stollery-inspired,respiratory,Respiratory,9,2026-08-10,842,766,943,78,100,0.714,"SRC_SYNTH_REFERRALS,SRC_SYNTH_REFERRAL_TRIAGE,SRC_SYNTH_WAITLIST_SNAPSHOTS,SRC_SYNTH_CLINIC_TEMPLATES,SRC_SYNTH_PROVIDER_AVAILABILITY,SRC_SYNTH_NO_SHOW_LATE_CANCEL,SRC_SYNTH_DIAGNOSTIC_READINESS,SRC_SYNTH_HR_SHIFT_ROSTER,SRC_SYNTH_FINANCE_RESOURCE_ENVELOPE,SRC_OPEN_RESPIRATORY_VIRUS_DASHBOARD,SRC_OPEN_AQHI_SMOKE_CONTEXT,SRC_OPEN_SCHOOL_HOLIDAY_CALENDAR,SRC_OPEN_STATCAN_PED_POPULATION",modelled,ready
SITE_STOLLERY_INSPIRED,Stollery-inspired,respiratory,Respiratory,10,2026-08-17,845,769,946,78,100,0.714,"SRC_SYNTH_REFERRALS,SRC_SYNTH_REFERRAL_TRIAGE,SRC_SYNTH_WAITLIST_SNAPSHOTS,SRC_SYNTH_CLINIC_TEMPLATES,SRC_SYNTH_PROVIDER_AVAILABILITY,SRC_SYNTH_NO_SHOW_LATE_CANCEL,SRC_SYNTH_DIAGNOSTIC_READINESS,SRC_SYNTH_HR_SHIFT_ROSTER,SRC_SYNTH_FINANCE_RESOURCE_ENVELOPE,SRC_OPEN_RESPIRATORY_VIRUS_DASHBOARD,SRC_OPEN_AQHI_SMOKE_CONTEXT,SRC_OPEN_SCHOOL_HOLIDAY_CALENDAR,SRC_OPEN_STATCAN_PED_POPULATION",modelled,ready
SITE_STOLLERY_INSPIRED,Stollery-inspired,respiratory,Respiratory,11,2026-08-24,845,769,946,78,101,0.714,"SRC_SYNTH_REFERRALS,SRC_SYNTH_REFERRAL_TRIAGE,SRC_SYNTH_WAITLIST_SNAPSHOTS,SRC_SYNTH_CLINIC_TEMPLATES,SRC_SYNTH_PROVIDER_AVAILABILITY,SRC_SYNTH_NO_SHOW_LATE_CANCEL,SRC_SYNTH_DIAGNOSTIC_READINESS,SRC_SYNTH_HR_SHIFT_ROSTER,SRC_SYNTH_FINANCE_RESOURCE_ENVELOPE,SRC_OPEN_RESPIRATORY_VIRUS_DASHBOARD,SRC_OPEN_AQHI_SMOKE_CONTEXT,SRC_OPEN_SCHOOL_HOLIDAY_CALENDAR,SRC_OPEN_STATCAN_PED_POPULATION",modelled,ready
SITE_STOLLERY_INSPIRED,Stollery-inspired,respiratory,Respiratory,12,2026-08-31,844,768,945,79,102,0.714,"SRC_SYNTH_REFERRALS,SRC_SYNTH_REFERRAL_TRIAGE,SRC_SYNTH_WAITLIST_SNAPSHOTS,SRC_SYNTH_CLINIC_TEMPLATES,SRC_SYNTH_PROVIDER_AVAILABILITY,SRC_SYNTH_NO_SHOW_LATE_CANCEL,SRC_SYNTH_DIAGNOSTIC_READINESS,SRC_SYNTH_HR_SHIFT_ROSTER,SRC_SYNTH_FINANCE_RESOURCE_ENVELOPE,SRC_OPEN_RESPIRATORY_VIRUS_DASHBOARD,SRC_OPEN_AQHI_SMOKE_CONTEXT,SRC_OPEN_SCHOOL_HOLIDAY_CALENDAR,SRC_OPEN_STATCAN_PED_POPULATION",modelled,ready
SITE_STOLLERY_INSPIRED,Stollery-inspired,respiratory,Respiratory,13,2026-09-07,840,764,941,79,103,0.714,"SRC_SYNTH_REFERRALS,SRC_SYNTH_REFERRAL_TRIAGE,SRC_SYNTH_WAITLIST_SNAPSHOTS,SRC_SYNTH_CLINIC_TEMPLATES,SRC_SYNTH_PROVIDER_AVAILABILITY,SRC_SYNTH_NO_SHOW_LATE_CANCEL,SRC_SYNTH_DIAGNOSTIC_READINESS,SRC_SYNTH_HR_SHIFT_ROSTER,SRC_SYNTH_FINANCE_RESOURCE_ENVELOPE,SRC_OPEN_RESPIRATORY_VIRUS_DASHBOARD,SRC_OPEN_AQHI_SMOKE_CONTEXT,SRC_OPEN_SCHOOL_HOLIDAY_CALENDAR,SRC_OPEN_STATCAN_PED_POPULATION",modelled,ready
SITE_STOLLERY_INSPIRED,Stollery-inspired,respiratory,Respiratory,14,2026-09-14,836,761,936,79,104,0.714,"SRC_SYNTH_REFERRALS,SRC_SYNTH_REFERRAL_TRIAGE,SRC_SYNTH_WAITLIST_SNAPSHOTS,SRC_SYNTH_CLINIC_TEMPLATES,SRC_SYNTH_PROVIDER_AVAILABILITY,SRC_SYNTH_NO_SHOW_LATE_CANCEL,SRC_SYNTH_DIAGNOSTIC_READINESS,SRC_SYNTH_HR_SHIFT_ROSTER,SRC_SYNTH_FINANCE_RESOURCE_ENVELOPE,SRC_OPEN_RESPIRATORY_VIRUS_DASHBOARD,SRC_OPEN_AQHI_SMOKE_CONTEXT,SRC_OPEN_SCHOOL_HOLIDAY_CALENDAR,SRC_OPEN_STATCAN_PED_POPULATION",modelled,ready
SITE_STOLLERY_INSPIRED,Stollery-inspired,respiratory,Respiratory,15,2026-09-21,829,754,928,79,105,0.714,"SRC_SYNTH_REFERRALS,SRC_SYNTH_REFERRAL_TRIAGE,SRC_SYNTH_WAITLIST_SNAPSHOTS,SRC_SYNTH_CLINIC_TEMPLATES,SRC_SYNTH_PROVIDER_AVAILABILITY,SRC_SYNTH_NO_SHOW_LATE_CANCEL,SRC_SYNTH_DIAGNOSTIC_READINESS,SRC_SYNTH_HR_SHIFT_ROSTER,SRC_SYNTH_FINANCE_RESOURCE_ENVELOPE,SRC_OPEN_RESPIRATORY_VIRUS_DASHBOARD,SRC_OPEN_AQHI_SMOKE_CONTEXT,SRC_OPEN_SCHOOL_HOLIDAY_CALENDAR,SRC_OPEN_STATCAN_PED_POPULATION",modelled,ready
SITE_STOLLERY_INSPIRED,Stollery-inspired,respiratory,Respiratory,16,2026-09-28,822,748,921,79,105,0.714,"SRC_SYNTH_REFERRALS,SRC_SYNTH_REFERRAL_TRIAGE,SRC_SYNTH_WAITLIST_SNAPSHOTS,SRC_SYNTH_CLINIC_TEMPLATES,SRC_SYNTH_PROVIDER_AVAILABILITY,SRC_SYNTH_NO_SHOW_LATE_CANCEL,SRC_SYNTH_DIAGNOSTIC_READINESS,SRC_SYNTH_HR_SHIFT_ROSTER,SRC_SYNTH_FINANCE_RESOURCE_ENVELOPE,SRC_OPEN_RESPIRATORY_VIRUS_DASHBOARD,SRC_OPEN_AQHI_SMOKE_CONTEXT,SRC_OPEN_SCHOOL_HOLIDAY_CALENDAR,SRC_OPEN_STATCAN_PED_POPULATION",modelled,ready
SITE_STOLLERY_INSPIRED,Stollery-inspired,respiratory,Respiratory,17,2026-10-05,815,742,913,79,106,0.714,"SRC_SYNTH_REFERRALS,SRC_SYNTH_REFERRAL_TRIAGE,SRC_SYNTH_WAITLIST_SNAPSHOTS,SRC_SYNTH_CLINIC_TEMPLATES,SRC_SYNTH_PROVIDER_AVAILABILITY,SRC_SYNTH_NO_SHOW_LATE_CANCEL,SRC_SYNTH_DIAGNOSTIC_READINESS,SRC_SYNTH_HR_SHIFT_ROSTER,SRC_SYNTH_FINANCE_RESOURCE_ENVELOPE,SRC_OPEN_RESPIRATORY_VIRUS_DASHBOARD,SRC_OPEN_AQHI_SMOKE_CONTEXT,SRC_OPEN_SCHOOL_HOLIDAY_CALENDAR,SRC_OPEN_STATCAN_PED_POPULATION",modelled,ready
SITE_STOLLERY_INSPIRED,Stollery-inspired,respiratory,Respiratory,18,2026-10-12,807,734,904,79,107,0.714,"SRC_SYNTH_REFERRALS,SRC_SYNTH_REFERRAL_TRIAGE,SRC_SYNTH_WAITLIST_SNAPSHOTS,SRC_SYNTH_CLINIC_TEMPLATES,SRC_SYNTH_PROVIDER_AVAILABILITY,SRC_SYNTH_NO_SHOW_LATE_CANCEL,SRC_SYNTH_DIAGNOSTIC_READINESS,SRC_SYNTH_HR_SHIFT_ROSTER,SRC_SYNTH_FINANCE_RESOURCE_ENVELOPE,SRC_OPEN_RESPIRATORY_VIRUS_DASHBOARD,SRC_OPEN_AQHI_SMOKE_CONTEXT,SRC_OPEN_SCHOOL_HOLIDAY_CALENDAR,SRC_OPEN_STATCAN_PED_POPULATION",modelled,ready
SITE_STOLLERY_INSPIRED,Stollery-inspired,respiratory,Respiratory,19,2026-10-19,800,728,896,79,108,0.714,"SRC_SYNTH_REFERRALS,SRC_SYNTH_REFERRAL_TRIAGE,SRC_SYNTH_WAITLIST_SNAPSHOTS,SRC_SYNTH_CLINIC_TEMPLATES,SRC_SYNTH_PROVIDER_AVAILABILITY,SRC_SYNTH_NO_SHOW_LATE_CANCEL,SRC_SYNTH_DIAGNOSTIC_READINESS,SRC_SYNTH_HR_SHIFT_ROSTER,SRC_SYNTH_FINANCE_RESOURCE_ENVELOPE,SRC_OPEN_RESPIRATORY_VIRUS_DASHBOARD,SRC_OPEN_AQHI_SMOKE_CONTEXT,SRC_OPEN_SCHOOL_HOLIDAY_CALENDAR,SRC_OPEN_STATCAN_PED_POPULATION",modelled,ready
SITE_STOLLERY_INSPIRED,Stollery-inspired,respiratory,Respiratory,20,2026-10-26,793,722,888,78,109,0.714,"SRC_SYNTH_REFERRALS,SRC_SYNTH_REFERRAL_TRIAGE,SRC_SYNTH_WAITLIST_SNAPSHOTS,SRC_SYNTH_CLINIC_TEMPLATES,SRC_SYNTH_PROVIDER_AVAILABILITY,SRC_SYNTH_NO_SHOW_LATE_CANCEL,SRC_SYNTH_DIAGNOSTIC_READINESS,SRC_SYNTH_HR_SHIFT_ROSTER,SRC_SYNTH_FINANCE_RESOURCE_ENVELOPE,SRC_OPEN_RESPIRATORY_VIRUS_DASHBOARD,SRC_OPEN_AQHI_SMOKE_CONTEXT,SRC_OPEN_SCHOOL_HOLIDAY_CALENDAR,SRC_OPEN_STATCAN_PED_POPULATION",modelled,ready
SITE_STOLLERY_INSPIRED,Stollery-inspired,respiratory,Respiratory,21,2026-11-02,787,716,881,79,110,0.714,"SRC_SYNTH_REFERRALS,SRC_SYNTH_REFERRAL_TRIAGE,SRC_SYNTH_WAITLIST_SNAPSHOTS,SRC_SYNTH_CLINIC_TEMPLATES,SRC_SYNTH_PROVIDER_AVAILABILITY,SRC_SYNTH_NO_SHOW_LATE_CANCEL,SRC_SYNTH_DIAGNOSTIC_READINESS,SRC_SYNTH_HR_SHIFT_ROSTER,SRC_SYNTH_FINANCE_RESOURCE_ENVELOPE,SRC_OPEN_RESPIRATORY_VIRUS_DASHBOARD,SRC_OPEN_AQHI_SMOKE_CONTEXT,SRC_OPEN_SCHOOL_HOLIDAY_CALENDAR,SRC_OPEN_STATCAN_PED_POPULATION",modelled,ready
SITE_STOLLERY_INSPIRED,Stollery-inspired,respiratory,Respiratory,22,2026-11-09,783,713,877,79,110,0.714,"SRC_SYNTH_REFERRALS,SRC_SYNTH_REFERRAL_TRIAGE,SRC_SYNTH_WAITLIST_SNAPSHOTS,SRC_SYNTH_CLINIC_TEMPLATES,SRC_SYNTH_PROVIDER_AVAILABILITY,SRC_SYNTH_NO_SHOW_LATE_CANCEL,SRC_SYNTH_DIAGNOSTIC_READINESS,SRC_SYNTH_HR_SHIFT_ROSTER,SRC_SYNTH_FINANCE_RESOURCE_ENVELOPE,SRC_OPEN_RESPIRATORY_VIRUS_DASHBOARD,SRC_OPEN_AQHI_SMOKE_CONTEXT,SRC_OPEN_SCHOOL_HOLIDAY_CALENDAR,SRC_OPEN_STATCAN_PED_POPULATION",modelled,ready
SITE_STOLLERY_INSPIRED,Stollery-inspired,respiratory,Respiratory,23,2026-11-16,781,711,875,79,111,0.714,"SRC_SYNTH_REFERRALS,SRC_SYNTH_REFERRAL_TRIAGE,SRC_SYNTH_WAITLIST_SNAPSHOTS,SRC_SYNTH_CLINIC_TEMPLATES,SRC_SYNTH_PROVIDER_AVAILABILITY,SRC_SYNTH_NO_SHOW_LATE_CANCEL,SRC_SYNTH_DIAGNOSTIC_READINESS,SRC_SYNTH_HR_SHIFT_ROSTER,SRC_SYNTH_FINANCE_RESOURCE_ENVELOPE,SRC_OPEN_RESPIRATORY_VIRUS_DASHBOARD,SRC_OPEN_AQHI_SMOKE_CONTEXT,SRC_OPEN_SCHOOL_HOLIDAY_CALENDAR,SRC_OPEN_STATCAN_PED_POPULATION",modelled,ready
SITE_STOLLERY_INSPIRED,Stollery-inspired,respiratory,Respiratory,24,2026-11-23,781,711,875,79,112,0.714,"SRC_SYNTH_REFERRALS,SRC_SYNTH_REFERRAL_TRIAGE,SRC_SYNTH_WAITLIST_SNAPSHOTS,SRC_SYNTH_CLINIC_TEMPLATES,SRC_SYNTH_PROVIDER_AVAILABILITY,SRC_SYNTH_NO_SHOW_LATE_CANCEL,SRC_SYNTH_DIAGNOSTIC_READINESS,SRC_SYNTH_HR_SHIFT_ROSTER,SRC_SYNTH_FINANCE_RESOURCE_ENVELOPE,SRC_OPEN_RESPIRATORY_VIRUS_DASHBOARD,SRC_OPEN_AQHI_SMOKE_CONTEXT,SRC_OPEN_SCHOOL_HOLIDAY_CALENDAR,SRC_OPEN_STATCAN_PED_POPULATION",modelled,ready
SITE_STOLLERY_INSPIRED,Stollery-inspired,respiratory,Respiratory,25,2026-11-30,783,713,877,79,113,0.714,"SRC_SYNTH_REFERRALS,SRC_SYNTH_REFERRAL_TRIAGE,SRC_SYNTH_WAITLIST_SNAPSHOTS,SRC_SYNTH_CLINIC_TEMPLATES,SRC_SYNTH_PROVIDER_AVAILABILITY,SRC_SYNTH_NO_SHOW_LATE_CANCEL,SRC_SYNTH_DIAGNOSTIC_READINESS,SRC_SYNTH_HR_SHIFT_ROSTER,SRC_SYNTH_FINANCE_RESOURCE_ENVELOPE,SRC_OPEN_RESPIRATORY_VIRUS_DASHBOARD,SRC_OPEN_AQHI_SMOKE_CONTEXT,SRC_OPEN_SCHOOL_HOLIDAY_CALENDAR,SRC_OPEN_STATCAN_PED_POPULATION",modelled,ready
SITE_STOLLERY_INSPIRED,Stollery-inspired,respiratory,Respiratory,26,2026-12-07,787,716,881,80,114,0.714,"SRC_SYNTH_REFERRALS,SRC_SYNTH_REFERRAL_TRIAGE,SRC_SYNTH_WAITLIST_SNAPSHOTS,SRC_SYNTH_CLINIC_TEMPLATES,SRC_SYNTH_PROVIDER_AVAILABILITY,SRC_SYNTH_NO_SHOW_LATE_CANCEL,SRC_SYNTH_DIAGNOSTIC_READINESS,SRC_SYNTH_HR_SHIFT_ROSTER,SRC_SYNTH_FINANCE_RESOURCE_ENVELOPE,SRC_OPEN_RESPIRATORY_VIRUS_DASHBOARD,SRC_OPEN_AQHI_SMOKE_CONTEXT,SRC_OPEN_SCHOOL_HOLIDAY_CALENDAR,SRC_OPEN_STATCAN_PED_POPULATION",modelled,ready
SITE_STOLLERY_INSPIRED,Stollery-inspired,cardiology,Cardiology,1,2026-06-15,587,534,657,61,66,0.747,"SRC_SYNTH_REFERRALS,SRC_SYNTH_REFERRAL_TRIAGE,SRC_SYNTH_WAITLIST_SNAPSHOTS,SRC_SYNTH_CLINIC_TEMPLATES,SRC_SYNTH_PROVIDER_AVAILABILITY,SRC_SYNTH_NO_SHOW_LATE_CANCEL,SRC_SYNTH_DIAGNOSTIC_READINESS,SRC_SYNTH_HR_SHIFT_ROSTER,SRC_SYNTH_FINANCE_RESOURCE_ENVELOPE,SRC_OPEN_RESPIRATORY_VIRUS_DASHBOARD,SRC_OPEN_AQHI_SMOKE_CONTEXT,SRC_OPEN_SCHOOL_HOLIDAY_CALENDAR,SRC_OPEN_STATCAN_PED_POPULATION",modelled,ready
SITE_STOLLERY_INSPIRED,Stollery-inspired,cardiology,Cardiology,2,2026-06-22,599,545,671,62,67,0.747,"SRC_SYNTH_REFERRALS,SRC_SYNTH_REFERRAL_TRIAGE,SRC_SYNTH_WAITLIST_SNAPSHOTS,SRC_SYNTH_CLINIC_TEMPLATES,SRC_SYNTH_PROVIDER_AVAILABILITY,SRC_SYNTH_NO_SHOW_LATE_CANCEL,SRC_SYNTH_DIAGNOSTIC_READINESS,SRC_SYNTH_HR_SHIFT_ROSTER,SRC_SYNTH_FINANCE_RESOURCE_ENVELOPE,SRC_OPEN_RESPIRATORY_VIRUS_DASHBOARD,SRC_OPEN_AQHI_SMOKE_CONTEXT,SRC_OPEN_SCHOOL_HOLIDAY_CALENDAR,SRC_OPEN_STATCAN_PED_POPULATION",modelled,ready
SITE_STOLLERY_INSPIRED,Stollery-inspired,cardiology,Cardiology,3,2026-06-29,609,554,682,63,67,0.747,"SRC_SYNTH_REFERRALS,SRC_SYNTH_REFERRAL_TRIAGE,SRC_SYNTH_WAITLIST_SNAPSHOTS,SRC_SYNTH_CLINIC_TEMPLATES,SRC_SYNTH_PROVIDER_AVAILABILITY,SRC_SYNTH_NO_SHOW_LATE_CANCEL,SRC_SYNTH_DIAGNOSTIC_READINESS,SRC_SYNTH_HR_SHIFT_ROSTER,SRC_SYNTH_FINANCE_RESOURCE_ENVELOPE,SRC_OPEN_RESPIRATORY_VIRUS_DASHBOARD,SRC_OPEN_AQHI_SMOKE_CONTEXT,SRC_OPEN_SCHOOL_HOLIDAY_CALENDAR,SRC_OPEN_STATCAN_PED_POPULATION",modelled,ready
SITE_STOLLERY_INSPIRED,Stollery-inspired,cardiology,Cardiology,4,2026-07-06,618,562,692,64,67,0.747,"SRC_SYNTH_REFERRALS,SRC_SYNTH_REFERRAL_TRIAGE,SRC_SYNTH_WAITLIST_SNAPSHOTS,SRC_SYNTH_CLINIC_TEMPLATES,SRC_SYNTH_PROVIDER_AVAILABILITY,SRC_SYNTH_NO_SHOW_LATE_CANCEL,SRC_SYNTH_DIAGNOSTIC_READINESS,SRC_SYNTH_HR_SHIFT_ROSTER,SRC_SYNTH_FINANCE_RESOURCE_ENVELOPE,SRC_OPEN_RESPIRATORY_VIRUS_DASHBOARD,SRC_OPEN_AQHI_SMOKE_CONTEXT,SRC_OPEN_SCHOOL_HOLIDAY_CALENDAR,SRC_OPEN_STATCAN_PED_POPULATION",modelled,ready
SITE_STOLLERY_INSPIRED,Stollery-inspired,cardiology,Cardiology,5,2026-07-13,626,570,701,64,68,0.747,"SRC_SYNTH_REFERRALS,SRC_SYNTH_REFERRAL_TRIAGE,SRC_SYNTH_WAITLIST_SNAPSHOTS,SRC_SYNTH_CLINIC_TEMPLATES,SRC_SYNTH_PROVIDER_AVAILABILITY,SRC_SYNTH_NO_SHOW_LATE_CANCEL,SRC_SYNTH_DIAGNOSTIC_READINESS,SRC_SYNTH_HR_SHIFT_ROSTER,SRC_SYNTH_FINANCE_RESOURCE_ENVELOPE,SRC_OPEN_RESPIRATORY_VIRUS_DASHBOARD,SRC_OPEN_AQHI_SMOKE_CONTEXT,SRC_OPEN_SCHOOL_HOLIDAY_CALENDAR,SRC_OPEN_STATCAN_PED_POPULATION",modelled,ready
SITE_STOLLERY_INSPIRED,Stollery-inspired,cardiology,Cardiology,6,2026-07-20,633,576,709,65,68,0.747,"SRC_SYNTH_REFERRALS,SRC_SYNTH_REFERRAL_TRIAGE,SRC_SYNTH_WAITLIST_SNAPSHOTS,SRC_SYNTH_CLINIC_TEMPLATES,SRC_SYNTH_PROVIDER_AVAILABILITY,SRC_SYNTH_NO_SHOW_LATE_CANCEL,SRC_SYNTH_DIAGNOSTIC_READINESS,SRC_SYNTH_HR_SHIFT_ROSTER,SRC_SYNTH_FINANCE_RESOURCE_ENVELOPE,SRC_OPEN_RESPIRATORY_VIRUS_DASHBOARD,SRC_OPEN_AQHI_SMOKE_CONTEXT,SRC_OPEN_SCHOOL_HOLIDAY_CALENDAR,SRC_OPEN_STATCAN_PED_POPULATION",modelled,ready
SITE_STOLLERY_INSPIRED,Stollery-inspired,cardiology,Cardiology,7,2026-07-27,638,581,715,66,68,0.747,"SRC_SYNTH_REFERRALS,SRC_SYNTH_REFERRAL_TRIAGE,SRC_SYNTH_WAITLIST_SNAPSHOTS,SRC_SYNTH_CLINIC_TEMPLATES,SRC_SYNTH_PROVIDER_AVAILABILITY,SRC_SYNTH_NO_SHOW_LATE_CANCEL,SRC_SYNTH_DIAGNOSTIC_READINESS,SRC_SYNTH_HR_SHIFT_ROSTER,SRC_SYNTH_FINANCE_RESOURCE_ENVELOPE,SRC_OPEN_RESPIRATORY_VIRUS_DASHBOARD,SRC_OPEN_AQHI_SMOKE_CONTEXT,SRC_OPEN_SCHOOL_HOLIDAY_CALENDAR,SRC_OPEN_STATCAN_PED_POPULATION",modelled,ready
SITE_STOLLERY_INSPIRED,Stollery-inspired,cardiology,Cardiology,8,2026-08-03,642,584,719,66,69,0.747,"SRC_SYNTH_REFERRALS,SRC_SYNTH_REFERRAL_TRIAGE,SRC_SYNTH_WAITLIST_SNAPSHOTS,SRC_SYNTH_CLINIC_TEMPLATES,SRC_SYNTH_PROVIDER_AVAILABILITY,SRC_SYNTH_NO_SHOW_LATE_CANCEL,SRC_SYNTH_DIAGNOSTIC_READINESS,SRC_SYNTH_HR_SHIFT_ROSTER,SRC_SYNTH_FINANCE_RESOURCE_ENVELOPE,SRC_OPEN_RESPIRATORY_VIRUS_DASHBOARD,SRC_OPEN_AQHI_SMOKE_CONTEXT,SRC_OPEN_SCHOOL_HOLIDAY_CALENDAR,SRC_OPEN_STATCAN_PED_POPULATION",modelled,ready
SITE_STOLLERY_INSPIRED,Stollery-inspired,cardiology,Cardiology,9,2026-08-10,644,586,721,66,69,0.747,"SRC_SYNTH_REFERRALS,SRC_SYNTH_REFERRAL_TRIAGE,SRC_SYNTH_WAITLIST_SNAPSHOTS,SRC_SYNTH_CLINIC_TEMPLATES,SRC_SYNTH_PROVIDER_AVAILABILITY,SRC_SYNTH_NO_SHOW_LATE_CANCEL,SRC_SYNTH_DIAGNOSTIC_READINESS,SRC_SYNTH_HR_SHIFT_ROSTER,SRC_SYNTH_FINANCE_RESOURCE_ENVELOPE,SRC_OPEN_RESPIRATORY_VIRUS_DASHBOARD,SRC_OPEN_AQHI_SMOKE_CONTEXT,SRC_OPEN_SCHOOL_HOLIDAY_CALENDAR,SRC_OPEN_STATCAN_PED_POPULATION",modelled,ready
SITE_STOLLERY_INSPIRED,Stollery-inspired,cardiology,Cardiology,10,2026-08-17,644,586,721,67,69,0.747,"SRC_SYNTH_REFERRALS,SRC_SYNTH_REFERRAL_TRIAGE,SRC_SYNTH_WAITLIST_SNAPSHOTS,SRC_SYNTH_CLINIC_TEMPLATES,SRC_SYNTH_PROVIDER_AVAILABILITY,SRC_SYNTH_NO_SHOW_LATE_CANCEL,SRC_SYNTH_DIAGNOSTIC_READINESS,SRC_SYNTH_HR_SHIFT_ROSTER,SRC_SYNTH_FINANCE_RESOURCE_ENVELOPE,SRC_OPEN_RESPIRATORY_VIRUS_DASHBOARD,SRC_OPEN_AQHI_SMOKE_CONTEXT,SRC_OPEN_SCHOOL_HOLIDAY_CALENDAR,SRC_OPEN_STATCAN_PED_POPULATION",modelled,ready
SITE_STOLLERY_INSPIRED,Stollery-inspired,cardiology,Cardiology,11,2026-08-24,643,585,720,67,70,0.747,"SRC_SYNTH_REFERRALS,SRC_SYNTH_REFERRAL_TRIAGE,SRC_SYNTH_WAITLIST_SNAPSHOTS,SRC_SYNTH_CLINIC_TEMPLATES,SRC_SYNTH_PROVIDER_AVAILABILITY,SRC_SYNTH_NO_SHOW_LATE_CANCEL,SRC_SYNTH_DIAGNOSTIC_READINESS,SRC_SYNTH_HR_SHIFT_ROSTER,SRC_SYNTH_FINANCE_RESOURCE_ENVELOPE,SRC_OPEN_RESPIRATORY_VIRUS_DASHBOARD,SRC_OPEN_AQHI_SMOKE_CONTEXT,SRC_OPEN_SCHOOL_HOLIDAY_CALENDAR,SRC_OPEN_STATCAN_PED_POPULATION",modelled,ready
SITE_STOLLERY_INSPIRED,Stollery-inspired,cardiology,Cardiology,12,2026-08-31,641,583,718,67,70,0.747,"SRC_SYNTH_REFERRALS,SRC_SYNTH_REFERRAL_TRIAGE,SRC_SYNTH_WAITLIST_SNAPSHOTS,SRC_SYNTH_CLINIC_TEMPLATES,SRC_SYNTH_PROVIDER_AVAILABILITY,SRC_SYNTH_NO_SHOW_LATE_CANCEL,SRC_SYNTH_DIAGNOSTIC_READINESS,SRC_SYNTH_HR_SHIFT_ROSTER,SRC_SYNTH_FINANCE_RESOURCE_ENVELOPE,SRC_OPEN_RESPIRATORY_VIRUS_DASHBOARD,SRC_OPEN_AQHI_SMOKE_CONTEXT,SRC_OPEN_SCHOOL_HOLIDAY_CALENDAR,SRC_OPEN_STATCAN_PED_POPULATION",modelled,ready
SITE_STOLLERY_INSPIRED,Stollery-inspired,cardiology,Cardiology,13,2026-09-07,637,580,713,67,70,0.747,"SRC_SYNTH_REFERRALS,SRC_SYNTH_REFERRAL_TRIAGE,SRC_SYNTH_WAITLIST_SNAPSHOTS,SRC_SYNTH_CLINIC_TEMPLATES,SRC_SYNTH_PROVIDER_AVAILABILITY,SRC_SYNTH_NO_SHOW_LATE_CANCEL,SRC_SYNTH_DIAGNOSTIC_READINESS,SRC_SYNTH_HR_SHIFT_ROSTER,SRC_SYNTH_FINANCE_RESOURCE_ENVELOPE,SRC_OPEN_RESPIRATORY_VIRUS_DASHBOARD,SRC_OPEN_AQHI_SMOKE_CONTEXT,SRC_OPEN_SCHOOL_HOLIDAY_CALENDAR,SRC_OPEN_STATCAN_PED_POPULATION",modelled,ready
SITE_STOLLERY_INSPIRED,Stollery-inspired,cardiology,Cardiology,14,2026-09-14,632,575,708,67,71,0.747,"SRC_SYNTH_REFERRALS,SRC_SYNTH_REFERRAL_TRIAGE,SRC_SYNTH_WAITLIST_SNAPSHOTS,SRC_SYNTH_CLINIC_TEMPLATES,SRC_SYNTH_PROVIDER_AVAILABILITY,SRC_SYNTH_NO_SHOW_LATE_CANCEL,SRC_SYNTH_DIAGNOSTIC_READINESS,SRC_SYNTH_HR_SHIFT_ROSTER,SRC_SYNTH_FINANCE_RESOURCE_ENVELOPE,SRC_OPEN_RESPIRATORY_VIRUS_DASHBOARD,SRC_OPEN_AQHI_SMOKE_CONTEXT,SRC_OPEN_SCHOOL_HOLIDAY_CALENDAR,SRC_OPEN_STATCAN_PED_POPULATION",modelled,ready
SITE_STOLLERY_INSPIRED,Stollery-inspired,cardiology,Cardiology,15,2026-09-21,627,571,702,67,71,0.747,"SRC_SYNTH_REFERRALS,SRC_SYNTH_REFERRAL_TRIAGE,SRC_SYNTH_WAITLIST_SNAPSHOTS,SRC_SYNTH_CLINIC_TEMPLATES,SRC_SYNTH_PROVIDER_AVAILABILITY,SRC_SYNTH_NO_SHOW_LATE_CANCEL,SRC_SYNTH_DIAGNOSTIC_READINESS,SRC_SYNTH_HR_SHIFT_ROSTER,SRC_SYNTH_FINANCE_RESOURCE_ENVELOPE,SRC_OPEN_RESPIRATORY_VIRUS_DASHBOARD,SRC_OPEN_AQHI_SMOKE_CONTEXT,SRC_OPEN_SCHOOL_HOLIDAY_CALENDAR,SRC_OPEN_STATCAN_PED_POPULATION",modelled,ready
SITE_STOLLERY_INSPIRED,Stollery-inspired,cardiology,Cardiology,16,2026-09-28,621,565,696,67,71,0.747,"SRC_SYNTH_REFERRALS,SRC_SYNTH_REFERRAL_TRIAGE,SRC_SYNTH_WAITLIST_SNAPSHOTS,SRC_SYNTH_CLINIC_TEMPLATES,SRC_SYNTH_PROVIDER_AVAILABILITY,SRC_SYNTH_NO_SHOW_LATE_CANCEL,SRC_SYNTH_DIAGNOSTIC_READINESS,SRC_SYNTH_HR_SHIFT_ROSTER,SRC_SYNTH_FINANCE_RESOURCE_ENVELOPE,SRC_OPEN_RESPIRATORY_VIRUS_DASHBOARD,SRC_OPEN_AQHI_SMOKE_CONTEXT,SRC_OPEN_SCHOOL_HOLIDAY_CALENDAR,SRC_OPEN_STATCAN_PED_POPULATION",modelled,ready
SITE_STOLLERY_INSPIRED,Stollery-inspired,cardiology,Cardiology,17,2026-10-05,616,561,690,67,71,0.747,"SRC_SYNTH_REFERRALS,SRC_SYNTH_REFERRAL_TRIAGE,SRC_SYNTH_WAITLIST_SNAPSHOTS,SRC_SYNTH_CLINIC_TEMPLATES,SRC_SYNTH_PROVIDER_AVAILABILITY,SRC_SYNTH_NO_SHOW_LATE_CANCEL,SRC_SYNTH_DIAGNOSTIC_READINESS,SRC_SYNTH_HR_SHIFT_ROSTER,SRC_SYNTH_FINANCE_RESOURCE_ENVELOPE,SRC_OPEN_RESPIRATORY_VIRUS_DASHBOARD,SRC_OPEN_AQHI_SMOKE_CONTEXT,SRC_OPEN_SCHOOL_HOLIDAY_CALENDAR,SRC_OPEN_STATCAN_PED_POPULATION",modelled,ready
SITE_STOLLERY_INSPIRED,Stollery-inspired,cardiology,Cardiology,18,2026-10-12,610,555,683,67,72,0.747,"SRC_SYNTH_REFERRALS,SRC_SYNTH_REFERRAL_TRIAGE,SRC_SYNTH_WAITLIST_SNAPSHOTS,SRC_SYNTH_CLINIC_TEMPLATES,SRC_SYNTH_PROVIDER_AVAILABILITY,SRC_SYNTH_NO_SHOW_LATE_CANCEL,SRC_SYNTH_DIAGNOSTIC_READINESS,SRC_SYNTH_HR_SHIFT_ROSTER,SRC_SYNTH_FINANCE_RESOURCE_ENVELOPE,SRC_OPEN_RESPIRATORY_VIRUS_DASHBOARD,SRC_OPEN_AQHI_SMOKE_CONTEXT,SRC_OPEN_SCHOOL_HOLIDAY_CALENDAR,SRC_OPEN_STATCAN_PED_POPULATION",modelled,ready
SITE_STOLLERY_INSPIRED,Stollery-inspired,cardiology,Cardiology,19,2026-10-19,605,551,678,67,72,0.747,"SRC_SYNTH_REFERRALS,SRC_SYNTH_REFERRAL_TRIAGE,SRC_SYNTH_WAITLIST_SNAPSHOTS,SRC_SYNTH_CLINIC_TEMPLATES,SRC_SYNTH_PROVIDER_AVAILABILITY,SRC_SYNTH_NO_SHOW_LATE_CANCEL,SRC_SYNTH_DIAGNOSTIC_READINESS,SRC_SYNTH_HR_SHIFT_ROSTER,SRC_SYNTH_FINANCE_RESOURCE_ENVELOPE,SRC_OPEN_RESPIRATORY_VIRUS_DASHBOARD,SRC_OPEN_AQHI_SMOKE_CONTEXT,SRC_OPEN_SCHOOL_HOLIDAY_CALENDAR,SRC_OPEN_STATCAN_PED_POPULATION",modelled,ready
SITE_STOLLERY_INSPIRED,Stollery-inspired,cardiology,Cardiology,20,2026-10-26,601,547,673,67,72,0.747,"SRC_SYNTH_REFERRALS,SRC_SYNTH_REFERRAL_TRIAGE,SRC_SYNTH_WAITLIST_SNAPSHOTS,SRC_SYNTH_CLINIC_TEMPLATES,SRC_SYNTH_PROVIDER_AVAILABILITY,SRC_SYNTH_NO_SHOW_LATE_CANCEL,SRC_SYNTH_DIAGNOSTIC_READINESS,SRC_SYNTH_HR_SHIFT_ROSTER,SRC_SYNTH_FINANCE_RESOURCE_ENVELOPE,SRC_OPEN_RESPIRATORY_VIRUS_DASHBOARD,SRC_OPEN_AQHI_SMOKE_CONTEXT,SRC_OPEN_SCHOOL_HOLIDAY_CALENDAR,SRC_OPEN_STATCAN_PED_POPULATION",modelled,ready
SITE_STOLLERY_INSPIRED,Stollery-inspired,cardiology,Cardiology,21,2026-11-02,598,544,670,68,73,0.747,"SRC_SYNTH_REFERRALS,SRC_SYNTH_REFERRAL_TRIAGE,SRC_SYNTH_WAITLIST_SNAPSHOTS,SRC_SYNTH_CLINIC_TEMPLATES,SRC_SYNTH_PROVIDER_AVAILABILITY,SRC_SYNTH_NO_SHOW_LATE_CANCEL,SRC_SYNTH_DIAGNOSTIC_READINESS,SRC_SYNTH_HR_SHIFT_ROSTER,SRC_SYNTH_FINANCE_RESOURCE_ENVELOPE,SRC_OPEN_RESPIRATORY_VIRUS_DASHBOARD,SRC_OPEN_AQHI_SMOKE_CONTEXT,SRC_OPEN_SCHOOL_HOLIDAY_CALENDAR,SRC_OPEN_STATCAN_PED_POPULATION",modelled,ready
SITE_STOLLERY_INSPIRED,Stollery-inspired,cardiology,Cardiology,22,2026-11-09,596,542,668,68,73,0.747,"SRC_SYNTH_REFERRALS,SRC_SYNTH_REFERRAL_TRIAGE,SRC_SYNTH_WAITLIST_SNAPSHOTS,SRC_SYNTH_CLINIC_TEMPLATES,SRC_SYNTH_PROVIDER_AVAILABILITY,SRC_SYNTH_NO_SHOW_LATE_CANCEL,SRC_SYNTH_DIAGNOSTIC_READINESS,SRC_SYNTH_HR_SHIFT_ROSTER,SRC_SYNTH_FINANCE_RESOURCE_ENVELOPE,SRC_OPEN_RESPIRATORY_VIRUS_DASHBOARD,SRC_OPEN_AQHI_SMOKE_CONTEXT,SRC_OPEN_SCHOOL_HOLIDAY_CALENDAR,SRC_OPEN_STATCAN_PED_POPULATION",modelled,ready
SITE_STOLLERY_INSPIRED,Stollery-inspired,cardiology,Cardiology,23,2026-11-16,596,542,668,68,73,0.747,"SRC_SYNTH_REFERRALS,SRC_SYNTH_REFERRAL_TRIAGE,SRC_SYNTH_WAITLIST_SNAPSHOTS,SRC_SYNTH_CLINIC_TEMPLATES,SRC_SYNTH_PROVIDER_AVAILABILITY,SRC_SYNTH_NO_SHOW_LATE_CANCEL,SRC_SYNTH_DIAGNOSTIC_READINESS,SRC_SYNTH_HR_SHIFT_ROSTER,SRC_SYNTH_FINANCE_RESOURCE_ENVELOPE,SRC_OPEN_RESPIRATORY_VIRUS_DASHBOARD,SRC_OPEN_AQHI_SMOKE_CONTEXT,SRC_OPEN_SCHOOL_HOLIDAY_CALENDAR,SRC_OPEN_STATCAN_PED_POPULATION",modelled,ready
SITE_STOLLERY_INSPIRED,Stollery-inspired,cardiology,Cardiology,24,2026-11-23,597,543,669,68,74,0.747,"SRC_SYNTH_REFERRALS,SRC_SYNTH_REFERRAL_TRIAGE,SRC_SYNTH_WAITLIST_SNAPSHOTS,SRC_SYNTH_CLINIC_TEMPLATES,SRC_SYNTH_PROVIDER_AVAILABILITY,SRC_SYNTH_NO_SHOW_LATE_CANCEL,SRC_SYNTH_DIAGNOSTIC_READINESS,SRC_SYNTH_HR_SHIFT_ROSTER,SRC_SYNTH_FINANCE_RESOURCE_ENVELOPE,SRC_OPEN_RESPIRATORY_VIRUS_DASHBOARD,SRC_OPEN_AQHI_SMOKE_CONTEXT,SRC_OPEN_SCHOOL_HOLIDAY_CALENDAR,SRC_OPEN_STATCAN_PED_POPULATION",modelled,ready
SITE_STOLLERY_INSPIRED,Stollery-inspired,cardiology,Cardiology,25,2026-11-30,600,546,672,69,74,0.747,"SRC_SYNTH_REFERRALS,SRC_SYNTH_REFERRAL_TRIAGE,SRC_SYNTH_WAITLIST_SNAPSHOTS,SRC_SYNTH_CLINIC_TEMPLATES,SRC_SYNTH_PROVIDER_AVAILABILITY,SRC_SYNTH_NO_SHOW_LATE_CANCEL,SRC_SYNTH_DIAGNOSTIC_READINESS,SRC_SYNTH_HR_SHIFT_ROSTER,SRC_SYNTH_FINANCE_RESOURCE_ENVELOPE,SRC_OPEN_RESPIRATORY_VIRUS_DASHBOARD,SRC_OPEN_AQHI_SMOKE_CONTEXT,SRC_OPEN_SCHOOL_HOLIDAY_CALENDAR,SRC_OPEN_STATCAN_PED_POPULATION",modelled,ready
SITE_STOLLERY_INSPIRED,Stollery-inspired,cardiology,Cardiology,26,2026-12-07,605,551,678,69,74,0.747,"SRC_SYNTH_REFERRALS,SRC_SYNTH_REFERRAL_TRIAGE,SRC_SYNTH_WAITLIST_SNAPSHOTS,SRC_SYNTH_CLINIC_TEMPLATES,SRC_SYNTH_PROVIDER_AVAILABILITY,SRC_SYNTH_NO_SHOW_LATE_CANCEL,SRC_SYNTH_DIAGNOSTIC_READINESS,SRC_SYNTH_HR_SHIFT_ROSTER,SRC_SYNTH_FINANCE_RESOURCE_ENVELOPE,SRC_OPEN_RESPIRATORY_VIRUS_DASHBOARD,SRC_OPEN_AQHI_SMOKE_CONTEXT,SRC_OPEN_SCHOOL_HOLIDAY_CALENDAR,SRC_OPEN_STATCAN_PED_POPULATION",modelled,ready
SITE_STOLLERY_INSPIRED,Stollery-inspired,neurology,Neurology,1,2026-06-15,905,824,1014,68,104,0.729,"SRC_SYNTH_REFERRALS,SRC_SYNTH_REFERRAL_TRIAGE,SRC_SYNTH_WAITLIST_SNAPSHOTS,SRC_SYNTH_CLINIC_TEMPLATES,SRC_SYNTH_PROVIDER_AVAILABILITY,SRC_SYNTH_NO_SHOW_LATE_CANCEL,SRC_SYNTH_DIAGNOSTIC_READINESS,SRC_SYNTH_HR_SHIFT_ROSTER,SRC_SYNTH_FINANCE_RESOURCE_ENVELOPE,SRC_OPEN_RESPIRATORY_VIRUS_DASHBOARD,SRC_OPEN_AQHI_SMOKE_CONTEXT,SRC_OPEN_SCHOOL_HOLIDAY_CALENDAR,SRC_OPEN_STATCAN_PED_POPULATION",modelled,ready
SITE_STOLLERY_INSPIRED,Stollery-inspired,neurology,Neurology,2,2026-06-22,920,837,1030,69,104,0.729,"SRC_SYNTH_REFERRALS,SRC_SYNTH_REFERRAL_TRIAGE,SRC_SYNTH_WAITLIST_SNAPSHOTS,SRC_SYNTH_CLINIC_TEMPLATES,SRC_SYNTH_PROVIDER_AVAILABILITY,SRC_SYNTH_NO_SHOW_LATE_CANCEL,SRC_SYNTH_DIAGNOSTIC_READINESS,SRC_SYNTH_HR_SHIFT_ROSTER,SRC_SYNTH_FINANCE_RESOURCE_ENVELOPE,SRC_OPEN_RESPIRATORY_VIRUS_DASHBOARD,SRC_OPEN_AQHI_SMOKE_CONTEXT,SRC_OPEN_SCHOOL_HOLIDAY_CALENDAR,SRC_OPEN_STATCAN_PED_POPULATION",modelled,ready
SITE_STOLLERY_INSPIRED,Stollery-inspired,neurology,Neurology,3,2026-06-29,935,851,1047,69,105,0.729,"SRC_SYNTH_REFERRALS,SRC_SYNTH_REFERRAL_TRIAGE,SRC_SYNTH_WAITLIST_SNAPSHOTS,SRC_SYNTH_CLINIC_TEMPLATES,SRC_SYNTH_PROVIDER_AVAILABILITY,SRC_SYNTH_NO_SHOW_LATE_CANCEL,SRC_SYNTH_DIAGNOSTIC_READINESS,SRC_SYNTH_HR_SHIFT_ROSTER,SRC_SYNTH_FINANCE_RESOURCE_ENVELOPE,SRC_OPEN_RESPIRATORY_VIRUS_DASHBOARD,SRC_OPEN_AQHI_SMOKE_CONTEXT,SRC_OPEN_SCHOOL_HOLIDAY_CALENDAR,SRC_OPEN_STATCAN_PED_POPULATION",modelled,ready
SITE_STOLLERY_INSPIRED,Stollery-inspired,neurology,Neurology,4,2026-07-06,947,862,1061,70,106,0.729,"SRC_SYNTH_REFERRALS,SRC_SYNTH_REFERRAL_TRIAGE,SRC_SYNTH_WAITLIST_SNAPSHOTS,SRC_SYNTH_CLINIC_TEMPLATES,SRC_SYNTH_PROVIDER_AVAILABILITY,SRC_SYNTH_NO_SHOW_LATE_CANCEL,SRC_SYNTH_DIAGNOSTIC_READINESS,SRC_SYNTH_HR_SHIFT_ROSTER,SRC_SYNTH_FINANCE_RESOURCE_ENVELOPE,SRC_OPEN_RESPIRATORY_VIRUS_DASHBOARD,SRC_OPEN_AQHI_SMOKE_CONTEXT,SRC_OPEN_SCHOOL_HOLIDAY_CALENDAR,SRC_OPEN_STATCAN_PED_POPULATION",modelled,ready
SITE_STOLLERY_INSPIRED,Stollery-inspired,neurology,Neurology,5,2026-07-13,957,871,1072,71,106,0.729,"SRC_SYNTH_REFERRALS,SRC_SYNTH_REFERRAL_TRIAGE,SRC_SYNTH_WAITLIST_SNAPSHOTS,SRC_SYNTH_CLINIC_TEMPLATES,SRC_SYNTH_PROVIDER_AVAILABILITY,SRC_SYNTH_NO_SHOW_LATE_CANCEL,SRC_SYNTH_DIAGNOSTIC_READINESS,SRC_SYNTH_HR_SHIFT_ROSTER,SRC_SYNTH_FINANCE_RESOURCE_ENVELOPE,SRC_OPEN_RESPIRATORY_VIRUS_DASHBOARD,SRC_OPEN_AQHI_SMOKE_CONTEXT,SRC_OPEN_SCHOOL_HOLIDAY_CALENDAR,SRC_OPEN_STATCAN_PED_POPULATION",modelled,ready
SITE_STOLLERY_INSPIRED,Stollery-inspired,neurology,Neurology,6,2026-07-20,965,878,1081,71,107,0.729,"SRC_SYNTH_REFERRALS,SRC_SYNTH_REFERRAL_TRIAGE,SRC_SYNTH_WAITLIST_SNAPSHOTS,SRC_SYNTH_CLINIC_TEMPLATES,SRC_SYNTH_PROVIDER_AVAILABILITY,SRC_SYNTH_NO_SHOW_LATE_CANCEL,SRC_SYNTH_DIAGNOSTIC_READINESS,SRC_SYNTH_HR_SHIFT_ROSTER,SRC_SYNTH_FINANCE_RESOURCE_ENVELOPE,SRC_OPEN_RESPIRATORY_VIRUS_DASHBOARD,SRC_OPEN_AQHI_SMOKE_CONTEXT,SRC_OPEN_SCHOOL_HOLIDAY_CALENDAR,SRC_OPEN_STATCAN_PED_POPULATION",modelled,ready
SITE_STOLLERY_INSPIRED,Stollery-inspired,neurology,Neurology,7,2026-07-27,971,884,1088,72,108,0.729,"SRC_SYNTH_REFERRALS,SRC_SYNTH_REFERRAL_TRIAGE,SRC_SYNTH_WAITLIST_SNAPSHOTS,SRC_SYNTH_CLINIC_TEMPLATES,SRC_SYNTH_PROVIDER_AVAILABILITY,SRC_SYNTH_NO_SHOW_LATE_CANCEL,SRC_SYNTH_DIAGNOSTIC_READINESS,SRC_SYNTH_HR_SHIFT_ROSTER,SRC_SYNTH_FINANCE_RESOURCE_ENVELOPE,SRC_OPEN_RESPIRATORY_VIRUS_DASHBOARD,SRC_OPEN_AQHI_SMOKE_CONTEXT,SRC_OPEN_SCHOOL_HOLIDAY_CALENDAR,SRC_OPEN_STATCAN_PED_POPULATION",modelled,ready
SITE_STOLLERY_INSPIRED,Stollery-inspired,neurology,Neurology,8,2026-08-03,974,886,1091,72,108,0.729,"SRC_SYNTH_REFERRALS,SRC_SYNTH_REFERRAL_TRIAGE,SRC_SYNTH_WAITLIST_SNAPSHOTS,SRC_SYNTH_CLINIC_TEMPLATES,SRC_SYNTH_PROVIDER_AVAILABILITY,SRC_SYNTH_NO_SHOW_LATE_CANCEL,SRC_SYNTH_DIAGNOSTIC_READINESS,SRC_SYNTH_HR_SHIFT_ROSTER,SRC_SYNTH_FINANCE_RESOURCE_ENVELOPE,SRC_OPEN_RESPIRATORY_VIRUS_DASHBOARD,SRC_OPEN_AQHI_SMOKE_CONTEXT,SRC_OPEN_SCHOOL_HOLIDAY_CALENDAR,SRC_OPEN_STATCAN_PED_POPULATION",modelled,ready
SITE_STOLLERY_INSPIRED,Stollery-inspired,neurology,Neurology,9,2026-08-10,974,886,1091,72,109,0.729,"SRC_SYNTH_REFERRALS,SRC_SYNTH_REFERRAL_TRIAGE,SRC_SYNTH_WAITLIST_SNAPSHOTS,SRC_SYNTH_CLINIC_TEMPLATES,SRC_SYNTH_PROVIDER_AVAILABILITY,SRC_SYNTH_NO_SHOW_LATE_CANCEL,SRC_SYNTH_DIAGNOSTIC_READINESS,SRC_SYNTH_HR_SHIFT_ROSTER,SRC_SYNTH_FINANCE_RESOURCE_ENVELOPE,SRC_OPEN_RESPIRATORY_VIRUS_DASHBOARD,SRC_OPEN_AQHI_SMOKE_CONTEXT,SRC_OPEN_SCHOOL_HOLIDAY_CALENDAR,SRC_OPEN_STATCAN_PED_POPULATION",modelled,ready
SITE_STOLLERY_INSPIRED,Stollery-inspired,neurology,Neurology,10,2026-08-17,973,885,1090,73,110,0.729,"SRC_SYNTH_REFERRALS,SRC_SYNTH_REFERRAL_TRIAGE,SRC_SYNTH_WAITLIST_SNAPSHOTS,SRC_SYNTH_CLINIC_TEMPLATES,SRC_SYNTH_PROVIDER_AVAILABILITY,SRC_SYNTH_NO_SHOW_LATE_CANCEL,SRC_SYNTH_DIAGNOSTIC_READINESS,SRC_SYNTH_HR_SHIFT_ROSTER,SRC_SYNTH_FINANCE_RESOURCE_ENVELOPE,SRC_OPEN_RESPIRATORY_VIRUS_DASHBOARD,SRC_OPEN_AQHI_SMOKE_CONTEXT,SRC_OPEN_SCHOOL_HOLIDAY_CALENDAR,SRC_OPEN_STATCAN_PED_POPULATION",modelled,ready
SITE_STOLLERY_INSPIRED,Stollery-inspired,neurology,Neurology,11,2026-08-24,969,882,1085,73,110,0.729,"SRC_SYNTH_REFERRALS,SRC_SYNTH_REFERRAL_TRIAGE,SRC_SYNTH_WAITLIST_SNAPSHOTS,SRC_SYNTH_CLINIC_TEMPLATES,SRC_SYNTH_PROVIDER_AVAILABILITY,SRC_SYNTH_NO_SHOW_LATE_CANCEL,SRC_SYNTH_DIAGNOSTIC_READINESS,SRC_SYNTH_HR_SHIFT_ROSTER,SRC_SYNTH_FINANCE_RESOURCE_ENVELOPE,SRC_OPEN_RESPIRATORY_VIRUS_DASHBOARD,SRC_OPEN_AQHI_SMOKE_CONTEXT,SRC_OPEN_SCHOOL_HOLIDAY_CALENDAR,SRC_OPEN_STATCAN_PED_POPULATION",modelled,ready
SITE_STOLLERY_INSPIRED,Stollery-inspired,neurology,Neurology,12,2026-08-31,963,876,1079,73,111,0.729,"SRC_SYNTH_REFERRALS,SRC_SYNTH_REFERRAL_TRIAGE,SRC_SYNTH_WAITLIST_SNAPSHOTS,SRC_SYNTH_CLINIC_TEMPLATES,SRC_SYNTH_PROVIDER_AVAILABILITY,SRC_SYNTH_NO_SHOW_LATE_CANCEL,SRC_SYNTH_DIAGNOSTIC_READINESS,SRC_SYNTH_HR_SHIFT_ROSTER,SRC_SYNTH_FINANCE_RESOURCE_ENVELOPE,SRC_OPEN_RESPIRATORY_VIRUS_DASHBOARD,SRC_OPEN_AQHI_SMOKE_CONTEXT,SRC_OPEN_SCHOOL_HOLIDAY_CALENDAR,SRC_OPEN_STATCAN_PED_POPULATION",modelled,ready
SITE_STOLLERY_INSPIRED,Stollery-inspired,neurology,Neurology,13,2026-09-07,956,870,1071,73,112,0.729,"SRC_SYNTH_REFERRALS,SRC_SYNTH_REFERRAL_TRIAGE,SRC_SYNTH_WAITLIST_SNAPSHOTS,SRC_SYNTH_CLINIC_TEMPLATES,SRC_SYNTH_PROVIDER_AVAILABILITY,SRC_SYNTH_NO_SHOW_LATE_CANCEL,SRC_SYNTH_DIAGNOSTIC_READINESS,SRC_SYNTH_HR_SHIFT_ROSTER,SRC_SYNTH_FINANCE_RESOURCE_ENVELOPE,SRC_OPEN_RESPIRATORY_VIRUS_DASHBOARD,SRC_OPEN_AQHI_SMOKE_CONTEXT,SRC_OPEN_SCHOOL_HOLIDAY_CALENDAR,SRC_OPEN_STATCAN_PED_POPULATION",modelled,ready
SITE_STOLLERY_INSPIRED,Stollery-inspired,neurology,Neurology,14,2026-09-14,948,863,1062,73,112,0.729,"SRC_SYNTH_REFERRALS,SRC_SYNTH_REFERRAL_TRIAGE,SRC_SYNTH_WAITLIST_SNAPSHOTS,SRC_SYNTH_CLINIC_TEMPLATES,SRC_SYNTH_PROVIDER_AVAILABILITY,SRC_SYNTH_NO_SHOW_LATE_CANCEL,SRC_SYNTH_DIAGNOSTIC_READINESS,SRC_SYNTH_HR_SHIFT_ROSTER,SRC_SYNTH_FINANCE_RESOURCE_ENVELOPE,SRC_OPEN_RESPIRATORY_VIRUS_DASHBOARD,SRC_OPEN_AQHI_SMOKE_CONTEXT,SRC_OPEN_SCHOOL_HOLIDAY_CALENDAR,SRC_OPEN_STATCAN_PED_POPULATION",modelled,ready
SITE_STOLLERY_INSPIRED,Stollery-inspired,neurology,Neurology,15,2026-09-21,940,855,1053,73,113,0.729,"SRC_SYNTH_REFERRALS,SRC_SYNTH_REFERRAL_TRIAGE,SRC_SYNTH_WAITLIST_SNAPSHOTS,SRC_SYNTH_CLINIC_TEMPLATES,SRC_SYNTH_PROVIDER_AVAILABILITY,SRC_SYNTH_NO_SHOW_LATE_CANCEL,SRC_SYNTH_DIAGNOSTIC_READINESS,SRC_SYNTH_HR_SHIFT_ROSTER,SRC_SYNTH_FINANCE_RESOURCE_ENVELOPE,SRC_OPEN_RESPIRATORY_VIRUS_DASHBOARD,SRC_OPEN_AQHI_SMOKE_CONTEXT,SRC_OPEN_SCHOOL_HOLIDAY_CALENDAR,SRC_OPEN_STATCAN_PED_POPULATION",modelled,ready
SITE_STOLLERY_INSPIRED,Stollery-inspired,neurology,Neurology,16,2026-09-28,931,847,1043,73,114,0.729,"SRC_SYNTH_REFERRALS,SRC_SYNTH_REFERRAL_TRIAGE,SRC_SYNTH_WAITLIST_SNAPSHOTS,SRC_SYNTH_CLINIC_TEMPLATES,SRC_SYNTH_PROVIDER_AVAILABILITY,SRC_SYNTH_NO_SHOW_LATE_CANCEL,SRC_SYNTH_DIAGNOSTIC_READINESS,SRC_SYNTH_HR_SHIFT_ROSTER,SRC_SYNTH_FINANCE_RESOURCE_ENVELOPE,SRC_OPEN_RESPIRATORY_VIRUS_DASHBOARD,SRC_OPEN_AQHI_SMOKE_CONTEXT,SRC_OPEN_SCHOOL_HOLIDAY_CALENDAR,SRC_OPEN_STATCAN_PED_POPULATION",modelled,ready
SITE_STOLLERY_INSPIRED,Stollery-inspired,neurology,Neurology,17,2026-10-05,922,839,1033,73,114,0.729,"SRC_SYNTH_REFERRALS,SRC_SYNTH_REFERRAL_TRIAGE,SRC_SYNTH_WAITLIST_SNAPSHOTS,SRC_SYNTH_CLINIC_TEMPLATES,SRC_SYNTH_PROVIDER_AVAILABILITY,SRC_SYNTH_NO_SHOW_LATE_CANCEL,SRC_SYNTH_DIAGNOSTIC_READINESS,SRC_SYNTH_HR_SHIFT_ROSTER,SRC_SYNTH_FINANCE_RESOURCE_ENVELOPE,SRC_OPEN_RESPIRATORY_VIRUS_DASHBOARD,SRC_OPEN_AQHI_SMOKE_CONTEXT,SRC_OPEN_SCHOOL_HOLIDAY_CALENDAR,SRC_OPEN_STATCAN_PED_POPULATION",modelled,ready
SITE_STOLLERY_INSPIRED,Stollery-inspired,neurology,Neurology,18,2026-10-12,915,833,1025,73,115,0.729,"SRC_SYNTH_REFERRALS,SRC_SYNTH_REFERRAL_TRIAGE,SRC_SYNTH_WAITLIST_SNAPSHOTS,SRC_SYNTH_CLINIC_TEMPLATES,SRC_SYNTH_PROVIDER_AVAILABILITY,SRC_SYNTH_NO_SHOW_LATE_CANCEL,SRC_SYNTH_DIAGNOSTIC_READINESS,SRC_SYNTH_HR_SHIFT_ROSTER,SRC_SYNTH_FINANCE_RESOURCE_ENVELOPE,SRC_OPEN_RESPIRATORY_VIRUS_DASHBOARD,SRC_OPEN_AQHI_SMOKE_CONTEXT,SRC_OPEN_SCHOOL_HOLIDAY_CALENDAR,SRC_OPEN_STATCAN_PED_POPULATION",modelled,ready
SITE_STOLLERY_INSPIRED,Stollery-inspired,neurology,Neurology,19,2026-10-19,908,826,1017,73,116,0.729,"SRC_SYNTH_REFERRALS,SRC_SYNTH_REFERRAL_TRIAGE,SRC_SYNTH_WAITLIST_SNAPSHOTS,SRC_SYNTH_CLINIC_TEMPLATES,SRC_SYNTH_PROVIDER_AVAILABILITY,SRC_SYNTH_NO_SHOW_LATE_CANCEL,SRC_SYNTH_DIAGNOSTIC_READINESS,SRC_SYNTH_HR_SHIFT_ROSTER,SRC_SYNTH_FINANCE_RESOURCE_ENVELOPE,SRC_OPEN_RESPIRATORY_VIRUS_DASHBOARD,SRC_OPEN_AQHI_SMOKE_CONTEXT,SRC_OPEN_SCHOOL_HOLIDAY_CALENDAR,SRC_OPEN_STATCAN_PED_POPULATION",modelled,ready
SITE_STOLLERY_INSPIRED,Stollery-inspired,neurology,Neurology,20,2026-10-26,904,823,1012,73,116,0.729,"SRC_SYNTH_REFERRALS,SRC_SYNTH_REFERRAL_TRIAGE,SRC_SYNTH_WAITLIST_SNAPSHOTS,SRC_SYNTH_CLINIC_TEMPLATES,SRC_SYNTH_PROVIDER_AVAILABILITY,SRC_SYNTH_NO_SHOW_LATE_CANCEL,SRC_SYNTH_DIAGNOSTIC_READINESS,SRC_SYNTH_HR_SHIFT_ROSTER,SRC_SYNTH_FINANCE_RESOURCE_ENVELOPE,SRC_OPEN_RESPIRATORY_VIRUS_DASHBOARD,SRC_OPEN_AQHI_SMOKE_CONTEXT,SRC_OPEN_SCHOOL_HOLIDAY_CALENDAR,SRC_OPEN_STATCAN_PED_POPULATION",modelled,ready
SITE_STOLLERY_INSPIRED,Stollery-inspired,neurology,Neurology,21,2026-11-02,901,820,1009,73,117,0.729,"SRC_SYNTH_REFERRALS,SRC_SYNTH_REFERRAL_TRIAGE,SRC_SYNTH_WAITLIST_SNAPSHOTS,SRC_SYNTH_CLINIC_TEMPLATES,SRC_SYNTH_PROVIDER_AVAILABILITY,SRC_SYNTH_NO_SHOW_LATE_CANCEL,SRC_SYNTH_DIAGNOSTIC_READINESS,SRC_SYNTH_HR_SHIFT_ROSTER,SRC_SYNTH_FINANCE_RESOURCE_ENVELOPE,SRC_OPEN_RESPIRATORY_VIRUS_DASHBOARD,SRC_OPEN_AQHI_SMOKE_CONTEXT,SRC_OPEN_SCHOOL_HOLIDAY_CALENDAR,SRC_OPEN_STATCAN_PED_POPULATION",modelled,ready
SITE_STOLLERY_INSPIRED,Stollery-inspired,neurology,Neurology,22,2026-11-09,901,820,1009,73,118,0.729,"SRC_SYNTH_REFERRALS,SRC_SYNTH_REFERRAL_TRIAGE,SRC_SYNTH_WAITLIST_SNAPSHOTS,SRC_SYNTH_CLINIC_TEMPLATES,SRC_SYNTH_PROVIDER_AVAILABILITY,SRC_SYNTH_NO_SHOW_LATE_CANCEL,SRC_SYNTH_DIAGNOSTIC_READINESS,SRC_SYNTH_HR_SHIFT_ROSTER,SRC_SYNTH_FINANCE_RESOURCE_ENVELOPE,SRC_OPEN_RESPIRATORY_VIRUS_DASHBOARD,SRC_OPEN_AQHI_SMOKE_CONTEXT,SRC_OPEN_SCHOOL_HOLIDAY_CALENDAR,SRC_OPEN_STATCAN_PED_POPULATION",modelled,ready
SITE_STOLLERY_INSPIRED,Stollery-inspired,neurology,Neurology,23,2026-11-16,903,822,1011,74,118,0.729,"SRC_SYNTH_REFERRALS,SRC_SYNTH_REFERRAL_TRIAGE,SRC_SYNTH_WAITLIST_SNAPSHOTS,SRC_SYNTH_CLINIC_TEMPLATES,SRC_SYNTH_PROVIDER_AVAILABILITY,SRC_SYNTH_NO_SHOW_LATE_CANCEL,SRC_SYNTH_DIAGNOSTIC_READINESS,SRC_SYNTH_HR_SHIFT_ROSTER,SRC_SYNTH_FINANCE_RESOURCE_ENVELOPE,SRC_OPEN_RESPIRATORY_VIRUS_DASHBOARD,SRC_OPEN_AQHI_SMOKE_CONTEXT,SRC_OPEN_SCHOOL_HOLIDAY_CALENDAR,SRC_OPEN_STATCAN_PED_POPULATION",modelled,ready
SITE_STOLLERY_INSPIRED,Stollery-inspired,neurology,Neurology,24,2026-11-23,908,826,1017,74,119,0.729,"SRC_SYNTH_REFERRALS,SRC_SYNTH_REFERRAL_TRIAGE,SRC_SYNTH_WAITLIST_SNAPSHOTS,SRC_SYNTH_CLINIC_TEMPLATES,SRC_SYNTH_PROVIDER_AVAILABILITY,SRC_SYNTH_NO_SHOW_LATE_CANCEL,SRC_SYNTH_DIAGNOSTIC_READINESS,SRC_SYNTH_HR_SHIFT_ROSTER,SRC_SYNTH_FINANCE_RESOURCE_ENVELOPE,SRC_OPEN_RESPIRATORY_VIRUS_DASHBOARD,SRC_OPEN_AQHI_SMOKE_CONTEXT,SRC_OPEN_SCHOOL_HOLIDAY_CALENDAR,SRC_OPEN_STATCAN_PED_POPULATION",modelled,ready
SITE_STOLLERY_INSPIRED,Stollery-inspired,neurology,Neurology,25,2026-11-30,915,833,1025,75,120,0.729,"SRC_SYNTH_REFERRALS,SRC_SYNTH_REFERRAL_TRIAGE,SRC_SYNTH_WAITLIST_SNAPSHOTS,SRC_SYNTH_CLINIC_TEMPLATES,SRC_SYNTH_PROVIDER_AVAILABILITY,SRC_SYNTH_NO_SHOW_LATE_CANCEL,SRC_SYNTH_DIAGNOSTIC_READINESS,SRC_SYNTH_HR_SHIFT_ROSTER,SRC_SYNTH_FINANCE_RESOURCE_ENVELOPE,SRC_OPEN_RESPIRATORY_VIRUS_DASHBOARD,SRC_OPEN_AQHI_SMOKE_CONTEXT,SRC_OPEN_SCHOOL_HOLIDAY_CALENDAR,SRC_OPEN_STATCAN_PED_POPULATION",modelled,ready
SITE_STOLLERY_INSPIRED,Stollery-inspired,neurology,Neurology,26,2026-12-07,926,843,1037,75,120,0.729,"SRC_SYNTH_REFERRALS,SRC_SYNTH_REFERRAL_TRIAGE,SRC_SYNTH_WAITLIST_SNAPSHOTS,SRC_SYNTH_CLINIC_TEMPLATES,SRC_SYNTH_PROVIDER_AVAILABILITY,SRC_SYNTH_NO_SHOW_LATE_CANCEL,SRC_SYNTH_DIAGNOSTIC_READINESS,SRC_SYNTH_HR_SHIFT_ROSTER,SRC_SYNTH_FINANCE_RESOURCE_ENVELOPE,SRC_OPEN_RESPIRATORY_VIRUS_DASHBOARD,SRC_OPEN_AQHI_SMOKE_CONTEXT,SRC_OPEN_SCHOOL_HOLIDAY_CALENDAR,SRC_OPEN_STATCAN_PED_POPULATION",modelled,ready
SITE_STOLLERY_INSPIRED,Stollery-inspired,surgery_follow_up,Surgery follow-up,1,2026-06-15,866,788,970,63,94,0.743,"SRC_SYNTH_REFERRALS,SRC_SYNTH_REFERRAL_TRIAGE,SRC_SYNTH_WAITLIST_SNAPSHOTS,SRC_SYNTH_CLINIC_TEMPLATES,SRC_SYNTH_PROVIDER_AVAILABILITY,SRC_SYNTH_NO_SHOW_LATE_CANCEL,SRC_SYNTH_DIAGNOSTIC_READINESS,SRC_SYNTH_HR_SHIFT_ROSTER,SRC_SYNTH_FINANCE_RESOURCE_ENVELOPE,SRC_OPEN_RESPIRATORY_VIRUS_DASHBOARD,SRC_OPEN_AQHI_SMOKE_CONTEXT,SRC_OPEN_SCHOOL_HOLIDAY_CALENDAR,SRC_OPEN_STATCAN_PED_POPULATION",modelled,ready
SITE_STOLLERY_INSPIRED,Stollery-inspired,surgery_follow_up,Surgery follow-up,2,2026-06-22,880,801,986,64,95,0.743,"SRC_SYNTH_REFERRALS,SRC_SYNTH_REFERRAL_TRIAGE,SRC_SYNTH_WAITLIST_SNAPSHOTS,SRC_SYNTH_CLINIC_TEMPLATES,SRC_SYNTH_PROVIDER_AVAILABILITY,SRC_SYNTH_NO_SHOW_LATE_CANCEL,SRC_SYNTH_DIAGNOSTIC_READINESS,SRC_SYNTH_HR_SHIFT_ROSTER,SRC_SYNTH_FINANCE_RESOURCE_ENVELOPE,SRC_OPEN_RESPIRATORY_VIRUS_DASHBOARD,SRC_OPEN_AQHI_SMOKE_CONTEXT,SRC_OPEN_SCHOOL_HOLIDAY_CALENDAR,SRC_OPEN_STATCAN_PED_POPULATION",modelled,ready
SITE_STOLLERY_INSPIRED,Stollery-inspired,surgery_follow_up,Surgery follow-up,3,2026-06-29,891,811,998,65,95,0.743,"SRC_SYNTH_REFERRALS,SRC_SYNTH_REFERRAL_TRIAGE,SRC_SYNTH_WAITLIST_SNAPSHOTS,SRC_SYNTH_CLINIC_TEMPLATES,SRC_SYNTH_PROVIDER_AVAILABILITY,SRC_SYNTH_NO_SHOW_LATE_CANCEL,SRC_SYNTH_DIAGNOSTIC_READINESS,SRC_SYNTH_HR_SHIFT_ROSTER,SRC_SYNTH_FINANCE_RESOURCE_ENVELOPE,SRC_OPEN_RESPIRATORY_VIRUS_DASHBOARD,SRC_OPEN_AQHI_SMOKE_CONTEXT,SRC_OPEN_SCHOOL_HOLIDAY_CALENDAR,SRC_OPEN_STATCAN_PED_POPULATION",modelled,ready
SITE_STOLLERY_INSPIRED,Stollery-inspired,surgery_follow_up,Surgery follow-up,4,2026-07-06,901,820,1009,65,96,0.743,"SRC_SYNTH_REFERRALS,SRC_SYNTH_REFERRAL_TRIAGE,SRC_SYNTH_WAITLIST_SNAPSHOTS,SRC_SYNTH_CLINIC_TEMPLATES,SRC_SYNTH_PROVIDER_AVAILABILITY,SRC_SYNTH_NO_SHOW_LATE_CANCEL,SRC_SYNTH_DIAGNOSTIC_READINESS,SRC_SYNTH_HR_SHIFT_ROSTER,SRC_SYNTH_FINANCE_RESOURCE_ENVELOPE,SRC_OPEN_RESPIRATORY_VIRUS_DASHBOARD,SRC_OPEN_AQHI_SMOKE_CONTEXT,SRC_OPEN_SCHOOL_HOLIDAY_CALENDAR,SRC_OPEN_STATCAN_PED_POPULATION",modelled,ready
SITE_STOLLERY_INSPIRED,Stollery-inspired,surgery_follow_up,Surgery follow-up,5,2026-07-13,909,827,1018,66,96,0.743,"SRC_SYNTH_REFERRALS,SRC_SYNTH_REFERRAL_TRIAGE,SRC_SYNTH_WAITLIST_SNAPSHOTS,SRC_SYNTH_CLINIC_TEMPLATES,SRC_SYNTH_PROVIDER_AVAILABILITY,SRC_SYNTH_NO_SHOW_LATE_CANCEL,SRC_SYNTH_DIAGNOSTIC_READINESS,SRC_SYNTH_HR_SHIFT_ROSTER,SRC_SYNTH_FINANCE_RESOURCE_ENVELOPE,SRC_OPEN_RESPIRATORY_VIRUS_DASHBOARD,SRC_OPEN_AQHI_SMOKE_CONTEXT,SRC_OPEN_SCHOOL_HOLIDAY_CALENDAR,SRC_OPEN_STATCAN_PED_POPULATION",modelled,ready
SITE_STOLLERY_INSPIRED,Stollery-inspired,surgery_follow_up,Surgery follow-up,6,2026-07-20,914,832,1024,66,96,0.743,"SRC_SYNTH_REFERRALS,SRC_SYNTH_REFERRAL_TRIAGE,SRC_SYNTH_WAITLIST_SNAPSHOTS,SRC_SYNTH_CLINIC_TEMPLATES,SRC_SYNTH_PROVIDER_AVAILABILITY,SRC_SYNTH_NO_SHOW_LATE_CANCEL,SRC_SYNTH_DIAGNOSTIC_READINESS,SRC_SYNTH_HR_SHIFT_ROSTER,SRC_SYNTH_FINANCE_RESOURCE_ENVELOPE,SRC_OPEN_RESPIRATORY_VIRUS_DASHBOARD,SRC_OPEN_AQHI_SMOKE_CONTEXT,SRC_OPEN_SCHOOL_HOLIDAY_CALENDAR,SRC_OPEN_STATCAN_PED_POPULATION",modelled,ready
SITE_STOLLERY_INSPIRED,Stollery-inspired,surgery_follow_up,Surgery follow-up,7,2026-07-27,917,834,1027,66,97,0.743,"SRC_SYNTH_REFERRALS,SRC_SYNTH_REFERRAL_TRIAGE,SRC_SYNTH_WAITLIST_SNAPSHOTS,SRC_SYNTH_CLINIC_TEMPLATES,SRC_SYNTH_PROVIDER_AVAILABILITY,SRC_SYNTH_NO_SHOW_LATE_CANCEL,SRC_SYNTH_DIAGNOSTIC_READINESS,SRC_SYNTH_HR_SHIFT_ROSTER,SRC_SYNTH_FINANCE_RESOURCE_ENVELOPE,SRC_OPEN_RESPIRATORY_VIRUS_DASHBOARD,SRC_OPEN_AQHI_SMOKE_CONTEXT,SRC_OPEN_SCHOOL_HOLIDAY_CALENDAR,SRC_OPEN_STATCAN_PED_POPULATION",modelled,ready
SITE_STOLLERY_INSPIRED,Stollery-inspired,surgery_follow_up,Surgery follow-up,8,2026-08-03,917,834,1027,67,97,0.743,"SRC_SYNTH_REFERRALS,SRC_SYNTH_REFERRAL_TRIAGE,SRC_SYNTH_WAITLIST_SNAPSHOTS,SRC_SYNTH_CLINIC_TEMPLATES,SRC_SYNTH_PROVIDER_AVAILABILITY,SRC_SYNTH_NO_SHOW_LATE_CANCEL,SRC_SYNTH_DIAGNOSTIC_READINESS,SRC_SYNTH_HR_SHIFT_ROSTER,SRC_SYNTH_FINANCE_RESOURCE_ENVELOPE,SRC_OPEN_RESPIRATORY_VIRUS_DASHBOARD,SRC_OPEN_AQHI_SMOKE_CONTEXT,SRC_OPEN_SCHOOL_HOLIDAY_CALENDAR,SRC_OPEN_STATCAN_PED_POPULATION",modelled,ready
SITE_STOLLERY_INSPIRED,Stollery-inspired,surgery_follow_up,Surgery follow-up,9,2026-08-10,916,834,1026,67,97,0.743,"SRC_SYNTH_REFERRALS,SRC_SYNTH_REFERRAL_TRIAGE,SRC_SYNTH_WAITLIST_SNAPSHOTS,SRC_SYNTH_CLINIC_TEMPLATES,SRC_SYNTH_PROVIDER_AVAILABILITY,SRC_SYNTH_NO_SHOW_LATE_CANCEL,SRC_SYNTH_DIAGNOSTIC_READINESS,SRC_SYNTH_HR_SHIFT_ROSTER,SRC_SYNTH_FINANCE_RESOURCE_ENVELOPE,SRC_OPEN_RESPIRATORY_VIRUS_DASHBOARD,SRC_OPEN_AQHI_SMOKE_CONTEXT,SRC_OPEN_SCHOOL_HOLIDAY_CALENDAR,SRC_OPEN_STATCAN_PED_POPULATION",modelled,ready
SITE_STOLLERY_INSPIRED,Stollery-inspired,surgery_follow_up,Surgery follow-up,10,2026-08-17,912,830,1021,67,98,0.743,"SRC_SYNTH_REFERRALS,SRC_SYNTH_REFERRAL_TRIAGE,SRC_SYNTH_WAITLIST_SNAPSHOTS,SRC_SYNTH_CLINIC_TEMPLATES,SRC_SYNTH_PROVIDER_AVAILABILITY,SRC_SYNTH_NO_SHOW_LATE_CANCEL,SRC_SYNTH_DIAGNOSTIC_READINESS,SRC_SYNTH_HR_SHIFT_ROSTER,SRC_SYNTH_FINANCE_RESOURCE_ENVELOPE,SRC_OPEN_RESPIRATORY_VIRUS_DASHBOARD,SRC_OPEN_AQHI_SMOKE_CONTEXT,SRC_OPEN_SCHOOL_HOLIDAY_CALENDAR,SRC_OPEN_STATCAN_PED_POPULATION",modelled,ready
SITE_STOLLERY_INSPIRED,Stollery-inspired,surgery_follow_up,Surgery follow-up,11,2026-08-24,907,825,1016,67,98,0.743,"SRC_SYNTH_REFERRALS,SRC_SYNTH_REFERRAL_TRIAGE,SRC_SYNTH_WAITLIST_SNAPSHOTS,SRC_SYNTH_CLINIC_TEMPLATES,SRC_SYNTH_PROVIDER_AVAILABILITY,SRC_SYNTH_NO_SHOW_LATE_CANCEL,SRC_SYNTH_DIAGNOSTIC_READINESS,SRC_SYNTH_HR_SHIFT_ROSTER,SRC_SYNTH_FINANCE_RESOURCE_ENVELOPE,SRC_OPEN_RESPIRATORY_VIRUS_DASHBOARD,SRC_OPEN_AQHI_SMOKE_CONTEXT,SRC_OPEN_SCHOOL_HOLIDAY_CALENDAR,SRC_OPEN_STATCAN_PED_POPULATION",modelled,ready
SITE_STOLLERY_INSPIRED,Stollery-inspired,surgery_follow_up,Surgery follow-up,12,2026-08-31,901,820,1009,67,99,0.743,"SRC_SYNTH_REFERRALS,SRC_SYNTH_REFERRAL_TRIAGE,SRC_SYNTH_WAITLIST_SNAPSHOTS,SRC_SYNTH_CLINIC_TEMPLATES,SRC_SYNTH_PROVIDER_AVAILABILITY,SRC_SYNTH_NO_SHOW_LATE_CANCEL,SRC_SYNTH_DIAGNOSTIC_READINESS,SRC_SYNTH_HR_SHIFT_ROSTER,SRC_SYNTH_FINANCE_RESOURCE_ENVELOPE,SRC_OPEN_RESPIRATORY_VIRUS_DASHBOARD,SRC_OPEN_AQHI_SMOKE_CONTEXT,SRC_OPEN_SCHOOL_HOLIDAY_CALENDAR,SRC_OPEN_STATCAN_PED_POPULATION",modelled,ready
SITE_STOLLERY_INSPIRED,Stollery-inspired,surgery_follow_up,Surgery follow-up,13,2026-09-07,893,813,1000,67,99,0.743,"SRC_SYNTH_REFERRALS,SRC_SYNTH_REFERRAL_TRIAGE,SRC_SYNTH_WAITLIST_SNAPSHOTS,SRC_SYNTH_CLINIC_TEMPLATES,SRC_SYNTH_PROVIDER_AVAILABILITY,SRC_SYNTH_NO_SHOW_LATE_CANCEL,SRC_SYNTH_DIAGNOSTIC_READINESS,SRC_SYNTH_HR_SHIFT_ROSTER,SRC_SYNTH_FINANCE_RESOURCE_ENVELOPE,SRC_OPEN_RESPIRATORY_VIRUS_DASHBOARD,SRC_OPEN_AQHI_SMOKE_CONTEXT,SRC_OPEN_SCHOOL_HOLIDAY_CALENDAR,SRC_OPEN_STATCAN_PED_POPULATION",modelled,ready
SITE_STOLLERY_INSPIRED,Stollery-inspired,surgery_follow_up,Surgery follow-up,14,2026-09-14,885,805,991,67,99,0.743,"SRC_SYNTH_REFERRALS,SRC_SYNTH_REFERRAL_TRIAGE,SRC_SYNTH_WAITLIST_SNAPSHOTS,SRC_SYNTH_CLINIC_TEMPLATES,SRC_SYNTH_PROVIDER_AVAILABILITY,SRC_SYNTH_NO_SHOW_LATE_CANCEL,SRC_SYNTH_DIAGNOSTIC_READINESS,SRC_SYNTH_HR_SHIFT_ROSTER,SRC_SYNTH_FINANCE_RESOURCE_ENVELOPE,SRC_OPEN_RESPIRATORY_VIRUS_DASHBOARD,SRC_OPEN_AQHI_SMOKE_CONTEXT,SRC_OPEN_SCHOOL_HOLIDAY_CALENDAR,SRC_OPEN_STATCAN_PED_POPULATION",modelled,ready
SITE_STOLLERY_INSPIRED,Stollery-inspired,surgery_follow_up,Surgery follow-up,15,2026-09-21,877,798,982,67,100,0.743,"SRC_SYNTH_REFERRALS,SRC_SYNTH_REFERRAL_TRIAGE,SRC_SYNTH_WAITLIST_SNAPSHOTS,SRC_SYNTH_CLINIC_TEMPLATES,SRC_SYNTH_PROVIDER_AVAILABILITY,SRC_SYNTH_NO_SHOW_LATE_CANCEL,SRC_SYNTH_DIAGNOSTIC_READINESS,SRC_SYNTH_HR_SHIFT_ROSTER,SRC_SYNTH_FINANCE_RESOURCE_ENVELOPE,SRC_OPEN_RESPIRATORY_VIRUS_DASHBOARD,SRC_OPEN_AQHI_SMOKE_CONTEXT,SRC_OPEN_SCHOOL_HOLIDAY_CALENDAR,SRC_OPEN_STATCAN_PED_POPULATION",modelled,ready
SITE_STOLLERY_INSPIRED,Stollery-inspired,surgery_follow_up,Surgery follow-up,16,2026-09-28,869,791,973,67,100,0.743,"SRC_SYNTH_REFERRALS,SRC_SYNTH_REFERRAL_TRIAGE,SRC_SYNTH_WAITLIST_SNAPSHOTS,SRC_SYNTH_CLINIC_TEMPLATES,SRC_SYNTH_PROVIDER_AVAILABILITY,SRC_SYNTH_NO_SHOW_LATE_CANCEL,SRC_SYNTH_DIAGNOSTIC_READINESS,SRC_SYNTH_HR_SHIFT_ROSTER,SRC_SYNTH_FINANCE_RESOURCE_ENVELOPE,SRC_OPEN_RESPIRATORY_VIRUS_DASHBOARD,SRC_OPEN_AQHI_SMOKE_CONTEXT,SRC_OPEN_SCHOOL_HOLIDAY_CALENDAR,SRC_OPEN_STATCAN_PED_POPULATION",modelled,ready
SITE_STOLLERY_INSPIRED,Stollery-inspired,surgery_follow_up,Surgery follow-up,17,2026-10-05,862,784,965,67,100,0.743,"SRC_SYNTH_REFERRALS,SRC_SYNTH_REFERRAL_TRIAGE,SRC_SYNTH_WAITLIST_SNAPSHOTS,SRC_SYNTH_CLINIC_TEMPLATES,SRC_SYNTH_PROVIDER_AVAILABILITY,SRC_SYNTH_NO_SHOW_LATE_CANCEL,SRC_SYNTH_DIAGNOSTIC_READINESS,SRC_SYNTH_HR_SHIFT_ROSTER,SRC_SYNTH_FINANCE_RESOURCE_ENVELOPE,SRC_OPEN_RESPIRATORY_VIRUS_DASHBOARD,SRC_OPEN_AQHI_SMOKE_CONTEXT,SRC_OPEN_SCHOOL_HOLIDAY_CALENDAR,SRC_OPEN_STATCAN_PED_POPULATION",modelled,ready
SITE_STOLLERY_INSPIRED,Stollery-inspired,surgery_follow_up,Surgery follow-up,18,2026-10-12,856,779,959,67,101,0.743,"SRC_SYNTH_REFERRALS,SRC_SYNTH_REFERRAL_TRIAGE,SRC_SYNTH_WAITLIST_SNAPSHOTS,SRC_SYNTH_CLINIC_TEMPLATES,SRC_SYNTH_PROVIDER_AVAILABILITY,SRC_SYNTH_NO_SHOW_LATE_CANCEL,SRC_SYNTH_DIAGNOSTIC_READINESS,SRC_SYNTH_HR_SHIFT_ROSTER,SRC_SYNTH_FINANCE_RESOURCE_ENVELOPE,SRC_OPEN_RESPIRATORY_VIRUS_DASHBOARD,SRC_OPEN_AQHI_SMOKE_CONTEXT,SRC_OPEN_SCHOOL_HOLIDAY_CALENDAR,SRC_OPEN_STATCAN_PED_POPULATION",modelled,ready
SITE_STOLLERY_INSPIRED,Stollery-inspired,surgery_follow_up,Surgery follow-up,19,2026-10-19,851,774,953,68,101,0.743,"SRC_SYNTH_REFERRALS,SRC_SYNTH_REFERRAL_TRIAGE,SRC_SYNTH_WAITLIST_SNAPSHOTS,SRC_SYNTH_CLINIC_TEMPLATES,SRC_SYNTH_PROVIDER_AVAILABILITY,SRC_SYNTH_NO_SHOW_LATE_CANCEL,SRC_SYNTH_DIAGNOSTIC_READINESS,SRC_SYNTH_HR_SHIFT_ROSTER,SRC_SYNTH_FINANCE_RESOURCE_ENVELOPE,SRC_OPEN_RESPIRATORY_VIRUS_DASHBOARD,SRC_OPEN_AQHI_SMOKE_CONTEXT,SRC_OPEN_SCHOOL_HOLIDAY_CALENDAR,SRC_OPEN_STATCAN_PED_POPULATION",modelled,ready
SITE_STOLLERY_INSPIRED,Stollery-inspired,surgery_follow_up,Surgery follow-up,20,2026-10-26,849,773,951,68,102,0.743,"SRC_SYNTH_REFERRALS,SRC_SYNTH_REFERRAL_TRIAGE,SRC_SYNTH_WAITLIST_SNAPSHOTS,SRC_SYNTH_CLINIC_TEMPLATES,SRC_SYNTH_PROVIDER_AVAILABILITY,SRC_SYNTH_NO_SHOW_LATE_CANCEL,SRC_SYNTH_DIAGNOSTIC_READINESS,SRC_SYNTH_HR_SHIFT_ROSTER,SRC_SYNTH_FINANCE_RESOURCE_ENVELOPE,SRC_OPEN_RESPIRATORY_VIRUS_DASHBOARD,SRC_OPEN_AQHI_SMOKE_CONTEXT,SRC_OPEN_SCHOOL_HOLIDAY_CALENDAR,SRC_OPEN_STATCAN_PED_POPULATION",modelled,ready
SITE_STOLLERY_INSPIRED,Stollery-inspired,surgery_follow_up,Surgery follow-up,21,2026-11-02,849,773,951,68,102,0.743,"SRC_SYNTH_REFERRALS,SRC_SYNTH_REFERRAL_TRIAGE,SRC_SYNTH_WAITLIST_SNAPSHOTS,SRC_SYNTH_CLINIC_TEMPLATES,SRC_SYNTH_PROVIDER_AVAILABILITY,SRC_SYNTH_NO_SHOW_LATE_CANCEL,SRC_SYNTH_DIAGNOSTIC_READINESS,SRC_SYNTH_HR_SHIFT_ROSTER,SRC_SYNTH_FINANCE_RESOURCE_ENVELOPE,SRC_OPEN_RESPIRATORY_VIRUS_DASHBOARD,SRC_OPEN_AQHI_SMOKE_CONTEXT,SRC_OPEN_SCHOOL_HOLIDAY_CALENDAR,SRC_OPEN_STATCAN_PED_POPULATION",modelled,ready
SITE_STOLLERY_INSPIRED,Stollery-inspired,surgery_follow_up,Surgery follow-up,22,2026-11-09,851,774,953,68,102,0.743,"SRC_SYNTH_REFERRALS,SRC_SYNTH_REFERRAL_TRIAGE,SRC_SYNTH_WAITLIST_SNAPSHOTS,SRC_SYNTH_CLINIC_TEMPLATES,SRC_SYNTH_PROVIDER_AVAILABILITY,SRC_SYNTH_NO_SHOW_LATE_CANCEL,SRC_SYNTH_DIAGNOSTIC_READINESS,SRC_SYNTH_HR_SHIFT_ROSTER,SRC_SYNTH_FINANCE_RESOURCE_ENVELOPE,SRC_OPEN_RESPIRATORY_VIRUS_DASHBOARD,SRC_OPEN_AQHI_SMOKE_CONTEXT,SRC_OPEN_SCHOOL_HOLIDAY_CALENDAR,SRC_OPEN_STATCAN_PED_POPULATION",modelled,ready
SITE_STOLLERY_INSPIRED,Stollery-inspired,surgery_follow_up,Surgery follow-up,23,2026-11-16,855,778,958,69,103,0.743,"SRC_SYNTH_REFERRALS,SRC_SYNTH_REFERRAL_TRIAGE,SRC_SYNTH_WAITLIST_SNAPSHOTS,SRC_SYNTH_CLINIC_TEMPLATES,SRC_SYNTH_PROVIDER_AVAILABILITY,SRC_SYNTH_NO_SHOW_LATE_CANCEL,SRC_SYNTH_DIAGNOSTIC_READINESS,SRC_SYNTH_HR_SHIFT_ROSTER,SRC_SYNTH_FINANCE_RESOURCE_ENVELOPE,SRC_OPEN_RESPIRATORY_VIRUS_DASHBOARD,SRC_OPEN_AQHI_SMOKE_CONTEXT,SRC_OPEN_SCHOOL_HOLIDAY_CALENDAR,SRC_OPEN_STATCAN_PED_POPULATION",modelled,ready
SITE_STOLLERY_INSPIRED,Stollery-inspired,surgery_follow_up,Surgery follow-up,24,2026-11-23,863,785,967,69,103,0.743,"SRC_SYNTH_REFERRALS,SRC_SYNTH_REFERRAL_TRIAGE,SRC_SYNTH_WAITLIST_SNAPSHOTS,SRC_SYNTH_CLINIC_TEMPLATES,SRC_SYNTH_PROVIDER_AVAILABILITY,SRC_SYNTH_NO_SHOW_LATE_CANCEL,SRC_SYNTH_DIAGNOSTIC_READINESS,SRC_SYNTH_HR_SHIFT_ROSTER,SRC_SYNTH_FINANCE_RESOURCE_ENVELOPE,SRC_OPEN_RESPIRATORY_VIRUS_DASHBOARD,SRC_OPEN_AQHI_SMOKE_CONTEXT,SRC_OPEN_SCHOOL_HOLIDAY_CALENDAR,SRC_OPEN_STATCAN_PED_POPULATION",modelled,ready
SITE_STOLLERY_INSPIRED,Stollery-inspired,surgery_follow_up,Surgery follow-up,25,2026-11-30,872,794,977,70,103,0.743,"SRC_SYNTH_REFERRALS,SRC_SYNTH_REFERRAL_TRIAGE,SRC_SYNTH_WAITLIST_SNAPSHOTS,SRC_SYNTH_CLINIC_TEMPLATES,SRC_SYNTH_PROVIDER_AVAILABILITY,SRC_SYNTH_NO_SHOW_LATE_CANCEL,SRC_SYNTH_DIAGNOSTIC_READINESS,SRC_SYNTH_HR_SHIFT_ROSTER,SRC_SYNTH_FINANCE_RESOURCE_ENVELOPE,SRC_OPEN_RESPIRATORY_VIRUS_DASHBOARD,SRC_OPEN_AQHI_SMOKE_CONTEXT,SRC_OPEN_SCHOOL_HOLIDAY_CALENDAR,SRC_OPEN_STATCAN_PED_POPULATION",modelled,ready
SITE_STOLLERY_INSPIRED,Stollery-inspired,surgery_follow_up,Surgery follow-up,26,2026-12-07,884,804,990,71,104,0.743,"SRC_SYNTH_REFERRALS,SRC_SYNTH_REFERRAL_TRIAGE,SRC_SYNTH_WAITLIST_SNAPSHOTS,SRC_SYNTH_CLINIC_TEMPLATES,SRC_SYNTH_PROVIDER_AVAILABILITY,SRC_SYNTH_NO_SHOW_LATE_CANCEL,SRC_SYNTH_DIAGNOSTIC_READINESS,SRC_SYNTH_HR_SHIFT_ROSTER,SRC_SYNTH_FINANCE_RESOURCE_ENVELOPE,SRC_OPEN_RESPIRATORY_VIRUS_DASHBOARD,SRC_OPEN_AQHI_SMOKE_CONTEXT,SRC_OPEN_SCHOOL_HOLIDAY_CALENDAR,SRC_OPEN_STATCAN_PED_POPULATION",modelled,ready
SITE_STOLLERY_INSPIRED,Stollery-inspired,oncology_survivorship,Oncology survivorship,1,2026-06-15,474,431,531,55,51,0.768,"SRC_SYNTH_REFERRALS,SRC_SYNTH_REFERRAL_TRIAGE,SRC_SYNTH_WAITLIST_SNAPSHOTS,SRC_SYNTH_CLINIC_TEMPLATES,SRC_SYNTH_PROVIDER_AVAILABILITY,SRC_SYNTH_NO_SHOW_LATE_CANCEL,SRC_SYNTH_DIAGNOSTIC_READINESS,SRC_SYNTH_HR_SHIFT_ROSTER,SRC_SYNTH_FINANCE_RESOURCE_ENVELOPE,SRC_OPEN_RESPIRATORY_VIRUS_DASHBOARD,SRC_OPEN_AQHI_SMOKE_CONTEXT,SRC_OPEN_SCHOOL_HOLIDAY_CALENDAR,SRC_OPEN_STATCAN_PED_POPULATION",modelled,ready
SITE_STOLLERY_INSPIRED,Stollery-inspired,oncology_survivorship,Oncology survivorship,2,2026-06-22,480,437,538,56,51,0.768,"SRC_SYNTH_REFERRALS,SRC_SYNTH_REFERRAL_TRIAGE,SRC_SYNTH_WAITLIST_SNAPSHOTS,SRC_SYNTH_CLINIC_TEMPLATES,SRC_SYNTH_PROVIDER_AVAILABILITY,SRC_SYNTH_NO_SHOW_LATE_CANCEL,SRC_SYNTH_DIAGNOSTIC_READINESS,SRC_SYNTH_HR_SHIFT_ROSTER,SRC_SYNTH_FINANCE_RESOURCE_ENVELOPE,SRC_OPEN_RESPIRATORY_VIRUS_DASHBOARD,SRC_OPEN_AQHI_SMOKE_CONTEXT,SRC_OPEN_SCHOOL_HOLIDAY_CALENDAR,SRC_OPEN_STATCAN_PED_POPULATION",modelled,ready
SITE_STOLLERY_INSPIRED,Stollery-inspired,oncology_survivorship,Oncology survivorship,3,2026-06-29,486,442,544,56,52,0.768,"SRC_SYNTH_REFERRALS,SRC_SYNTH_REFERRAL_TRIAGE,SRC_SYNTH_WAITLIST_SNAPSHOTS,SRC_SYNTH_CLINIC_TEMPLATES,SRC_SYNTH_PROVIDER_AVAILABILITY,SRC_SYNTH_NO_SHOW_LATE_CANCEL,SRC_SYNTH_DIAGNOSTIC_READINESS,SRC_SYNTH_HR_SHIFT_ROSTER,SRC_SYNTH_FINANCE_RESOURCE_ENVELOPE,SRC_OPEN_RESPIRATORY_VIRUS_DASHBOARD,SRC_OPEN_AQHI_SMOKE_CONTEXT,SRC_OPEN_SCHOOL_HOLIDAY_CALENDAR,SRC_OPEN_STATCAN_PED_POPULATION",modelled,ready
SITE_STOLLERY_INSPIRED,Stollery-inspired,oncology_survivorship,Oncology survivorship,4,2026-07-06,490,446,549,57,52,0.768,"SRC_SYNTH_REFERRALS,SRC_SYNTH_REFERRAL_TRIAGE,SRC_SYNTH_WAITLIST_SNAPSHOTS,SRC_SYNTH_CLINIC_TEMPLATES,SRC_SYNTH_PROVIDER_AVAILABILITY,SRC_SYNTH_NO_SHOW_LATE_CANCEL,SRC_SYNTH_DIAGNOSTIC_READINESS,SRC_SYNTH_HR_SHIFT_ROSTER,SRC_SYNTH_FINANCE_RESOURCE_ENVELOPE,SRC_OPEN_RESPIRATORY_VIRUS_DASHBOARD,SRC_OPEN_AQHI_SMOKE_CONTEXT,SRC_OPEN_SCHOOL_HOLIDAY_CALENDAR,SRC_OPEN_STATCAN_PED_POPULATION",modelled,ready
SITE_STOLLERY_INSPIRED,Stollery-inspired,oncology_survivorship,Oncology survivorship,5,2026-07-13,492,448,551,57,52,0.768,"SRC_SYNTH_REFERRALS,SRC_SYNTH_REFERRAL_TRIAGE,SRC_SYNTH_WAITLIST_SNAPSHOTS,SRC_SYNTH_CLINIC_TEMPLATES,SRC_SYNTH_PROVIDER_AVAILABILITY,SRC_SYNTH_NO_SHOW_LATE_CANCEL,SRC_SYNTH_DIAGNOSTIC_READINESS,SRC_SYNTH_HR_SHIFT_ROSTER,SRC_SYNTH_FINANCE_RESOURCE_ENVELOPE,SRC_OPEN_RESPIRATORY_VIRUS_DASHBOARD,SRC_OPEN_AQHI_SMOKE_CONTEXT,SRC_OPEN_SCHOOL_HOLIDAY_CALENDAR,SRC_OPEN_STATCAN_PED_POPULATION",modelled,ready
SITE_STOLLERY_INSPIRED,Stollery-inspired,oncology_survivorship,Oncology survivorship,6,2026-07-20,494,450,553,58,52,0.768,"SRC_SYNTH_REFERRALS,SRC_SYNTH_REFERRAL_TRIAGE,SRC_SYNTH_WAITLIST_SNAPSHOTS,SRC_SYNTH_CLINIC_TEMPLATES,SRC_SYNTH_PROVIDER_AVAILABILITY,SRC_SYNTH_NO_SHOW_LATE_CANCEL,SRC_SYNTH_DIAGNOSTIC_READINESS,SRC_SYNTH_HR_SHIFT_ROSTER,SRC_SYNTH_FINANCE_RESOURCE_ENVELOPE,SRC_OPEN_RESPIRATORY_VIRUS_DASHBOARD,SRC_OPEN_AQHI_SMOKE_CONTEXT,SRC_OPEN_SCHOOL_HOLIDAY_CALENDAR,SRC_OPEN_STATCAN_PED_POPULATION",modelled,ready
SITE_STOLLERY_INSPIRED,Stollery-inspired,oncology_survivorship,Oncology survivorship,7,2026-07-27,494,450,553,58,52,0.768,"SRC_SYNTH_REFERRALS,SRC_SYNTH_REFERRAL_TRIAGE,SRC_SYNTH_WAITLIST_SNAPSHOTS,SRC_SYNTH_CLINIC_TEMPLATES,SRC_SYNTH_PROVIDER_AVAILABILITY,SRC_SYNTH_NO_SHOW_LATE_CANCEL,SRC_SYNTH_DIAGNOSTIC_READINESS,SRC_SYNTH_HR_SHIFT_ROSTER,SRC_SYNTH_FINANCE_RESOURCE_ENVELOPE,SRC_OPEN_RESPIRATORY_VIRUS_DASHBOARD,SRC_OPEN_AQHI_SMOKE_CONTEXT,SRC_OPEN_SCHOOL_HOLIDAY_CALENDAR,SRC_OPEN_STATCAN_PED_POPULATION",modelled,ready
SITE_STOLLERY_INSPIRED,Stollery-inspired,oncology_survivorship,Oncology survivorship,8,2026-08-03,494,450,553,58,52,0.768,"SRC_SYNTH_REFERRALS,SRC_SYNTH_REFERRAL_TRIAGE,SRC_SYNTH_WAITLIST_SNAPSHOTS,SRC_SYNTH_CLINIC_TEMPLATES,SRC_SYNTH_PROVIDER_AVAILABILITY,SRC_SYNTH_NO_SHOW_LATE_CANCEL,SRC_SYNTH_DIAGNOSTIC_READINESS,SRC_SYNTH_HR_SHIFT_ROSTER,SRC_SYNTH_FINANCE_RESOURCE_ENVELOPE,SRC_OPEN_RESPIRATORY_VIRUS_DASHBOARD,SRC_OPEN_AQHI_SMOKE_CONTEXT,SRC_OPEN_SCHOOL_HOLIDAY_CALENDAR,SRC_OPEN_STATCAN_PED_POPULATION",modelled,ready
SITE_STOLLERY_INSPIRED,Stollery-inspired,oncology_survivorship,Oncology survivorship,9,2026-08-10,492,448,551,58,53,0.768,"SRC_SYNTH_REFERRALS,SRC_SYNTH_REFERRAL_TRIAGE,SRC_SYNTH_WAITLIST_SNAPSHOTS,SRC_SYNTH_CLINIC_TEMPLATES,SRC_SYNTH_PROVIDER_AVAILABILITY,SRC_SYNTH_NO_SHOW_LATE_CANCEL,SRC_SYNTH_DIAGNOSTIC_READINESS,SRC_SYNTH_HR_SHIFT_ROSTER,SRC_SYNTH_FINANCE_RESOURCE_ENVELOPE,SRC_OPEN_RESPIRATORY_VIRUS_DASHBOARD,SRC_OPEN_AQHI_SMOKE_CONTEXT,SRC_OPEN_SCHOOL_HOLIDAY_CALENDAR,SRC_OPEN_STATCAN_PED_POPULATION",modelled,ready
SITE_STOLLERY_INSPIRED,Stollery-inspired,oncology_survivorship,Oncology survivorship,10,2026-08-17,489,445,548,59,53,0.768,"SRC_SYNTH_REFERRALS,SRC_SYNTH_REFERRAL_TRIAGE,SRC_SYNTH_WAITLIST_SNAPSHOTS,SRC_SYNTH_CLINIC_TEMPLATES,SRC_SYNTH_PROVIDER_AVAILABILITY,SRC_SYNTH_NO_SHOW_LATE_CANCEL,SRC_SYNTH_DIAGNOSTIC_READINESS,SRC_SYNTH_HR_SHIFT_ROSTER,SRC_SYNTH_FINANCE_RESOURCE_ENVELOPE,SRC_OPEN_RESPIRATORY_VIRUS_DASHBOARD,SRC_OPEN_AQHI_SMOKE_CONTEXT,SRC_OPEN_SCHOOL_HOLIDAY_CALENDAR,SRC_OPEN_STATCAN_PED_POPULATION",modelled,ready
SITE_STOLLERY_INSPIRED,Stollery-inspired,oncology_survivorship,Oncology survivorship,11,2026-08-24,485,441,543,59,53,0.768,"SRC_SYNTH_REFERRALS,SRC_SYNTH_REFERRAL_TRIAGE,SRC_SYNTH_WAITLIST_SNAPSHOTS,SRC_SYNTH_CLINIC_TEMPLATES,SRC_SYNTH_PROVIDER_AVAILABILITY,SRC_SYNTH_NO_SHOW_LATE_CANCEL,SRC_SYNTH_DIAGNOSTIC_READINESS,SRC_SYNTH_HR_SHIFT_ROSTER,SRC_SYNTH_FINANCE_RESOURCE_ENVELOPE,SRC_OPEN_RESPIRATORY_VIRUS_DASHBOARD,SRC_OPEN_AQHI_SMOKE_CONTEXT,SRC_OPEN_SCHOOL_HOLIDAY_CALENDAR,SRC_OPEN_STATCAN_PED_POPULATION",modelled,ready
SITE_STOLLERY_INSPIRED,Stollery-inspired,oncology_survivorship,Oncology survivorship,12,2026-08-31,481,438,539,59,53,0.768,"SRC_SYNTH_REFERRALS,SRC_SYNTH_REFERRAL_TRIAGE,SRC_SYNTH_WAITLIST_SNAPSHOTS,SRC_SYNTH_CLINIC_TEMPLATES,SRC_SYNTH_PROVIDER_AVAILABILITY,SRC_SYNTH_NO_SHOW_LATE_CANCEL,SRC_SYNTH_DIAGNOSTIC_READINESS,SRC_SYNTH_HR_SHIFT_ROSTER,SRC_SYNTH_FINANCE_RESOURCE_ENVELOPE,SRC_OPEN_RESPIRATORY_VIRUS_DASHBOARD,SRC_OPEN_AQHI_SMOKE_CONTEXT,SRC_OPEN_SCHOOL_HOLIDAY_CALENDAR,SRC_OPEN_STATCAN_PED_POPULATION",modelled,ready
SITE_STOLLERY_INSPIRED,Stollery-inspired,oncology_survivorship,Oncology survivorship,13,2026-09-07,477,434,534,59,53,0.768,"SRC_SYNTH_REFERRALS,SRC_SYNTH_REFERRAL_TRIAGE,SRC_SYNTH_WAITLIST_SNAPSHOTS,SRC_SYNTH_CLINIC_TEMPLATES,SRC_SYNTH_PROVIDER_AVAILABILITY,SRC_SYNTH_NO_SHOW_LATE_CANCEL,SRC_SYNTH_DIAGNOSTIC_READINESS,SRC_SYNTH_HR_SHIFT_ROSTER,SRC_SYNTH_FINANCE_RESOURCE_ENVELOPE,SRC_OPEN_RESPIRATORY_VIRUS_DASHBOARD,SRC_OPEN_AQHI_SMOKE_CONTEXT,SRC_OPEN_SCHOOL_HOLIDAY_CALENDAR,SRC_OPEN_STATCAN_PED_POPULATION",modelled,ready
SITE_STOLLERY_INSPIRED,Stollery-inspired,oncology_survivorship,Oncology survivorship,14,2026-09-14,473,430,530,59,53,0.768,"SRC_SYNTH_REFERRALS,SRC_SYNTH_REFERRAL_TRIAGE,SRC_SYNTH_WAITLIST_SNAPSHOTS,SRC_SYNTH_CLINIC_TEMPLATES,SRC_SYNTH_PROVIDER_AVAILABILITY,SRC_SYNTH_NO_SHOW_LATE_CANCEL,SRC_SYNTH_DIAGNOSTIC_READINESS,SRC_SYNTH_HR_SHIFT_ROSTER,SRC_SYNTH_FINANCE_RESOURCE_ENVELOPE,SRC_OPEN_RESPIRATORY_VIRUS_DASHBOARD,SRC_OPEN_AQHI_SMOKE_CONTEXT,SRC_OPEN_SCHOOL_HOLIDAY_CALENDAR,SRC_OPEN_STATCAN_PED_POPULATION",modelled,ready
SITE_STOLLERY_INSPIRED,Stollery-inspired,oncology_survivorship,Oncology survivorship,15,2026-09-21,468,426,524,59,54,0.768,"SRC_SYNTH_REFERRALS,SRC_SYNTH_REFERRAL_TRIAGE,SRC_SYNTH_WAITLIST_SNAPSHOTS,SRC_SYNTH_CLINIC_TEMPLATES,SRC_SYNTH_PROVIDER_AVAILABILITY,SRC_SYNTH_NO_SHOW_LATE_CANCEL,SRC_SYNTH_DIAGNOSTIC_READINESS,SRC_SYNTH_HR_SHIFT_ROSTER,SRC_SYNTH_FINANCE_RESOURCE_ENVELOPE,SRC_OPEN_RESPIRATORY_VIRUS_DASHBOARD,SRC_OPEN_AQHI_SMOKE_CONTEXT,SRC_OPEN_SCHOOL_HOLIDAY_CALENDAR,SRC_OPEN_STATCAN_PED_POPULATION",modelled,ready
SITE_STOLLERY_INSPIRED,Stollery-inspired,oncology_survivorship,Oncology survivorship,16,2026-09-28,465,423,521,59,54,0.768,"SRC_SYNTH_REFERRALS,SRC_SYNTH_REFERRAL_TRIAGE,SRC_SYNTH_WAITLIST_SNAPSHOTS,SRC_SYNTH_CLINIC_TEMPLATES,SRC_SYNTH_PROVIDER_AVAILABILITY,SRC_SYNTH_NO_SHOW_LATE_CANCEL,SRC_SYNTH_DIAGNOSTIC_READINESS,SRC_SYNTH_HR_SHIFT_ROSTER,SRC_SYNTH_FINANCE_RESOURCE_ENVELOPE,SRC_OPEN_RESPIRATORY_VIRUS_DASHBOARD,SRC_OPEN_AQHI_SMOKE_CONTEXT,SRC_OPEN_SCHOOL_HOLIDAY_CALENDAR,SRC_OPEN_STATCAN_PED_POPULATION",modelled,ready
SITE_STOLLERY_INSPIRED,Stollery-inspired,oncology_survivorship,Oncology survivorship,17,2026-10-05,461,420,516,59,54,0.768,"SRC_SYNTH_REFERRALS,SRC_SYNTH_REFERRAL_TRIAGE,SRC_SYNTH_WAITLIST_SNAPSHOTS,SRC_SYNTH_CLINIC_TEMPLATES,SRC_SYNTH_PROVIDER_AVAILABILITY,SRC_SYNTH_NO_SHOW_LATE_CANCEL,SRC_SYNTH_DIAGNOSTIC_READINESS,SRC_SYNTH_HR_SHIFT_ROSTER,SRC_SYNTH_FINANCE_RESOURCE_ENVELOPE,SRC_OPEN_RESPIRATORY_VIRUS_DASHBOARD,SRC_OPEN_AQHI_SMOKE_CONTEXT,SRC_OPEN_SCHOOL_HOLIDAY_CALENDAR,SRC_OPEN_STATCAN_PED_POPULATION",modelled,ready
SITE_STOLLERY_INSPIRED,Stollery-inspired,oncology_survivorship,Oncology survivorship,18,2026-10-12,459,418,514,59,54,0.768,"SRC_SYNTH_REFERRALS,SRC_SYNTH_REFERRAL_TRIAGE,SRC_SYNTH_WAITLIST_SNAPSHOTS,SRC_SYNTH_CLINIC_TEMPLATES,SRC_SYNTH_PROVIDER_AVAILABILITY,SRC_SYNTH_NO_SHOW_LATE_CANCEL,SRC_SYNTH_DIAGNOSTIC_READINESS,SRC_SYNTH_HR_SHIFT_ROSTER,SRC_SYNTH_FINANCE_RESOURCE_ENVELOPE,SRC_OPEN_RESPIRATORY_VIRUS_DASHBOARD,SRC_OPEN_AQHI_SMOKE_CONTEXT,SRC_OPEN_SCHOOL_HOLIDAY_CALENDAR,SRC_OPEN_STATCAN_PED_POPULATION",modelled,ready
SITE_STOLLERY_INSPIRED,Stollery-inspired,oncology_survivorship,Oncology survivorship,19,2026-10-19,458,417,513,60,54,0.768,"SRC_SYNTH_REFERRALS,SRC_SYNTH_REFERRAL_TRIAGE,SRC_SYNTH_WAITLIST_SNAPSHOTS,SRC_SYNTH_CLINIC_TEMPLATES,SRC_SYNTH_PROVIDER_AVAILABILITY,SRC_SYNTH_NO_SHOW_LATE_CANCEL,SRC_SYNTH_DIAGNOSTIC_READINESS,SRC_SYNTH_HR_SHIFT_ROSTER,SRC_SYNTH_FINANCE_RESOURCE_ENVELOPE,SRC_OPEN_RESPIRATORY_VIRUS_DASHBOARD,SRC_OPEN_AQHI_SMOKE_CONTEXT,SRC_OPEN_SCHOOL_HOLIDAY_CALENDAR,SRC_OPEN_STATCAN_PED_POPULATION",modelled,ready
SITE_STOLLERY_INSPIRED,Stollery-inspired,oncology_survivorship,Oncology survivorship,20,2026-10-26,458,417,513,60,54,0.768,"SRC_SYNTH_REFERRALS,SRC_SYNTH_REFERRAL_TRIAGE,SRC_SYNTH_WAITLIST_SNAPSHOTS,SRC_SYNTH_CLINIC_TEMPLATES,SRC_SYNTH_PROVIDER_AVAILABILITY,SRC_SYNTH_NO_SHOW_LATE_CANCEL,SRC_SYNTH_DIAGNOSTIC_READINESS,SRC_SYNTH_HR_SHIFT_ROSTER,SRC_SYNTH_FINANCE_RESOURCE_ENVELOPE,SRC_OPEN_RESPIRATORY_VIRUS_DASHBOARD,SRC_OPEN_AQHI_SMOKE_CONTEXT,SRC_OPEN_SCHOOL_HOLIDAY_CALENDAR,SRC_OPEN_STATCAN_PED_POPULATION",modelled,ready
SITE_STOLLERY_INSPIRED,Stollery-inspired,oncology_survivorship,Oncology survivorship,21,2026-11-02,459,418,514,60,55,0.768,"SRC_SYNTH_REFERRALS,SRC_SYNTH_REFERRAL_TRIAGE,SRC_SYNTH_WAITLIST_SNAPSHOTS,SRC_SYNTH_CLINIC_TEMPLATES,SRC_SYNTH_PROVIDER_AVAILABILITY,SRC_SYNTH_NO_SHOW_LATE_CANCEL,SRC_SYNTH_DIAGNOSTIC_READINESS,SRC_SYNTH_HR_SHIFT_ROSTER,SRC_SYNTH_FINANCE_RESOURCE_ENVELOPE,SRC_OPEN_RESPIRATORY_VIRUS_DASHBOARD,SRC_OPEN_AQHI_SMOKE_CONTEXT,SRC_OPEN_SCHOOL_HOLIDAY_CALENDAR,SRC_OPEN_STATCAN_PED_POPULATION",modelled,ready
SITE_STOLLERY_INSPIRED,Stollery-inspired,oncology_survivorship,Oncology survivorship,22,2026-11-09,461,420,516,61,55,0.768,"SRC_SYNTH_REFERRALS,SRC_SYNTH_REFERRAL_TRIAGE,SRC_SYNTH_WAITLIST_SNAPSHOTS,SRC_SYNTH_CLINIC_TEMPLATES,SRC_SYNTH_PROVIDER_AVAILABILITY,SRC_SYNTH_NO_SHOW_LATE_CANCEL,SRC_SYNTH_DIAGNOSTIC_READINESS,SRC_SYNTH_HR_SHIFT_ROSTER,SRC_SYNTH_FINANCE_RESOURCE_ENVELOPE,SRC_OPEN_RESPIRATORY_VIRUS_DASHBOARD,SRC_OPEN_AQHI_SMOKE_CONTEXT,SRC_OPEN_SCHOOL_HOLIDAY_CALENDAR,SRC_OPEN_STATCAN_PED_POPULATION",modelled,ready
SITE_STOLLERY_INSPIRED,Stollery-inspired,oncology_survivorship,Oncology survivorship,23,2026-11-16,465,423,521,61,55,0.768,"SRC_SYNTH_REFERRALS,SRC_SYNTH_REFERRAL_TRIAGE,SRC_SYNTH_WAITLIST_SNAPSHOTS,SRC_SYNTH_CLINIC_TEMPLATES,SRC_SYNTH_PROVIDER_AVAILABILITY,SRC_SYNTH_NO_SHOW_LATE_CANCEL,SRC_SYNTH_DIAGNOSTIC_READINESS,SRC_SYNTH_HR_SHIFT_ROSTER,SRC_SYNTH_FINANCE_RESOURCE_ENVELOPE,SRC_OPEN_RESPIRATORY_VIRUS_DASHBOARD,SRC_OPEN_AQHI_SMOKE_CONTEXT,SRC_OPEN_SCHOOL_HOLIDAY_CALENDAR,SRC_OPEN_STATCAN_PED_POPULATION",modelled,ready
SITE_STOLLERY_INSPIRED,Stollery-inspired,oncology_survivorship,Oncology survivorship,24,2026-11-23,470,428,526,62,55,0.768,"SRC_SYNTH_REFERRALS,SRC_SYNTH_REFERRAL_TRIAGE,SRC_SYNTH_WAITLIST_SNAPSHOTS,SRC_SYNTH_CLINIC_TEMPLATES,SRC_SYNTH_PROVIDER_AVAILABILITY,SRC_SYNTH_NO_SHOW_LATE_CANCEL,SRC_SYNTH_DIAGNOSTIC_READINESS,SRC_SYNTH_HR_SHIFT_ROSTER,SRC_SYNTH_FINANCE_RESOURCE_ENVELOPE,SRC_OPEN_RESPIRATORY_VIRUS_DASHBOARD,SRC_OPEN_AQHI_SMOKE_CONTEXT,SRC_OPEN_SCHOOL_HOLIDAY_CALENDAR,SRC_OPEN_STATCAN_PED_POPULATION",modelled,ready
SITE_STOLLERY_INSPIRED,Stollery-inspired,oncology_survivorship,Oncology survivorship,25,2026-11-30,477,434,534,63,55,0.768,"SRC_SYNTH_REFERRALS,SRC_SYNTH_REFERRAL_TRIAGE,SRC_SYNTH_WAITLIST_SNAPSHOTS,SRC_SYNTH_CLINIC_TEMPLATES,SRC_SYNTH_PROVIDER_AVAILABILITY,SRC_SYNTH_NO_SHOW_LATE_CANCEL,SRC_SYNTH_DIAGNOSTIC_READINESS,SRC_SYNTH_HR_SHIFT_ROSTER,SRC_SYNTH_FINANCE_RESOURCE_ENVELOPE,SRC_OPEN_RESPIRATORY_VIRUS_DASHBOARD,SRC_OPEN_AQHI_SMOKE_CONTEXT,SRC_OPEN_SCHOOL_HOLIDAY_CALENDAR,SRC_OPEN_STATCAN_PED_POPULATION",modelled,ready
SITE_STOLLERY_INSPIRED,Stollery-inspired,oncology_survivorship,Oncology survivorship,26,2026-12-07,484,440,542,63,55,0.768,"SRC_SYNTH_REFERRALS,SRC_SYNTH_REFERRAL_TRIAGE,SRC_SYNTH_WAITLIST_SNAPSHOTS,SRC_SYNTH_CLINIC_TEMPLATES,SRC_SYNTH_PROVIDER_AVAILABILITY,SRC_SYNTH_NO_SHOW_LATE_CANCEL,SRC_SYNTH_DIAGNOSTIC_READINESS,SRC_SYNTH_HR_SHIFT_ROSTER,SRC_SYNTH_FINANCE_RESOURCE_ENVELOPE,SRC_OPEN_RESPIRATORY_VIRUS_DASHBOARD,SRC_OPEN_AQHI_SMOKE_CONTEXT,SRC_OPEN_SCHOOL_HOLIDAY_CALENDAR,SRC_OPEN_STATCAN_PED_POPULATION",modelled,ready
SITE_STOLLERY_INSPIRED,Stollery-inspired,complex_care,Complex care,1,2026-06-15,1051,956,1177,71,116,0.722,"SRC_SYNTH_REFERRALS,SRC_SYNTH_REFERRAL_TRIAGE,SRC_SYNTH_WAITLIST_SNAPSHOTS,SRC_SYNTH_CLINIC_TEMPLATES,SRC_SYNTH_PROVIDER_AVAILABILITY,SRC_SYNTH_NO_SHOW_LATE_CANCEL,SRC_SYNTH_DIAGNOSTIC_READINESS,SRC_SYNTH_HR_SHIFT_ROSTER,SRC_SYNTH_FINANCE_RESOURCE_ENVELOPE,SRC_OPEN_RESPIRATORY_VIRUS_DASHBOARD,SRC_OPEN_AQHI_SMOKE_CONTEXT,SRC_OPEN_SCHOOL_HOLIDAY_CALENDAR,SRC_OPEN_STATCAN_PED_POPULATION",modelled,ready
SITE_STOLLERY_INSPIRED,Stollery-inspired,complex_care,Complex care,2,2026-06-22,1062,966,1189,72,116,0.722,"SRC_SYNTH_REFERRALS,SRC_SYNTH_REFERRAL_TRIAGE,SRC_SYNTH_WAITLIST_SNAPSHOTS,SRC_SYNTH_CLINIC_TEMPLATES,SRC_SYNTH_PROVIDER_AVAILABILITY,SRC_SYNTH_NO_SHOW_LATE_CANCEL,SRC_SYNTH_DIAGNOSTIC_READINESS,SRC_SYNTH_HR_SHIFT_ROSTER,SRC_SYNTH_FINANCE_RESOURCE_ENVELOPE,SRC_OPEN_RESPIRATORY_VIRUS_DASHBOARD,SRC_OPEN_AQHI_SMOKE_CONTEXT,SRC_OPEN_SCHOOL_HOLIDAY_CALENDAR,SRC_OPEN_STATCAN_PED_POPULATION",modelled,ready
SITE_STOLLERY_INSPIRED,Stollery-inspired,complex_care,Complex care,3,2026-06-29,1071,975,1200,72,117,0.722,"SRC_SYNTH_REFERRALS,SRC_SYNTH_REFERRAL_TRIAGE,SRC_SYNTH_WAITLIST_SNAPSHOTS,SRC_SYNTH_CLINIC_TEMPLATES,SRC_SYNTH_PROVIDER_AVAILABILITY,SRC_SYNTH_NO_SHOW_LATE_CANCEL,SRC_SYNTH_DIAGNOSTIC_READINESS,SRC_SYNTH_HR_SHIFT_ROSTER,SRC_SYNTH_FINANCE_RESOURCE_ENVELOPE,SRC_OPEN_RESPIRATORY_VIRUS_DASHBOARD,SRC_OPEN_AQHI_SMOKE_CONTEXT,SRC_OPEN_SCHOOL_HOLIDAY_CALENDAR,SRC_OPEN_STATCAN_PED_POPULATION",modelled,ready
SITE_STOLLERY_INSPIRED,Stollery-inspired,complex_care,Complex care,4,2026-07-06,1077,980,1206,73,118,0.722,"SRC_SYNTH_REFERRALS,SRC_SYNTH_REFERRAL_TRIAGE,SRC_SYNTH_WAITLIST_SNAPSHOTS,SRC_SYNTH_CLINIC_TEMPLATES,SRC_SYNTH_PROVIDER_AVAILABILITY,SRC_SYNTH_NO_SHOW_LATE_CANCEL,SRC_SYNTH_DIAGNOSTIC_READINESS,SRC_SYNTH_HR_SHIFT_ROSTER,SRC_SYNTH_FINANCE_RESOURCE_ENVELOPE,SRC_OPEN_RESPIRATORY_VIRUS_DASHBOARD,SRC_OPEN_AQHI_SMOKE_CONTEXT,SRC_OPEN_SCHOOL_HOLIDAY_CALENDAR,SRC_OPEN_STATCAN_PED_POPULATION",modelled,ready
SITE_STOLLERY_INSPIRED,Stollery-inspired,complex_care,Complex care,5,2026-07-13,1081,984,1211,73,119,0.722,"SRC_SYNTH_REFERRALS,SRC_SYNTH_REFERRAL_TRIAGE,SRC_SYNTH_WAITLIST_SNAPSHOTS,SRC_SYNTH_CLINIC_TEMPLATES,SRC_SYNTH_PROVIDER_AVAILABILITY,SRC_SYNTH_NO_SHOW_LATE_CANCEL,SRC_SYNTH_DIAGNOSTIC_READINESS,SRC_SYNTH_HR_SHIFT_ROSTER,SRC_SYNTH_FINANCE_RESOURCE_ENVELOPE,SRC_OPEN_RESPIRATORY_VIRUS_DASHBOARD,SRC_OPEN_AQHI_SMOKE_CONTEXT,SRC_OPEN_SCHOOL_HOLIDAY_CALENDAR,SRC_OPEN_STATCAN_PED_POPULATION",modelled,ready
SITE_STOLLERY_INSPIRED,Stollery-inspired,complex_care,Complex care,6,2026-07-20,1082,985,1212,73,119,0.722,"SRC_SYNTH_REFERRALS,SRC_SYNTH_REFERRAL_TRIAGE,SRC_SYNTH_WAITLIST_SNAPSHOTS,SRC_SYNTH_CLINIC_TEMPLATES,SRC_SYNTH_PROVIDER_AVAILABILITY,SRC_SYNTH_NO_SHOW_LATE_CANCEL,SRC_SYNTH_DIAGNOSTIC_READINESS,SRC_SYNTH_HR_SHIFT_ROSTER,SRC_SYNTH_FINANCE_RESOURCE_ENVELOPE,SRC_OPEN_RESPIRATORY_VIRUS_DASHBOARD,SRC_OPEN_AQHI_SMOKE_CONTEXT,SRC_OPEN_SCHOOL_HOLIDAY_CALENDAR,SRC_OPEN_STATCAN_PED_POPULATION",modelled,ready
SITE_STOLLERY_INSPIRED,Stollery-inspired,complex_care,Complex care,7,2026-07-27,1080,983,1210,73,120,0.722,"SRC_SYNTH_REFERRALS,SRC_SYNTH_REFERRAL_TRIAGE,SRC_SYNTH_WAITLIST_SNAPSHOTS,SRC_SYNTH_CLINIC_TEMPLATES,SRC_SYNTH_PROVIDER_AVAILABILITY,SRC_SYNTH_NO_SHOW_LATE_CANCEL,SRC_SYNTH_DIAGNOSTIC_READINESS,SRC_SYNTH_HR_SHIFT_ROSTER,SRC_SYNTH_FINANCE_RESOURCE_ENVELOPE,SRC_OPEN_RESPIRATORY_VIRUS_DASHBOARD,SRC_OPEN_AQHI_SMOKE_CONTEXT,SRC_OPEN_SCHOOL_HOLIDAY_CALENDAR,SRC_OPEN_STATCAN_PED_POPULATION",modelled,ready
SITE_STOLLERY_INSPIRED,Stollery-inspired,complex_care,Complex care,8,2026-08-03,1076,979,1205,73,121,0.722,"SRC_SYNTH_REFERRALS,SRC_SYNTH_REFERRAL_TRIAGE,SRC_SYNTH_WAITLIST_SNAPSHOTS,SRC_SYNTH_CLINIC_TEMPLATES,SRC_SYNTH_PROVIDER_AVAILABILITY,SRC_SYNTH_NO_SHOW_LATE_CANCEL,SRC_SYNTH_DIAGNOSTIC_READINESS,SRC_SYNTH_HR_SHIFT_ROSTER,SRC_SYNTH_FINANCE_RESOURCE_ENVELOPE,SRC_OPEN_RESPIRATORY_VIRUS_DASHBOARD,SRC_OPEN_AQHI_SMOKE_CONTEXT,SRC_OPEN_SCHOOL_HOLIDAY_CALENDAR,SRC_OPEN_STATCAN_PED_POPULATION",modelled,ready
SITE_STOLLERY_INSPIRED,Stollery-inspired,complex_care,Complex care,9,2026-08-10,1070,974,1198,73,121,0.722,"SRC_SYNTH_REFERRALS,SRC_SYNTH_REFERRAL_TRIAGE,SRC_SYNTH_WAITLIST_SNAPSHOTS,SRC_SYNTH_CLINIC_TEMPLATES,SRC_SYNTH_PROVIDER_AVAILABILITY,SRC_SYNTH_NO_SHOW_LATE_CANCEL,SRC_SYNTH_DIAGNOSTIC_READINESS,SRC_SYNTH_HR_SHIFT_ROSTER,SRC_SYNTH_FINANCE_RESOURCE_ENVELOPE,SRC_OPEN_RESPIRATORY_VIRUS_DASHBOARD,SRC_OPEN_AQHI_SMOKE_CONTEXT,SRC_OPEN_SCHOOL_HOLIDAY_CALENDAR,SRC_OPEN_STATCAN_PED_POPULATION",modelled,ready
SITE_STOLLERY_INSPIRED,Stollery-inspired,complex_care,Complex care,10,2026-08-17,1062,966,1189,73,122,0.722,"SRC_SYNTH_REFERRALS,SRC_SYNTH_REFERRAL_TRIAGE,SRC_SYNTH_WAITLIST_SNAPSHOTS,SRC_SYNTH_CLINIC_TEMPLATES,SRC_SYNTH_PROVIDER_AVAILABILITY,SRC_SYNTH_NO_SHOW_LATE_CANCEL,SRC_SYNTH_DIAGNOSTIC_READINESS,SRC_SYNTH_HR_SHIFT_ROSTER,SRC_SYNTH_FINANCE_RESOURCE_ENVELOPE,SRC_OPEN_RESPIRATORY_VIRUS_DASHBOARD,SRC_OPEN_AQHI_SMOKE_CONTEXT,SRC_OPEN_SCHOOL_HOLIDAY_CALENDAR,SRC_OPEN_STATCAN_PED_POPULATION",modelled,ready
SITE_STOLLERY_INSPIRED,Stollery-inspired,complex_care,Complex care,11,2026-08-24,1053,958,1179,73,123,0.722,"SRC_SYNTH_REFERRALS,SRC_SYNTH_REFERRAL_TRIAGE,SRC_SYNTH_WAITLIST_SNAPSHOTS,SRC_SYNTH_CLINIC_TEMPLATES,SRC_SYNTH_PROVIDER_AVAILABILITY,SRC_SYNTH_NO_SHOW_LATE_CANCEL,SRC_SYNTH_DIAGNOSTIC_READINESS,SRC_SYNTH_HR_SHIFT_ROSTER,SRC_SYNTH_FINANCE_RESOURCE_ENVELOPE,SRC_OPEN_RESPIRATORY_VIRUS_DASHBOARD,SRC_OPEN_AQHI_SMOKE_CONTEXT,SRC_OPEN_SCHOOL_HOLIDAY_CALENDAR,SRC_OPEN_STATCAN_PED_POPULATION",modelled,ready
SITE_STOLLERY_INSPIRED,Stollery-inspired,complex_care,Complex care,12,2026-08-31,1044,950,1169,73,123,0.722,"SRC_SYNTH_REFERRALS,SRC_SYNTH_REFERRAL_TRIAGE,SRC_SYNTH_WAITLIST_SNAPSHOTS,SRC_SYNTH_CLINIC_TEMPLATES,SRC_SYNTH_PROVIDER_AVAILABILITY,SRC_SYNTH_NO_SHOW_LATE_CANCEL,SRC_SYNTH_DIAGNOSTIC_READINESS,SRC_SYNTH_HR_SHIFT_ROSTER,SRC_SYNTH_FINANCE_RESOURCE_ENVELOPE,SRC_OPEN_RESPIRATORY_VIRUS_DASHBOARD,SRC_OPEN_AQHI_SMOKE_CONTEXT,SRC_OPEN_SCHOOL_HOLIDAY_CALENDAR,SRC_OPEN_STATCAN_PED_POPULATION",modelled,ready
SITE_STOLLERY_INSPIRED,Stollery-inspired,complex_care,Complex care,13,2026-09-07,1034,941,1158,73,124,0.722,"SRC_SYNTH_REFERRALS,SRC_SYNTH_REFERRAL_TRIAGE,SRC_SYNTH_WAITLIST_SNAPSHOTS,SRC_SYNTH_CLINIC_TEMPLATES,SRC_SYNTH_PROVIDER_AVAILABILITY,SRC_SYNTH_NO_SHOW_LATE_CANCEL,SRC_SYNTH_DIAGNOSTIC_READINESS,SRC_SYNTH_HR_SHIFT_ROSTER,SRC_SYNTH_FINANCE_RESOURCE_ENVELOPE,SRC_OPEN_RESPIRATORY_VIRUS_DASHBOARD,SRC_OPEN_AQHI_SMOKE_CONTEXT,SRC_OPEN_SCHOOL_HOLIDAY_CALENDAR,SRC_OPEN_STATCAN_PED_POPULATION",modelled,ready
SITE_STOLLERY_INSPIRED,Stollery-inspired,complex_care,Complex care,14,2026-09-14,1025,933,1148,73,125,0.722,"SRC_SYNTH_REFERRALS,SRC_SYNTH_REFERRAL_TRIAGE,SRC_SYNTH_WAITLIST_SNAPSHOTS,SRC_SYNTH_CLINIC_TEMPLATES,SRC_SYNTH_PROVIDER_AVAILABILITY,SRC_SYNTH_NO_SHOW_LATE_CANCEL,SRC_SYNTH_DIAGNOSTIC_READINESS,SRC_SYNTH_HR_SHIFT_ROSTER,SRC_SYNTH_FINANCE_RESOURCE_ENVELOPE,SRC_OPEN_RESPIRATORY_VIRUS_DASHBOARD,SRC_OPEN_AQHI_SMOKE_CONTEXT,SRC_OPEN_SCHOOL_HOLIDAY_CALENDAR,SRC_OPEN_STATCAN_PED_POPULATION",modelled,ready
SITE_STOLLERY_INSPIRED,Stollery-inspired,complex_care,Complex care,15,2026-09-21,1016,925,1138,73,126,0.722,"SRC_SYNTH_REFERRALS,SRC_SYNTH_REFERRAL_TRIAGE,SRC_SYNTH_WAITLIST_SNAPSHOTS,SRC_SYNTH_CLINIC_TEMPLATES,SRC_SYNTH_PROVIDER_AVAILABILITY,SRC_SYNTH_NO_SHOW_LATE_CANCEL,SRC_SYNTH_DIAGNOSTIC_READINESS,SRC_SYNTH_HR_SHIFT_ROSTER,SRC_SYNTH_FINANCE_RESOURCE_ENVELOPE,SRC_OPEN_RESPIRATORY_VIRUS_DASHBOARD,SRC_OPEN_AQHI_SMOKE_CONTEXT,SRC_OPEN_SCHOOL_HOLIDAY_CALENDAR,SRC_OPEN_STATCAN_PED_POPULATION",modelled,ready
SITE_STOLLERY_INSPIRED,Stollery-inspired,complex_care,Complex care,16,2026-09-28,1009,918,1130,73,126,0.722,"SRC_SYNTH_REFERRALS,SRC_SYNTH_REFERRAL_TRIAGE,SRC_SYNTH_WAITLIST_SNAPSHOTS,SRC_SYNTH_CLINIC_TEMPLATES,SRC_SYNTH_PROVIDER_AVAILABILITY,SRC_SYNTH_NO_SHOW_LATE_CANCEL,SRC_SYNTH_DIAGNOSTIC_READINESS,SRC_SYNTH_HR_SHIFT_ROSTER,SRC_SYNTH_FINANCE_RESOURCE_ENVELOPE,SRC_OPEN_RESPIRATORY_VIRUS_DASHBOARD,SRC_OPEN_AQHI_SMOKE_CONTEXT,SRC_OPEN_SCHOOL_HOLIDAY_CALENDAR,SRC_OPEN_STATCAN_PED_POPULATION",modelled,ready
SITE_STOLLERY_INSPIRED,Stollery-inspired,complex_care,Complex care,17,2026-10-05,1004,914,1124,73,127,0.722,"SRC_SYNTH_REFERRALS,SRC_SYNTH_REFERRAL_TRIAGE,SRC_SYNTH_WAITLIST_SNAPSHOTS,SRC_SYNTH_CLINIC_TEMPLATES,SRC_SYNTH_PROVIDER_AVAILABILITY,SRC_SYNTH_NO_SHOW_LATE_CANCEL,SRC_SYNTH_DIAGNOSTIC_READINESS,SRC_SYNTH_HR_SHIFT_ROSTER,SRC_SYNTH_FINANCE_RESOURCE_ENVELOPE,SRC_OPEN_RESPIRATORY_VIRUS_DASHBOARD,SRC_OPEN_AQHI_SMOKE_CONTEXT,SRC_OPEN_SCHOOL_HOLIDAY_CALENDAR,SRC_OPEN_STATCAN_PED_POPULATION",modelled,ready
SITE_STOLLERY_INSPIRED,Stollery-inspired,complex_care,Complex care,18,2026-10-12,1001,911,1121,74,128,0.722,"SRC_SYNTH_REFERRALS,SRC_SYNTH_REFERRAL_TRIAGE,SRC_SYNTH_WAITLIST_SNAPSHOTS,SRC_SYNTH_CLINIC_TEMPLATES,SRC_SYNTH_PROVIDER_AVAILABILITY,SRC_SYNTH_NO_SHOW_LATE_CANCEL,SRC_SYNTH_DIAGNOSTIC_READINESS,SRC_SYNTH_HR_SHIFT_ROSTER,SRC_SYNTH_FINANCE_RESOURCE_ENVELOPE,SRC_OPEN_RESPIRATORY_VIRUS_DASHBOARD,SRC_OPEN_AQHI_SMOKE_CONTEXT,SRC_OPEN_SCHOOL_HOLIDAY_CALENDAR,SRC_OPEN_STATCAN_PED_POPULATION",modelled,ready
SITE_STOLLERY_INSPIRED,Stollery-inspired,complex_care,Complex care,19,2026-10-19,1001,911,1121,74,128,0.722,"SRC_SYNTH_REFERRALS,SRC_SYNTH_REFERRAL_TRIAGE,SRC_SYNTH_WAITLIST_SNAPSHOTS,SRC_SYNTH_CLINIC_TEMPLATES,SRC_SYNTH_PROVIDER_AVAILABILITY,SRC_SYNTH_NO_SHOW_LATE_CANCEL,SRC_SYNTH_DIAGNOSTIC_READINESS,SRC_SYNTH_HR_SHIFT_ROSTER,SRC_SYNTH_FINANCE_RESOURCE_ENVELOPE,SRC_OPEN_RESPIRATORY_VIRUS_DASHBOARD,SRC_OPEN_AQHI_SMOKE_CONTEXT,SRC_OPEN_SCHOOL_HOLIDAY_CALENDAR,SRC_OPEN_STATCAN_PED_POPULATION",modelled,ready
SITE_STOLLERY_INSPIRED,Stollery-inspired,complex_care,Complex care,20,2026-10-26,1004,914,1124,74,129,0.722,"SRC_SYNTH_REFERRALS,SRC_SYNTH_REFERRAL_TRIAGE,SRC_SYNTH_WAITLIST_SNAPSHOTS,SRC_SYNTH_CLINIC_TEMPLATES,SRC_SYNTH_PROVIDER_AVAILABILITY,SRC_SYNTH_NO_SHOW_LATE_CANCEL,SRC_SYNTH_DIAGNOSTIC_READINESS,SRC_SYNTH_HR_SHIFT_ROSTER,SRC_SYNTH_FINANCE_RESOURCE_ENVELOPE,SRC_OPEN_RESPIRATORY_VIRUS_DASHBOARD,SRC_OPEN_AQHI_SMOKE_CONTEXT,SRC_OPEN_SCHOOL_HOLIDAY_CALENDAR,SRC_OPEN_STATCAN_PED_POPULATION",modelled,ready
SITE_STOLLERY_INSPIRED,Stollery-inspired,complex_care,Complex care,21,2026-11-02,1009,918,1130,75,130,0.722,"SRC_SYNTH_REFERRALS,SRC_SYNTH_REFERRAL_TRIAGE,SRC_SYNTH_WAITLIST_SNAPSHOTS,SRC_SYNTH_CLINIC_TEMPLATES,SRC_SYNTH_PROVIDER_AVAILABILITY,SRC_SYNTH_NO_SHOW_LATE_CANCEL,SRC_SYNTH_DIAGNOSTIC_READINESS,SRC_SYNTH_HR_SHIFT_ROSTER,SRC_SYNTH_FINANCE_RESOURCE_ENVELOPE,SRC_OPEN_RESPIRATORY_VIRUS_DASHBOARD,SRC_OPEN_AQHI_SMOKE_CONTEXT,SRC_OPEN_SCHOOL_HOLIDAY_CALENDAR,SRC_OPEN_STATCAN_PED_POPULATION",modelled,ready
SITE_STOLLERY_INSPIRED,Stollery-inspired,complex_care,Complex care,22,2026-11-09,1018,926,1140,75,130,0.722,"SRC_SYNTH_REFERRALS,SRC_SYNTH_REFERRAL_TRIAGE,SRC_SYNTH_WAITLIST_SNAPSHOTS,SRC_SYNTH_CLINIC_TEMPLATES,SRC_SYNTH_PROVIDER_AVAILABILITY,SRC_SYNTH_NO_SHOW_LATE_CANCEL,SRC_SYNTH_DIAGNOSTIC_READINESS,SRC_SYNTH_HR_SHIFT_ROSTER,SRC_SYNTH_FINANCE_RESOURCE_ENVELOPE,SRC_OPEN_RESPIRATORY_VIRUS_DASHBOARD,SRC_OPEN_AQHI_SMOKE_CONTEXT,SRC_OPEN_SCHOOL_HOLIDAY_CALENDAR,SRC_OPEN_STATCAN_PED_POPULATION",modelled,ready
SITE_STOLLERY_INSPIRED,Stollery-inspired,complex_care,Complex care,23,2026-11-16,1029,936,1152,76,131,0.722,"SRC_SYNTH_REFERRALS,SRC_SYNTH_REFERRAL_TRIAGE,SRC_SYNTH_WAITLIST_SNAPSHOTS,SRC_SYNTH_CLINIC_TEMPLATES,SRC_SYNTH_PROVIDER_AVAILABILITY,SRC_SYNTH_NO_SHOW_LATE_CANCEL,SRC_SYNTH_DIAGNOSTIC_READINESS,SRC_SYNTH_HR_SHIFT_ROSTER,SRC_SYNTH_FINANCE_RESOURCE_ENVELOPE,SRC_OPEN_RESPIRATORY_VIRUS_DASHBOARD,SRC_OPEN_AQHI_SMOKE_CONTEXT,SRC_OPEN_SCHOOL_HOLIDAY_CALENDAR,SRC_OPEN_STATCAN_PED_POPULATION",modelled,ready
SITE_STOLLERY_INSPIRED,Stollery-inspired,complex_care,Complex care,24,2026-11-23,1043,949,1168,77,132,0.722,"SRC_SYNTH_REFERRALS,SRC_SYNTH_REFERRAL_TRIAGE,SRC_SYNTH_WAITLIST_SNAPSHOTS,SRC_SYNTH_CLINIC_TEMPLATES,SRC_SYNTH_PROVIDER_AVAILABILITY,SRC_SYNTH_NO_SHOW_LATE_CANCEL,SRC_SYNTH_DIAGNOSTIC_READINESS,SRC_SYNTH_HR_SHIFT_ROSTER,SRC_SYNTH_FINANCE_RESOURCE_ENVELOPE,SRC_OPEN_RESPIRATORY_VIRUS_DASHBOARD,SRC_OPEN_AQHI_SMOKE_CONTEXT,SRC_OPEN_SCHOOL_HOLIDAY_CALENDAR,SRC_OPEN_STATCAN_PED_POPULATION",modelled,ready
SITE_STOLLERY_INSPIRED,Stollery-inspired,complex_care,Complex care,25,2026-11-30,1060,965,1187,77,133,0.722,"SRC_SYNTH_REFERRALS,SRC_SYNTH_REFERRAL_TRIAGE,SRC_SYNTH_WAITLIST_SNAPSHOTS,SRC_SYNTH_CLINIC_TEMPLATES,SRC_SYNTH_PROVIDER_AVAILABILITY,SRC_SYNTH_NO_SHOW_LATE_CANCEL,SRC_SYNTH_DIAGNOSTIC_READINESS,SRC_SYNTH_HR_SHIFT_ROSTER,SRC_SYNTH_FINANCE_RESOURCE_ENVELOPE,SRC_OPEN_RESPIRATORY_VIRUS_DASHBOARD,SRC_OPEN_AQHI_SMOKE_CONTEXT,SRC_OPEN_SCHOOL_HOLIDAY_CALENDAR,SRC_OPEN_STATCAN_PED_POPULATION",modelled,ready
SITE_STOLLERY_INSPIRED,Stollery-inspired,complex_care,Complex care,26,2026-12-07,1079,982,1208,78,133,0.722,"SRC_SYNTH_REFERRALS,SRC_SYNTH_REFERRAL_TRIAGE,SRC_SYNTH_WAITLIST_SNAPSHOTS,SRC_SYNTH_CLINIC_TEMPLATES,SRC_SYNTH_PROVIDER_AVAILABILITY,SRC_SYNTH_NO_SHOW_LATE_CANCEL,SRC_SYNTH_DIAGNOSTIC_READINESS,SRC_SYNTH_HR_SHIFT_ROSTER,SRC_SYNTH_FINANCE_RESOURCE_ENVELOPE,SRC_OPEN_RESPIRATORY_VIRUS_DASHBOARD,SRC_OPEN_AQHI_SMOKE_CONTEXT,SRC_OPEN_SCHOOL_HOLIDAY_CALENDAR,SRC_OPEN_STATCAN_PED_POPULATION",modelled,ready
SITE_STOLLERY_INSPIRED,Stollery-inspired,mental_health,Mental health,1,2026-06-15,1522,1385,1705,75,160,0.707,"SRC_SYNTH_REFERRALS,SRC_SYNTH_REFERRAL_TRIAGE,SRC_SYNTH_WAITLIST_SNAPSHOTS,SRC_SYNTH_CLINIC_TEMPLATES,SRC_SYNTH_PROVIDER_AVAILABILITY,SRC_SYNTH_NO_SHOW_LATE_CANCEL,SRC_SYNTH_DIAGNOSTIC_READINESS,SRC_SYNTH_HR_SHIFT_ROSTER,SRC_SYNTH_FINANCE_RESOURCE_ENVELOPE,SRC_OPEN_RESPIRATORY_VIRUS_DASHBOARD,SRC_OPEN_AQHI_SMOKE_CONTEXT,SRC_OPEN_SCHOOL_HOLIDAY_CALENDAR,SRC_OPEN_STATCAN_PED_POPULATION",modelled,review
SITE_STOLLERY_INSPIRED,Stollery-inspired,mental_health,Mental health,2,2026-06-22,1535,1397,1719,76,160,0.707,"SRC_SYNTH_REFERRALS,SRC_SYNTH_REFERRAL_TRIAGE,SRC_SYNTH_WAITLIST_SNAPSHOTS,SRC_SYNTH_CLINIC_TEMPLATES,SRC_SYNTH_PROVIDER_AVAILABILITY,SRC_SYNTH_NO_SHOW_LATE_CANCEL,SRC_SYNTH_DIAGNOSTIC_READINESS,SRC_SYNTH_HR_SHIFT_ROSTER,SRC_SYNTH_FINANCE_RESOURCE_ENVELOPE,SRC_OPEN_RESPIRATORY_VIRUS_DASHBOARD,SRC_OPEN_AQHI_SMOKE_CONTEXT,SRC_OPEN_SCHOOL_HOLIDAY_CALENDAR,SRC_OPEN_STATCAN_PED_POPULATION",modelled,review
SITE_STOLLERY_INSPIRED,Stollery-inspired,mental_health,Mental health,3,2026-06-29,1544,1405,1729,76,161,0.707,"SRC_SYNTH_REFERRALS,SRC_SYNTH_REFERRAL_TRIAGE,SRC_SYNTH_WAITLIST_SNAPSHOTS,SRC_SYNTH_CLINIC_TEMPLATES,SRC_SYNTH_PROVIDER_AVAILABILITY,SRC_SYNTH_NO_SHOW_LATE_CANCEL,SRC_SYNTH_DIAGNOSTIC_READINESS,SRC_SYNTH_HR_SHIFT_ROSTER,SRC_SYNTH_FINANCE_RESOURCE_ENVELOPE,SRC_OPEN_RESPIRATORY_VIRUS_DASHBOARD,SRC_OPEN_AQHI_SMOKE_CONTEXT,SRC_OPEN_SCHOOL_HOLIDAY_CALENDAR,SRC_OPEN_STATCAN_PED_POPULATION",modelled,review
SITE_STOLLERY_INSPIRED,Stollery-inspired,mental_health,Mental health,4,2026-07-06,1549,1410,1735,77,162,0.707,"SRC_SYNTH_REFERRALS,SRC_SYNTH_REFERRAL_TRIAGE,SRC_SYNTH_WAITLIST_SNAPSHOTS,SRC_SYNTH_CLINIC_TEMPLATES,SRC_SYNTH_PROVIDER_AVAILABILITY,SRC_SYNTH_NO_SHOW_LATE_CANCEL,SRC_SYNTH_DIAGNOSTIC_READINESS,SRC_SYNTH_HR_SHIFT_ROSTER,SRC_SYNTH_FINANCE_RESOURCE_ENVELOPE,SRC_OPEN_RESPIRATORY_VIRUS_DASHBOARD,SRC_OPEN_AQHI_SMOKE_CONTEXT,SRC_OPEN_SCHOOL_HOLIDAY_CALENDAR,SRC_OPEN_STATCAN_PED_POPULATION",modelled,review
SITE_STOLLERY_INSPIRED,Stollery-inspired,mental_health,Mental health,5,2026-07-13,1550,1410,1736,77,163,0.707,"SRC_SYNTH_REFERRALS,SRC_SYNTH_REFERRAL_TRIAGE,SRC_SYNTH_WAITLIST_SNAPSHOTS,SRC_SYNTH_CLINIC_TEMPLATES,SRC_SYNTH_PROVIDER_AVAILABILITY,SRC_SYNTH_NO_SHOW_LATE_CANCEL,SRC_SYNTH_DIAGNOSTIC_READINESS,SRC_SYNTH_HR_SHIFT_ROSTER,SRC_SYNTH_FINANCE_RESOURCE_ENVELOPE,SRC_OPEN_RESPIRATORY_VIRUS_DASHBOARD,SRC_OPEN_AQHI_SMOKE_CONTEXT,SRC_OPEN_SCHOOL_HOLIDAY_CALENDAR,SRC_OPEN_STATCAN_PED_POPULATION",modelled,review
SITE_STOLLERY_INSPIRED,Stollery-inspired,mental_health,Mental health,6,2026-07-20,1548,1409,1734,77,163,0.707,"SRC_SYNTH_REFERRALS,SRC_SYNTH_REFERRAL_TRIAGE,SRC_SYNTH_WAITLIST_SNAPSHOTS,SRC_SYNTH_CLINIC_TEMPLATES,SRC_SYNTH_PROVIDER_AVAILABILITY,SRC_SYNTH_NO_SHOW_LATE_CANCEL,SRC_SYNTH_DIAGNOSTIC_READINESS,SRC_SYNTH_HR_SHIFT_ROSTER,SRC_SYNTH_FINANCE_RESOURCE_ENVELOPE,SRC_OPEN_RESPIRATORY_VIRUS_DASHBOARD,SRC_OPEN_AQHI_SMOKE_CONTEXT,SRC_OPEN_SCHOOL_HOLIDAY_CALENDAR,SRC_OPEN_STATCAN_PED_POPULATION",modelled,review
SITE_STOLLERY_INSPIRED,Stollery-inspired,mental_health,Mental health,7,2026-07-27,1542,1403,1727,77,164,0.707,"SRC_SYNTH_REFERRALS,SRC_SYNTH_REFERRAL_TRIAGE,SRC_SYNTH_WAITLIST_SNAPSHOTS,SRC_SYNTH_CLINIC_TEMPLATES,SRC_SYNTH_PROVIDER_AVAILABILITY,SRC_SYNTH_NO_SHOW_LATE_CANCEL,SRC_SYNTH_DIAGNOSTIC_READINESS,SRC_SYNTH_HR_SHIFT_ROSTER,SRC_SYNTH_FINANCE_RESOURCE_ENVELOPE,SRC_OPEN_RESPIRATORY_VIRUS_DASHBOARD,SRC_OPEN_AQHI_SMOKE_CONTEXT,SRC_OPEN_SCHOOL_HOLIDAY_CALENDAR,SRC_OPEN_STATCAN_PED_POPULATION",modelled,review
SITE_STOLLERY_INSPIRED,Stollery-inspired,mental_health,Mental health,8,2026-08-03,1533,1395,1717,77,165,0.707,"SRC_SYNTH_REFERRALS,SRC_SYNTH_REFERRAL_TRIAGE,SRC_SYNTH_WAITLIST_SNAPSHOTS,SRC_SYNTH_CLINIC_TEMPLATES,SRC_SYNTH_PROVIDER_AVAILABILITY,SRC_SYNTH_NO_SHOW_LATE_CANCEL,SRC_SYNTH_DIAGNOSTIC_READINESS,SRC_SYNTH_HR_SHIFT_ROSTER,SRC_SYNTH_FINANCE_RESOURCE_ENVELOPE,SRC_OPEN_RESPIRATORY_VIRUS_DASHBOARD,SRC_OPEN_AQHI_SMOKE_CONTEXT,SRC_OPEN_SCHOOL_HOLIDAY_CALENDAR,SRC_OPEN_STATCAN_PED_POPULATION",modelled,review
SITE_STOLLERY_INSPIRED,Stollery-inspired,mental_health,Mental health,9,2026-08-10,1523,1386,1706,77,165,0.707,"SRC_SYNTH_REFERRALS,SRC_SYNTH_REFERRAL_TRIAGE,SRC_SYNTH_WAITLIST_SNAPSHOTS,SRC_SYNTH_CLINIC_TEMPLATES,SRC_SYNTH_PROVIDER_AVAILABILITY,SRC_SYNTH_NO_SHOW_LATE_CANCEL,SRC_SYNTH_DIAGNOSTIC_READINESS,SRC_SYNTH_HR_SHIFT_ROSTER,SRC_SYNTH_FINANCE_RESOURCE_ENVELOPE,SRC_OPEN_RESPIRATORY_VIRUS_DASHBOARD,SRC_OPEN_AQHI_SMOKE_CONTEXT,SRC_OPEN_SCHOOL_HOLIDAY_CALENDAR,SRC_OPEN_STATCAN_PED_POPULATION",modelled,review
SITE_STOLLERY_INSPIRED,Stollery-inspired,mental_health,Mental health,10,2026-08-17,1510,1374,1691,77,166,0.707,"SRC_SYNTH_REFERRALS,SRC_SYNTH_REFERRAL_TRIAGE,SRC_SYNTH_WAITLIST_SNAPSHOTS,SRC_SYNTH_CLINIC_TEMPLATES,SRC_SYNTH_PROVIDER_AVAILABILITY,SRC_SYNTH_NO_SHOW_LATE_CANCEL,SRC_SYNTH_DIAGNOSTIC_READINESS,SRC_SYNTH_HR_SHIFT_ROSTER,SRC_SYNTH_FINANCE_RESOURCE_ENVELOPE,SRC_OPEN_RESPIRATORY_VIRUS_DASHBOARD,SRC_OPEN_AQHI_SMOKE_CONTEXT,SRC_OPEN_SCHOOL_HOLIDAY_CALENDAR,SRC_OPEN_STATCAN_PED_POPULATION",modelled,review
SITE_STOLLERY_INSPIRED,Stollery-inspired,mental_health,Mental health,11,2026-08-24,1496,1361,1676,77,167,0.707,"SRC_SYNTH_REFERRALS,SRC_SYNTH_REFERRAL_TRIAGE,SRC_SYNTH_WAITLIST_SNAPSHOTS,SRC_SYNTH_CLINIC_TEMPLATES,SRC_SYNTH_PROVIDER_AVAILABILITY,SRC_SYNTH_NO_SHOW_LATE_CANCEL,SRC_SYNTH_DIAGNOSTIC_READINESS,SRC_SYNTH_HR_SHIFT_ROSTER,SRC_SYNTH_FINANCE_RESOURCE_ENVELOPE,SRC_OPEN_RESPIRATORY_VIRUS_DASHBOARD,SRC_OPEN_AQHI_SMOKE_CONTEXT,SRC_OPEN_SCHOOL_HOLIDAY_CALENDAR,SRC_OPEN_STATCAN_PED_POPULATION",modelled,review
SITE_STOLLERY_INSPIRED,Stollery-inspired,mental_health,Mental health,12,2026-08-31,1483,1350,1661,77,167,0.707,"SRC_SYNTH_REFERRALS,SRC_SYNTH_REFERRAL_TRIAGE,SRC_SYNTH_WAITLIST_SNAPSHOTS,SRC_SYNTH_CLINIC_TEMPLATES,SRC_SYNTH_PROVIDER_AVAILABILITY,SRC_SYNTH_NO_SHOW_LATE_CANCEL,SRC_SYNTH_DIAGNOSTIC_READINESS,SRC_SYNTH_HR_SHIFT_ROSTER,SRC_SYNTH_FINANCE_RESOURCE_ENVELOPE,SRC_OPEN_RESPIRATORY_VIRUS_DASHBOARD,SRC_OPEN_AQHI_SMOKE_CONTEXT,SRC_OPEN_SCHOOL_HOLIDAY_CALENDAR,SRC_OPEN_STATCAN_PED_POPULATION",modelled,review
SITE_STOLLERY_INSPIRED,Stollery-inspired,mental_health,Mental health,13,2026-09-07,1469,1337,1645,77,168,0.707,"SRC_SYNTH_REFERRALS,SRC_SYNTH_REFERRAL_TRIAGE,SRC_SYNTH_WAITLIST_SNAPSHOTS,SRC_SYNTH_CLINIC_TEMPLATES,SRC_SYNTH_PROVIDER_AVAILABILITY,SRC_SYNTH_NO_SHOW_LATE_CANCEL,SRC_SYNTH_DIAGNOSTIC_READINESS,SRC_SYNTH_HR_SHIFT_ROSTER,SRC_SYNTH_FINANCE_RESOURCE_ENVELOPE,SRC_OPEN_RESPIRATORY_VIRUS_DASHBOARD,SRC_OPEN_AQHI_SMOKE_CONTEXT,SRC_OPEN_SCHOOL_HOLIDAY_CALENDAR,SRC_OPEN_STATCAN_PED_POPULATION",modelled,review
SITE_STOLLERY_INSPIRED,Stollery-inspired,mental_health,Mental health,14,2026-09-14,1457,1326,1632,77,169,0.707,"SRC_SYNTH_REFERRALS,SRC_SYNTH_REFERRAL_TRIAGE,SRC_SYNTH_WAITLIST_SNAPSHOTS,SRC_SYNTH_CLINIC_TEMPLATES,SRC_SYNTH_PROVIDER_AVAILABILITY,SRC_SYNTH_NO_SHOW_LATE_CANCEL,SRC_SYNTH_DIAGNOSTIC_READINESS,SRC_SYNTH_HR_SHIFT_ROSTER,SRC_SYNTH_FINANCE_RESOURCE_ENVELOPE,SRC_OPEN_RESPIRATORY_VIRUS_DASHBOARD,SRC_OPEN_AQHI_SMOKE_CONTEXT,SRC_OPEN_SCHOOL_HOLIDAY_CALENDAR,SRC_OPEN_STATCAN_PED_POPULATION",modelled,review
SITE_STOLLERY_INSPIRED,Stollery-inspired,mental_health,Mental health,15,2026-09-21,1447,1317,1621,77,170,0.707,"SRC_SYNTH_REFERRALS,SRC_SYNTH_REFERRAL_TRIAGE,SRC_SYNTH_WAITLIST_SNAPSHOTS,SRC_SYNTH_CLINIC_TEMPLATES,SRC_SYNTH_PROVIDER_AVAILABILITY,SRC_SYNTH_NO_SHOW_LATE_CANCEL,SRC_SYNTH_DIAGNOSTIC_READINESS,SRC_SYNTH_HR_SHIFT_ROSTER,SRC_SYNTH_FINANCE_RESOURCE_ENVELOPE,SRC_OPEN_RESPIRATORY_VIRUS_DASHBOARD,SRC_OPEN_AQHI_SMOKE_CONTEXT,SRC_OPEN_SCHOOL_HOLIDAY_CALENDAR,SRC_OPEN_STATCAN_PED_POPULATION",modelled,review
SITE_STOLLERY_INSPIRED,Stollery-inspired,mental_health,Mental health,16,2026-09-28,1440,1310,1613,77,170,0.707,"SRC_SYNTH_REFERRALS,SRC_SYNTH_REFERRAL_TRIAGE,SRC_SYNTH_WAITLIST_SNAPSHOTS,SRC_SYNTH_CLINIC_TEMPLATES,SRC_SYNTH_PROVIDER_AVAILABILITY,SRC_SYNTH_NO_SHOW_LATE_CANCEL,SRC_SYNTH_DIAGNOSTIC_READINESS,SRC_SYNTH_HR_SHIFT_ROSTER,SRC_SYNTH_FINANCE_RESOURCE_ENVELOPE,SRC_OPEN_RESPIRATORY_VIRUS_DASHBOARD,SRC_OPEN_AQHI_SMOKE_CONTEXT,SRC_OPEN_SCHOOL_HOLIDAY_CALENDAR,SRC_OPEN_STATCAN_PED_POPULATION",modelled,review
SITE_STOLLERY_INSPIRED,Stollery-inspired,mental_health,Mental health,17,2026-10-05,1436,1307,1608,77,171,0.707,"SRC_SYNTH_REFERRALS,SRC_SYNTH_REFERRAL_TRIAGE,SRC_SYNTH_WAITLIST_SNAPSHOTS,SRC_SYNTH_CLINIC_TEMPLATES,SRC_SYNTH_PROVIDER_AVAILABILITY,SRC_SYNTH_NO_SHOW_LATE_CANCEL,SRC_SYNTH_DIAGNOSTIC_READINESS,SRC_SYNTH_HR_SHIFT_ROSTER,SRC_SYNTH_FINANCE_RESOURCE_ENVELOPE,SRC_OPEN_RESPIRATORY_VIRUS_DASHBOARD,SRC_OPEN_AQHI_SMOKE_CONTEXT,SRC_OPEN_SCHOOL_HOLIDAY_CALENDAR,SRC_OPEN_STATCAN_PED_POPULATION",modelled,review
SITE_STOLLERY_INSPIRED,Stollery-inspired,mental_health,Mental health,18,2026-10-12,1436,1307,1608,77,172,0.707,"SRC_SYNTH_REFERRALS,SRC_SYNTH_REFERRAL_TRIAGE,SRC_SYNTH_WAITLIST_SNAPSHOTS,SRC_SYNTH_CLINIC_TEMPLATES,SRC_SYNTH_PROVIDER_AVAILABILITY,SRC_SYNTH_NO_SHOW_LATE_CANCEL,SRC_SYNTH_DIAGNOSTIC_READINESS,SRC_SYNTH_HR_SHIFT_ROSTER,SRC_SYNTH_FINANCE_RESOURCE_ENVELOPE,SRC_OPEN_RESPIRATORY_VIRUS_DASHBOARD,SRC_OPEN_AQHI_SMOKE_CONTEXT,SRC_OPEN_SCHOOL_HOLIDAY_CALENDAR,SRC_OPEN_STATCAN_PED_POPULATION",modelled,review
SITE_STOLLERY_INSPIRED,Stollery-inspired,mental_health,Mental health,19,2026-10-19,1439,1309,1612,78,172,0.707,"SRC_SYNTH_REFERRALS,SRC_SYNTH_REFERRAL_TRIAGE,SRC_SYNTH_WAITLIST_SNAPSHOTS,SRC_SYNTH_CLINIC_TEMPLATES,SRC_SYNTH_PROVIDER_AVAILABILITY,SRC_SYNTH_NO_SHOW_LATE_CANCEL,SRC_SYNTH_DIAGNOSTIC_READINESS,SRC_SYNTH_HR_SHIFT_ROSTER,SRC_SYNTH_FINANCE_RESOURCE_ENVELOPE,SRC_OPEN_RESPIRATORY_VIRUS_DASHBOARD,SRC_OPEN_AQHI_SMOKE_CONTEXT,SRC_OPEN_SCHOOL_HOLIDAY_CALENDAR,SRC_OPEN_STATCAN_PED_POPULATION",modelled,review
SITE_STOLLERY_INSPIRED,Stollery-inspired,mental_health,Mental health,20,2026-10-26,1447,1317,1621,78,173,0.707,"SRC_SYNTH_REFERRALS,SRC_SYNTH_REFERRAL_TRIAGE,SRC_SYNTH_WAITLIST_SNAPSHOTS,SRC_SYNTH_CLINIC_TEMPLATES,SRC_SYNTH_PROVIDER_AVAILABILITY,SRC_SYNTH_NO_SHOW_LATE_CANCEL,SRC_SYNTH_DIAGNOSTIC_READINESS,SRC_SYNTH_HR_SHIFT_ROSTER,SRC_SYNTH_FINANCE_RESOURCE_ENVELOPE,SRC_OPEN_RESPIRATORY_VIRUS_DASHBOARD,SRC_OPEN_AQHI_SMOKE_CONTEXT,SRC_OPEN_SCHOOL_HOLIDAY_CALENDAR,SRC_OPEN_STATCAN_PED_POPULATION",modelled,review
SITE_STOLLERY_INSPIRED,Stollery-inspired,mental_health,Mental health,21,2026-11-02,1460,1329,1635,79,174,0.707,"SRC_SYNTH_REFERRALS,SRC_SYNTH_REFERRAL_TRIAGE,SRC_SYNTH_WAITLIST_SNAPSHOTS,SRC_SYNTH_CLINIC_TEMPLATES,SRC_SYNTH_PROVIDER_AVAILABILITY,SRC_SYNTH_NO_SHOW_LATE_CANCEL,SRC_SYNTH_DIAGNOSTIC_READINESS,SRC_SYNTH_HR_SHIFT_ROSTER,SRC_SYNTH_FINANCE_RESOURCE_ENVELOPE,SRC_OPEN_RESPIRATORY_VIRUS_DASHBOARD,SRC_OPEN_AQHI_SMOKE_CONTEXT,SRC_OPEN_SCHOOL_HOLIDAY_CALENDAR,SRC_OPEN_STATCAN_PED_POPULATION",modelled,review
SITE_STOLLERY_INSPIRED,Stollery-inspired,mental_health,Mental health,22,2026-11-09,1476,1343,1653,79,175,0.707,"SRC_SYNTH_REFERRALS,SRC_SYNTH_REFERRAL_TRIAGE,SRC_SYNTH_WAITLIST_SNAPSHOTS,SRC_SYNTH_CLINIC_TEMPLATES,SRC_SYNTH_PROVIDER_AVAILABILITY,SRC_SYNTH_NO_SHOW_LATE_CANCEL,SRC_SYNTH_DIAGNOSTIC_READINESS,SRC_SYNTH_HR_SHIFT_ROSTER,SRC_SYNTH_FINANCE_RESOURCE_ENVELOPE,SRC_OPEN_RESPIRATORY_VIRUS_DASHBOARD,SRC_OPEN_AQHI_SMOKE_CONTEXT,SRC_OPEN_SCHOOL_HOLIDAY_CALENDAR,SRC_OPEN_STATCAN_PED_POPULATION",modelled,review
SITE_STOLLERY_INSPIRED,Stollery-inspired,mental_health,Mental health,23,2026-11-16,1497,1362,1677,80,175,0.707,"SRC_SYNTH_REFERRALS,SRC_SYNTH_REFERRAL_TRIAGE,SRC_SYNTH_WAITLIST_SNAPSHOTS,SRC_SYNTH_CLINIC_TEMPLATES,SRC_SYNTH_PROVIDER_AVAILABILITY,SRC_SYNTH_NO_SHOW_LATE_CANCEL,SRC_SYNTH_DIAGNOSTIC_READINESS,SRC_SYNTH_HR_SHIFT_ROSTER,SRC_SYNTH_FINANCE_RESOURCE_ENVELOPE,SRC_OPEN_RESPIRATORY_VIRUS_DASHBOARD,SRC_OPEN_AQHI_SMOKE_CONTEXT,SRC_OPEN_SCHOOL_HOLIDAY_CALENDAR,SRC_OPEN_STATCAN_PED_POPULATION",modelled,review
SITE_STOLLERY_INSPIRED,Stollery-inspired,mental_health,Mental health,24,2026-11-23,1521,1384,1704,81,176,0.707,"SRC_SYNTH_REFERRALS,SRC_SYNTH_REFERRAL_TRIAGE,SRC_SYNTH_WAITLIST_SNAPSHOTS,SRC_SYNTH_CLINIC_TEMPLATES,SRC_SYNTH_PROVIDER_AVAILABILITY,SRC_SYNTH_NO_SHOW_LATE_CANCEL,SRC_SYNTH_DIAGNOSTIC_READINESS,SRC_SYNTH_HR_SHIFT_ROSTER,SRC_SYNTH_FINANCE_RESOURCE_ENVELOPE,SRC_OPEN_RESPIRATORY_VIRUS_DASHBOARD,SRC_OPEN_AQHI_SMOKE_CONTEXT,SRC_OPEN_SCHOOL_HOLIDAY_CALENDAR,SRC_OPEN_STATCAN_PED_POPULATION",modelled,review
SITE_STOLLERY_INSPIRED,Stollery-inspired,mental_health,Mental health,25,2026-11-30,1548,1409,1734,82,177,0.707,"SRC_SYNTH_REFERRALS,SRC_SYNTH_REFERRAL_TRIAGE,SRC_SYNTH_WAITLIST_SNAPSHOTS,SRC_SYNTH_CLINIC_TEMPLATES,SRC_SYNTH_PROVIDER_AVAILABILITY,SRC_SYNTH_NO_SHOW_LATE_CANCEL,SRC_SYNTH_DIAGNOSTIC_READINESS,SRC_SYNTH_HR_SHIFT_ROSTER,SRC_SYNTH_FINANCE_RESOURCE_ENVELOPE,SRC_OPEN_RESPIRATORY_VIRUS_DASHBOARD,SRC_OPEN_AQHI_SMOKE_CONTEXT,SRC_OPEN_SCHOOL_HOLIDAY_CALENDAR,SRC_OPEN_STATCAN_PED_POPULATION",modelled,review
SITE_STOLLERY_INSPIRED,Stollery-inspired,mental_health,Mental health,26,2026-12-07,1577,1435,1766,83,177,0.707,"SRC_SYNTH_REFERRALS,SRC_SYNTH_REFERRAL_TRIAGE,SRC_SYNTH_WAITLIST_SNAPSHOTS,SRC_SYNTH_CLINIC_TEMPLATES,SRC_SYNTH_PROVIDER_AVAILABILITY,SRC_SYNTH_NO_SHOW_LATE_CANCEL,SRC_SYNTH_DIAGNOSTIC_READINESS,SRC_SYNTH_HR_SHIFT_ROSTER,SRC_SYNTH_FINANCE_RESOURCE_ENVELOPE,SRC_OPEN_RESPIRATORY_VIRUS_DASHBOARD,SRC_OPEN_AQHI_SMOKE_CONTEXT,SRC_OPEN_SCHOOL_HOLIDAY_CALENDAR,SRC_OPEN_STATCAN_PED_POPULATION",modelled,review
SITE_STOLLERY_INSPIRED,Stollery-inspired,diabetes_endocrinology,Diabetes/endocrinology,1,2026-06-15,984,895,1102,67,103,0.732,"SRC_SYNTH_REFERRALS,SRC_SYNTH_REFERRAL_TRIAGE,SRC_SYNTH_WAITLIST_SNAPSHOTS,SRC_SYNTH_CLINIC_TEMPLATES,SRC_SYNTH_PROVIDER_AVAILABILITY,SRC_SYNTH_NO_SHOW_LATE_CANCEL,SRC_SYNTH_DIAGNOSTIC_READINESS,SRC_SYNTH_HR_SHIFT_ROSTER,SRC_SYNTH_FINANCE_RESOURCE_ENVELOPE,SRC_OPEN_RESPIRATORY_VIRUS_DASHBOARD,SRC_OPEN_AQHI_SMOKE_CONTEXT,SRC_OPEN_SCHOOL_HOLIDAY_CALENDAR,SRC_OPEN_STATCAN_PED_POPULATION",modelled,ready
SITE_STOLLERY_INSPIRED,Stollery-inspired,diabetes_endocrinology,Diabetes/endocrinology,2,2026-06-22,990,901,1109,67,104,0.732,"SRC_SYNTH_REFERRALS,SRC_SYNTH_REFERRAL_TRIAGE,SRC_SYNTH_WAITLIST_SNAPSHOTS,SRC_SYNTH_CLINIC_TEMPLATES,SRC_SYNTH_PROVIDER_AVAILABILITY,SRC_SYNTH_NO_SHOW_LATE_CANCEL,SRC_SYNTH_DIAGNOSTIC_READINESS,SRC_SYNTH_HR_SHIFT_ROSTER,SRC_SYNTH_FINANCE_RESOURCE_ENVELOPE,SRC_OPEN_RESPIRATORY_VIRUS_DASHBOARD,SRC_OPEN_AQHI_SMOKE_CONTEXT,SRC_OPEN_SCHOOL_HOLIDAY_CALENDAR,SRC_OPEN_STATCAN_PED_POPULATION",modelled,ready
SITE_STOLLERY_INSPIRED,Stollery-inspired,diabetes_endocrinology,Diabetes/endocrinology,3,2026-06-29,994,905,1113,68,104,0.732,"SRC_SYNTH_REFERRALS,SRC_SYNTH_REFERRAL_TRIAGE,SRC_SYNTH_WAITLIST_SNAPSHOTS,SRC_SYNTH_CLINIC_TEMPLATES,SRC_SYNTH_PROVIDER_AVAILABILITY,SRC_SYNTH_NO_SHOW_LATE_CANCEL,SRC_SYNTH_DIAGNOSTIC_READINESS,SRC_SYNTH_HR_SHIFT_ROSTER,SRC_SYNTH_FINANCE_RESOURCE_ENVELOPE,SRC_OPEN_RESPIRATORY_VIRUS_DASHBOARD,SRC_OPEN_AQHI_SMOKE_CONTEXT,SRC_OPEN_SCHOOL_HOLIDAY_CALENDAR,SRC_OPEN_STATCAN_PED_POPULATION",modelled,ready
SITE_STOLLERY_INSPIRED,Stollery-inspired,diabetes_endocrinology,Diabetes/endocrinology,4,2026-07-06,994,905,1113,68,105,0.732,"SRC_SYNTH_REFERRALS,SRC_SYNTH_REFERRAL_TRIAGE,SRC_SYNTH_WAITLIST_SNAPSHOTS,SRC_SYNTH_CLINIC_TEMPLATES,SRC_SYNTH_PROVIDER_AVAILABILITY,SRC_SYNTH_NO_SHOW_LATE_CANCEL,SRC_SYNTH_DIAGNOSTIC_READINESS,SRC_SYNTH_HR_SHIFT_ROSTER,SRC_SYNTH_FINANCE_RESOURCE_ENVELOPE,SRC_OPEN_RESPIRATORY_VIRUS_DASHBOARD,SRC_OPEN_AQHI_SMOKE_CONTEXT,SRC_OPEN_SCHOOL_HOLIDAY_CALENDAR,SRC_OPEN_STATCAN_PED_POPULATION",modelled,ready
SITE_STOLLERY_INSPIRED,Stollery-inspired,diabetes_endocrinology,Diabetes/endocrinology,5,2026-07-13,993,904,1112,68,105,0.732,"SRC_SYNTH_REFERRALS,SRC_SYNTH_REFERRAL_TRIAGE,SRC_SYNTH_WAITLIST_SNAPSHOTS,SRC_SYNTH_CLINIC_TEMPLATES,SRC_SYNTH_PROVIDER_AVAILABILITY,SRC_SYNTH_NO_SHOW_LATE_CANCEL,SRC_SYNTH_DIAGNOSTIC_READINESS,SRC_SYNTH_HR_SHIFT_ROSTER,SRC_SYNTH_FINANCE_RESOURCE_ENVELOPE,SRC_OPEN_RESPIRATORY_VIRUS_DASHBOARD,SRC_OPEN_AQHI_SMOKE_CONTEXT,SRC_OPEN_SCHOOL_HOLIDAY_CALENDAR,SRC_OPEN_STATCAN_PED_POPULATION",modelled,ready
SITE_STOLLERY_INSPIRED,Stollery-inspired,diabetes_endocrinology,Diabetes/endocrinology,6,2026-07-20,989,900,1108,68,105,0.732,"SRC_SYNTH_REFERRALS,SRC_SYNTH_REFERRAL_TRIAGE,SRC_SYNTH_WAITLIST_SNAPSHOTS,SRC_SYNTH_CLINIC_TEMPLATES,SRC_SYNTH_PROVIDER_AVAILABILITY,SRC_SYNTH_NO_SHOW_LATE_CANCEL,SRC_SYNTH_DIAGNOSTIC_READINESS,SRC_SYNTH_HR_SHIFT_ROSTER,SRC_SYNTH_FINANCE_RESOURCE_ENVELOPE,SRC_OPEN_RESPIRATORY_VIRUS_DASHBOARD,SRC_OPEN_AQHI_SMOKE_CONTEXT,SRC_OPEN_SCHOOL_HOLIDAY_CALENDAR,SRC_OPEN_STATCAN_PED_POPULATION",modelled,ready
SITE_STOLLERY_INSPIRED,Stollery-inspired,diabetes_endocrinology,Diabetes/endocrinology,7,2026-07-27,984,895,1102,68,106,0.732,"SRC_SYNTH_REFERRALS,SRC_SYNTH_REFERRAL_TRIAGE,SRC_SYNTH_WAITLIST_SNAPSHOTS,SRC_SYNTH_CLINIC_TEMPLATES,SRC_SYNTH_PROVIDER_AVAILABILITY,SRC_SYNTH_NO_SHOW_LATE_CANCEL,SRC_SYNTH_DIAGNOSTIC_READINESS,SRC_SYNTH_HR_SHIFT_ROSTER,SRC_SYNTH_FINANCE_RESOURCE_ENVELOPE,SRC_OPEN_RESPIRATORY_VIRUS_DASHBOARD,SRC_OPEN_AQHI_SMOKE_CONTEXT,SRC_OPEN_SCHOOL_HOLIDAY_CALENDAR,SRC_OPEN_STATCAN_PED_POPULATION",modelled,ready
SITE_STOLLERY_INSPIRED,Stollery-inspired,diabetes_endocrinology,Diabetes/endocrinology,8,2026-08-03,977,889,1094,69,106,0.732,"SRC_SYNTH_REFERRALS,SRC_SYNTH_REFERRAL_TRIAGE,SRC_SYNTH_WAITLIST_SNAPSHOTS,SRC_SYNTH_CLINIC_TEMPLATES,SRC_SYNTH_PROVIDER_AVAILABILITY,SRC_SYNTH_NO_SHOW_LATE_CANCEL,SRC_SYNTH_DIAGNOSTIC_READINESS,SRC_SYNTH_HR_SHIFT_ROSTER,SRC_SYNTH_FINANCE_RESOURCE_ENVELOPE,SRC_OPEN_RESPIRATORY_VIRUS_DASHBOARD,SRC_OPEN_AQHI_SMOKE_CONTEXT,SRC_OPEN_SCHOOL_HOLIDAY_CALENDAR,SRC_OPEN_STATCAN_PED_POPULATION",modelled,ready
SITE_STOLLERY_INSPIRED,Stollery-inspired,diabetes_endocrinology,Diabetes/endocrinology,9,2026-08-10,969,882,1085,69,107,0.732,"SRC_SYNTH_REFERRALS,SRC_SYNTH_REFERRAL_TRIAGE,SRC_SYNTH_WAITLIST_SNAPSHOTS,SRC_SYNTH_CLINIC_TEMPLATES,SRC_SYNTH_PROVIDER_AVAILABILITY,SRC_SYNTH_NO_SHOW_LATE_CANCEL,SRC_SYNTH_DIAGNOSTIC_READINESS,SRC_SYNTH_HR_SHIFT_ROSTER,SRC_SYNTH_FINANCE_RESOURCE_ENVELOPE,SRC_OPEN_RESPIRATORY_VIRUS_DASHBOARD,SRC_OPEN_AQHI_SMOKE_CONTEXT,SRC_OPEN_SCHOOL_HOLIDAY_CALENDAR,SRC_OPEN_STATCAN_PED_POPULATION",modelled,ready
SITE_STOLLERY_INSPIRED,Stollery-inspired,diabetes_endocrinology,Diabetes/endocrinology,10,2026-08-17,960,874,1075,68,107,0.732,"SRC_SYNTH_REFERRALS,SRC_SYNTH_REFERRAL_TRIAGE,SRC_SYNTH_WAITLIST_SNAPSHOTS,SRC_SYNTH_CLINIC_TEMPLATES,SRC_SYNTH_PROVIDER_AVAILABILITY,SRC_SYNTH_NO_SHOW_LATE_CANCEL,SRC_SYNTH_DIAGNOSTIC_READINESS,SRC_SYNTH_HR_SHIFT_ROSTER,SRC_SYNTH_FINANCE_RESOURCE_ENVELOPE,SRC_OPEN_RESPIRATORY_VIRUS_DASHBOARD,SRC_OPEN_AQHI_SMOKE_CONTEXT,SRC_OPEN_SCHOOL_HOLIDAY_CALENDAR,SRC_OPEN_STATCAN_PED_POPULATION",modelled,ready
SITE_STOLLERY_INSPIRED,Stollery-inspired,diabetes_endocrinology,Diabetes/endocrinology,11,2026-08-24,951,865,1065,68,107,0.732,"SRC_SYNTH_REFERRALS,SRC_SYNTH_REFERRAL_TRIAGE,SRC_SYNTH_WAITLIST_SNAPSHOTS,SRC_SYNTH_CLINIC_TEMPLATES,SRC_SYNTH_PROVIDER_AVAILABILITY,SRC_SYNTH_NO_SHOW_LATE_CANCEL,SRC_SYNTH_DIAGNOSTIC_READINESS,SRC_SYNTH_HR_SHIFT_ROSTER,SRC_SYNTH_FINANCE_RESOURCE_ENVELOPE,SRC_OPEN_RESPIRATORY_VIRUS_DASHBOARD,SRC_OPEN_AQHI_SMOKE_CONTEXT,SRC_OPEN_SCHOOL_HOLIDAY_CALENDAR,SRC_OPEN_STATCAN_PED_POPULATION",modelled,ready
SITE_STOLLERY_INSPIRED,Stollery-inspired,diabetes_endocrinology,Diabetes/endocrinology,12,2026-08-31,943,858,1056,68,108,0.732,"SRC_SYNTH_REFERRALS,SRC_SYNTH_REFERRAL_TRIAGE,SRC_SYNTH_WAITLIST_SNAPSHOTS,SRC_SYNTH_CLINIC_TEMPLATES,SRC_SYNTH_PROVIDER_AVAILABILITY,SRC_SYNTH_NO_SHOW_LATE_CANCEL,SRC_SYNTH_DIAGNOSTIC_READINESS,SRC_SYNTH_HR_SHIFT_ROSTER,SRC_SYNTH_FINANCE_RESOURCE_ENVELOPE,SRC_OPEN_RESPIRATORY_VIRUS_DASHBOARD,SRC_OPEN_AQHI_SMOKE_CONTEXT,SRC_OPEN_SCHOOL_HOLIDAY_CALENDAR,SRC_OPEN_STATCAN_PED_POPULATION",modelled,ready
SITE_STOLLERY_INSPIRED,Stollery-inspired,diabetes_endocrinology,Diabetes/endocrinology,13,2026-09-07,935,851,1047,68,108,0.732,"SRC_SYNTH_REFERRALS,SRC_SYNTH_REFERRAL_TRIAGE,SRC_SYNTH_WAITLIST_SNAPSHOTS,SRC_SYNTH_CLINIC_TEMPLATES,SRC_SYNTH_PROVIDER_AVAILABILITY,SRC_SYNTH_NO_SHOW_LATE_CANCEL,SRC_SYNTH_DIAGNOSTIC_READINESS,SRC_SYNTH_HR_SHIFT_ROSTER,SRC_SYNTH_FINANCE_RESOURCE_ENVELOPE,SRC_OPEN_RESPIRATORY_VIRUS_DASHBOARD,SRC_OPEN_AQHI_SMOKE_CONTEXT,SRC_OPEN_SCHOOL_HOLIDAY_CALENDAR,SRC_OPEN_STATCAN_PED_POPULATION",modelled,ready
SITE_STOLLERY_INSPIRED,Stollery-inspired,diabetes_endocrinology,Diabetes/endocrinology,14,2026-09-14,929,845,1040,69,108,0.732,"SRC_SYNTH_REFERRALS,SRC_SYNTH_REFERRAL_TRIAGE,SRC_SYNTH_WAITLIST_SNAPSHOTS,SRC_SYNTH_CLINIC_TEMPLATES,SRC_SYNTH_PROVIDER_AVAILABILITY,SRC_SYNTH_NO_SHOW_LATE_CANCEL,SRC_SYNTH_DIAGNOSTIC_READINESS,SRC_SYNTH_HR_SHIFT_ROSTER,SRC_SYNTH_FINANCE_RESOURCE_ENVELOPE,SRC_OPEN_RESPIRATORY_VIRUS_DASHBOARD,SRC_OPEN_AQHI_SMOKE_CONTEXT,SRC_OPEN_SCHOOL_HOLIDAY_CALENDAR,SRC_OPEN_STATCAN_PED_POPULATION",modelled,ready
SITE_STOLLERY_INSPIRED,Stollery-inspired,diabetes_endocrinology,Diabetes/endocrinology,15,2026-09-21,924,841,1035,69,109,0.732,"SRC_SYNTH_REFERRALS,SRC_SYNTH_REFERRAL_TRIAGE,SRC_SYNTH_WAITLIST_SNAPSHOTS,SRC_SYNTH_CLINIC_TEMPLATES,SRC_SYNTH_PROVIDER_AVAILABILITY,SRC_SYNTH_NO_SHOW_LATE_CANCEL,SRC_SYNTH_DIAGNOSTIC_READINESS,SRC_SYNTH_HR_SHIFT_ROSTER,SRC_SYNTH_FINANCE_RESOURCE_ENVELOPE,SRC_OPEN_RESPIRATORY_VIRUS_DASHBOARD,SRC_OPEN_AQHI_SMOKE_CONTEXT,SRC_OPEN_SCHOOL_HOLIDAY_CALENDAR,SRC_OPEN_STATCAN_PED_POPULATION",modelled,ready
SITE_STOLLERY_INSPIRED,Stollery-inspired,diabetes_endocrinology,Diabetes/endocrinology,16,2026-09-28,922,839,1033,69,109,0.732,"SRC_SYNTH_REFERRALS,SRC_SYNTH_REFERRAL_TRIAGE,SRC_SYNTH_WAITLIST_SNAPSHOTS,SRC_SYNTH_CLINIC_TEMPLATES,SRC_SYNTH_PROVIDER_AVAILABILITY,SRC_SYNTH_NO_SHOW_LATE_CANCEL,SRC_SYNTH_DIAGNOSTIC_READINESS,SRC_SYNTH_HR_SHIFT_ROSTER,SRC_SYNTH_FINANCE_RESOURCE_ENVELOPE,SRC_OPEN_RESPIRATORY_VIRUS_DASHBOARD,SRC_OPEN_AQHI_SMOKE_CONTEXT,SRC_OPEN_SCHOOL_HOLIDAY_CALENDAR,SRC_OPEN_STATCAN_PED_POPULATION",modelled,ready
SITE_STOLLERY_INSPIRED,Stollery-inspired,diabetes_endocrinology,Diabetes/endocrinology,17,2026-10-05,921,838,1032,69,110,0.732,"SRC_SYNTH_REFERRALS,SRC_SYNTH_REFERRAL_TRIAGE,SRC_SYNTH_WAITLIST_SNAPSHOTS,SRC_SYNTH_CLINIC_TEMPLATES,SRC_SYNTH_PROVIDER_AVAILABILITY,SRC_SYNTH_NO_SHOW_LATE_CANCEL,SRC_SYNTH_DIAGNOSTIC_READINESS,SRC_SYNTH_HR_SHIFT_ROSTER,SRC_SYNTH_FINANCE_RESOURCE_ENVELOPE,SRC_OPEN_RESPIRATORY_VIRUS_DASHBOARD,SRC_OPEN_AQHI_SMOKE_CONTEXT,SRC_OPEN_SCHOOL_HOLIDAY_CALENDAR,SRC_OPEN_STATCAN_PED_POPULATION",modelled,ready
SITE_STOLLERY_INSPIRED,Stollery-inspired,diabetes_endocrinology,Diabetes/endocrinology,18,2026-10-12,924,841,1035,70,110,0.732,"SRC_SYNTH_REFERRALS,SRC_SYNTH_REFERRAL_TRIAGE,SRC_SYNTH_WAITLIST_SNAPSHOTS,SRC_SYNTH_CLINIC_TEMPLATES,SRC_SYNTH_PROVIDER_AVAILABILITY,SRC_SYNTH_NO_SHOW_LATE_CANCEL,SRC_SYNTH_DIAGNOSTIC_READINESS,SRC_SYNTH_HR_SHIFT_ROSTER,SRC_SYNTH_FINANCE_RESOURCE_ENVELOPE,SRC_OPEN_RESPIRATORY_VIRUS_DASHBOARD,SRC_OPEN_AQHI_SMOKE_CONTEXT,SRC_OPEN_SCHOOL_HOLIDAY_CALENDAR,SRC_OPEN_STATCAN_PED_POPULATION",modelled,ready
SITE_STOLLERY_INSPIRED,Stollery-inspired,diabetes_endocrinology,Diabetes/endocrinology,19,2026-10-19,929,845,1040,70,110,0.732,"SRC_SYNTH_REFERRALS,SRC_SYNTH_REFERRAL_TRIAGE,SRC_SYNTH_WAITLIST_SNAPSHOTS,SRC_SYNTH_CLINIC_TEMPLATES,SRC_SYNTH_PROVIDER_AVAILABILITY,SRC_SYNTH_NO_SHOW_LATE_CANCEL,SRC_SYNTH_DIAGNOSTIC_READINESS,SRC_SYNTH_HR_SHIFT_ROSTER,SRC_SYNTH_FINANCE_RESOURCE_ENVELOPE,SRC_OPEN_RESPIRATORY_VIRUS_DASHBOARD,SRC_OPEN_AQHI_SMOKE_CONTEXT,SRC_OPEN_SCHOOL_HOLIDAY_CALENDAR,SRC_OPEN_STATCAN_PED_POPULATION",modelled,ready
SITE_STOLLERY_INSPIRED,Stollery-inspired,diabetes_endocrinology,Diabetes/endocrinology,20,2026-10-26,937,853,1049,71,111,0.732,"SRC_SYNTH_REFERRALS,SRC_SYNTH_REFERRAL_TRIAGE,SRC_SYNTH_WAITLIST_SNAPSHOTS,SRC_SYNTH_CLINIC_TEMPLATES,SRC_SYNTH_PROVIDER_AVAILABILITY,SRC_SYNTH_NO_SHOW_LATE_CANCEL,SRC_SYNTH_DIAGNOSTIC_READINESS,SRC_SYNTH_HR_SHIFT_ROSTER,SRC_SYNTH_FINANCE_RESOURCE_ENVELOPE,SRC_OPEN_RESPIRATORY_VIRUS_DASHBOARD,SRC_OPEN_AQHI_SMOKE_CONTEXT,SRC_OPEN_SCHOOL_HOLIDAY_CALENDAR,SRC_OPEN_STATCAN_PED_POPULATION",modelled,ready
SITE_STOLLERY_INSPIRED,Stollery-inspired,diabetes_endocrinology,Diabetes/endocrinology,21,2026-11-02,947,862,1061,71,111,0.732,"SRC_SYNTH_REFERRALS,SRC_SYNTH_REFERRAL_TRIAGE,SRC_SYNTH_WAITLIST_SNAPSHOTS,SRC_SYNTH_CLINIC_TEMPLATES,SRC_SYNTH_PROVIDER_AVAILABILITY,SRC_SYNTH_NO_SHOW_LATE_CANCEL,SRC_SYNTH_DIAGNOSTIC_READINESS,SRC_SYNTH_HR_SHIFT_ROSTER,SRC_SYNTH_FINANCE_RESOURCE_ENVELOPE,SRC_OPEN_RESPIRATORY_VIRUS_DASHBOARD,SRC_OPEN_AQHI_SMOKE_CONTEXT,SRC_OPEN_SCHOOL_HOLIDAY_CALENDAR,SRC_OPEN_STATCAN_PED_POPULATION",modelled,ready
SITE_STOLLERY_INSPIRED,Stollery-inspired,diabetes_endocrinology,Diabetes/endocrinology,22,2026-11-09,961,875,1076,72,112,0.732,"SRC_SYNTH_REFERRALS,SRC_SYNTH_REFERRAL_TRIAGE,SRC_SYNTH_WAITLIST_SNAPSHOTS,SRC_SYNTH_CLINIC_TEMPLATES,SRC_SYNTH_PROVIDER_AVAILABILITY,SRC_SYNTH_NO_SHOW_LATE_CANCEL,SRC_SYNTH_DIAGNOSTIC_READINESS,SRC_SYNTH_HR_SHIFT_ROSTER,SRC_SYNTH_FINANCE_RESOURCE_ENVELOPE,SRC_OPEN_RESPIRATORY_VIRUS_DASHBOARD,SRC_OPEN_AQHI_SMOKE_CONTEXT,SRC_OPEN_SCHOOL_HOLIDAY_CALENDAR,SRC_OPEN_STATCAN_PED_POPULATION",modelled,ready
SITE_STOLLERY_INSPIRED,Stollery-inspired,diabetes_endocrinology,Diabetes/endocrinology,23,2026-11-16,976,888,1093,73,112,0.732,"SRC_SYNTH_REFERRALS,SRC_SYNTH_REFERRAL_TRIAGE,SRC_SYNTH_WAITLIST_SNAPSHOTS,SRC_SYNTH_CLINIC_TEMPLATES,SRC_SYNTH_PROVIDER_AVAILABILITY,SRC_SYNTH_NO_SHOW_LATE_CANCEL,SRC_SYNTH_DIAGNOSTIC_READINESS,SRC_SYNTH_HR_SHIFT_ROSTER,SRC_SYNTH_FINANCE_RESOURCE_ENVELOPE,SRC_OPEN_RESPIRATORY_VIRUS_DASHBOARD,SRC_OPEN_AQHI_SMOKE_CONTEXT,SRC_OPEN_SCHOOL_HOLIDAY_CALENDAR,SRC_OPEN_STATCAN_PED_POPULATION",modelled,ready
SITE_STOLLERY_INSPIRED,Stollery-inspired,diabetes_endocrinology,Diabetes/endocrinology,24,2026-11-23,993,904,1112,73,112,0.732,"SRC_SYNTH_REFERRALS,SRC_SYNTH_REFERRAL_TRIAGE,SRC_SYNTH_WAITLIST_SNAPSHOTS,SRC_SYNTH_CLINIC_TEMPLATES,SRC_SYNTH_PROVIDER_AVAILABILITY,SRC_SYNTH_NO_SHOW_LATE_CANCEL,SRC_SYNTH_DIAGNOSTIC_READINESS,SRC_SYNTH_HR_SHIFT_ROSTER,SRC_SYNTH_FINANCE_RESOURCE_ENVELOPE,SRC_OPEN_RESPIRATORY_VIRUS_DASHBOARD,SRC_OPEN_AQHI_SMOKE_CONTEXT,SRC_OPEN_SCHOOL_HOLIDAY_CALENDAR,SRC_OPEN_STATCAN_PED_POPULATION",modelled,ready
SITE_STOLLERY_INSPIRED,Stollery-inspired,diabetes_endocrinology,Diabetes/endocrinology,25,2026-11-30,1013,922,1135,74,113,0.732,"SRC_SYNTH_REFERRALS,SRC_SYNTH_REFERRAL_TRIAGE,SRC_SYNTH_WAITLIST_SNAPSHOTS,SRC_SYNTH_CLINIC_TEMPLATES,SRC_SYNTH_PROVIDER_AVAILABILITY,SRC_SYNTH_NO_SHOW_LATE_CANCEL,SRC_SYNTH_DIAGNOSTIC_READINESS,SRC_SYNTH_HR_SHIFT_ROSTER,SRC_SYNTH_FINANCE_RESOURCE_ENVELOPE,SRC_OPEN_RESPIRATORY_VIRUS_DASHBOARD,SRC_OPEN_AQHI_SMOKE_CONTEXT,SRC_OPEN_SCHOOL_HOLIDAY_CALENDAR,SRC_OPEN_STATCAN_PED_POPULATION",modelled,ready
SITE_STOLLERY_INSPIRED,Stollery-inspired,diabetes_endocrinology,Diabetes/endocrinology,26,2026-12-07,1033,940,1157,75,113,0.732,"SRC_SYNTH_REFERRALS,SRC_SYNTH_REFERRAL_TRIAGE,SRC_SYNTH_WAITLIST_SNAPSHOTS,SRC_SYNTH_CLINIC_TEMPLATES,SRC_SYNTH_PROVIDER_AVAILABILITY,SRC_SYNTH_NO_SHOW_LATE_CANCEL,SRC_SYNTH_DIAGNOSTIC_READINESS,SRC_SYNTH_HR_SHIFT_ROSTER,SRC_SYNTH_FINANCE_RESOURCE_ENVELOPE,SRC_OPEN_RESPIRATORY_VIRUS_DASHBOARD,SRC_OPEN_AQHI_SMOKE_CONTEXT,SRC_OPEN_SCHOOL_HOLIDAY_CALENDAR,SRC_OPEN_STATCAN_PED_POPULATION",modelled,ready
SITE_STOLLERY_INSPIRED,Stollery-inspired,gastroenterology,Gastroenterology,1,2026-06-15,826,752,925,65,88,0.74,"SRC_SYNTH_REFERRALS,SRC_SYNTH_REFERRAL_TRIAGE,SRC_SYNTH_WAITLIST_SNAPSHOTS,SRC_SYNTH_CLINIC_TEMPLATES,SRC_SYNTH_PROVIDER_AVAILABILITY,SRC_SYNTH_NO_SHOW_LATE_CANCEL,SRC_SYNTH_DIAGNOSTIC_READINESS,SRC_SYNTH_HR_SHIFT_ROSTER,SRC_SYNTH_FINANCE_RESOURCE_ENVELOPE,SRC_OPEN_RESPIRATORY_VIRUS_DASHBOARD,SRC_OPEN_AQHI_SMOKE_CONTEXT,SRC_OPEN_SCHOOL_HOLIDAY_CALENDAR,SRC_OPEN_STATCAN_PED_POPULATION",modelled,ready
SITE_STOLLERY_INSPIRED,Stollery-inspired,gastroenterology,Gastroenterology,2,2026-06-22,828,753,927,65,89,0.74,"SRC_SYNTH_REFERRALS,SRC_SYNTH_REFERRAL_TRIAGE,SRC_SYNTH_WAITLIST_SNAPSHOTS,SRC_SYNTH_CLINIC_TEMPLATES,SRC_SYNTH_PROVIDER_AVAILABILITY,SRC_SYNTH_NO_SHOW_LATE_CANCEL,SRC_SYNTH_DIAGNOSTIC_READINESS,SRC_SYNTH_HR_SHIFT_ROSTER,SRC_SYNTH_FINANCE_RESOURCE_ENVELOPE,SRC_OPEN_RESPIRATORY_VIRUS_DASHBOARD,SRC_OPEN_AQHI_SMOKE_CONTEXT,SRC_OPEN_SCHOOL_HOLIDAY_CALENDAR,SRC_OPEN_STATCAN_PED_POPULATION",modelled,ready
SITE_STOLLERY_INSPIRED,Stollery-inspired,gastroenterology,Gastroenterology,3,2026-06-29,829,754,928,66,89,0.74,"SRC_SYNTH_REFERRALS,SRC_SYNTH_REFERRAL_TRIAGE,SRC_SYNTH_WAITLIST_SNAPSHOTS,SRC_SYNTH_CLINIC_TEMPLATES,SRC_SYNTH_PROVIDER_AVAILABILITY,SRC_SYNTH_NO_SHOW_LATE_CANCEL,SRC_SYNTH_DIAGNOSTIC_READINESS,SRC_SYNTH_HR_SHIFT_ROSTER,SRC_SYNTH_FINANCE_RESOURCE_ENVELOPE,SRC_OPEN_RESPIRATORY_VIRUS_DASHBOARD,SRC_OPEN_AQHI_SMOKE_CONTEXT,SRC_OPEN_SCHOOL_HOLIDAY_CALENDAR,SRC_OPEN_STATCAN_PED_POPULATION",modelled,ready
SITE_STOLLERY_INSPIRED,Stollery-inspired,gastroenterology,Gastroenterology,4,2026-07-06,828,753,927,66,90,0.74,"SRC_SYNTH_REFERRALS,SRC_SYNTH_REFERRAL_TRIAGE,SRC_SYNTH_WAITLIST_SNAPSHOTS,SRC_SYNTH_CLINIC_TEMPLATES,SRC_SYNTH_PROVIDER_AVAILABILITY,SRC_SYNTH_NO_SHOW_LATE_CANCEL,SRC_SYNTH_DIAGNOSTIC_READINESS,SRC_SYNTH_HR_SHIFT_ROSTER,SRC_SYNTH_FINANCE_RESOURCE_ENVELOPE,SRC_OPEN_RESPIRATORY_VIRUS_DASHBOARD,SRC_OPEN_AQHI_SMOKE_CONTEXT,SRC_OPEN_SCHOOL_HOLIDAY_CALENDAR,SRC_OPEN_STATCAN_PED_POPULATION",modelled,ready
SITE_STOLLERY_INSPIRED,Stollery-inspired,gastroenterology,Gastroenterology,5,2026-07-13,825,751,924,66,90,0.74,"SRC_SYNTH_REFERRALS,SRC_SYNTH_REFERRAL_TRIAGE,SRC_SYNTH_WAITLIST_SNAPSHOTS,SRC_SYNTH_CLINIC_TEMPLATES,SRC_SYNTH_PROVIDER_AVAILABILITY,SRC_SYNTH_NO_SHOW_LATE_CANCEL,SRC_SYNTH_DIAGNOSTIC_READINESS,SRC_SYNTH_HR_SHIFT_ROSTER,SRC_SYNTH_FINANCE_RESOURCE_ENVELOPE,SRC_OPEN_RESPIRATORY_VIRUS_DASHBOARD,SRC_OPEN_AQHI_SMOKE_CONTEXT,SRC_OPEN_SCHOOL_HOLIDAY_CALENDAR,SRC_OPEN_STATCAN_PED_POPULATION",modelled,ready
SITE_STOLLERY_INSPIRED,Stollery-inspired,gastroenterology,Gastroenterology,6,2026-07-20,820,746,918,66,90,0.74,"SRC_SYNTH_REFERRALS,SRC_SYNTH_REFERRAL_TRIAGE,SRC_SYNTH_WAITLIST_SNAPSHOTS,SRC_SYNTH_CLINIC_TEMPLATES,SRC_SYNTH_PROVIDER_AVAILABILITY,SRC_SYNTH_NO_SHOW_LATE_CANCEL,SRC_SYNTH_DIAGNOSTIC_READINESS,SRC_SYNTH_HR_SHIFT_ROSTER,SRC_SYNTH_FINANCE_RESOURCE_ENVELOPE,SRC_OPEN_RESPIRATORY_VIRUS_DASHBOARD,SRC_OPEN_AQHI_SMOKE_CONTEXT,SRC_OPEN_SCHOOL_HOLIDAY_CALENDAR,SRC_OPEN_STATCAN_PED_POPULATION",modelled,ready
SITE_STOLLERY_INSPIRED,Stollery-inspired,gastroenterology,Gastroenterology,7,2026-07-27,814,741,912,66,91,0.74,"SRC_SYNTH_REFERRALS,SRC_SYNTH_REFERRAL_TRIAGE,SRC_SYNTH_WAITLIST_SNAPSHOTS,SRC_SYNTH_CLINIC_TEMPLATES,SRC_SYNTH_PROVIDER_AVAILABILITY,SRC_SYNTH_NO_SHOW_LATE_CANCEL,SRC_SYNTH_DIAGNOSTIC_READINESS,SRC_SYNTH_HR_SHIFT_ROSTER,SRC_SYNTH_FINANCE_RESOURCE_ENVELOPE,SRC_OPEN_RESPIRATORY_VIRUS_DASHBOARD,SRC_OPEN_AQHI_SMOKE_CONTEXT,SRC_OPEN_SCHOOL_HOLIDAY_CALENDAR,SRC_OPEN_STATCAN_PED_POPULATION",modelled,ready
SITE_STOLLERY_INSPIRED,Stollery-inspired,gastroenterology,Gastroenterology,8,2026-08-03,808,735,905,66,91,0.74,"SRC_SYNTH_REFERRALS,SRC_SYNTH_REFERRAL_TRIAGE,SRC_SYNTH_WAITLIST_SNAPSHOTS,SRC_SYNTH_CLINIC_TEMPLATES,SRC_SYNTH_PROVIDER_AVAILABILITY,SRC_SYNTH_NO_SHOW_LATE_CANCEL,SRC_SYNTH_DIAGNOSTIC_READINESS,SRC_SYNTH_HR_SHIFT_ROSTER,SRC_SYNTH_FINANCE_RESOURCE_ENVELOPE,SRC_OPEN_RESPIRATORY_VIRUS_DASHBOARD,SRC_OPEN_AQHI_SMOKE_CONTEXT,SRC_OPEN_SCHOOL_HOLIDAY_CALENDAR,SRC_OPEN_STATCAN_PED_POPULATION",modelled,ready
SITE_STOLLERY_INSPIRED,Stollery-inspired,gastroenterology,Gastroenterology,9,2026-08-10,801,729,897,66,91,0.74,"SRC_SYNTH_REFERRALS,SRC_SYNTH_REFERRAL_TRIAGE,SRC_SYNTH_WAITLIST_SNAPSHOTS,SRC_SYNTH_CLINIC_TEMPLATES,SRC_SYNTH_PROVIDER_AVAILABILITY,SRC_SYNTH_NO_SHOW_LATE_CANCEL,SRC_SYNTH_DIAGNOSTIC_READINESS,SRC_SYNTH_HR_SHIFT_ROSTER,SRC_SYNTH_FINANCE_RESOURCE_ENVELOPE,SRC_OPEN_RESPIRATORY_VIRUS_DASHBOARD,SRC_OPEN_AQHI_SMOKE_CONTEXT,SRC_OPEN_SCHOOL_HOLIDAY_CALENDAR,SRC_OPEN_STATCAN_PED_POPULATION",modelled,ready
SITE_STOLLERY_INSPIRED,Stollery-inspired,gastroenterology,Gastroenterology,10,2026-08-17,793,722,888,66,92,0.74,"SRC_SYNTH_REFERRALS,SRC_SYNTH_REFERRAL_TRIAGE,SRC_SYNTH_WAITLIST_SNAPSHOTS,SRC_SYNTH_CLINIC_TEMPLATES,SRC_SYNTH_PROVIDER_AVAILABILITY,SRC_SYNTH_NO_SHOW_LATE_CANCEL,SRC_SYNTH_DIAGNOSTIC_READINESS,SRC_SYNTH_HR_SHIFT_ROSTER,SRC_SYNTH_FINANCE_RESOURCE_ENVELOPE,SRC_OPEN_RESPIRATORY_VIRUS_DASHBOARD,SRC_OPEN_AQHI_SMOKE_CONTEXT,SRC_OPEN_SCHOOL_HOLIDAY_CALENDAR,SRC_OPEN_STATCAN_PED_POPULATION",modelled,ready
SITE_STOLLERY_INSPIRED,Stollery-inspired,gastroenterology,Gastroenterology,11,2026-08-24,786,715,880,66,92,0.74,"SRC_SYNTH_REFERRALS,SRC_SYNTH_REFERRAL_TRIAGE,SRC_SYNTH_WAITLIST_SNAPSHOTS,SRC_SYNTH_CLINIC_TEMPLATES,SRC_SYNTH_PROVIDER_AVAILABILITY,SRC_SYNTH_NO_SHOW_LATE_CANCEL,SRC_SYNTH_DIAGNOSTIC_READINESS,SRC_SYNTH_HR_SHIFT_ROSTER,SRC_SYNTH_FINANCE_RESOURCE_ENVELOPE,SRC_OPEN_RESPIRATORY_VIRUS_DASHBOARD,SRC_OPEN_AQHI_SMOKE_CONTEXT,SRC_OPEN_SCHOOL_HOLIDAY_CALENDAR,SRC_OPEN_STATCAN_PED_POPULATION",modelled,ready
SITE_STOLLERY_INSPIRED,Stollery-inspired,gastroenterology,Gastroenterology,12,2026-08-31,780,710,874,66,93,0.74,"SRC_SYNTH_REFERRALS,SRC_SYNTH_REFERRAL_TRIAGE,SRC_SYNTH_WAITLIST_SNAPSHOTS,SRC_SYNTH_CLINIC_TEMPLATES,SRC_SYNTH_PROVIDER_AVAILABILITY,SRC_SYNTH_NO_SHOW_LATE_CANCEL,SRC_SYNTH_DIAGNOSTIC_READINESS,SRC_SYNTH_HR_SHIFT_ROSTER,SRC_SYNTH_FINANCE_RESOURCE_ENVELOPE,SRC_OPEN_RESPIRATORY_VIRUS_DASHBOARD,SRC_OPEN_AQHI_SMOKE_CONTEXT,SRC_OPEN_SCHOOL_HOLIDAY_CALENDAR,SRC_OPEN_STATCAN_PED_POPULATION",modelled,ready
SITE_STOLLERY_INSPIRED,Stollery-inspired,gastroenterology,Gastroenterology,13,2026-09-07,775,705,868,66,93,0.74,"SRC_SYNTH_REFERRALS,SRC_SYNTH_REFERRAL_TRIAGE,SRC_SYNTH_WAITLIST_SNAPSHOTS,SRC_SYNTH_CLINIC_TEMPLATES,SRC_SYNTH_PROVIDER_AVAILABILITY,SRC_SYNTH_NO_SHOW_LATE_CANCEL,SRC_SYNTH_DIAGNOSTIC_READINESS,SRC_SYNTH_HR_SHIFT_ROSTER,SRC_SYNTH_FINANCE_RESOURCE_ENVELOPE,SRC_OPEN_RESPIRATORY_VIRUS_DASHBOARD,SRC_OPEN_AQHI_SMOKE_CONTEXT,SRC_OPEN_SCHOOL_HOLIDAY_CALENDAR,SRC_OPEN_STATCAN_PED_POPULATION",modelled,ready
SITE_STOLLERY_INSPIRED,Stollery-inspired,gastroenterology,Gastroenterology,14,2026-09-14,771,702,864,66,93,0.74,"SRC_SYNTH_REFERRALS,SRC_SYNTH_REFERRAL_TRIAGE,SRC_SYNTH_WAITLIST_SNAPSHOTS,SRC_SYNTH_CLINIC_TEMPLATES,SRC_SYNTH_PROVIDER_AVAILABILITY,SRC_SYNTH_NO_SHOW_LATE_CANCEL,SRC_SYNTH_DIAGNOSTIC_READINESS,SRC_SYNTH_HR_SHIFT_ROSTER,SRC_SYNTH_FINANCE_RESOURCE_ENVELOPE,SRC_OPEN_RESPIRATORY_VIRUS_DASHBOARD,SRC_OPEN_AQHI_SMOKE_CONTEXT,SRC_OPEN_SCHOOL_HOLIDAY_CALENDAR,SRC_OPEN_STATCAN_PED_POPULATION",modelled,ready
SITE_STOLLERY_INSPIRED,Stollery-inspired,gastroenterology,Gastroenterology,15,2026-09-21,769,700,861,67,94,0.74,"SRC_SYNTH_REFERRALS,SRC_SYNTH_REFERRAL_TRIAGE,SRC_SYNTH_WAITLIST_SNAPSHOTS,SRC_SYNTH_CLINIC_TEMPLATES,SRC_SYNTH_PROVIDER_AVAILABILITY,SRC_SYNTH_NO_SHOW_LATE_CANCEL,SRC_SYNTH_DIAGNOSTIC_READINESS,SRC_SYNTH_HR_SHIFT_ROSTER,SRC_SYNTH_FINANCE_RESOURCE_ENVELOPE,SRC_OPEN_RESPIRATORY_VIRUS_DASHBOARD,SRC_OPEN_AQHI_SMOKE_CONTEXT,SRC_OPEN_SCHOOL_HOLIDAY_CALENDAR,SRC_OPEN_STATCAN_PED_POPULATION",modelled,ready
SITE_STOLLERY_INSPIRED,Stollery-inspired,gastroenterology,Gastroenterology,16,2026-09-28,769,700,861,67,94,0.74,"SRC_SYNTH_REFERRALS,SRC_SYNTH_REFERRAL_TRIAGE,SRC_SYNTH_WAITLIST_SNAPSHOTS,SRC_SYNTH_CLINIC_TEMPLATES,SRC_SYNTH_PROVIDER_AVAILABILITY,SRC_SYNTH_NO_SHOW_LATE_CANCEL,SRC_SYNTH_DIAGNOSTIC_READINESS,SRC_SYNTH_HR_SHIFT_ROSTER,SRC_SYNTH_FINANCE_RESOURCE_ENVELOPE,SRC_OPEN_RESPIRATORY_VIRUS_DASHBOARD,SRC_OPEN_AQHI_SMOKE_CONTEXT,SRC_OPEN_SCHOOL_HOLIDAY_CALENDAR,SRC_OPEN_STATCAN_PED_POPULATION",modelled,ready
SITE_STOLLERY_INSPIRED,Stollery-inspired,gastroenterology,Gastroenterology,17,2026-10-05,771,702,864,67,94,0.74,"SRC_SYNTH_REFERRALS,SRC_SYNTH_REFERRAL_TRIAGE,SRC_SYNTH_WAITLIST_SNAPSHOTS,SRC_SYNTH_CLINIC_TEMPLATES,SRC_SYNTH_PROVIDER_AVAILABILITY,SRC_SYNTH_NO_SHOW_LATE_CANCEL,SRC_SYNTH_DIAGNOSTIC_READINESS,SRC_SYNTH_HR_SHIFT_ROSTER,SRC_SYNTH_FINANCE_RESOURCE_ENVELOPE,SRC_OPEN_RESPIRATORY_VIRUS_DASHBOARD,SRC_OPEN_AQHI_SMOKE_CONTEXT,SRC_OPEN_SCHOOL_HOLIDAY_CALENDAR,SRC_OPEN_STATCAN_PED_POPULATION",modelled,ready
SITE_STOLLERY_INSPIRED,Stollery-inspired,gastroenterology,Gastroenterology,18,2026-10-12,775,705,868,68,95,0.74,"SRC_SYNTH_REFERRALS,SRC_SYNTH_REFERRAL_TRIAGE,SRC_SYNTH_WAITLIST_SNAPSHOTS,SRC_SYNTH_CLINIC_TEMPLATES,SRC_SYNTH_PROVIDER_AVAILABILITY,SRC_SYNTH_NO_SHOW_LATE_CANCEL,SRC_SYNTH_DIAGNOSTIC_READINESS,SRC_SYNTH_HR_SHIFT_ROSTER,SRC_SYNTH_FINANCE_RESOURCE_ENVELOPE,SRC_OPEN_RESPIRATORY_VIRUS_DASHBOARD,SRC_OPEN_AQHI_SMOKE_CONTEXT,SRC_OPEN_SCHOOL_HOLIDAY_CALENDAR,SRC_OPEN_STATCAN_PED_POPULATION",modelled,ready
SITE_STOLLERY_INSPIRED,Stollery-inspired,gastroenterology,Gastroenterology,19,2026-10-19,781,711,875,68,95,0.74,"SRC_SYNTH_REFERRALS,SRC_SYNTH_REFERRAL_TRIAGE,SRC_SYNTH_WAITLIST_SNAPSHOTS,SRC_SYNTH_CLINIC_TEMPLATES,SRC_SYNTH_PROVIDER_AVAILABILITY,SRC_SYNTH_NO_SHOW_LATE_CANCEL,SRC_SYNTH_DIAGNOSTIC_READINESS,SRC_SYNTH_HR_SHIFT_ROSTER,SRC_SYNTH_FINANCE_RESOURCE_ENVELOPE,SRC_OPEN_RESPIRATORY_VIRUS_DASHBOARD,SRC_OPEN_AQHI_SMOKE_CONTEXT,SRC_OPEN_SCHOOL_HOLIDAY_CALENDAR,SRC_OPEN_STATCAN_PED_POPULATION",modelled,ready
SITE_STOLLERY_INSPIRED,Stollery-inspired,gastroenterology,Gastroenterology,20,2026-10-26,790,719,885,69,96,0.74,"SRC_SYNTH_REFERRALS,SRC_SYNTH_REFERRAL_TRIAGE,SRC_SYNTH_WAITLIST_SNAPSHOTS,SRC_SYNTH_CLINIC_TEMPLATES,SRC_SYNTH_PROVIDER_AVAILABILITY,SRC_SYNTH_NO_SHOW_LATE_CANCEL,SRC_SYNTH_DIAGNOSTIC_READINESS,SRC_SYNTH_HR_SHIFT_ROSTER,SRC_SYNTH_FINANCE_RESOURCE_ENVELOPE,SRC_OPEN_RESPIRATORY_VIRUS_DASHBOARD,SRC_OPEN_AQHI_SMOKE_CONTEXT,SRC_OPEN_SCHOOL_HOLIDAY_CALENDAR,SRC_OPEN_STATCAN_PED_POPULATION",modelled,ready
SITE_STOLLERY_INSPIRED,Stollery-inspired,gastroenterology,Gastroenterology,21,2026-11-02,801,729,897,69,96,0.74,"SRC_SYNTH_REFERRALS,SRC_SYNTH_REFERRAL_TRIAGE,SRC_SYNTH_WAITLIST_SNAPSHOTS,SRC_SYNTH_CLINIC_TEMPLATES,SRC_SYNTH_PROVIDER_AVAILABILITY,SRC_SYNTH_NO_SHOW_LATE_CANCEL,SRC_SYNTH_DIAGNOSTIC_READINESS,SRC_SYNTH_HR_SHIFT_ROSTER,SRC_SYNTH_FINANCE_RESOURCE_ENVELOPE,SRC_OPEN_RESPIRATORY_VIRUS_DASHBOARD,SRC_OPEN_AQHI_SMOKE_CONTEXT,SRC_OPEN_SCHOOL_HOLIDAY_CALENDAR,SRC_OPEN_STATCAN_PED_POPULATION",modelled,ready
SITE_STOLLERY_INSPIRED,Stollery-inspired,gastroenterology,Gastroenterology,22,2026-11-09,814,741,912,70,96,0.74,"SRC_SYNTH_REFERRALS,SRC_SYNTH_REFERRAL_TRIAGE,SRC_SYNTH_WAITLIST_SNAPSHOTS,SRC_SYNTH_CLINIC_TEMPLATES,SRC_SYNTH_PROVIDER_AVAILABILITY,SRC_SYNTH_NO_SHOW_LATE_CANCEL,SRC_SYNTH_DIAGNOSTIC_READINESS,SRC_SYNTH_HR_SHIFT_ROSTER,SRC_SYNTH_FINANCE_RESOURCE_ENVELOPE,SRC_OPEN_RESPIRATORY_VIRUS_DASHBOARD,SRC_OPEN_AQHI_SMOKE_CONTEXT,SRC_OPEN_SCHOOL_HOLIDAY_CALENDAR,SRC_OPEN_STATCAN_PED_POPULATION",modelled,ready
SITE_STOLLERY_INSPIRED,Stollery-inspired,gastroenterology,Gastroenterology,23,2026-11-16,829,754,928,71,97,0.74,"SRC_SYNTH_REFERRALS,SRC_SYNTH_REFERRAL_TRIAGE,SRC_SYNTH_WAITLIST_SNAPSHOTS,SRC_SYNTH_CLINIC_TEMPLATES,SRC_SYNTH_PROVIDER_AVAILABILITY,SRC_SYNTH_NO_SHOW_LATE_CANCEL,SRC_SYNTH_DIAGNOSTIC_READINESS,SRC_SYNTH_HR_SHIFT_ROSTER,SRC_SYNTH_FINANCE_RESOURCE_ENVELOPE,SRC_OPEN_RESPIRATORY_VIRUS_DASHBOARD,SRC_OPEN_AQHI_SMOKE_CONTEXT,SRC_OPEN_SCHOOL_HOLIDAY_CALENDAR,SRC_OPEN_STATCAN_PED_POPULATION",modelled,ready
SITE_STOLLERY_INSPIRED,Stollery-inspired,gastroenterology,Gastroenterology,24,2026-11-23,845,769,946,72,97,0.74,"SRC_SYNTH_REFERRALS,SRC_SYNTH_REFERRAL_TRIAGE,SRC_SYNTH_WAITLIST_SNAPSHOTS,SRC_SYNTH_CLINIC_TEMPLATES,SRC_SYNTH_PROVIDER_AVAILABILITY,SRC_SYNTH_NO_SHOW_LATE_CANCEL,SRC_SYNTH_DIAGNOSTIC_READINESS,SRC_SYNTH_HR_SHIFT_ROSTER,SRC_SYNTH_FINANCE_RESOURCE_ENVELOPE,SRC_OPEN_RESPIRATORY_VIRUS_DASHBOARD,SRC_OPEN_AQHI_SMOKE_CONTEXT,SRC_OPEN_SCHOOL_HOLIDAY_CALENDAR,SRC_OPEN_STATCAN_PED_POPULATION",modelled,ready
SITE_STOLLERY_INSPIRED,Stollery-inspired,gastroenterology,Gastroenterology,25,2026-11-30,862,784,965,73,98,0.74,"SRC_SYNTH_REFERRALS,SRC_SYNTH_REFERRAL_TRIAGE,SRC_SYNTH_WAITLIST_SNAPSHOTS,SRC_SYNTH_CLINIC_TEMPLATES,SRC_SYNTH_PROVIDER_AVAILABILITY,SRC_SYNTH_NO_SHOW_LATE_CANCEL,SRC_SYNTH_DIAGNOSTIC_READINESS,SRC_SYNTH_HR_SHIFT_ROSTER,SRC_SYNTH_FINANCE_RESOURCE_ENVELOPE,SRC_OPEN_RESPIRATORY_VIRUS_DASHBOARD,SRC_OPEN_AQHI_SMOKE_CONTEXT,SRC_OPEN_SCHOOL_HOLIDAY_CALENDAR,SRC_OPEN_STATCAN_PED_POPULATION",modelled,ready
SITE_STOLLERY_INSPIRED,Stollery-inspired,gastroenterology,Gastroenterology,26,2026-12-07,879,800,984,74,98,0.74,"SRC_SYNTH_REFERRALS,SRC_SYNTH_REFERRAL_TRIAGE,SRC_SYNTH_WAITLIST_SNAPSHOTS,SRC_SYNTH_CLINIC_TEMPLATES,SRC_SYNTH_PROVIDER_AVAILABILITY,SRC_SYNTH_NO_SHOW_LATE_CANCEL,SRC_SYNTH_DIAGNOSTIC_READINESS,SRC_SYNTH_HR_SHIFT_ROSTER,SRC_SYNTH_FINANCE_RESOURCE_ENVELOPE,SRC_OPEN_RESPIRATORY_VIRUS_DASHBOARD,SRC_OPEN_AQHI_SMOKE_CONTEXT,SRC_OPEN_SCHOOL_HOLIDAY_CALENDAR,SRC_OPEN_STATCAN_PED_POPULATION",modelled,ready
SITE_STOLLERY_INSPIRED,Stollery-inspired,nephrology,Nephrology,1,2026-06-15,452,411,506,52,48,0.776,"SRC_SYNTH_REFERRALS,SRC_SYNTH_REFERRAL_TRIAGE,SRC_SYNTH_WAITLIST_SNAPSHOTS,SRC_SYNTH_CLINIC_TEMPLATES,SRC_SYNTH_PROVIDER_AVAILABILITY,SRC_SYNTH_NO_SHOW_LATE_CANCEL,SRC_SYNTH_DIAGNOSTIC_READINESS,SRC_SYNTH_HR_SHIFT_ROSTER,SRC_SYNTH_FINANCE_RESOURCE_ENVELOPE,SRC_OPEN_RESPIRATORY_VIRUS_DASHBOARD,SRC_OPEN_AQHI_SMOKE_CONTEXT,SRC_OPEN_SCHOOL_HOLIDAY_CALENDAR,SRC_OPEN_STATCAN_PED_POPULATION",modelled,ready
SITE_STOLLERY_INSPIRED,Stollery-inspired,nephrology,Nephrology,2,2026-06-22,453,412,507,53,48,0.776,"SRC_SYNTH_REFERRALS,SRC_SYNTH_REFERRAL_TRIAGE,SRC_SYNTH_WAITLIST_SNAPSHOTS,SRC_SYNTH_CLINIC_TEMPLATES,SRC_SYNTH_PROVIDER_AVAILABILITY,SRC_SYNTH_NO_SHOW_LATE_CANCEL,SRC_SYNTH_DIAGNOSTIC_READINESS,SRC_SYNTH_HR_SHIFT_ROSTER,SRC_SYNTH_FINANCE_RESOURCE_ENVELOPE,SRC_OPEN_RESPIRATORY_VIRUS_DASHBOARD,SRC_OPEN_AQHI_SMOKE_CONTEXT,SRC_OPEN_SCHOOL_HOLIDAY_CALENDAR,SRC_OPEN_STATCAN_PED_POPULATION",modelled,ready
SITE_STOLLERY_INSPIRED,Stollery-inspired,nephrology,Nephrology,3,2026-06-29,452,411,506,53,48,0.776,"SRC_SYNTH_REFERRALS,SRC_SYNTH_REFERRAL_TRIAGE,SRC_SYNTH_WAITLIST_SNAPSHOTS,SRC_SYNTH_CLINIC_TEMPLATES,SRC_SYNTH_PROVIDER_AVAILABILITY,SRC_SYNTH_NO_SHOW_LATE_CANCEL,SRC_SYNTH_DIAGNOSTIC_READINESS,SRC_SYNTH_HR_SHIFT_ROSTER,SRC_SYNTH_FINANCE_RESOURCE_ENVELOPE,SRC_OPEN_RESPIRATORY_VIRUS_DASHBOARD,SRC_OPEN_AQHI_SMOKE_CONTEXT,SRC_OPEN_SCHOOL_HOLIDAY_CALENDAR,SRC_OPEN_STATCAN_PED_POPULATION",modelled,ready
SITE_STOLLERY_INSPIRED,Stollery-inspired,nephrology,Nephrology,4,2026-07-06,450,410,504,53,49,0.776,"SRC_SYNTH_REFERRALS,SRC_SYNTH_REFERRAL_TRIAGE,SRC_SYNTH_WAITLIST_SNAPSHOTS,SRC_SYNTH_CLINIC_TEMPLATES,SRC_SYNTH_PROVIDER_AVAILABILITY,SRC_SYNTH_NO_SHOW_LATE_CANCEL,SRC_SYNTH_DIAGNOSTIC_READINESS,SRC_SYNTH_HR_SHIFT_ROSTER,SRC_SYNTH_FINANCE_RESOURCE_ENVELOPE,SRC_OPEN_RESPIRATORY_VIRUS_DASHBOARD,SRC_OPEN_AQHI_SMOKE_CONTEXT,SRC_OPEN_SCHOOL_HOLIDAY_CALENDAR,SRC_OPEN_STATCAN_PED_POPULATION",modelled,ready
SITE_STOLLERY_INSPIRED,Stollery-inspired,nephrology,Nephrology,5,2026-07-13,448,408,502,53,49,0.776,"SRC_SYNTH_REFERRALS,SRC_SYNTH_REFERRAL_TRIAGE,SRC_SYNTH_WAITLIST_SNAPSHOTS,SRC_SYNTH_CLINIC_TEMPLATES,SRC_SYNTH_PROVIDER_AVAILABILITY,SRC_SYNTH_NO_SHOW_LATE_CANCEL,SRC_SYNTH_DIAGNOSTIC_READINESS,SRC_SYNTH_HR_SHIFT_ROSTER,SRC_SYNTH_FINANCE_RESOURCE_ENVELOPE,SRC_OPEN_RESPIRATORY_VIRUS_DASHBOARD,SRC_OPEN_AQHI_SMOKE_CONTEXT,SRC_OPEN_SCHOOL_HOLIDAY_CALENDAR,SRC_OPEN_STATCAN_PED_POPULATION",modelled,ready
SITE_STOLLERY_INSPIRED,Stollery-inspired,nephrology,Nephrology,6,2026-07-20,445,405,498,53,49,0.776,"SRC_SYNTH_REFERRALS,SRC_SYNTH_REFERRAL_TRIAGE,SRC_SYNTH_WAITLIST_SNAPSHOTS,SRC_SYNTH_CLINIC_TEMPLATES,SRC_SYNTH_PROVIDER_AVAILABILITY,SRC_SYNTH_NO_SHOW_LATE_CANCEL,SRC_SYNTH_DIAGNOSTIC_READINESS,SRC_SYNTH_HR_SHIFT_ROSTER,SRC_SYNTH_FINANCE_RESOURCE_ENVELOPE,SRC_OPEN_RESPIRATORY_VIRUS_DASHBOARD,SRC_OPEN_AQHI_SMOKE_CONTEXT,SRC_OPEN_SCHOOL_HOLIDAY_CALENDAR,SRC_OPEN_STATCAN_PED_POPULATION",modelled,ready
SITE_STOLLERY_INSPIRED,Stollery-inspired,nephrology,Nephrology,7,2026-07-27,441,401,494,54,49,0.776,"SRC_SYNTH_REFERRALS,SRC_SYNTH_REFERRAL_TRIAGE,SRC_SYNTH_WAITLIST_SNAPSHOTS,SRC_SYNTH_CLINIC_TEMPLATES,SRC_SYNTH_PROVIDER_AVAILABILITY,SRC_SYNTH_NO_SHOW_LATE_CANCEL,SRC_SYNTH_DIAGNOSTIC_READINESS,SRC_SYNTH_HR_SHIFT_ROSTER,SRC_SYNTH_FINANCE_RESOURCE_ENVELOPE,SRC_OPEN_RESPIRATORY_VIRUS_DASHBOARD,SRC_OPEN_AQHI_SMOKE_CONTEXT,SRC_OPEN_SCHOOL_HOLIDAY_CALENDAR,SRC_OPEN_STATCAN_PED_POPULATION",modelled,ready
SITE_STOLLERY_INSPIRED,Stollery-inspired,nephrology,Nephrology,8,2026-08-03,437,398,489,54,49,0.776,"SRC_SYNTH_REFERRALS,SRC_SYNTH_REFERRAL_TRIAGE,SRC_SYNTH_WAITLIST_SNAPSHOTS,SRC_SYNTH_CLINIC_TEMPLATES,SRC_SYNTH_PROVIDER_AVAILABILITY,SRC_SYNTH_NO_SHOW_LATE_CANCEL,SRC_SYNTH_DIAGNOSTIC_READINESS,SRC_SYNTH_HR_SHIFT_ROSTER,SRC_SYNTH_FINANCE_RESOURCE_ENVELOPE,SRC_OPEN_RESPIRATORY_VIRUS_DASHBOARD,SRC_OPEN_AQHI_SMOKE_CONTEXT,SRC_OPEN_SCHOOL_HOLIDAY_CALENDAR,SRC_OPEN_STATCAN_PED_POPULATION",modelled,ready
SITE_STOLLERY_INSPIRED,Stollery-inspired,nephrology,Nephrology,9,2026-08-10,433,394,485,54,49,0.776,"SRC_SYNTH_REFERRALS,SRC_SYNTH_REFERRAL_TRIAGE,SRC_SYNTH_WAITLIST_SNAPSHOTS,SRC_SYNTH_CLINIC_TEMPLATES,SRC_SYNTH_PROVIDER_AVAILABILITY,SRC_SYNTH_NO_SHOW_LATE_CANCEL,SRC_SYNTH_DIAGNOSTIC_READINESS,SRC_SYNTH_HR_SHIFT_ROSTER,SRC_SYNTH_FINANCE_RESOURCE_ENVELOPE,SRC_OPEN_RESPIRATORY_VIRUS_DASHBOARD,SRC_OPEN_AQHI_SMOKE_CONTEXT,SRC_OPEN_SCHOOL_HOLIDAY_CALENDAR,SRC_OPEN_STATCAN_PED_POPULATION",modelled,ready
SITE_STOLLERY_INSPIRED,Stollery-inspired,nephrology,Nephrology,10,2026-08-17,429,390,480,54,49,0.776,"SRC_SYNTH_REFERRALS,SRC_SYNTH_REFERRAL_TRIAGE,SRC_SYNTH_WAITLIST_SNAPSHOTS,SRC_SYNTH_CLINIC_TEMPLATES,SRC_SYNTH_PROVIDER_AVAILABILITY,SRC_SYNTH_NO_SHOW_LATE_CANCEL,SRC_SYNTH_DIAGNOSTIC_READINESS,SRC_SYNTH_HR_SHIFT_ROSTER,SRC_SYNTH_FINANCE_RESOURCE_ENVELOPE,SRC_OPEN_RESPIRATORY_VIRUS_DASHBOARD,SRC_OPEN_AQHI_SMOKE_CONTEXT,SRC_OPEN_SCHOOL_HOLIDAY_CALENDAR,SRC_OPEN_STATCAN_PED_POPULATION",modelled,ready
SITE_STOLLERY_INSPIRED,Stollery-inspired,nephrology,Nephrology,11,2026-08-24,426,388,477,54,49,0.776,"SRC_SYNTH_REFERRALS,SRC_SYNTH_REFERRAL_TRIAGE,SRC_SYNTH_WAITLIST_SNAPSHOTS,SRC_SYNTH_CLINIC_TEMPLATES,SRC_SYNTH_PROVIDER_AVAILABILITY,SRC_SYNTH_NO_SHOW_LATE_CANCEL,SRC_SYNTH_DIAGNOSTIC_READINESS,SRC_SYNTH_HR_SHIFT_ROSTER,SRC_SYNTH_FINANCE_RESOURCE_ENVELOPE,SRC_OPEN_RESPIRATORY_VIRUS_DASHBOARD,SRC_OPEN_AQHI_SMOKE_CONTEXT,SRC_OPEN_SCHOOL_HOLIDAY_CALENDAR,SRC_OPEN_STATCAN_PED_POPULATION",modelled,ready
SITE_STOLLERY_INSPIRED,Stollery-inspired,nephrology,Nephrology,12,2026-08-31,423,385,474,54,50,0.776,"SRC_SYNTH_REFERRALS,SRC_SYNTH_REFERRAL_TRIAGE,SRC_SYNTH_WAITLIST_SNAPSHOTS,SRC_SYNTH_CLINIC_TEMPLATES,SRC_SYNTH_PROVIDER_AVAILABILITY,SRC_SYNTH_NO_SHOW_LATE_CANCEL,SRC_SYNTH_DIAGNOSTIC_READINESS,SRC_SYNTH_HR_SHIFT_ROSTER,SRC_SYNTH_FINANCE_RESOURCE_ENVELOPE,SRC_OPEN_RESPIRATORY_VIRUS_DASHBOARD,SRC_OPEN_AQHI_SMOKE_CONTEXT,SRC_OPEN_SCHOOL_HOLIDAY_CALENDAR,SRC_OPEN_STATCAN_PED_POPULATION",modelled,ready
SITE_STOLLERY_INSPIRED,Stollery-inspired,nephrology,Nephrology,13,2026-09-07,421,383,472,54,50,0.776,"SRC_SYNTH_REFERRALS,SRC_SYNTH_REFERRAL_TRIAGE,SRC_SYNTH_WAITLIST_SNAPSHOTS,SRC_SYNTH_CLINIC_TEMPLATES,SRC_SYNTH_PROVIDER_AVAILABILITY,SRC_SYNTH_NO_SHOW_LATE_CANCEL,SRC_SYNTH_DIAGNOSTIC_READINESS,SRC_SYNTH_HR_SHIFT_ROSTER,SRC_SYNTH_FINANCE_RESOURCE_ENVELOPE,SRC_OPEN_RESPIRATORY_VIRUS_DASHBOARD,SRC_OPEN_AQHI_SMOKE_CONTEXT,SRC_OPEN_SCHOOL_HOLIDAY_CALENDAR,SRC_OPEN_STATCAN_PED_POPULATION",modelled,ready
SITE_STOLLERY_INSPIRED,Stollery-inspired,nephrology,Nephrology,14,2026-09-14,420,382,470,55,50,0.776,"SRC_SYNTH_REFERRALS,SRC_SYNTH_REFERRAL_TRIAGE,SRC_SYNTH_WAITLIST_SNAPSHOTS,SRC_SYNTH_CLINIC_TEMPLATES,SRC_SYNTH_PROVIDER_AVAILABILITY,SRC_SYNTH_NO_SHOW_LATE_CANCEL,SRC_SYNTH_DIAGNOSTIC_READINESS,SRC_SYNTH_HR_SHIFT_ROSTER,SRC_SYNTH_FINANCE_RESOURCE_ENVELOPE,SRC_OPEN_RESPIRATORY_VIRUS_DASHBOARD,SRC_OPEN_AQHI_SMOKE_CONTEXT,SRC_OPEN_SCHOOL_HOLIDAY_CALENDAR,SRC_OPEN_STATCAN_PED_POPULATION",modelled,ready
SITE_STOLLERY_INSPIRED,Stollery-inspired,nephrology,Nephrology,15,2026-09-21,420,382,470,55,50,0.776,"SRC_SYNTH_REFERRALS,SRC_SYNTH_REFERRAL_TRIAGE,SRC_SYNTH_WAITLIST_SNAPSHOTS,SRC_SYNTH_CLINIC_TEMPLATES,SRC_SYNTH_PROVIDER_AVAILABILITY,SRC_SYNTH_NO_SHOW_LATE_CANCEL,SRC_SYNTH_DIAGNOSTIC_READINESS,SRC_SYNTH_HR_SHIFT_ROSTER,SRC_SYNTH_FINANCE_RESOURCE_ENVELOPE,SRC_OPEN_RESPIRATORY_VIRUS_DASHBOARD,SRC_OPEN_AQHI_SMOKE_CONTEXT,SRC_OPEN_SCHOOL_HOLIDAY_CALENDAR,SRC_OPEN_STATCAN_PED_POPULATION",modelled,ready
SITE_STOLLERY_INSPIRED,Stollery-inspired,nephrology,Nephrology,16,2026-09-28,421,383,472,55,50,0.776,"SRC_SYNTH_REFERRALS,SRC_SYNTH_REFERRAL_TRIAGE,SRC_SYNTH_WAITLIST_SNAPSHOTS,SRC_SYNTH_CLINIC_TEMPLATES,SRC_SYNTH_PROVIDER_AVAILABILITY,SRC_SYNTH_NO_SHOW_LATE_CANCEL,SRC_SYNTH_DIAGNOSTIC_READINESS,SRC_SYNTH_HR_SHIFT_ROSTER,SRC_SYNTH_FINANCE_RESOURCE_ENVELOPE,SRC_OPEN_RESPIRATORY_VIRUS_DASHBOARD,SRC_OPEN_AQHI_SMOKE_CONTEXT,SRC_OPEN_SCHOOL_HOLIDAY_CALENDAR,SRC_OPEN_STATCAN_PED_POPULATION",modelled,ready
SITE_STOLLERY_INSPIRED,Stollery-inspired,nephrology,Nephrology,17,2026-10-05,423,385,474,56,50,0.776,"SRC_SYNTH_REFERRALS,SRC_SYNTH_REFERRAL_TRIAGE,SRC_SYNTH_WAITLIST_SNAPSHOTS,SRC_SYNTH_CLINIC_TEMPLATES,SRC_SYNTH_PROVIDER_AVAILABILITY,SRC_SYNTH_NO_SHOW_LATE_CANCEL,SRC_SYNTH_DIAGNOSTIC_READINESS,SRC_SYNTH_HR_SHIFT_ROSTER,SRC_SYNTH_FINANCE_RESOURCE_ENVELOPE,SRC_OPEN_RESPIRATORY_VIRUS_DASHBOARD,SRC_OPEN_AQHI_SMOKE_CONTEXT,SRC_OPEN_SCHOOL_HOLIDAY_CALENDAR,SRC_OPEN_STATCAN_PED_POPULATION",modelled,ready
SITE_STOLLERY_INSPIRED,Stollery-inspired,nephrology,Nephrology,18,2026-10-12,427,389,478,56,50,0.776,"SRC_SYNTH_REFERRALS,SRC_SYNTH_REFERRAL_TRIAGE,SRC_SYNTH_WAITLIST_SNAPSHOTS,SRC_SYNTH_CLINIC_TEMPLATES,SRC_SYNTH_PROVIDER_AVAILABILITY,SRC_SYNTH_NO_SHOW_LATE_CANCEL,SRC_SYNTH_DIAGNOSTIC_READINESS,SRC_SYNTH_HR_SHIFT_ROSTER,SRC_SYNTH_FINANCE_RESOURCE_ENVELOPE,SRC_OPEN_RESPIRATORY_VIRUS_DASHBOARD,SRC_OPEN_AQHI_SMOKE_CONTEXT,SRC_OPEN_SCHOOL_HOLIDAY_CALENDAR,SRC_OPEN_STATCAN_PED_POPULATION",modelled,ready
SITE_STOLLERY_INSPIRED,Stollery-inspired,nephrology,Nephrology,19,2026-10-19,432,393,484,57,51,0.776,"SRC_SYNTH_REFERRALS,SRC_SYNTH_REFERRAL_TRIAGE,SRC_SYNTH_WAITLIST_SNAPSHOTS,SRC_SYNTH_CLINIC_TEMPLATES,SRC_SYNTH_PROVIDER_AVAILABILITY,SRC_SYNTH_NO_SHOW_LATE_CANCEL,SRC_SYNTH_DIAGNOSTIC_READINESS,SRC_SYNTH_HR_SHIFT_ROSTER,SRC_SYNTH_FINANCE_RESOURCE_ENVELOPE,SRC_OPEN_RESPIRATORY_VIRUS_DASHBOARD,SRC_OPEN_AQHI_SMOKE_CONTEXT,SRC_OPEN_SCHOOL_HOLIDAY_CALENDAR,SRC_OPEN_STATCAN_PED_POPULATION",modelled,ready
SITE_STOLLERY_INSPIRED,Stollery-inspired,nephrology,Nephrology,20,2026-10-26,438,399,491,57,51,0.776,"SRC_SYNTH_REFERRALS,SRC_SYNTH_REFERRAL_TRIAGE,SRC_SYNTH_WAITLIST_SNAPSHOTS,SRC_SYNTH_CLINIC_TEMPLATES,SRC_SYNTH_PROVIDER_AVAILABILITY,SRC_SYNTH_NO_SHOW_LATE_CANCEL,SRC_SYNTH_DIAGNOSTIC_READINESS,SRC_SYNTH_HR_SHIFT_ROSTER,SRC_SYNTH_FINANCE_RESOURCE_ENVELOPE,SRC_OPEN_RESPIRATORY_VIRUS_DASHBOARD,SRC_OPEN_AQHI_SMOKE_CONTEXT,SRC_OPEN_SCHOOL_HOLIDAY_CALENDAR,SRC_OPEN_STATCAN_PED_POPULATION",modelled,ready
SITE_STOLLERY_INSPIRED,Stollery-inspired,nephrology,Nephrology,21,2026-11-02,445,405,498,58,51,0.776,"SRC_SYNTH_REFERRALS,SRC_SYNTH_REFERRAL_TRIAGE,SRC_SYNTH_WAITLIST_SNAPSHOTS,SRC_SYNTH_CLINIC_TEMPLATES,SRC_SYNTH_PROVIDER_AVAILABILITY,SRC_SYNTH_NO_SHOW_LATE_CANCEL,SRC_SYNTH_DIAGNOSTIC_READINESS,SRC_SYNTH_HR_SHIFT_ROSTER,SRC_SYNTH_FINANCE_RESOURCE_ENVELOPE,SRC_OPEN_RESPIRATORY_VIRUS_DASHBOARD,SRC_OPEN_AQHI_SMOKE_CONTEXT,SRC_OPEN_SCHOOL_HOLIDAY_CALENDAR,SRC_OPEN_STATCAN_PED_POPULATION",modelled,ready
SITE_STOLLERY_INSPIRED,Stollery-inspired,nephrology,Nephrology,22,2026-11-09,453,412,507,59,51,0.776,"SRC_SYNTH_REFERRALS,SRC_SYNTH_REFERRAL_TRIAGE,SRC_SYNTH_WAITLIST_SNAPSHOTS,SRC_SYNTH_CLINIC_TEMPLATES,SRC_SYNTH_PROVIDER_AVAILABILITY,SRC_SYNTH_NO_SHOW_LATE_CANCEL,SRC_SYNTH_DIAGNOSTIC_READINESS,SRC_SYNTH_HR_SHIFT_ROSTER,SRC_SYNTH_FINANCE_RESOURCE_ENVELOPE,SRC_OPEN_RESPIRATORY_VIRUS_DASHBOARD,SRC_OPEN_AQHI_SMOKE_CONTEXT,SRC_OPEN_SCHOOL_HOLIDAY_CALENDAR,SRC_OPEN_STATCAN_PED_POPULATION",modelled,ready
SITE_STOLLERY_INSPIRED,Stollery-inspired,nephrology,Nephrology,23,2026-11-16,462,420,517,60,51,0.776,"SRC_SYNTH_REFERRALS,SRC_SYNTH_REFERRAL_TRIAGE,SRC_SYNTH_WAITLIST_SNAPSHOTS,SRC_SYNTH_CLINIC_TEMPLATES,SRC_SYNTH_PROVIDER_AVAILABILITY,SRC_SYNTH_NO_SHOW_LATE_CANCEL,SRC_SYNTH_DIAGNOSTIC_READINESS,SRC_SYNTH_HR_SHIFT_ROSTER,SRC_SYNTH_FINANCE_RESOURCE_ENVELOPE,SRC_OPEN_RESPIRATORY_VIRUS_DASHBOARD,SRC_OPEN_AQHI_SMOKE_CONTEXT,SRC_OPEN_SCHOOL_HOLIDAY_CALENDAR,SRC_OPEN_STATCAN_PED_POPULATION",modelled,ready
SITE_STOLLERY_INSPIRED,Stollery-inspired,nephrology,Nephrology,24,2026-11-23,471,429,528,60,51,0.776,"SRC_SYNTH_REFERRALS,SRC_SYNTH_REFERRAL_TRIAGE,SRC_SYNTH_WAITLIST_SNAPSHOTS,SRC_SYNTH_CLINIC_TEMPLATES,SRC_SYNTH_PROVIDER_AVAILABILITY,SRC_SYNTH_NO_SHOW_LATE_CANCEL,SRC_SYNTH_DIAGNOSTIC_READINESS,SRC_SYNTH_HR_SHIFT_ROSTER,SRC_SYNTH_FINANCE_RESOURCE_ENVELOPE,SRC_OPEN_RESPIRATORY_VIRUS_DASHBOARD,SRC_OPEN_AQHI_SMOKE_CONTEXT,SRC_OPEN_SCHOOL_HOLIDAY_CALENDAR,SRC_OPEN_STATCAN_PED_POPULATION",modelled,ready
SITE_STOLLERY_INSPIRED,Stollery-inspired,nephrology,Nephrology,25,2026-11-30,480,437,538,61,51,0.776,"SRC_SYNTH_REFERRALS,SRC_SYNTH_REFERRAL_TRIAGE,SRC_SYNTH_WAITLIST_SNAPSHOTS,SRC_SYNTH_CLINIC_TEMPLATES,SRC_SYNTH_PROVIDER_AVAILABILITY,SRC_SYNTH_NO_SHOW_LATE_CANCEL,SRC_SYNTH_DIAGNOSTIC_READINESS,SRC_SYNTH_HR_SHIFT_ROSTER,SRC_SYNTH_FINANCE_RESOURCE_ENVELOPE,SRC_OPEN_RESPIRATORY_VIRUS_DASHBOARD,SRC_OPEN_AQHI_SMOKE_CONTEXT,SRC_OPEN_SCHOOL_HOLIDAY_CALENDAR,SRC_OPEN_STATCAN_PED_POPULATION",modelled,ready
SITE_STOLLERY_INSPIRED,Stollery-inspired,nephrology,Nephrology,26,2026-12-07,490,446,549,62,51,0.776,"SRC_SYNTH_REFERRALS,SRC_SYNTH_REFERRAL_TRIAGE,SRC_SYNTH_WAITLIST_SNAPSHOTS,SRC_SYNTH_CLINIC_TEMPLATES,SRC_SYNTH_PROVIDER_AVAILABILITY,SRC_SYNTH_NO_SHOW_LATE_CANCEL,SRC_SYNTH_DIAGNOSTIC_READINESS,SRC_SYNTH_HR_SHIFT_ROSTER,SRC_SYNTH_FINANCE_RESOURCE_ENVELOPE,SRC_OPEN_RESPIRATORY_VIRUS_DASHBOARD,SRC_OPEN_AQHI_SMOKE_CONTEXT,SRC_OPEN_SCHOOL_HOLIDAY_CALENDAR,SRC_OPEN_STATCAN_PED_POPULATION",modelled,ready
SITE_STOLLERY_INSPIRED,Stollery-inspired,rheumatology,Rheumatology,1,2026-06-15,530,482,594,57,56,0.759,"SRC_SYNTH_REFERRALS,SRC_SYNTH_REFERRAL_TRIAGE,SRC_SYNTH_WAITLIST_SNAPSHOTS,SRC_SYNTH_CLINIC_TEMPLATES,SRC_SYNTH_PROVIDER_AVAILABILITY,SRC_SYNTH_NO_SHOW_LATE_CANCEL,SRC_SYNTH_DIAGNOSTIC_READINESS,SRC_SYNTH_HR_SHIFT_ROSTER,SRC_SYNTH_FINANCE_RESOURCE_ENVELOPE,SRC_OPEN_RESPIRATORY_VIRUS_DASHBOARD,SRC_OPEN_AQHI_SMOKE_CONTEXT,SRC_OPEN_SCHOOL_HOLIDAY_CALENDAR,SRC_OPEN_STATCAN_PED_POPULATION",modelled,ready
SITE_STOLLERY_INSPIRED,Stollery-inspired,rheumatology,Rheumatology,2,2026-06-22,529,481,592,58,56,0.759,"SRC_SYNTH_REFERRALS,SRC_SYNTH_REFERRAL_TRIAGE,SRC_SYNTH_WAITLIST_SNAPSHOTS,SRC_SYNTH_CLINIC_TEMPLATES,SRC_SYNTH_PROVIDER_AVAILABILITY,SRC_SYNTH_NO_SHOW_LATE_CANCEL,SRC_SYNTH_DIAGNOSTIC_READINESS,SRC_SYNTH_HR_SHIFT_ROSTER,SRC_SYNTH_FINANCE_RESOURCE_ENVELOPE,SRC_OPEN_RESPIRATORY_VIRUS_DASHBOARD,SRC_OPEN_AQHI_SMOKE_CONTEXT,SRC_OPEN_SCHOOL_HOLIDAY_CALENDAR,SRC_OPEN_STATCAN_PED_POPULATION",modelled,ready
SITE_STOLLERY_INSPIRED,Stollery-inspired,rheumatology,Rheumatology,3,2026-06-29,528,480,591,58,57,0.759,"SRC_SYNTH_REFERRALS,SRC_SYNTH_REFERRAL_TRIAGE,SRC_SYNTH_WAITLIST_SNAPSHOTS,SRC_SYNTH_CLINIC_TEMPLATES,SRC_SYNTH_PROVIDER_AVAILABILITY,SRC_SYNTH_NO_SHOW_LATE_CANCEL,SRC_SYNTH_DIAGNOSTIC_READINESS,SRC_SYNTH_HR_SHIFT_ROSTER,SRC_SYNTH_FINANCE_RESOURCE_ENVELOPE,SRC_OPEN_RESPIRATORY_VIRUS_DASHBOARD,SRC_OPEN_AQHI_SMOKE_CONTEXT,SRC_OPEN_SCHOOL_HOLIDAY_CALENDAR,SRC_OPEN_STATCAN_PED_POPULATION",modelled,ready
SITE_STOLLERY_INSPIRED,Stollery-inspired,rheumatology,Rheumatology,4,2026-07-06,525,478,588,58,57,0.759,"SRC_SYNTH_REFERRALS,SRC_SYNTH_REFERRAL_TRIAGE,SRC_SYNTH_WAITLIST_SNAPSHOTS,SRC_SYNTH_CLINIC_TEMPLATES,SRC_SYNTH_PROVIDER_AVAILABILITY,SRC_SYNTH_NO_SHOW_LATE_CANCEL,SRC_SYNTH_DIAGNOSTIC_READINESS,SRC_SYNTH_HR_SHIFT_ROSTER,SRC_SYNTH_FINANCE_RESOURCE_ENVELOPE,SRC_OPEN_RESPIRATORY_VIRUS_DASHBOARD,SRC_OPEN_AQHI_SMOKE_CONTEXT,SRC_OPEN_SCHOOL_HOLIDAY_CALENDAR,SRC_OPEN_STATCAN_PED_POPULATION",modelled,ready
SITE_STOLLERY_INSPIRED,Stollery-inspired,rheumatology,Rheumatology,5,2026-07-13,521,474,584,58,57,0.759,"SRC_SYNTH_REFERRALS,SRC_SYNTH_REFERRAL_TRIAGE,SRC_SYNTH_WAITLIST_SNAPSHOTS,SRC_SYNTH_CLINIC_TEMPLATES,SRC_SYNTH_PROVIDER_AVAILABILITY,SRC_SYNTH_NO_SHOW_LATE_CANCEL,SRC_SYNTH_DIAGNOSTIC_READINESS,SRC_SYNTH_HR_SHIFT_ROSTER,SRC_SYNTH_FINANCE_RESOURCE_ENVELOPE,SRC_OPEN_RESPIRATORY_VIRUS_DASHBOARD,SRC_OPEN_AQHI_SMOKE_CONTEXT,SRC_OPEN_SCHOOL_HOLIDAY_CALENDAR,SRC_OPEN_STATCAN_PED_POPULATION",modelled,ready
SITE_STOLLERY_INSPIRED,Stollery-inspired,rheumatology,Rheumatology,6,2026-07-20,517,470,579,58,57,0.759,"SRC_SYNTH_REFERRALS,SRC_SYNTH_REFERRAL_TRIAGE,SRC_SYNTH_WAITLIST_SNAPSHOTS,SRC_SYNTH_CLINIC_TEMPLATES,SRC_SYNTH_PROVIDER_AVAILABILITY,SRC_SYNTH_NO_SHOW_LATE_CANCEL,SRC_SYNTH_DIAGNOSTIC_READINESS,SRC_SYNTH_HR_SHIFT_ROSTER,SRC_SYNTH_FINANCE_RESOURCE_ENVELOPE,SRC_OPEN_RESPIRATORY_VIRUS_DASHBOARD,SRC_OPEN_AQHI_SMOKE_CONTEXT,SRC_OPEN_SCHOOL_HOLIDAY_CALENDAR,SRC_OPEN_STATCAN_PED_POPULATION",modelled,ready
SITE_STOLLERY_INSPIRED,Stollery-inspired,rheumatology,Rheumatology,7,2026-07-27,512,466,573,58,57,0.759,"SRC_SYNTH_REFERRALS,SRC_SYNTH_REFERRAL_TRIAGE,SRC_SYNTH_WAITLIST_SNAPSHOTS,SRC_SYNTH_CLINIC_TEMPLATES,SRC_SYNTH_PROVIDER_AVAILABILITY,SRC_SYNTH_NO_SHOW_LATE_CANCEL,SRC_SYNTH_DIAGNOSTIC_READINESS,SRC_SYNTH_HR_SHIFT_ROSTER,SRC_SYNTH_FINANCE_RESOURCE_ENVELOPE,SRC_OPEN_RESPIRATORY_VIRUS_DASHBOARD,SRC_OPEN_AQHI_SMOKE_CONTEXT,SRC_OPEN_SCHOOL_HOLIDAY_CALENDAR,SRC_OPEN_STATCAN_PED_POPULATION",modelled,ready
SITE_STOLLERY_INSPIRED,Stollery-inspired,rheumatology,Rheumatology,8,2026-08-03,508,462,569,58,57,0.759,"SRC_SYNTH_REFERRALS,SRC_SYNTH_REFERRAL_TRIAGE,SRC_SYNTH_WAITLIST_SNAPSHOTS,SRC_SYNTH_CLINIC_TEMPLATES,SRC_SYNTH_PROVIDER_AVAILABILITY,SRC_SYNTH_NO_SHOW_LATE_CANCEL,SRC_SYNTH_DIAGNOSTIC_READINESS,SRC_SYNTH_HR_SHIFT_ROSTER,SRC_SYNTH_FINANCE_RESOURCE_ENVELOPE,SRC_OPEN_RESPIRATORY_VIRUS_DASHBOARD,SRC_OPEN_AQHI_SMOKE_CONTEXT,SRC_OPEN_SCHOOL_HOLIDAY_CALENDAR,SRC_OPEN_STATCAN_PED_POPULATION",modelled,ready
SITE_STOLLERY_INSPIRED,Stollery-inspired,rheumatology,Rheumatology,9,2026-08-10,503,458,563,58,58,0.759,"SRC_SYNTH_REFERRALS,SRC_SYNTH_REFERRAL_TRIAGE,SRC_SYNTH_WAITLIST_SNAPSHOTS,SRC_SYNTH_CLINIC_TEMPLATES,SRC_SYNTH_PROVIDER_AVAILABILITY,SRC_SYNTH_NO_SHOW_LATE_CANCEL,SRC_SYNTH_DIAGNOSTIC_READINESS,SRC_SYNTH_HR_SHIFT_ROSTER,SRC_SYNTH_FINANCE_RESOURCE_ENVELOPE,SRC_OPEN_RESPIRATORY_VIRUS_DASHBOARD,SRC_OPEN_AQHI_SMOKE_CONTEXT,SRC_OPEN_SCHOOL_HOLIDAY_CALENDAR,SRC_OPEN_STATCAN_PED_POPULATION",modelled,ready
SITE_STOLLERY_INSPIRED,Stollery-inspired,rheumatology,Rheumatology,10,2026-08-17,499,454,559,58,58,0.759,"SRC_SYNTH_REFERRALS,SRC_SYNTH_REFERRAL_TRIAGE,SRC_SYNTH_WAITLIST_SNAPSHOTS,SRC_SYNTH_CLINIC_TEMPLATES,SRC_SYNTH_PROVIDER_AVAILABILITY,SRC_SYNTH_NO_SHOW_LATE_CANCEL,SRC_SYNTH_DIAGNOSTIC_READINESS,SRC_SYNTH_HR_SHIFT_ROSTER,SRC_SYNTH_FINANCE_RESOURCE_ENVELOPE,SRC_OPEN_RESPIRATORY_VIRUS_DASHBOARD,SRC_OPEN_AQHI_SMOKE_CONTEXT,SRC_OPEN_SCHOOL_HOLIDAY_CALENDAR,SRC_OPEN_STATCAN_PED_POPULATION",modelled,ready
SITE_STOLLERY_INSPIRED,Stollery-inspired,rheumatology,Rheumatology,11,2026-08-24,496,451,556,58,58,0.759,"SRC_SYNTH_REFERRALS,SRC_SYNTH_REFERRAL_TRIAGE,SRC_SYNTH_WAITLIST_SNAPSHOTS,SRC_SYNTH_CLINIC_TEMPLATES,SRC_SYNTH_PROVIDER_AVAILABILITY,SRC_SYNTH_NO_SHOW_LATE_CANCEL,SRC_SYNTH_DIAGNOSTIC_READINESS,SRC_SYNTH_HR_SHIFT_ROSTER,SRC_SYNTH_FINANCE_RESOURCE_ENVELOPE,SRC_OPEN_RESPIRATORY_VIRUS_DASHBOARD,SRC_OPEN_AQHI_SMOKE_CONTEXT,SRC_OPEN_SCHOOL_HOLIDAY_CALENDAR,SRC_OPEN_STATCAN_PED_POPULATION",modelled,ready
SITE_STOLLERY_INSPIRED,Stollery-inspired,rheumatology,Rheumatology,12,2026-08-31,493,449,552,59,58,0.759,"SRC_SYNTH_REFERRALS,SRC_SYNTH_REFERRAL_TRIAGE,SRC_SYNTH_WAITLIST_SNAPSHOTS,SRC_SYNTH_CLINIC_TEMPLATES,SRC_SYNTH_PROVIDER_AVAILABILITY,SRC_SYNTH_NO_SHOW_LATE_CANCEL,SRC_SYNTH_DIAGNOSTIC_READINESS,SRC_SYNTH_HR_SHIFT_ROSTER,SRC_SYNTH_FINANCE_RESOURCE_ENVELOPE,SRC_OPEN_RESPIRATORY_VIRUS_DASHBOARD,SRC_OPEN_AQHI_SMOKE_CONTEXT,SRC_OPEN_SCHOOL_HOLIDAY_CALENDAR,SRC_OPEN_STATCAN_PED_POPULATION",modelled,ready
SITE_STOLLERY_INSPIRED,Stollery-inspired,rheumatology,Rheumatology,13,2026-09-07,492,448,551,59,58,0.759,"SRC_SYNTH_REFERRALS,SRC_SYNTH_REFERRAL_TRIAGE,SRC_SYNTH_WAITLIST_SNAPSHOTS,SRC_SYNTH_CLINIC_TEMPLATES,SRC_SYNTH_PROVIDER_AVAILABILITY,SRC_SYNTH_NO_SHOW_LATE_CANCEL,SRC_SYNTH_DIAGNOSTIC_READINESS,SRC_SYNTH_HR_SHIFT_ROSTER,SRC_SYNTH_FINANCE_RESOURCE_ENVELOPE,SRC_OPEN_RESPIRATORY_VIRUS_DASHBOARD,SRC_OPEN_AQHI_SMOKE_CONTEXT,SRC_OPEN_SCHOOL_HOLIDAY_CALENDAR,SRC_OPEN_STATCAN_PED_POPULATION",modelled,ready
SITE_STOLLERY_INSPIRED,Stollery-inspired,rheumatology,Rheumatology,14,2026-09-14,492,448,551,59,58,0.759,"SRC_SYNTH_REFERRALS,SRC_SYNTH_REFERRAL_TRIAGE,SRC_SYNTH_WAITLIST_SNAPSHOTS,SRC_SYNTH_CLINIC_TEMPLATES,SRC_SYNTH_PROVIDER_AVAILABILITY,SRC_SYNTH_NO_SHOW_LATE_CANCEL,SRC_SYNTH_DIAGNOSTIC_READINESS,SRC_SYNTH_HR_SHIFT_ROSTER,SRC_SYNTH_FINANCE_RESOURCE_ENVELOPE,SRC_OPEN_RESPIRATORY_VIRUS_DASHBOARD,SRC_OPEN_AQHI_SMOKE_CONTEXT,SRC_OPEN_SCHOOL_HOLIDAY_CALENDAR,SRC_OPEN_STATCAN_PED_POPULATION",modelled,ready
SITE_STOLLERY_INSPIRED,Stollery-inspired,rheumatology,Rheumatology,15,2026-09-21,493,449,552,60,59,0.759,"SRC_SYNTH_REFERRALS,SRC_SYNTH_REFERRAL_TRIAGE,SRC_SYNTH_WAITLIST_SNAPSHOTS,SRC_SYNTH_CLINIC_TEMPLATES,SRC_SYNTH_PROVIDER_AVAILABILITY,SRC_SYNTH_NO_SHOW_LATE_CANCEL,SRC_SYNTH_DIAGNOSTIC_READINESS,SRC_SYNTH_HR_SHIFT_ROSTER,SRC_SYNTH_FINANCE_RESOURCE_ENVELOPE,SRC_OPEN_RESPIRATORY_VIRUS_DASHBOARD,SRC_OPEN_AQHI_SMOKE_CONTEXT,SRC_OPEN_SCHOOL_HOLIDAY_CALENDAR,SRC_OPEN_STATCAN_PED_POPULATION",modelled,ready
SITE_STOLLERY_INSPIRED,Stollery-inspired,rheumatology,Rheumatology,16,2026-09-28,496,451,556,60,59,0.759,"SRC_SYNTH_REFERRALS,SRC_SYNTH_REFERRAL_TRIAGE,SRC_SYNTH_WAITLIST_SNAPSHOTS,SRC_SYNTH_CLINIC_TEMPLATES,SRC_SYNTH_PROVIDER_AVAILABILITY,SRC_SYNTH_NO_SHOW_LATE_CANCEL,SRC_SYNTH_DIAGNOSTIC_READINESS,SRC_SYNTH_HR_SHIFT_ROSTER,SRC_SYNTH_FINANCE_RESOURCE_ENVELOPE,SRC_OPEN_RESPIRATORY_VIRUS_DASHBOARD,SRC_OPEN_AQHI_SMOKE_CONTEXT,SRC_OPEN_SCHOOL_HOLIDAY_CALENDAR,SRC_OPEN_STATCAN_PED_POPULATION",modelled,ready
SITE_STOLLERY_INSPIRED,Stollery-inspired,rheumatology,Rheumatology,17,2026-10-05,500,455,560,61,59,0.759,"SRC_SYNTH_REFERRALS,SRC_SYNTH_REFERRAL_TRIAGE,SRC_SYNTH_WAITLIST_SNAPSHOTS,SRC_SYNTH_CLINIC_TEMPLATES,SRC_SYNTH_PROVIDER_AVAILABILITY,SRC_SYNTH_NO_SHOW_LATE_CANCEL,SRC_SYNTH_DIAGNOSTIC_READINESS,SRC_SYNTH_HR_SHIFT_ROSTER,SRC_SYNTH_FINANCE_RESOURCE_ENVELOPE,SRC_OPEN_RESPIRATORY_VIRUS_DASHBOARD,SRC_OPEN_AQHI_SMOKE_CONTEXT,SRC_OPEN_SCHOOL_HOLIDAY_CALENDAR,SRC_OPEN_STATCAN_PED_POPULATION",modelled,ready
SITE_STOLLERY_INSPIRED,Stollery-inspired,rheumatology,Rheumatology,18,2026-10-12,506,460,567,61,59,0.759,"SRC_SYNTH_REFERRALS,SRC_SYNTH_REFERRAL_TRIAGE,SRC_SYNTH_WAITLIST_SNAPSHOTS,SRC_SYNTH_CLINIC_TEMPLATES,SRC_SYNTH_PROVIDER_AVAILABILITY,SRC_SYNTH_NO_SHOW_LATE_CANCEL,SRC_SYNTH_DIAGNOSTIC_READINESS,SRC_SYNTH_HR_SHIFT_ROSTER,SRC_SYNTH_FINANCE_RESOURCE_ENVELOPE,SRC_OPEN_RESPIRATORY_VIRUS_DASHBOARD,SRC_OPEN_AQHI_SMOKE_CONTEXT,SRC_OPEN_SCHOOL_HOLIDAY_CALENDAR,SRC_OPEN_STATCAN_PED_POPULATION",modelled,ready
SITE_STOLLERY_INSPIRED,Stollery-inspired,rheumatology,Rheumatology,19,2026-10-19,513,467,575,62,59,0.759,"SRC_SYNTH_REFERRALS,SRC_SYNTH_REFERRAL_TRIAGE,SRC_SYNTH_WAITLIST_SNAPSHOTS,SRC_SYNTH_CLINIC_TEMPLATES,SRC_SYNTH_PROVIDER_AVAILABILITY,SRC_SYNTH_NO_SHOW_LATE_CANCEL,SRC_SYNTH_DIAGNOSTIC_READINESS,SRC_SYNTH_HR_SHIFT_ROSTER,SRC_SYNTH_FINANCE_RESOURCE_ENVELOPE,SRC_OPEN_RESPIRATORY_VIRUS_DASHBOARD,SRC_OPEN_AQHI_SMOKE_CONTEXT,SRC_OPEN_SCHOOL_HOLIDAY_CALENDAR,SRC_OPEN_STATCAN_PED_POPULATION",modelled,ready
SITE_STOLLERY_INSPIRED,Stollery-inspired,rheumatology,Rheumatology,20,2026-10-26,521,474,584,63,59,0.759,"SRC_SYNTH_REFERRALS,SRC_SYNTH_REFERRAL_TRIAGE,SRC_SYNTH_WAITLIST_SNAPSHOTS,SRC_SYNTH_CLINIC_TEMPLATES,SRC_SYNTH_PROVIDER_AVAILABILITY,SRC_SYNTH_NO_SHOW_LATE_CANCEL,SRC_SYNTH_DIAGNOSTIC_READINESS,SRC_SYNTH_HR_SHIFT_ROSTER,SRC_SYNTH_FINANCE_RESOURCE_ENVELOPE,SRC_OPEN_RESPIRATORY_VIRUS_DASHBOARD,SRC_OPEN_AQHI_SMOKE_CONTEXT,SRC_OPEN_SCHOOL_HOLIDAY_CALENDAR,SRC_OPEN_STATCAN_PED_POPULATION",modelled,ready
SITE_STOLLERY_INSPIRED,Stollery-inspired,rheumatology,Rheumatology,21,2026-11-02,531,483,595,63,60,0.759,"SRC_SYNTH_REFERRALS,SRC_SYNTH_REFERRAL_TRIAGE,SRC_SYNTH_WAITLIST_SNAPSHOTS,SRC_SYNTH_CLINIC_TEMPLATES,SRC_SYNTH_PROVIDER_AVAILABILITY,SRC_SYNTH_NO_SHOW_LATE_CANCEL,SRC_SYNTH_DIAGNOSTIC_READINESS,SRC_SYNTH_HR_SHIFT_ROSTER,SRC_SYNTH_FINANCE_RESOURCE_ENVELOPE,SRC_OPEN_RESPIRATORY_VIRUS_DASHBOARD,SRC_OPEN_AQHI_SMOKE_CONTEXT,SRC_OPEN_SCHOOL_HOLIDAY_CALENDAR,SRC_OPEN_STATCAN_PED_POPULATION",modelled,ready
SITE_STOLLERY_INSPIRED,Stollery-inspired,rheumatology,Rheumatology,22,2026-11-09,541,492,606,64,60,0.759,"SRC_SYNTH_REFERRALS,SRC_SYNTH_REFERRAL_TRIAGE,SRC_SYNTH_WAITLIST_SNAPSHOTS,SRC_SYNTH_CLINIC_TEMPLATES,SRC_SYNTH_PROVIDER_AVAILABILITY,SRC_SYNTH_NO_SHOW_LATE_CANCEL,SRC_SYNTH_DIAGNOSTIC_READINESS,SRC_SYNTH_HR_SHIFT_ROSTER,SRC_SYNTH_FINANCE_RESOURCE_ENVELOPE,SRC_OPEN_RESPIRATORY_VIRUS_DASHBOARD,SRC_OPEN_AQHI_SMOKE_CONTEXT,SRC_OPEN_SCHOOL_HOLIDAY_CALENDAR,SRC_OPEN_STATCAN_PED_POPULATION",modelled,ready
SITE_STOLLERY_INSPIRED,Stollery-inspired,rheumatology,Rheumatology,23,2026-11-16,552,502,618,65,60,0.759,"SRC_SYNTH_REFERRALS,SRC_SYNTH_REFERRAL_TRIAGE,SRC_SYNTH_WAITLIST_SNAPSHOTS,SRC_SYNTH_CLINIC_TEMPLATES,SRC_SYNTH_PROVIDER_AVAILABILITY,SRC_SYNTH_NO_SHOW_LATE_CANCEL,SRC_SYNTH_DIAGNOSTIC_READINESS,SRC_SYNTH_HR_SHIFT_ROSTER,SRC_SYNTH_FINANCE_RESOURCE_ENVELOPE,SRC_OPEN_RESPIRATORY_VIRUS_DASHBOARD,SRC_OPEN_AQHI_SMOKE_CONTEXT,SRC_OPEN_SCHOOL_HOLIDAY_CALENDAR,SRC_OPEN_STATCAN_PED_POPULATION",modelled,ready
SITE_STOLLERY_INSPIRED,Stollery-inspired,rheumatology,Rheumatology,24,2026-11-23,563,512,631,66,60,0.759,"SRC_SYNTH_REFERRALS,SRC_SYNTH_REFERRAL_TRIAGE,SRC_SYNTH_WAITLIST_SNAPSHOTS,SRC_SYNTH_CLINIC_TEMPLATES,SRC_SYNTH_PROVIDER_AVAILABILITY,SRC_SYNTH_NO_SHOW_LATE_CANCEL,SRC_SYNTH_DIAGNOSTIC_READINESS,SRC_SYNTH_HR_SHIFT_ROSTER,SRC_SYNTH_FINANCE_RESOURCE_ENVELOPE,SRC_OPEN_RESPIRATORY_VIRUS_DASHBOARD,SRC_OPEN_AQHI_SMOKE_CONTEXT,SRC_OPEN_SCHOOL_HOLIDAY_CALENDAR,SRC_OPEN_STATCAN_PED_POPULATION",modelled,ready
SITE_STOLLERY_INSPIRED,Stollery-inspired,rheumatology,Rheumatology,25,2026-11-30,574,522,643,67,60,0.759,"SRC_SYNTH_REFERRALS,SRC_SYNTH_REFERRAL_TRIAGE,SRC_SYNTH_WAITLIST_SNAPSHOTS,SRC_SYNTH_CLINIC_TEMPLATES,SRC_SYNTH_PROVIDER_AVAILABILITY,SRC_SYNTH_NO_SHOW_LATE_CANCEL,SRC_SYNTH_DIAGNOSTIC_READINESS,SRC_SYNTH_HR_SHIFT_ROSTER,SRC_SYNTH_FINANCE_RESOURCE_ENVELOPE,SRC_OPEN_RESPIRATORY_VIRUS_DASHBOARD,SRC_OPEN_AQHI_SMOKE_CONTEXT,SRC_OPEN_SCHOOL_HOLIDAY_CALENDAR,SRC_OPEN_STATCAN_PED_POPULATION",modelled,ready
SITE_STOLLERY_INSPIRED,Stollery-inspired,rheumatology,Rheumatology,26,2026-12-07,585,532,655,68,60,0.759,"SRC_SYNTH_REFERRALS,SRC_SYNTH_REFERRAL_TRIAGE,SRC_SYNTH_WAITLIST_SNAPSHOTS,SRC_SYNTH_CLINIC_TEMPLATES,SRC_SYNTH_PROVIDER_AVAILABILITY,SRC_SYNTH_NO_SHOW_LATE_CANCEL,SRC_SYNTH_DIAGNOSTIC_READINESS,SRC_SYNTH_HR_SHIFT_ROSTER,SRC_SYNTH_FINANCE_RESOURCE_ENVELOPE,SRC_OPEN_RESPIRATORY_VIRUS_DASHBOARD,SRC_OPEN_AQHI_SMOKE_CONTEXT,SRC_OPEN_SCHOOL_HOLIDAY_CALENDAR,SRC_OPEN_STATCAN_PED_POPULATION",modelled,ready
SITE_STOLLERY_INSPIRED,Stollery-inspired,diagnostics,Diagnostics,1,2026-06-15,1167,1062,1307,69,127,0.725,"SRC_SYNTH_REFERRALS,SRC_SYNTH_REFERRAL_TRIAGE,SRC_SYNTH_WAITLIST_SNAPSHOTS,SRC_SYNTH_CLINIC_TEMPLATES,SRC_SYNTH_PROVIDER_AVAILABILITY,SRC_SYNTH_NO_SHOW_LATE_CANCEL,SRC_SYNTH_DIAGNOSTIC_READINESS,SRC_SYNTH_HR_SHIFT_ROSTER,SRC_SYNTH_FINANCE_RESOURCE_ENVELOPE,SRC_OPEN_RESPIRATORY_VIRUS_DASHBOARD,SRC_OPEN_AQHI_SMOKE_CONTEXT,SRC_OPEN_SCHOOL_HOLIDAY_CALENDAR,SRC_OPEN_STATCAN_PED_POPULATION",modelled,review
SITE_STOLLERY_INSPIRED,Stollery-inspired,diagnostics,Diagnostics,2,2026-06-22,1163,1058,1303,69,127,0.725,"SRC_SYNTH_REFERRALS,SRC_SYNTH_REFERRAL_TRIAGE,SRC_SYNTH_WAITLIST_SNAPSHOTS,SRC_SYNTH_CLINIC_TEMPLATES,SRC_SYNTH_PROVIDER_AVAILABILITY,SRC_SYNTH_NO_SHOW_LATE_CANCEL,SRC_SYNTH_DIAGNOSTIC_READINESS,SRC_SYNTH_HR_SHIFT_ROSTER,SRC_SYNTH_FINANCE_RESOURCE_ENVELOPE,SRC_OPEN_RESPIRATORY_VIRUS_DASHBOARD,SRC_OPEN_AQHI_SMOKE_CONTEXT,SRC_OPEN_SCHOOL_HOLIDAY_CALENDAR,SRC_OPEN_STATCAN_PED_POPULATION",modelled,review
SITE_STOLLERY_INSPIRED,Stollery-inspired,diagnostics,Diagnostics,3,2026-06-29,1157,1053,1296,69,128,0.725,"SRC_SYNTH_REFERRALS,SRC_SYNTH_REFERRAL_TRIAGE,SRC_SYNTH_WAITLIST_SNAPSHOTS,SRC_SYNTH_CLINIC_TEMPLATES,SRC_SYNTH_PROVIDER_AVAILABILITY,SRC_SYNTH_NO_SHOW_LATE_CANCEL,SRC_SYNTH_DIAGNOSTIC_READINESS,SRC_SYNTH_HR_SHIFT_ROSTER,SRC_SYNTH_FINANCE_RESOURCE_ENVELOPE,SRC_OPEN_RESPIRATORY_VIRUS_DASHBOARD,SRC_OPEN_AQHI_SMOKE_CONTEXT,SRC_OPEN_SCHOOL_HOLIDAY_CALENDAR,SRC_OPEN_STATCAN_PED_POPULATION",modelled,review
SITE_STOLLERY_INSPIRED,Stollery-inspired,diagnostics,Diagnostics,4,2026-07-06,1149,1046,1287,69,129,0.725,"SRC_SYNTH_REFERRALS,SRC_SYNTH_REFERRAL_TRIAGE,SRC_SYNTH_WAITLIST_SNAPSHOTS,SRC_SYNTH_CLINIC_TEMPLATES,SRC_SYNTH_PROVIDER_AVAILABILITY,SRC_SYNTH_NO_SHOW_LATE_CANCEL,SRC_SYNTH_DIAGNOSTIC_READINESS,SRC_SYNTH_HR_SHIFT_ROSTER,SRC_SYNTH_FINANCE_RESOURCE_ENVELOPE,SRC_OPEN_RESPIRATORY_VIRUS_DASHBOARD,SRC_OPEN_AQHI_SMOKE_CONTEXT,SRC_OPEN_SCHOOL_HOLIDAY_CALENDAR,SRC_OPEN_STATCAN_PED_POPULATION",modelled,review
SITE_STOLLERY_INSPIRED,Stollery-inspired,diagnostics,Diagnostics,5,2026-07-13,1139,1036,1276,69,129,0.725,"SRC_SYNTH_REFERRALS,SRC_SYNTH_REFERRAL_TRIAGE,SRC_SYNTH_WAITLIST_SNAPSHOTS,SRC_SYNTH_CLINIC_TEMPLATES,SRC_SYNTH_PROVIDER_AVAILABILITY,SRC_SYNTH_NO_SHOW_LATE_CANCEL,SRC_SYNTH_DIAGNOSTIC_READINESS,SRC_SYNTH_HR_SHIFT_ROSTER,SRC_SYNTH_FINANCE_RESOURCE_ENVELOPE,SRC_OPEN_RESPIRATORY_VIRUS_DASHBOARD,SRC_OPEN_AQHI_SMOKE_CONTEXT,SRC_OPEN_SCHOOL_HOLIDAY_CALENDAR,SRC_OPEN_STATCAN_PED_POPULATION",modelled,review
SITE_STOLLERY_INSPIRED,Stollery-inspired,diagnostics,Diagnostics,6,2026-07-20,1129,1027,1264,69,130,0.725,"SRC_SYNTH_REFERRALS,SRC_SYNTH_REFERRAL_TRIAGE,SRC_SYNTH_WAITLIST_SNAPSHOTS,SRC_SYNTH_CLINIC_TEMPLATES,SRC_SYNTH_PROVIDER_AVAILABILITY,SRC_SYNTH_NO_SHOW_LATE_CANCEL,SRC_SYNTH_DIAGNOSTIC_READINESS,SRC_SYNTH_HR_SHIFT_ROSTER,SRC_SYNTH_FINANCE_RESOURCE_ENVELOPE,SRC_OPEN_RESPIRATORY_VIRUS_DASHBOARD,SRC_OPEN_AQHI_SMOKE_CONTEXT,SRC_OPEN_SCHOOL_HOLIDAY_CALENDAR,SRC_OPEN_STATCAN_PED_POPULATION",modelled,review
SITE_STOLLERY_INSPIRED,Stollery-inspired,diagnostics,Diagnostics,7,2026-07-27,1119,1018,1253,69,130,0.725,"SRC_SYNTH_REFERRALS,SRC_SYNTH_REFERRAL_TRIAGE,SRC_SYNTH_WAITLIST_SNAPSHOTS,SRC_SYNTH_CLINIC_TEMPLATES,SRC_SYNTH_PROVIDER_AVAILABILITY,SRC_SYNTH_NO_SHOW_LATE_CANCEL,SRC_SYNTH_DIAGNOSTIC_READINESS,SRC_SYNTH_HR_SHIFT_ROSTER,SRC_SYNTH_FINANCE_RESOURCE_ENVELOPE,SRC_OPEN_RESPIRATORY_VIRUS_DASHBOARD,SRC_OPEN_AQHI_SMOKE_CONTEXT,SRC_OPEN_SCHOOL_HOLIDAY_CALENDAR,SRC_OPEN_STATCAN_PED_POPULATION",modelled,review
SITE_STOLLERY_INSPIRED,Stollery-inspired,diagnostics,Diagnostics,8,2026-08-03,1109,1009,1242,69,131,0.725,"SRC_SYNTH_REFERRALS,SRC_SYNTH_REFERRAL_TRIAGE,SRC_SYNTH_WAITLIST_SNAPSHOTS,SRC_SYNTH_CLINIC_TEMPLATES,SRC_SYNTH_PROVIDER_AVAILABILITY,SRC_SYNTH_NO_SHOW_LATE_CANCEL,SRC_SYNTH_DIAGNOSTIC_READINESS,SRC_SYNTH_HR_SHIFT_ROSTER,SRC_SYNTH_FINANCE_RESOURCE_ENVELOPE,SRC_OPEN_RESPIRATORY_VIRUS_DASHBOARD,SRC_OPEN_AQHI_SMOKE_CONTEXT,SRC_OPEN_SCHOOL_HOLIDAY_CALENDAR,SRC_OPEN_STATCAN_PED_POPULATION",modelled,review
SITE_STOLLERY_INSPIRED,Stollery-inspired,diagnostics,Diagnostics,9,2026-08-10,1100,1001,1232,69,132,0.725,"SRC_SYNTH_REFERRALS,SRC_SYNTH_REFERRAL_TRIAGE,SRC_SYNTH_WAITLIST_SNAPSHOTS,SRC_SYNTH_CLINIC_TEMPLATES,SRC_SYNTH_PROVIDER_AVAILABILITY,SRC_SYNTH_NO_SHOW_LATE_CANCEL,SRC_SYNTH_DIAGNOSTIC_READINESS,SRC_SYNTH_HR_SHIFT_ROSTER,SRC_SYNTH_FINANCE_RESOURCE_ENVELOPE,SRC_OPEN_RESPIRATORY_VIRUS_DASHBOARD,SRC_OPEN_AQHI_SMOKE_CONTEXT,SRC_OPEN_SCHOOL_HOLIDAY_CALENDAR,SRC_OPEN_STATCAN_PED_POPULATION",modelled,review
SITE_STOLLERY_INSPIRED,Stollery-inspired,diagnostics,Diagnostics,10,2026-08-17,1093,995,1224,69,132,0.725,"SRC_SYNTH_REFERRALS,SRC_SYNTH_REFERRAL_TRIAGE,SRC_SYNTH_WAITLIST_SNAPSHOTS,SRC_SYNTH_CLINIC_TEMPLATES,SRC_SYNTH_PROVIDER_AVAILABILITY,SRC_SYNTH_NO_SHOW_LATE_CANCEL,SRC_SYNTH_DIAGNOSTIC_READINESS,SRC_SYNTH_HR_SHIFT_ROSTER,SRC_SYNTH_FINANCE_RESOURCE_ENVELOPE,SRC_OPEN_RESPIRATORY_VIRUS_DASHBOARD,SRC_OPEN_AQHI_SMOKE_CONTEXT,SRC_OPEN_SCHOOL_HOLIDAY_CALENDAR,SRC_OPEN_STATCAN_PED_POPULATION",modelled,review
SITE_STOLLERY_INSPIRED,Stollery-inspired,diagnostics,Diagnostics,11,2026-08-24,1088,990,1219,69,133,0.725,"SRC_SYNTH_REFERRALS,SRC_SYNTH_REFERRAL_TRIAGE,SRC_SYNTH_WAITLIST_SNAPSHOTS,SRC_SYNTH_CLINIC_TEMPLATES,SRC_SYNTH_PROVIDER_AVAILABILITY,SRC_SYNTH_NO_SHOW_LATE_CANCEL,SRC_SYNTH_DIAGNOSTIC_READINESS,SRC_SYNTH_HR_SHIFT_ROSTER,SRC_SYNTH_FINANCE_RESOURCE_ENVELOPE,SRC_OPEN_RESPIRATORY_VIRUS_DASHBOARD,SRC_OPEN_AQHI_SMOKE_CONTEXT,SRC_OPEN_SCHOOL_HOLIDAY_CALENDAR,SRC_OPEN_STATCAN_PED_POPULATION",modelled,review
SITE_STOLLERY_INSPIRED,Stollery-inspired,diagnostics,Diagnostics,12,2026-08-31,1085,987,1215,69,134,0.725,"SRC_SYNTH_REFERRALS,SRC_SYNTH_REFERRAL_TRIAGE,SRC_SYNTH_WAITLIST_SNAPSHOTS,SRC_SYNTH_CLINIC_TEMPLATES,SRC_SYNTH_PROVIDER_AVAILABILITY,SRC_SYNTH_NO_SHOW_LATE_CANCEL,SRC_SYNTH_DIAGNOSTIC_READINESS,SRC_SYNTH_HR_SHIFT_ROSTER,SRC_SYNTH_FINANCE_RESOURCE_ENVELOPE,SRC_OPEN_RESPIRATORY_VIRUS_DASHBOARD,SRC_OPEN_AQHI_SMOKE_CONTEXT,SRC_OPEN_SCHOOL_HOLIDAY_CALENDAR,SRC_OPEN_STATCAN_PED_POPULATION",modelled,review
SITE_STOLLERY_INSPIRED,Stollery-inspired,diagnostics,Diagnostics,13,2026-09-07,1085,987,1215,69,134,0.725,"SRC_SYNTH_REFERRALS,SRC_SYNTH_REFERRAL_TRIAGE,SRC_SYNTH_WAITLIST_SNAPSHOTS,SRC_SYNTH_CLINIC_TEMPLATES,SRC_SYNTH_PROVIDER_AVAILABILITY,SRC_SYNTH_NO_SHOW_LATE_CANCEL,SRC_SYNTH_DIAGNOSTIC_READINESS,SRC_SYNTH_HR_SHIFT_ROSTER,SRC_SYNTH_FINANCE_RESOURCE_ENVELOPE,SRC_OPEN_RESPIRATORY_VIRUS_DASHBOARD,SRC_OPEN_AQHI_SMOKE_CONTEXT,SRC_OPEN_SCHOOL_HOLIDAY_CALENDAR,SRC_OPEN_STATCAN_PED_POPULATION",modelled,review
SITE_STOLLERY_INSPIRED,Stollery-inspired,diagnostics,Diagnostics,14,2026-09-14,1088,990,1219,70,135,0.725,"SRC_SYNTH_REFERRALS,SRC_SYNTH_REFERRAL_TRIAGE,SRC_SYNTH_WAITLIST_SNAPSHOTS,SRC_SYNTH_CLINIC_TEMPLATES,SRC_SYNTH_PROVIDER_AVAILABILITY,SRC_SYNTH_NO_SHOW_LATE_CANCEL,SRC_SYNTH_DIAGNOSTIC_READINESS,SRC_SYNTH_HR_SHIFT_ROSTER,SRC_SYNTH_FINANCE_RESOURCE_ENVELOPE,SRC_OPEN_RESPIRATORY_VIRUS_DASHBOARD,SRC_OPEN_AQHI_SMOKE_CONTEXT,SRC_OPEN_SCHOOL_HOLIDAY_CALENDAR,SRC_OPEN_STATCAN_PED_POPULATION",modelled,review
SITE_STOLLERY_INSPIRED,Stollery-inspired,diagnostics,Diagnostics,15,2026-09-21,1094,996,1225,70,135,0.725,"SRC_SYNTH_REFERRALS,SRC_SYNTH_REFERRAL_TRIAGE,SRC_SYNTH_WAITLIST_SNAPSHOTS,SRC_SYNTH_CLINIC_TEMPLATES,SRC_SYNTH_PROVIDER_AVAILABILITY,SRC_SYNTH_NO_SHOW_LATE_CANCEL,SRC_SYNTH_DIAGNOSTIC_READINESS,SRC_SYNTH_HR_SHIFT_ROSTER,SRC_SYNTH_FINANCE_RESOURCE_ENVELOPE,SRC_OPEN_RESPIRATORY_VIRUS_DASHBOARD,SRC_OPEN_AQHI_SMOKE_CONTEXT,SRC_OPEN_SCHOOL_HOLIDAY_CALENDAR,SRC_OPEN_STATCAN_PED_POPULATION",modelled,review
SITE_STOLLERY_INSPIRED,Stollery-inspired,diagnostics,Diagnostics,16,2026-09-28,1103,1004,1235,71,136,0.725,"SRC_SYNTH_REFERRALS,SRC_SYNTH_REFERRAL_TRIAGE,SRC_SYNTH_WAITLIST_SNAPSHOTS,SRC_SYNTH_CLINIC_TEMPLATES,SRC_SYNTH_PROVIDER_AVAILABILITY,SRC_SYNTH_NO_SHOW_LATE_CANCEL,SRC_SYNTH_DIAGNOSTIC_READINESS,SRC_SYNTH_HR_SHIFT_ROSTER,SRC_SYNTH_FINANCE_RESOURCE_ENVELOPE,SRC_OPEN_RESPIRATORY_VIRUS_DASHBOARD,SRC_OPEN_AQHI_SMOKE_CONTEXT,SRC_OPEN_SCHOOL_HOLIDAY_CALENDAR,SRC_OPEN_STATCAN_PED_POPULATION",modelled,review
SITE_STOLLERY_INSPIRED,Stollery-inspired,diagnostics,Diagnostics,17,2026-10-05,1116,1016,1250,71,137,0.725,"SRC_SYNTH_REFERRALS,SRC_SYNTH_REFERRAL_TRIAGE,SRC_SYNTH_WAITLIST_SNAPSHOTS,SRC_SYNTH_CLINIC_TEMPLATES,SRC_SYNTH_PROVIDER_AVAILABILITY,SRC_SYNTH_NO_SHOW_LATE_CANCEL,SRC_SYNTH_DIAGNOSTIC_READINESS,SRC_SYNTH_HR_SHIFT_ROSTER,SRC_SYNTH_FINANCE_RESOURCE_ENVELOPE,SRC_OPEN_RESPIRATORY_VIRUS_DASHBOARD,SRC_OPEN_AQHI_SMOKE_CONTEXT,SRC_OPEN_SCHOOL_HOLIDAY_CALENDAR,SRC_OPEN_STATCAN_PED_POPULATION",modelled,review
SITE_STOLLERY_INSPIRED,Stollery-inspired,diagnostics,Diagnostics,18,2026-10-12,1132,1030,1268,72,137,0.725,"SRC_SYNTH_REFERRALS,SRC_SYNTH_REFERRAL_TRIAGE,SRC_SYNTH_WAITLIST_SNAPSHOTS,SRC_SYNTH_CLINIC_TEMPLATES,SRC_SYNTH_PROVIDER_AVAILABILITY,SRC_SYNTH_NO_SHOW_LATE_CANCEL,SRC_SYNTH_DIAGNOSTIC_READINESS,SRC_SYNTH_HR_SHIFT_ROSTER,SRC_SYNTH_FINANCE_RESOURCE_ENVELOPE,SRC_OPEN_RESPIRATORY_VIRUS_DASHBOARD,SRC_OPEN_AQHI_SMOKE_CONTEXT,SRC_OPEN_SCHOOL_HOLIDAY_CALENDAR,SRC_OPEN_STATCAN_PED_POPULATION",modelled,review
SITE_STOLLERY_INSPIRED,Stollery-inspired,diagnostics,Diagnostics,19,2026-10-19,1150,1046,1288,73,138,0.725,"SRC_SYNTH_REFERRALS,SRC_SYNTH_REFERRAL_TRIAGE,SRC_SYNTH_WAITLIST_SNAPSHOTS,SRC_SYNTH_CLINIC_TEMPLATES,SRC_SYNTH_PROVIDER_AVAILABILITY,SRC_SYNTH_NO_SHOW_LATE_CANCEL,SRC_SYNTH_DIAGNOSTIC_READINESS,SRC_SYNTH_HR_SHIFT_ROSTER,SRC_SYNTH_FINANCE_RESOURCE_ENVELOPE,SRC_OPEN_RESPIRATORY_VIRUS_DASHBOARD,SRC_OPEN_AQHI_SMOKE_CONTEXT,SRC_OPEN_SCHOOL_HOLIDAY_CALENDAR,SRC_OPEN_STATCAN_PED_POPULATION",modelled,review
SITE_STOLLERY_INSPIRED,Stollery-inspired,diagnostics,Diagnostics,20,2026-10-26,1171,1066,1312,74,139,0.725,"SRC_SYNTH_REFERRALS,SRC_SYNTH_REFERRAL_TRIAGE,SRC_SYNTH_WAITLIST_SNAPSHOTS,SRC_SYNTH_CLINIC_TEMPLATES,SRC_SYNTH_PROVIDER_AVAILABILITY,SRC_SYNTH_NO_SHOW_LATE_CANCEL,SRC_SYNTH_DIAGNOSTIC_READINESS,SRC_SYNTH_HR_SHIFT_ROSTER,SRC_SYNTH_FINANCE_RESOURCE_ENVELOPE,SRC_OPEN_RESPIRATORY_VIRUS_DASHBOARD,SRC_OPEN_AQHI_SMOKE_CONTEXT,SRC_OPEN_SCHOOL_HOLIDAY_CALENDAR,SRC_OPEN_STATCAN_PED_POPULATION",modelled,review
SITE_STOLLERY_INSPIRED,Stollery-inspired,diagnostics,Diagnostics,21,2026-11-02,1193,1086,1336,75,139,0.725,"SRC_SYNTH_REFERRALS,SRC_SYNTH_REFERRAL_TRIAGE,SRC_SYNTH_WAITLIST_SNAPSHOTS,SRC_SYNTH_CLINIC_TEMPLATES,SRC_SYNTH_PROVIDER_AVAILABILITY,SRC_SYNTH_NO_SHOW_LATE_CANCEL,SRC_SYNTH_DIAGNOSTIC_READINESS,SRC_SYNTH_HR_SHIFT_ROSTER,SRC_SYNTH_FINANCE_RESOURCE_ENVELOPE,SRC_OPEN_RESPIRATORY_VIRUS_DASHBOARD,SRC_OPEN_AQHI_SMOKE_CONTEXT,SRC_OPEN_SCHOOL_HOLIDAY_CALENDAR,SRC_OPEN_STATCAN_PED_POPULATION",modelled,review
SITE_STOLLERY_INSPIRED,Stollery-inspired,diagnostics,Diagnostics,22,2026-11-09,1217,1107,1363,75,140,0.725,"SRC_SYNTH_REFERRALS,SRC_SYNTH_REFERRAL_TRIAGE,SRC_SYNTH_WAITLIST_SNAPSHOTS,SRC_SYNTH_CLINIC_TEMPLATES,SRC_SYNTH_PROVIDER_AVAILABILITY,SRC_SYNTH_NO_SHOW_LATE_CANCEL,SRC_SYNTH_DIAGNOSTIC_READINESS,SRC_SYNTH_HR_SHIFT_ROSTER,SRC_SYNTH_FINANCE_RESOURCE_ENVELOPE,SRC_OPEN_RESPIRATORY_VIRUS_DASHBOARD,SRC_OPEN_AQHI_SMOKE_CONTEXT,SRC_OPEN_SCHOOL_HOLIDAY_CALENDAR,SRC_OPEN_STATCAN_PED_POPULATION",modelled,review
SITE_STOLLERY_INSPIRED,Stollery-inspired,diagnostics,Diagnostics,23,2026-11-16,1242,1130,1391,76,140,0.725,"SRC_SYNTH_REFERRALS,SRC_SYNTH_REFERRAL_TRIAGE,SRC_SYNTH_WAITLIST_SNAPSHOTS,SRC_SYNTH_CLINIC_TEMPLATES,SRC_SYNTH_PROVIDER_AVAILABILITY,SRC_SYNTH_NO_SHOW_LATE_CANCEL,SRC_SYNTH_DIAGNOSTIC_READINESS,SRC_SYNTH_HR_SHIFT_ROSTER,SRC_SYNTH_FINANCE_RESOURCE_ENVELOPE,SRC_OPEN_RESPIRATORY_VIRUS_DASHBOARD,SRC_OPEN_AQHI_SMOKE_CONTEXT,SRC_OPEN_SCHOOL_HOLIDAY_CALENDAR,SRC_OPEN_STATCAN_PED_POPULATION",modelled,review
SITE_STOLLERY_INSPIRED,Stollery-inspired,diagnostics,Diagnostics,24,2026-11-23,1267,1153,1419,77,141,0.725,"SRC_SYNTH_REFERRALS,SRC_SYNTH_REFERRAL_TRIAGE,SRC_SYNTH_WAITLIST_SNAPSHOTS,SRC_SYNTH_CLINIC_TEMPLATES,SRC_SYNTH_PROVIDER_AVAILABILITY,SRC_SYNTH_NO_SHOW_LATE_CANCEL,SRC_SYNTH_DIAGNOSTIC_READINESS,SRC_SYNTH_HR_SHIFT_ROSTER,SRC_SYNTH_FINANCE_RESOURCE_ENVELOPE,SRC_OPEN_RESPIRATORY_VIRUS_DASHBOARD,SRC_OPEN_AQHI_SMOKE_CONTEXT,SRC_OPEN_SCHOOL_HOLIDAY_CALENDAR,SRC_OPEN_STATCAN_PED_POPULATION",modelled,review
SITE_STOLLERY_INSPIRED,Stollery-inspired,diagnostics,Diagnostics,25,2026-11-30,1291,1175,1446,78,142,0.725,"SRC_SYNTH_REFERRALS,SRC_SYNTH_REFERRAL_TRIAGE,SRC_SYNTH_WAITLIST_SNAPSHOTS,SRC_SYNTH_CLINIC_TEMPLATES,SRC_SYNTH_PROVIDER_AVAILABILITY,SRC_SYNTH_NO_SHOW_LATE_CANCEL,SRC_SYNTH_DIAGNOSTIC_READINESS,SRC_SYNTH_HR_SHIFT_ROSTER,SRC_SYNTH_FINANCE_RESOURCE_ENVELOPE,SRC_OPEN_RESPIRATORY_VIRUS_DASHBOARD,SRC_OPEN_AQHI_SMOKE_CONTEXT,SRC_OPEN_SCHOOL_HOLIDAY_CALENDAR,SRC_OPEN_STATCAN_PED_POPULATION",modelled,review
SITE_STOLLERY_INSPIRED,Stollery-inspired,diagnostics,Diagnostics,26,2026-12-07,1314,1196,1472,79,142,0.725,"SRC_SYNTH_REFERRALS,SRC_SYNTH_REFERRAL_TRIAGE,SRC_SYNTH_WAITLIST_SNAPSHOTS,SRC_SYNTH_CLINIC_TEMPLATES,SRC_SYNTH_PROVIDER_AVAILABILITY,SRC_SYNTH_NO_SHOW_LATE_CANCEL,SRC_SYNTH_DIAGNOSTIC_READINESS,SRC_SYNTH_HR_SHIFT_ROSTER,SRC_SYNTH_FINANCE_RESOURCE_ENVELOPE,SRC_OPEN_RESPIRATORY_VIRUS_DASHBOARD,SRC_OPEN_AQHI_SMOKE_CONTEXT,SRC_OPEN_SCHOOL_HOLIDAY_CALENDAR,SRC_OPEN_STATCAN_PED_POPULATION",modelled,review
SITE_STOLLERY_INSPIRED,Stollery-inspired,post_discharge_follow_up,Post-discharge follow-up,1,2026-06-15,651,592,729,61,73,0.82,"SRC_SYNTH_REFERRALS,SRC_SYNTH_REFERRAL_TRIAGE,SRC_SYNTH_WAITLIST_SNAPSHOTS,SRC_SYNTH_CLINIC_TEMPLATES,SRC_SYNTH_PROVIDER_AVAILABILITY,SRC_SYNTH_NO_SHOW_LATE_CANCEL,SRC_SYNTH_DIAGNOSTIC_READINESS,SRC_SYNTH_HR_SHIFT_ROSTER,SRC_SYNTH_FINANCE_RESOURCE_ENVELOPE,SRC_OPEN_RESPIRATORY_VIRUS_DASHBOARD,SRC_OPEN_AQHI_SMOKE_CONTEXT,SRC_OPEN_SCHOOL_HOLIDAY_CALENDAR,SRC_OPEN_STATCAN_PED_POPULATION",modelled,ready
SITE_STOLLERY_INSPIRED,Stollery-inspired,post_discharge_follow_up,Post-discharge follow-up,2,2026-06-22,648,590,726,61,74,0.82,"SRC_SYNTH_REFERRALS,SRC_SYNTH_REFERRAL_TRIAGE,SRC_SYNTH_WAITLIST_SNAPSHOTS,SRC_SYNTH_CLINIC_TEMPLATES,SRC_SYNTH_PROVIDER_AVAILABILITY,SRC_SYNTH_NO_SHOW_LATE_CANCEL,SRC_SYNTH_DIAGNOSTIC_READINESS,SRC_SYNTH_HR_SHIFT_ROSTER,SRC_SYNTH_FINANCE_RESOURCE_ENVELOPE,SRC_OPEN_RESPIRATORY_VIRUS_DASHBOARD,SRC_OPEN_AQHI_SMOKE_CONTEXT,SRC_OPEN_SCHOOL_HOLIDAY_CALENDAR,SRC_OPEN_STATCAN_PED_POPULATION",modelled,ready
SITE_STOLLERY_INSPIRED,Stollery-inspired,post_discharge_follow_up,Post-discharge follow-up,3,2026-06-29,643,585,720,61,74,0.82,"SRC_SYNTH_REFERRALS,SRC_SYNTH_REFERRAL_TRIAGE,SRC_SYNTH_WAITLIST_SNAPSHOTS,SRC_SYNTH_CLINIC_TEMPLATES,SRC_SYNTH_PROVIDER_AVAILABILITY,SRC_SYNTH_NO_SHOW_LATE_CANCEL,SRC_SYNTH_DIAGNOSTIC_READINESS,SRC_SYNTH_HR_SHIFT_ROSTER,SRC_SYNTH_FINANCE_RESOURCE_ENVELOPE,SRC_OPEN_RESPIRATORY_VIRUS_DASHBOARD,SRC_OPEN_AQHI_SMOKE_CONTEXT,SRC_OPEN_SCHOOL_HOLIDAY_CALENDAR,SRC_OPEN_STATCAN_PED_POPULATION",modelled,ready
SITE_STOLLERY_INSPIRED,Stollery-inspired,post_discharge_follow_up,Post-discharge follow-up,4,2026-07-06,638,581,715,61,75,0.82,"SRC_SYNTH_REFERRALS,SRC_SYNTH_REFERRAL_TRIAGE,SRC_SYNTH_WAITLIST_SNAPSHOTS,SRC_SYNTH_CLINIC_TEMPLATES,SRC_SYNTH_PROVIDER_AVAILABILITY,SRC_SYNTH_NO_SHOW_LATE_CANCEL,SRC_SYNTH_DIAGNOSTIC_READINESS,SRC_SYNTH_HR_SHIFT_ROSTER,SRC_SYNTH_FINANCE_RESOURCE_ENVELOPE,SRC_OPEN_RESPIRATORY_VIRUS_DASHBOARD,SRC_OPEN_AQHI_SMOKE_CONTEXT,SRC_OPEN_SCHOOL_HOLIDAY_CALENDAR,SRC_OPEN_STATCAN_PED_POPULATION",modelled,ready
SITE_STOLLERY_INSPIRED,Stollery-inspired,post_discharge_follow_up,Post-discharge follow-up,5,2026-07-13,632,575,708,61,75,0.82,"SRC_SYNTH_REFERRALS,SRC_SYNTH_REFERRAL_TRIAGE,SRC_SYNTH_WAITLIST_SNAPSHOTS,SRC_SYNTH_CLINIC_TEMPLATES,SRC_SYNTH_PROVIDER_AVAILABILITY,SRC_SYNTH_NO_SHOW_LATE_CANCEL,SRC_SYNTH_DIAGNOSTIC_READINESS,SRC_SYNTH_HR_SHIFT_ROSTER,SRC_SYNTH_FINANCE_RESOURCE_ENVELOPE,SRC_OPEN_RESPIRATORY_VIRUS_DASHBOARD,SRC_OPEN_AQHI_SMOKE_CONTEXT,SRC_OPEN_SCHOOL_HOLIDAY_CALENDAR,SRC_OPEN_STATCAN_PED_POPULATION",modelled,ready
SITE_STOLLERY_INSPIRED,Stollery-inspired,post_discharge_follow_up,Post-discharge follow-up,6,2026-07-20,627,571,702,61,75,0.82,"SRC_SYNTH_REFERRALS,SRC_SYNTH_REFERRAL_TRIAGE,SRC_SYNTH_WAITLIST_SNAPSHOTS,SRC_SYNTH_CLINIC_TEMPLATES,SRC_SYNTH_PROVIDER_AVAILABILITY,SRC_SYNTH_NO_SHOW_LATE_CANCEL,SRC_SYNTH_DIAGNOSTIC_READINESS,SRC_SYNTH_HR_SHIFT_ROSTER,SRC_SYNTH_FINANCE_RESOURCE_ENVELOPE,SRC_OPEN_RESPIRATORY_VIRUS_DASHBOARD,SRC_OPEN_AQHI_SMOKE_CONTEXT,SRC_OPEN_SCHOOL_HOLIDAY_CALENDAR,SRC_OPEN_STATCAN_PED_POPULATION",modelled,ready
SITE_STOLLERY_INSPIRED,Stollery-inspired,post_discharge_follow_up,Post-discharge follow-up,7,2026-07-27,621,565,696,61,76,0.82,"SRC_SYNTH_REFERRALS,SRC_SYNTH_REFERRAL_TRIAGE,SRC_SYNTH_WAITLIST_SNAPSHOTS,SRC_SYNTH_CLINIC_TEMPLATES,SRC_SYNTH_PROVIDER_AVAILABILITY,SRC_SYNTH_NO_SHOW_LATE_CANCEL,SRC_SYNTH_DIAGNOSTIC_READINESS,SRC_SYNTH_HR_SHIFT_ROSTER,SRC_SYNTH_FINANCE_RESOURCE_ENVELOPE,SRC_OPEN_RESPIRATORY_VIRUS_DASHBOARD,SRC_OPEN_AQHI_SMOKE_CONTEXT,SRC_OPEN_SCHOOL_HOLIDAY_CALENDAR,SRC_OPEN_STATCAN_PED_POPULATION",modelled,ready
SITE_STOLLERY_INSPIRED,Stollery-inspired,post_discharge_follow_up,Post-discharge follow-up,8,2026-08-03,616,561,690,61,76,0.82,"SRC_SYNTH_REFERRALS,SRC_SYNTH_REFERRAL_TRIAGE,SRC_SYNTH_WAITLIST_SNAPSHOTS,SRC_SYNTH_CLINIC_TEMPLATES,SRC_SYNTH_PROVIDER_AVAILABILITY,SRC_SYNTH_NO_SHOW_LATE_CANCEL,SRC_SYNTH_DIAGNOSTIC_READINESS,SRC_SYNTH_HR_SHIFT_ROSTER,SRC_SYNTH_FINANCE_RESOURCE_ENVELOPE,SRC_OPEN_RESPIRATORY_VIRUS_DASHBOARD,SRC_OPEN_AQHI_SMOKE_CONTEXT,SRC_OPEN_SCHOOL_HOLIDAY_CALENDAR,SRC_OPEN_STATCAN_PED_POPULATION",modelled,ready
SITE_STOLLERY_INSPIRED,Stollery-inspired,post_discharge_follow_up,Post-discharge follow-up,9,2026-08-10,612,557,685,61,77,0.82,"SRC_SYNTH_REFERRALS,SRC_SYNTH_REFERRAL_TRIAGE,SRC_SYNTH_WAITLIST_SNAPSHOTS,SRC_SYNTH_CLINIC_TEMPLATES,SRC_SYNTH_PROVIDER_AVAILABILITY,SRC_SYNTH_NO_SHOW_LATE_CANCEL,SRC_SYNTH_DIAGNOSTIC_READINESS,SRC_SYNTH_HR_SHIFT_ROSTER,SRC_SYNTH_FINANCE_RESOURCE_ENVELOPE,SRC_OPEN_RESPIRATORY_VIRUS_DASHBOARD,SRC_OPEN_AQHI_SMOKE_CONTEXT,SRC_OPEN_SCHOOL_HOLIDAY_CALENDAR,SRC_OPEN_STATCAN_PED_POPULATION",modelled,ready
SITE_STOLLERY_INSPIRED,Stollery-inspired,post_discharge_follow_up,Post-discharge follow-up,10,2026-08-17,609,554,682,62,77,0.82,"SRC_SYNTH_REFERRALS,SRC_SYNTH_REFERRAL_TRIAGE,SRC_SYNTH_WAITLIST_SNAPSHOTS,SRC_SYNTH_CLINIC_TEMPLATES,SRC_SYNTH_PROVIDER_AVAILABILITY,SRC_SYNTH_NO_SHOW_LATE_CANCEL,SRC_SYNTH_DIAGNOSTIC_READINESS,SRC_SYNTH_HR_SHIFT_ROSTER,SRC_SYNTH_FINANCE_RESOURCE_ENVELOPE,SRC_OPEN_RESPIRATORY_VIRUS_DASHBOARD,SRC_OPEN_AQHI_SMOKE_CONTEXT,SRC_OPEN_SCHOOL_HOLIDAY_CALENDAR,SRC_OPEN_STATCAN_PED_POPULATION",modelled,ready
SITE_STOLLERY_INSPIRED,Stollery-inspired,post_discharge_follow_up,Post-discharge follow-up,11,2026-08-24,608,553,681,62,77,0.82,"SRC_SYNTH_REFERRALS,SRC_SYNTH_REFERRAL_TRIAGE,SRC_SYNTH_WAITLIST_SNAPSHOTS,SRC_SYNTH_CLINIC_TEMPLATES,SRC_SYNTH_PROVIDER_AVAILABILITY,SRC_SYNTH_NO_SHOW_LATE_CANCEL,SRC_SYNTH_DIAGNOSTIC_READINESS,SRC_SYNTH_HR_SHIFT_ROSTER,SRC_SYNTH_FINANCE_RESOURCE_ENVELOPE,SRC_OPEN_RESPIRATORY_VIRUS_DASHBOARD,SRC_OPEN_AQHI_SMOKE_CONTEXT,SRC_OPEN_SCHOOL_HOLIDAY_CALENDAR,SRC_OPEN_STATCAN_PED_POPULATION",modelled,ready
SITE_STOLLERY_INSPIRED,Stollery-inspired,post_discharge_follow_up,Post-discharge follow-up,12,2026-08-31,607,552,680,62,78,0.82,"SRC_SYNTH_REFERRALS,SRC_SYNTH_REFERRAL_TRIAGE,SRC_SYNTH_WAITLIST_SNAPSHOTS,SRC_SYNTH_CLINIC_TEMPLATES,SRC_SYNTH_PROVIDER_AVAILABILITY,SRC_SYNTH_NO_SHOW_LATE_CANCEL,SRC_SYNTH_DIAGNOSTIC_READINESS,SRC_SYNTH_HR_SHIFT_ROSTER,SRC_SYNTH_FINANCE_RESOURCE_ENVELOPE,SRC_OPEN_RESPIRATORY_VIRUS_DASHBOARD,SRC_OPEN_AQHI_SMOKE_CONTEXT,SRC_OPEN_SCHOOL_HOLIDAY_CALENDAR,SRC_OPEN_STATCAN_PED_POPULATION",modelled,ready
SITE_STOLLERY_INSPIRED,Stollery-inspired,post_discharge_follow_up,Post-discharge follow-up,13,2026-09-07,609,554,682,62,78,0.82,"SRC_SYNTH_REFERRALS,SRC_SYNTH_REFERRAL_TRIAGE,SRC_SYNTH_WAITLIST_SNAPSHOTS,SRC_SYNTH_CLINIC_TEMPLATES,SRC_SYNTH_PROVIDER_AVAILABILITY,SRC_SYNTH_NO_SHOW_LATE_CANCEL,SRC_SYNTH_DIAGNOSTIC_READINESS,SRC_SYNTH_HR_SHIFT_ROSTER,SRC_SYNTH_FINANCE_RESOURCE_ENVELOPE,SRC_OPEN_RESPIRATORY_VIRUS_DASHBOARD,SRC_OPEN_AQHI_SMOKE_CONTEXT,SRC_OPEN_SCHOOL_HOLIDAY_CALENDAR,SRC_OPEN_STATCAN_PED_POPULATION",modelled,ready
SITE_STOLLERY_INSPIRED,Stollery-inspired,post_discharge_follow_up,Post-discharge follow-up,14,2026-09-14,613,558,687,63,79,0.82,"SRC_SYNTH_REFERRALS,SRC_SYNTH_REFERRAL_TRIAGE,SRC_SYNTH_WAITLIST_SNAPSHOTS,SRC_SYNTH_CLINIC_TEMPLATES,SRC_SYNTH_PROVIDER_AVAILABILITY,SRC_SYNTH_NO_SHOW_LATE_CANCEL,SRC_SYNTH_DIAGNOSTIC_READINESS,SRC_SYNTH_HR_SHIFT_ROSTER,SRC_SYNTH_FINANCE_RESOURCE_ENVELOPE,SRC_OPEN_RESPIRATORY_VIRUS_DASHBOARD,SRC_OPEN_AQHI_SMOKE_CONTEXT,SRC_OPEN_SCHOOL_HOLIDAY_CALENDAR,SRC_OPEN_STATCAN_PED_POPULATION",modelled,ready
SITE_STOLLERY_INSPIRED,Stollery-inspired,post_discharge_follow_up,Post-discharge follow-up,15,2026-09-21,618,562,692,63,79,0.82,"SRC_SYNTH_REFERRALS,SRC_SYNTH_REFERRAL_TRIAGE,SRC_SYNTH_WAITLIST_SNAPSHOTS,SRC_SYNTH_CLINIC_TEMPLATES,SRC_SYNTH_PROVIDER_AVAILABILITY,SRC_SYNTH_NO_SHOW_LATE_CANCEL,SRC_SYNTH_DIAGNOSTIC_READINESS,SRC_SYNTH_HR_SHIFT_ROSTER,SRC_SYNTH_FINANCE_RESOURCE_ENVELOPE,SRC_OPEN_RESPIRATORY_VIRUS_DASHBOARD,SRC_OPEN_AQHI_SMOKE_CONTEXT,SRC_OPEN_SCHOOL_HOLIDAY_CALENDAR,SRC_OPEN_STATCAN_PED_POPULATION",modelled,ready
SITE_STOLLERY_INSPIRED,Stollery-inspired,post_discharge_follow_up,Post-discharge follow-up,16,2026-09-28,625,569,700,64,79,0.82,"SRC_SYNTH_REFERRALS,SRC_SYNTH_REFERRAL_TRIAGE,SRC_SYNTH_WAITLIST_SNAPSHOTS,SRC_SYNTH_CLINIC_TEMPLATES,SRC_SYNTH_PROVIDER_AVAILABILITY,SRC_SYNTH_NO_SHOW_LATE_CANCEL,SRC_SYNTH_DIAGNOSTIC_READINESS,SRC_SYNTH_HR_SHIFT_ROSTER,SRC_SYNTH_FINANCE_RESOURCE_ENVELOPE,SRC_OPEN_RESPIRATORY_VIRUS_DASHBOARD,SRC_OPEN_AQHI_SMOKE_CONTEXT,SRC_OPEN_SCHOOL_HOLIDAY_CALENDAR,SRC_OPEN_STATCAN_PED_POPULATION",modelled,ready
SITE_STOLLERY_INSPIRED,Stollery-inspired,post_discharge_follow_up,Post-discharge follow-up,17,2026-10-05,634,577,710,65,80,0.82,"SRC_SYNTH_REFERRALS,SRC_SYNTH_REFERRAL_TRIAGE,SRC_SYNTH_WAITLIST_SNAPSHOTS,SRC_SYNTH_CLINIC_TEMPLATES,SRC_SYNTH_PROVIDER_AVAILABILITY,SRC_SYNTH_NO_SHOW_LATE_CANCEL,SRC_SYNTH_DIAGNOSTIC_READINESS,SRC_SYNTH_HR_SHIFT_ROSTER,SRC_SYNTH_FINANCE_RESOURCE_ENVELOPE,SRC_OPEN_RESPIRATORY_VIRUS_DASHBOARD,SRC_OPEN_AQHI_SMOKE_CONTEXT,SRC_OPEN_SCHOOL_HOLIDAY_CALENDAR,SRC_OPEN_STATCAN_PED_POPULATION",modelled,ready
SITE_STOLLERY_INSPIRED,Stollery-inspired,post_discharge_follow_up,Post-discharge follow-up,18,2026-10-12,644,586,721,66,80,0.82,"SRC_SYNTH_REFERRALS,SRC_SYNTH_REFERRAL_TRIAGE,SRC_SYNTH_WAITLIST_SNAPSHOTS,SRC_SYNTH_CLINIC_TEMPLATES,SRC_SYNTH_PROVIDER_AVAILABILITY,SRC_SYNTH_NO_SHOW_LATE_CANCEL,SRC_SYNTH_DIAGNOSTIC_READINESS,SRC_SYNTH_HR_SHIFT_ROSTER,SRC_SYNTH_FINANCE_RESOURCE_ENVELOPE,SRC_OPEN_RESPIRATORY_VIRUS_DASHBOARD,SRC_OPEN_AQHI_SMOKE_CONTEXT,SRC_OPEN_SCHOOL_HOLIDAY_CALENDAR,SRC_OPEN_STATCAN_PED_POPULATION",modelled,ready
SITE_STOLLERY_INSPIRED,Stollery-inspired,post_discharge_follow_up,Post-discharge follow-up,19,2026-10-19,656,597,735,66,81,0.82,"SRC_SYNTH_REFERRALS,SRC_SYNTH_REFERRAL_TRIAGE,SRC_SYNTH_WAITLIST_SNAPSHOTS,SRC_SYNTH_CLINIC_TEMPLATES,SRC_SYNTH_PROVIDER_AVAILABILITY,SRC_SYNTH_NO_SHOW_LATE_CANCEL,SRC_SYNTH_DIAGNOSTIC_READINESS,SRC_SYNTH_HR_SHIFT_ROSTER,SRC_SYNTH_FINANCE_RESOURCE_ENVELOPE,SRC_OPEN_RESPIRATORY_VIRUS_DASHBOARD,SRC_OPEN_AQHI_SMOKE_CONTEXT,SRC_OPEN_SCHOOL_HOLIDAY_CALENDAR,SRC_OPEN_STATCAN_PED_POPULATION",modelled,ready
SITE_STOLLERY_INSPIRED,Stollery-inspired,post_discharge_follow_up,Post-discharge follow-up,20,2026-10-26,668,608,748,67,81,0.82,"SRC_SYNTH_REFERRALS,SRC_SYNTH_REFERRAL_TRIAGE,SRC_SYNTH_WAITLIST_SNAPSHOTS,SRC_SYNTH_CLINIC_TEMPLATES,SRC_SYNTH_PROVIDER_AVAILABILITY,SRC_SYNTH_NO_SHOW_LATE_CANCEL,SRC_SYNTH_DIAGNOSTIC_READINESS,SRC_SYNTH_HR_SHIFT_ROSTER,SRC_SYNTH_FINANCE_RESOURCE_ENVELOPE,SRC_OPEN_RESPIRATORY_VIRUS_DASHBOARD,SRC_OPEN_AQHI_SMOKE_CONTEXT,SRC_OPEN_SCHOOL_HOLIDAY_CALENDAR,SRC_OPEN_STATCAN_PED_POPULATION",modelled,ready
SITE_STOLLERY_INSPIRED,Stollery-inspired,post_discharge_follow_up,Post-discharge follow-up,21,2026-11-02,682,621,764,68,82,0.82,"SRC_SYNTH_REFERRALS,SRC_SYNTH_REFERRAL_TRIAGE,SRC_SYNTH_WAITLIST_SNAPSHOTS,SRC_SYNTH_CLINIC_TEMPLATES,SRC_SYNTH_PROVIDER_AVAILABILITY,SRC_SYNTH_NO_SHOW_LATE_CANCEL,SRC_SYNTH_DIAGNOSTIC_READINESS,SRC_SYNTH_HR_SHIFT_ROSTER,SRC_SYNTH_FINANCE_RESOURCE_ENVELOPE,SRC_OPEN_RESPIRATORY_VIRUS_DASHBOARD,SRC_OPEN_AQHI_SMOKE_CONTEXT,SRC_OPEN_SCHOOL_HOLIDAY_CALENDAR,SRC_OPEN_STATCAN_PED_POPULATION",modelled,ready
SITE_STOLLERY_INSPIRED,Stollery-inspired,post_discharge_follow_up,Post-discharge follow-up,22,2026-11-09,696,633,780,69,82,0.82,"SRC_SYNTH_REFERRALS,SRC_SYNTH_REFERRAL_TRIAGE,SRC_SYNTH_WAITLIST_SNAPSHOTS,SRC_SYNTH_CLINIC_TEMPLATES,SRC_SYNTH_PROVIDER_AVAILABILITY,SRC_SYNTH_NO_SHOW_LATE_CANCEL,SRC_SYNTH_DIAGNOSTIC_READINESS,SRC_SYNTH_HR_SHIFT_ROSTER,SRC_SYNTH_FINANCE_RESOURCE_ENVELOPE,SRC_OPEN_RESPIRATORY_VIRUS_DASHBOARD,SRC_OPEN_AQHI_SMOKE_CONTEXT,SRC_OPEN_SCHOOL_HOLIDAY_CALENDAR,SRC_OPEN_STATCAN_PED_POPULATION",modelled,ready
SITE_STOLLERY_INSPIRED,Stollery-inspired,post_discharge_follow_up,Post-discharge follow-up,23,2026-11-16,710,646,795,70,82,0.82,"SRC_SYNTH_REFERRALS,SRC_SYNTH_REFERRAL_TRIAGE,SRC_SYNTH_WAITLIST_SNAPSHOTS,SRC_SYNTH_CLINIC_TEMPLATES,SRC_SYNTH_PROVIDER_AVAILABILITY,SRC_SYNTH_NO_SHOW_LATE_CANCEL,SRC_SYNTH_DIAGNOSTIC_READINESS,SRC_SYNTH_HR_SHIFT_ROSTER,SRC_SYNTH_FINANCE_RESOURCE_ENVELOPE,SRC_OPEN_RESPIRATORY_VIRUS_DASHBOARD,SRC_OPEN_AQHI_SMOKE_CONTEXT,SRC_OPEN_SCHOOL_HOLIDAY_CALENDAR,SRC_OPEN_STATCAN_PED_POPULATION",modelled,ready
SITE_STOLLERY_INSPIRED,Stollery-inspired,post_discharge_follow_up,Post-discharge follow-up,24,2026-11-23,723,658,810,71,83,0.82,"SRC_SYNTH_REFERRALS,SRC_SYNTH_REFERRAL_TRIAGE,SRC_SYNTH_WAITLIST_SNAPSHOTS,SRC_SYNTH_CLINIC_TEMPLATES,SRC_SYNTH_PROVIDER_AVAILABILITY,SRC_SYNTH_NO_SHOW_LATE_CANCEL,SRC_SYNTH_DIAGNOSTIC_READINESS,SRC_SYNTH_HR_SHIFT_ROSTER,SRC_SYNTH_FINANCE_RESOURCE_ENVELOPE,SRC_OPEN_RESPIRATORY_VIRUS_DASHBOARD,SRC_OPEN_AQHI_SMOKE_CONTEXT,SRC_OPEN_SCHOOL_HOLIDAY_CALENDAR,SRC_OPEN_STATCAN_PED_POPULATION",modelled,ready
SITE_STOLLERY_INSPIRED,Stollery-inspired,post_discharge_follow_up,Post-discharge follow-up,25,2026-11-30,736,670,824,72,83,0.82,"SRC_SYNTH_REFERRALS,SRC_SYNTH_REFERRAL_TRIAGE,SRC_SYNTH_WAITLIST_SNAPSHOTS,SRC_SYNTH_CLINIC_TEMPLATES,SRC_SYNTH_PROVIDER_AVAILABILITY,SRC_SYNTH_NO_SHOW_LATE_CANCEL,SRC_SYNTH_DIAGNOSTIC_READINESS,SRC_SYNTH_HR_SHIFT_ROSTER,SRC_SYNTH_FINANCE_RESOURCE_ENVELOPE,SRC_OPEN_RESPIRATORY_VIRUS_DASHBOARD,SRC_OPEN_AQHI_SMOKE_CONTEXT,SRC_OPEN_SCHOOL_HOLIDAY_CALENDAR,SRC_OPEN_STATCAN_PED_POPULATION",modelled,ready
SITE_STOLLERY_INSPIRED,Stollery-inspired,post_discharge_follow_up,Post-discharge follow-up,26,2026-12-07,748,681,838,72,84,0.82,"SRC_SYNTH_REFERRALS,SRC_SYNTH_REFERRAL_TRIAGE,SRC_SYNTH_WAITLIST_SNAPSHOTS,SRC_SYNTH_CLINIC_TEMPLATES,SRC_SYNTH_PROVIDER_AVAILABILITY,SRC_SYNTH_NO_SHOW_LATE_CANCEL,SRC_SYNTH_DIAGNOSTIC_READINESS,SRC_SYNTH_HR_SHIFT_ROSTER,SRC_SYNTH_FINANCE_RESOURCE_ENVELOPE,SRC_OPEN_RESPIRATORY_VIRUS_DASHBOARD,SRC_OPEN_AQHI_SMOKE_CONTEXT,SRC_OPEN_SCHOOL_HOLIDAY_CALENDAR,SRC_OPEN_STATCAN_PED_POPULATION",modelled,ready
SITE_STOLLERY_INSPIRED,Stollery-inspired,virtual_outreach,Virtual/outreach,1,2026-06-15,563,512,631,56,62,0.835,"SRC_SYNTH_REFERRALS,SRC_SYNTH_REFERRAL_TRIAGE,SRC_SYNTH_WAITLIST_SNAPSHOTS,SRC_SYNTH_CLINIC_TEMPLATES,SRC_SYNTH_PROVIDER_AVAILABILITY,SRC_SYNTH_NO_SHOW_LATE_CANCEL,SRC_SYNTH_DIAGNOSTIC_READINESS,SRC_SYNTH_HR_SHIFT_ROSTER,SRC_SYNTH_FINANCE_RESOURCE_ENVELOPE,SRC_OPEN_RESPIRATORY_VIRUS_DASHBOARD,SRC_OPEN_AQHI_SMOKE_CONTEXT,SRC_OPEN_SCHOOL_HOLIDAY_CALENDAR,SRC_OPEN_STATCAN_PED_POPULATION",modelled,review
SITE_STOLLERY_INSPIRED,Stollery-inspired,virtual_outreach,Virtual/outreach,2,2026-06-22,559,509,626,56,62,0.835,"SRC_SYNTH_REFERRALS,SRC_SYNTH_REFERRAL_TRIAGE,SRC_SYNTH_WAITLIST_SNAPSHOTS,SRC_SYNTH_CLINIC_TEMPLATES,SRC_SYNTH_PROVIDER_AVAILABILITY,SRC_SYNTH_NO_SHOW_LATE_CANCEL,SRC_SYNTH_DIAGNOSTIC_READINESS,SRC_SYNTH_HR_SHIFT_ROSTER,SRC_SYNTH_FINANCE_RESOURCE_ENVELOPE,SRC_OPEN_RESPIRATORY_VIRUS_DASHBOARD,SRC_OPEN_AQHI_SMOKE_CONTEXT,SRC_OPEN_SCHOOL_HOLIDAY_CALENDAR,SRC_OPEN_STATCAN_PED_POPULATION",modelled,review
SITE_STOLLERY_INSPIRED,Stollery-inspired,virtual_outreach,Virtual/outreach,3,2026-06-29,555,505,622,56,63,0.835,"SRC_SYNTH_REFERRALS,SRC_SYNTH_REFERRAL_TRIAGE,SRC_SYNTH_WAITLIST_SNAPSHOTS,SRC_SYNTH_CLINIC_TEMPLATES,SRC_SYNTH_PROVIDER_AVAILABILITY,SRC_SYNTH_NO_SHOW_LATE_CANCEL,SRC_SYNTH_DIAGNOSTIC_READINESS,SRC_SYNTH_HR_SHIFT_ROSTER,SRC_SYNTH_FINANCE_RESOURCE_ENVELOPE,SRC_OPEN_RESPIRATORY_VIRUS_DASHBOARD,SRC_OPEN_AQHI_SMOKE_CONTEXT,SRC_OPEN_SCHOOL_HOLIDAY_CALENDAR,SRC_OPEN_STATCAN_PED_POPULATION",modelled,review
SITE_STOLLERY_INSPIRED,Stollery-inspired,virtual_outreach,Virtual/outreach,4,2026-07-06,550,500,616,56,63,0.835,"SRC_SYNTH_REFERRALS,SRC_SYNTH_REFERRAL_TRIAGE,SRC_SYNTH_WAITLIST_SNAPSHOTS,SRC_SYNTH_CLINIC_TEMPLATES,SRC_SYNTH_PROVIDER_AVAILABILITY,SRC_SYNTH_NO_SHOW_LATE_CANCEL,SRC_SYNTH_DIAGNOSTIC_READINESS,SRC_SYNTH_HR_SHIFT_ROSTER,SRC_SYNTH_FINANCE_RESOURCE_ENVELOPE,SRC_OPEN_RESPIRATORY_VIRUS_DASHBOARD,SRC_OPEN_AQHI_SMOKE_CONTEXT,SRC_OPEN_SCHOOL_HOLIDAY_CALENDAR,SRC_OPEN_STATCAN_PED_POPULATION",modelled,review
SITE_STOLLERY_INSPIRED,Stollery-inspired,virtual_outreach,Virtual/outreach,5,2026-07-13,545,496,610,56,63,0.835,"SRC_SYNTH_REFERRALS,SRC_SYNTH_REFERRAL_TRIAGE,SRC_SYNTH_WAITLIST_SNAPSHOTS,SRC_SYNTH_CLINIC_TEMPLATES,SRC_SYNTH_PROVIDER_AVAILABILITY,SRC_SYNTH_NO_SHOW_LATE_CANCEL,SRC_SYNTH_DIAGNOSTIC_READINESS,SRC_SYNTH_HR_SHIFT_ROSTER,SRC_SYNTH_FINANCE_RESOURCE_ENVELOPE,SRC_OPEN_RESPIRATORY_VIRUS_DASHBOARD,SRC_OPEN_AQHI_SMOKE_CONTEXT,SRC_OPEN_SCHOOL_HOLIDAY_CALENDAR,SRC_OPEN_STATCAN_PED_POPULATION",modelled,review
SITE_STOLLERY_INSPIRED,Stollery-inspired,virtual_outreach,Virtual/outreach,6,2026-07-20,540,491,605,56,63,0.835,"SRC_SYNTH_REFERRALS,SRC_SYNTH_REFERRAL_TRIAGE,SRC_SYNTH_WAITLIST_SNAPSHOTS,SRC_SYNTH_CLINIC_TEMPLATES,SRC_SYNTH_PROVIDER_AVAILABILITY,SRC_SYNTH_NO_SHOW_LATE_CANCEL,SRC_SYNTH_DIAGNOSTIC_READINESS,SRC_SYNTH_HR_SHIFT_ROSTER,SRC_SYNTH_FINANCE_RESOURCE_ENVELOPE,SRC_OPEN_RESPIRATORY_VIRUS_DASHBOARD,SRC_OPEN_AQHI_SMOKE_CONTEXT,SRC_OPEN_SCHOOL_HOLIDAY_CALENDAR,SRC_OPEN_STATCAN_PED_POPULATION",modelled,review
SITE_STOLLERY_INSPIRED,Stollery-inspired,virtual_outreach,Virtual/outreach,7,2026-07-27,536,488,600,56,64,0.835,"SRC_SYNTH_REFERRALS,SRC_SYNTH_REFERRAL_TRIAGE,SRC_SYNTH_WAITLIST_SNAPSHOTS,SRC_SYNTH_CLINIC_TEMPLATES,SRC_SYNTH_PROVIDER_AVAILABILITY,SRC_SYNTH_NO_SHOW_LATE_CANCEL,SRC_SYNTH_DIAGNOSTIC_READINESS,SRC_SYNTH_HR_SHIFT_ROSTER,SRC_SYNTH_FINANCE_RESOURCE_ENVELOPE,SRC_OPEN_RESPIRATORY_VIRUS_DASHBOARD,SRC_OPEN_AQHI_SMOKE_CONTEXT,SRC_OPEN_SCHOOL_HOLIDAY_CALENDAR,SRC_OPEN_STATCAN_PED_POPULATION",modelled,review
SITE_STOLLERY_INSPIRED,Stollery-inspired,virtual_outreach,Virtual/outreach,8,2026-08-03,533,485,597,56,64,0.835,"SRC_SYNTH_REFERRALS,SRC_SYNTH_REFERRAL_TRIAGE,SRC_SYNTH_WAITLIST_SNAPSHOTS,SRC_SYNTH_CLINIC_TEMPLATES,SRC_SYNTH_PROVIDER_AVAILABILITY,SRC_SYNTH_NO_SHOW_LATE_CANCEL,SRC_SYNTH_DIAGNOSTIC_READINESS,SRC_SYNTH_HR_SHIFT_ROSTER,SRC_SYNTH_FINANCE_RESOURCE_ENVELOPE,SRC_OPEN_RESPIRATORY_VIRUS_DASHBOARD,SRC_OPEN_AQHI_SMOKE_CONTEXT,SRC_OPEN_SCHOOL_HOLIDAY_CALENDAR,SRC_OPEN_STATCAN_PED_POPULATION",modelled,review
SITE_STOLLERY_INSPIRED,Stollery-inspired,virtual_outreach,Virtual/outreach,9,2026-08-10,530,482,594,56,64,0.835,"SRC_SYNTH_REFERRALS,SRC_SYNTH_REFERRAL_TRIAGE,SRC_SYNTH_WAITLIST_SNAPSHOTS,SRC_SYNTH_CLINIC_TEMPLATES,SRC_SYNTH_PROVIDER_AVAILABILITY,SRC_SYNTH_NO_SHOW_LATE_CANCEL,SRC_SYNTH_DIAGNOSTIC_READINESS,SRC_SYNTH_HR_SHIFT_ROSTER,SRC_SYNTH_FINANCE_RESOURCE_ENVELOPE,SRC_OPEN_RESPIRATORY_VIRUS_DASHBOARD,SRC_OPEN_AQHI_SMOKE_CONTEXT,SRC_OPEN_SCHOOL_HOLIDAY_CALENDAR,SRC_OPEN_STATCAN_PED_POPULATION",modelled,review
SITE_STOLLERY_INSPIRED,Stollery-inspired,virtual_outreach,Virtual/outreach,10,2026-08-17,529,481,592,57,64,0.835,"SRC_SYNTH_REFERRALS,SRC_SYNTH_REFERRAL_TRIAGE,SRC_SYNTH_WAITLIST_SNAPSHOTS,SRC_SYNTH_CLINIC_TEMPLATES,SRC_SYNTH_PROVIDER_AVAILABILITY,SRC_SYNTH_NO_SHOW_LATE_CANCEL,SRC_SYNTH_DIAGNOSTIC_READINESS,SRC_SYNTH_HR_SHIFT_ROSTER,SRC_SYNTH_FINANCE_RESOURCE_ENVELOPE,SRC_OPEN_RESPIRATORY_VIRUS_DASHBOARD,SRC_OPEN_AQHI_SMOKE_CONTEXT,SRC_OPEN_SCHOOL_HOLIDAY_CALENDAR,SRC_OPEN_STATCAN_PED_POPULATION",modelled,review
SITE_STOLLERY_INSPIRED,Stollery-inspired,virtual_outreach,Virtual/outreach,11,2026-08-24,529,481,592,57,65,0.835,"SRC_SYNTH_REFERRALS,SRC_SYNTH_REFERRAL_TRIAGE,SRC_SYNTH_WAITLIST_SNAPSHOTS,SRC_SYNTH_CLINIC_TEMPLATES,SRC_SYNTH_PROVIDER_AVAILABILITY,SRC_SYNTH_NO_SHOW_LATE_CANCEL,SRC_SYNTH_DIAGNOSTIC_READINESS,SRC_SYNTH_HR_SHIFT_ROSTER,SRC_SYNTH_FINANCE_RESOURCE_ENVELOPE,SRC_OPEN_RESPIRATORY_VIRUS_DASHBOARD,SRC_OPEN_AQHI_SMOKE_CONTEXT,SRC_OPEN_SCHOOL_HOLIDAY_CALENDAR,SRC_OPEN_STATCAN_PED_POPULATION",modelled,review
SITE_STOLLERY_INSPIRED,Stollery-inspired,virtual_outreach,Virtual/outreach,12,2026-08-31,530,482,594,57,65,0.835,"SRC_SYNTH_REFERRALS,SRC_SYNTH_REFERRAL_TRIAGE,SRC_SYNTH_WAITLIST_SNAPSHOTS,SRC_SYNTH_CLINIC_TEMPLATES,SRC_SYNTH_PROVIDER_AVAILABILITY,SRC_SYNTH_NO_SHOW_LATE_CANCEL,SRC_SYNTH_DIAGNOSTIC_READINESS,SRC_SYNTH_HR_SHIFT_ROSTER,SRC_SYNTH_FINANCE_RESOURCE_ENVELOPE,SRC_OPEN_RESPIRATORY_VIRUS_DASHBOARD,SRC_OPEN_AQHI_SMOKE_CONTEXT,SRC_OPEN_SCHOOL_HOLIDAY_CALENDAR,SRC_OPEN_STATCAN_PED_POPULATION",modelled,review
SITE_STOLLERY_INSPIRED,Stollery-inspired,virtual_outreach,Virtual/outreach,13,2026-09-07,533,485,597,58,65,0.835,"SRC_SYNTH_REFERRALS,SRC_SYNTH_REFERRAL_TRIAGE,SRC_SYNTH_WAITLIST_SNAPSHOTS,SRC_SYNTH_CLINIC_TEMPLATES,SRC_SYNTH_PROVIDER_AVAILABILITY,SRC_SYNTH_NO_SHOW_LATE_CANCEL,SRC_SYNTH_DIAGNOSTIC_READINESS,SRC_SYNTH_HR_SHIFT_ROSTER,SRC_SYNTH_FINANCE_RESOURCE_ENVELOPE,SRC_OPEN_RESPIRATORY_VIRUS_DASHBOARD,SRC_OPEN_AQHI_SMOKE_CONTEXT,SRC_OPEN_SCHOOL_HOLIDAY_CALENDAR,SRC_OPEN_STATCAN_PED_POPULATION",modelled,review
SITE_STOLLERY_INSPIRED,Stollery-inspired,virtual_outreach,Virtual/outreach,14,2026-09-14,538,490,603,58,65,0.835,"SRC_SYNTH_REFERRALS,SRC_SYNTH_REFERRAL_TRIAGE,SRC_SYNTH_WAITLIST_SNAPSHOTS,SRC_SYNTH_CLINIC_TEMPLATES,SRC_SYNTH_PROVIDER_AVAILABILITY,SRC_SYNTH_NO_SHOW_LATE_CANCEL,SRC_SYNTH_DIAGNOSTIC_READINESS,SRC_SYNTH_HR_SHIFT_ROSTER,SRC_SYNTH_FINANCE_RESOURCE_ENVELOPE,SRC_OPEN_RESPIRATORY_VIRUS_DASHBOARD,SRC_OPEN_AQHI_SMOKE_CONTEXT,SRC_OPEN_SCHOOL_HOLIDAY_CALENDAR,SRC_OPEN_STATCAN_PED_POPULATION",modelled,review
SITE_STOLLERY_INSPIRED,Stollery-inspired,virtual_outreach,Virtual/outreach,15,2026-09-21,544,495,609,59,65,0.835,"SRC_SYNTH_REFERRALS,SRC_SYNTH_REFERRAL_TRIAGE,SRC_SYNTH_WAITLIST_SNAPSHOTS,SRC_SYNTH_CLINIC_TEMPLATES,SRC_SYNTH_PROVIDER_AVAILABILITY,SRC_SYNTH_NO_SHOW_LATE_CANCEL,SRC_SYNTH_DIAGNOSTIC_READINESS,SRC_SYNTH_HR_SHIFT_ROSTER,SRC_SYNTH_FINANCE_RESOURCE_ENVELOPE,SRC_OPEN_RESPIRATORY_VIRUS_DASHBOARD,SRC_OPEN_AQHI_SMOKE_CONTEXT,SRC_OPEN_SCHOOL_HOLIDAY_CALENDAR,SRC_OPEN_STATCAN_PED_POPULATION",modelled,review
SITE_STOLLERY_INSPIRED,Stollery-inspired,virtual_outreach,Virtual/outreach,16,2026-09-28,552,502,618,59,66,0.835,"SRC_SYNTH_REFERRALS,SRC_SYNTH_REFERRAL_TRIAGE,SRC_SYNTH_WAITLIST_SNAPSHOTS,SRC_SYNTH_CLINIC_TEMPLATES,SRC_SYNTH_PROVIDER_AVAILABILITY,SRC_SYNTH_NO_SHOW_LATE_CANCEL,SRC_SYNTH_DIAGNOSTIC_READINESS,SRC_SYNTH_HR_SHIFT_ROSTER,SRC_SYNTH_FINANCE_RESOURCE_ENVELOPE,SRC_OPEN_RESPIRATORY_VIRUS_DASHBOARD,SRC_OPEN_AQHI_SMOKE_CONTEXT,SRC_OPEN_SCHOOL_HOLIDAY_CALENDAR,SRC_OPEN_STATCAN_PED_POPULATION",modelled,review
SITE_STOLLERY_INSPIRED,Stollery-inspired,virtual_outreach,Virtual/outreach,17,2026-10-05,561,511,628,60,66,0.835,"SRC_SYNTH_REFERRALS,SRC_SYNTH_REFERRAL_TRIAGE,SRC_SYNTH_WAITLIST_SNAPSHOTS,SRC_SYNTH_CLINIC_TEMPLATES,SRC_SYNTH_PROVIDER_AVAILABILITY,SRC_SYNTH_NO_SHOW_LATE_CANCEL,SRC_SYNTH_DIAGNOSTIC_READINESS,SRC_SYNTH_HR_SHIFT_ROSTER,SRC_SYNTH_FINANCE_RESOURCE_ENVELOPE,SRC_OPEN_RESPIRATORY_VIRUS_DASHBOARD,SRC_OPEN_AQHI_SMOKE_CONTEXT,SRC_OPEN_SCHOOL_HOLIDAY_CALENDAR,SRC_OPEN_STATCAN_PED_POPULATION",modelled,review
SITE_STOLLERY_INSPIRED,Stollery-inspired,virtual_outreach,Virtual/outreach,18,2026-10-12,571,520,640,61,66,0.835,"SRC_SYNTH_REFERRALS,SRC_SYNTH_REFERRAL_TRIAGE,SRC_SYNTH_WAITLIST_SNAPSHOTS,SRC_SYNTH_CLINIC_TEMPLATES,SRC_SYNTH_PROVIDER_AVAILABILITY,SRC_SYNTH_NO_SHOW_LATE_CANCEL,SRC_SYNTH_DIAGNOSTIC_READINESS,SRC_SYNTH_HR_SHIFT_ROSTER,SRC_SYNTH_FINANCE_RESOURCE_ENVELOPE,SRC_OPEN_RESPIRATORY_VIRUS_DASHBOARD,SRC_OPEN_AQHI_SMOKE_CONTEXT,SRC_OPEN_SCHOOL_HOLIDAY_CALENDAR,SRC_OPEN_STATCAN_PED_POPULATION",modelled,review
SITE_STOLLERY_INSPIRED,Stollery-inspired,virtual_outreach,Virtual/outreach,19,2026-10-19,582,530,652,62,66,0.835,"SRC_SYNTH_REFERRALS,SRC_SYNTH_REFERRAL_TRIAGE,SRC_SYNTH_WAITLIST_SNAPSHOTS,SRC_SYNTH_CLINIC_TEMPLATES,SRC_SYNTH_PROVIDER_AVAILABILITY,SRC_SYNTH_NO_SHOW_LATE_CANCEL,SRC_SYNTH_DIAGNOSTIC_READINESS,SRC_SYNTH_HR_SHIFT_ROSTER,SRC_SYNTH_FINANCE_RESOURCE_ENVELOPE,SRC_OPEN_RESPIRATORY_VIRUS_DASHBOARD,SRC_OPEN_AQHI_SMOKE_CONTEXT,SRC_OPEN_SCHOOL_HOLIDAY_CALENDAR,SRC_OPEN_STATCAN_PED_POPULATION",modelled,review
SITE_STOLLERY_INSPIRED,Stollery-inspired,virtual_outreach,Virtual/outreach,20,2026-10-26,593,540,664,63,67,0.835,"SRC_SYNTH_REFERRALS,SRC_SYNTH_REFERRAL_TRIAGE,SRC_SYNTH_WAITLIST_SNAPSHOTS,SRC_SYNTH_CLINIC_TEMPLATES,SRC_SYNTH_PROVIDER_AVAILABILITY,SRC_SYNTH_NO_SHOW_LATE_CANCEL,SRC_SYNTH_DIAGNOSTIC_READINESS,SRC_SYNTH_HR_SHIFT_ROSTER,SRC_SYNTH_FINANCE_RESOURCE_ENVELOPE,SRC_OPEN_RESPIRATORY_VIRUS_DASHBOARD,SRC_OPEN_AQHI_SMOKE_CONTEXT,SRC_OPEN_SCHOOL_HOLIDAY_CALENDAR,SRC_OPEN_STATCAN_PED_POPULATION",modelled,review
SITE_STOLLERY_INSPIRED,Stollery-inspired,virtual_outreach,Virtual/outreach,21,2026-11-02,606,551,679,63,67,0.835,"SRC_SYNTH_REFERRALS,SRC_SYNTH_REFERRAL_TRIAGE,SRC_SYNTH_WAITLIST_SNAPSHOTS,SRC_SYNTH_CLINIC_TEMPLATES,SRC_SYNTH_PROVIDER_AVAILABILITY,SRC_SYNTH_NO_SHOW_LATE_CANCEL,SRC_SYNTH_DIAGNOSTIC_READINESS,SRC_SYNTH_HR_SHIFT_ROSTER,SRC_SYNTH_FINANCE_RESOURCE_ENVELOPE,SRC_OPEN_RESPIRATORY_VIRUS_DASHBOARD,SRC_OPEN_AQHI_SMOKE_CONTEXT,SRC_OPEN_SCHOOL_HOLIDAY_CALENDAR,SRC_OPEN_STATCAN_PED_POPULATION",modelled,review
SITE_STOLLERY_INSPIRED,Stollery-inspired,virtual_outreach,Virtual/outreach,22,2026-11-09,618,562,692,64,67,0.835,"SRC_SYNTH_REFERRALS,SRC_SYNTH_REFERRAL_TRIAGE,SRC_SYNTH_WAITLIST_SNAPSHOTS,SRC_SYNTH_CLINIC_TEMPLATES,SRC_SYNTH_PROVIDER_AVAILABILITY,SRC_SYNTH_NO_SHOW_LATE_CANCEL,SRC_SYNTH_DIAGNOSTIC_READINESS,SRC_SYNTH_HR_SHIFT_ROSTER,SRC_SYNTH_FINANCE_RESOURCE_ENVELOPE,SRC_OPEN_RESPIRATORY_VIRUS_DASHBOARD,SRC_OPEN_AQHI_SMOKE_CONTEXT,SRC_OPEN_SCHOOL_HOLIDAY_CALENDAR,SRC_OPEN_STATCAN_PED_POPULATION",modelled,review
SITE_STOLLERY_INSPIRED,Stollery-inspired,virtual_outreach,Virtual/outreach,23,2026-11-16,630,573,706,65,67,0.835,"SRC_SYNTH_REFERRALS,SRC_SYNTH_REFERRAL_TRIAGE,SRC_SYNTH_WAITLIST_SNAPSHOTS,SRC_SYNTH_CLINIC_TEMPLATES,SRC_SYNTH_PROVIDER_AVAILABILITY,SRC_SYNTH_NO_SHOW_LATE_CANCEL,SRC_SYNTH_DIAGNOSTIC_READINESS,SRC_SYNTH_HR_SHIFT_ROSTER,SRC_SYNTH_FINANCE_RESOURCE_ENVELOPE,SRC_OPEN_RESPIRATORY_VIRUS_DASHBOARD,SRC_OPEN_AQHI_SMOKE_CONTEXT,SRC_OPEN_SCHOOL_HOLIDAY_CALENDAR,SRC_OPEN_STATCAN_PED_POPULATION",modelled,review
SITE_STOLLERY_INSPIRED,Stollery-inspired,virtual_outreach,Virtual/outreach,24,2026-11-23,641,583,718,66,67,0.835,"SRC_SYNTH_REFERRALS,SRC_SYNTH_REFERRAL_TRIAGE,SRC_SYNTH_WAITLIST_SNAPSHOTS,SRC_SYNTH_CLINIC_TEMPLATES,SRC_SYNTH_PROVIDER_AVAILABILITY,SRC_SYNTH_NO_SHOW_LATE_CANCEL,SRC_SYNTH_DIAGNOSTIC_READINESS,SRC_SYNTH_HR_SHIFT_ROSTER,SRC_SYNTH_FINANCE_RESOURCE_ENVELOPE,SRC_OPEN_RESPIRATORY_VIRUS_DASHBOARD,SRC_OPEN_AQHI_SMOKE_CONTEXT,SRC_OPEN_SCHOOL_HOLIDAY_CALENDAR,SRC_OPEN_STATCAN_PED_POPULATION",modelled,review
SITE_STOLLERY_INSPIRED,Stollery-inspired,virtual_outreach,Virtual/outreach,25,2026-11-30,652,593,730,67,68,0.835,"SRC_SYNTH_REFERRALS,SRC_SYNTH_REFERRAL_TRIAGE,SRC_SYNTH_WAITLIST_SNAPSHOTS,SRC_SYNTH_CLINIC_TEMPLATES,SRC_SYNTH_PROVIDER_AVAILABILITY,SRC_SYNTH_NO_SHOW_LATE_CANCEL,SRC_SYNTH_DIAGNOSTIC_READINESS,SRC_SYNTH_HR_SHIFT_ROSTER,SRC_SYNTH_FINANCE_RESOURCE_ENVELOPE,SRC_OPEN_RESPIRATORY_VIRUS_DASHBOARD,SRC_OPEN_AQHI_SMOKE_CONTEXT,SRC_OPEN_SCHOOL_HOLIDAY_CALENDAR,SRC_OPEN_STATCAN_PED_POPULATION",modelled,review
SITE_STOLLERY_INSPIRED,Stollery-inspired,virtual_outreach,Virtual/outreach,26,2026-12-07,661,602,740,67,68,0.835,"SRC_SYNTH_REFERRALS,SRC_SYNTH_REFERRAL_TRIAGE,SRC_SYNTH_WAITLIST_SNAPSHOTS,SRC_SYNTH_CLINIC_TEMPLATES,SRC_SYNTH_PROVIDER_AVAILABILITY,SRC_SYNTH_NO_SHOW_LATE_CANCEL,SRC_SYNTH_DIAGNOSTIC_READINESS,SRC_SYNTH_HR_SHIFT_ROSTER,SRC_SYNTH_FINANCE_RESOURCE_ENVELOPE,SRC_OPEN_RESPIRATORY_VIRUS_DASHBOARD,SRC_OPEN_AQHI_SMOKE_CONTEXT,SRC_OPEN_SCHOOL_HOLIDAY_CALENDAR,SRC_OPEN_STATCAN_PED_POPULATION",modelled,review
SITE_ACH_INSPIRED,Alberta Children's-inspired,respiratory,Respiratory,1,2026-06-15,725,660,812,70,86,0.714,"SRC_SYNTH_REFERRALS,SRC_SYNTH_REFERRAL_TRIAGE,SRC_SYNTH_WAITLIST_SNAPSHOTS,SRC_SYNTH_CLINIC_TEMPLATES,SRC_SYNTH_PROVIDER_AVAILABILITY,SRC_SYNTH_NO_SHOW_LATE_CANCEL,SRC_SYNTH_DIAGNOSTIC_READINESS,SRC_SYNTH_HR_SHIFT_ROSTER,SRC_SYNTH_FINANCE_RESOURCE_ENVELOPE,SRC_OPEN_RESPIRATORY_VIRUS_DASHBOARD,SRC_OPEN_AQHI_SMOKE_CONTEXT,SRC_OPEN_SCHOOL_HOLIDAY_CALENDAR,SRC_OPEN_STATCAN_PED_POPULATION",modelled,ready
SITE_ACH_INSPIRED,Alberta Children's-inspired,respiratory,Respiratory,2,2026-06-22,739,672,828,71,87,0.714,"SRC_SYNTH_REFERRALS,SRC_SYNTH_REFERRAL_TRIAGE,SRC_SYNTH_WAITLIST_SNAPSHOTS,SRC_SYNTH_CLINIC_TEMPLATES,SRC_SYNTH_PROVIDER_AVAILABILITY,SRC_SYNTH_NO_SHOW_LATE_CANCEL,SRC_SYNTH_DIAGNOSTIC_READINESS,SRC_SYNTH_HR_SHIFT_ROSTER,SRC_SYNTH_FINANCE_RESOURCE_ENVELOPE,SRC_OPEN_RESPIRATORY_VIRUS_DASHBOARD,SRC_OPEN_AQHI_SMOKE_CONTEXT,SRC_OPEN_SCHOOL_HOLIDAY_CALENDAR,SRC_OPEN_STATCAN_PED_POPULATION",modelled,ready
SITE_ACH_INSPIRED,Alberta Children's-inspired,respiratory,Respiratory,3,2026-06-29,753,685,843,72,87,0.714,"SRC_SYNTH_REFERRALS,SRC_SYNTH_REFERRAL_TRIAGE,SRC_SYNTH_WAITLIST_SNAPSHOTS,SRC_SYNTH_CLINIC_TEMPLATES,SRC_SYNTH_PROVIDER_AVAILABILITY,SRC_SYNTH_NO_SHOW_LATE_CANCEL,SRC_SYNTH_DIAGNOSTIC_READINESS,SRC_SYNTH_HR_SHIFT_ROSTER,SRC_SYNTH_FINANCE_RESOURCE_ENVELOPE,SRC_OPEN_RESPIRATORY_VIRUS_DASHBOARD,SRC_OPEN_AQHI_SMOKE_CONTEXT,SRC_OPEN_SCHOOL_HOLIDAY_CALENDAR,SRC_OPEN_STATCAN_PED_POPULATION",modelled,ready
SITE_ACH_INSPIRED,Alberta Children's-inspired,respiratory,Respiratory,4,2026-07-06,766,697,858,73,88,0.714,"SRC_SYNTH_REFERRALS,SRC_SYNTH_REFERRAL_TRIAGE,SRC_SYNTH_WAITLIST_SNAPSHOTS,SRC_SYNTH_CLINIC_TEMPLATES,SRC_SYNTH_PROVIDER_AVAILABILITY,SRC_SYNTH_NO_SHOW_LATE_CANCEL,SRC_SYNTH_DIAGNOSTIC_READINESS,SRC_SYNTH_HR_SHIFT_ROSTER,SRC_SYNTH_FINANCE_RESOURCE_ENVELOPE,SRC_OPEN_RESPIRATORY_VIRUS_DASHBOARD,SRC_OPEN_AQHI_SMOKE_CONTEXT,SRC_OPEN_SCHOOL_HOLIDAY_CALENDAR,SRC_OPEN_STATCAN_PED_POPULATION",modelled,ready
SITE_ACH_INSPIRED,Alberta Children's-inspired,respiratory,Respiratory,5,2026-07-13,778,708,871,73,89,0.714,"SRC_SYNTH_REFERRALS,SRC_SYNTH_REFERRAL_TRIAGE,SRC_SYNTH_WAITLIST_SNAPSHOTS,SRC_SYNTH_CLINIC_TEMPLATES,SRC_SYNTH_PROVIDER_AVAILABILITY,SRC_SYNTH_NO_SHOW_LATE_CANCEL,SRC_SYNTH_DIAGNOSTIC_READINESS,SRC_SYNTH_HR_SHIFT_ROSTER,SRC_SYNTH_FINANCE_RESOURCE_ENVELOPE,SRC_OPEN_RESPIRATORY_VIRUS_DASHBOARD,SRC_OPEN_AQHI_SMOKE_CONTEXT,SRC_OPEN_SCHOOL_HOLIDAY_CALENDAR,SRC_OPEN_STATCAN_PED_POPULATION",modelled,ready
SITE_ACH_INSPIRED,Alberta Children's-inspired,respiratory,Respiratory,6,2026-07-20,788,717,883,74,90,0.714,"SRC_SYNTH_REFERRALS,SRC_SYNTH_REFERRAL_TRIAGE,SRC_SYNTH_WAITLIST_SNAPSHOTS,SRC_SYNTH_CLINIC_TEMPLATES,SRC_SYNTH_PROVIDER_AVAILABILITY,SRC_SYNTH_NO_SHOW_LATE_CANCEL,SRC_SYNTH_DIAGNOSTIC_READINESS,SRC_SYNTH_HR_SHIFT_ROSTER,SRC_SYNTH_FINANCE_RESOURCE_ENVELOPE,SRC_OPEN_RESPIRATORY_VIRUS_DASHBOARD,SRC_OPEN_AQHI_SMOKE_CONTEXT,SRC_OPEN_SCHOOL_HOLIDAY_CALENDAR,SRC_OPEN_STATCAN_PED_POPULATION",modelled,ready
SITE_ACH_INSPIRED,Alberta Children's-inspired,respiratory,Respiratory,7,2026-07-27,797,725,893,75,90,0.714,"SRC_SYNTH_REFERRALS,SRC_SYNTH_REFERRAL_TRIAGE,SRC_SYNTH_WAITLIST_SNAPSHOTS,SRC_SYNTH_CLINIC_TEMPLATES,SRC_SYNTH_PROVIDER_AVAILABILITY,SRC_SYNTH_NO_SHOW_LATE_CANCEL,SRC_SYNTH_DIAGNOSTIC_READINESS,SRC_SYNTH_HR_SHIFT_ROSTER,SRC_SYNTH_FINANCE_RESOURCE_ENVELOPE,SRC_OPEN_RESPIRATORY_VIRUS_DASHBOARD,SRC_OPEN_AQHI_SMOKE_CONTEXT,SRC_OPEN_SCHOOL_HOLIDAY_CALENDAR,SRC_OPEN_STATCAN_PED_POPULATION",modelled,ready
SITE_ACH_INSPIRED,Alberta Children's-inspired,respiratory,Respiratory,8,2026-08-03,803,731,899,75,91,0.714,"SRC_SYNTH_REFERRALS,SRC_SYNTH_REFERRAL_TRIAGE,SRC_SYNTH_WAITLIST_SNAPSHOTS,SRC_SYNTH_CLINIC_TEMPLATES,SRC_SYNTH_PROVIDER_AVAILABILITY,SRC_SYNTH_NO_SHOW_LATE_CANCEL,SRC_SYNTH_DIAGNOSTIC_READINESS,SRC_SYNTH_HR_SHIFT_ROSTER,SRC_SYNTH_FINANCE_RESOURCE_ENVELOPE,SRC_OPEN_RESPIRATORY_VIRUS_DASHBOARD,SRC_OPEN_AQHI_SMOKE_CONTEXT,SRC_OPEN_SCHOOL_HOLIDAY_CALENDAR,SRC_OPEN_STATCAN_PED_POPULATION",modelled,ready
SITE_ACH_INSPIRED,Alberta Children's-inspired,respiratory,Respiratory,9,2026-08-10,808,735,905,76,92,0.714,"SRC_SYNTH_REFERRALS,SRC_SYNTH_REFERRAL_TRIAGE,SRC_SYNTH_WAITLIST_SNAPSHOTS,SRC_SYNTH_CLINIC_TEMPLATES,SRC_SYNTH_PROVIDER_AVAILABILITY,SRC_SYNTH_NO_SHOW_LATE_CANCEL,SRC_SYNTH_DIAGNOSTIC_READINESS,SRC_SYNTH_HR_SHIFT_ROSTER,SRC_SYNTH_FINANCE_RESOURCE_ENVELOPE,SRC_OPEN_RESPIRATORY_VIRUS_DASHBOARD,SRC_OPEN_AQHI_SMOKE_CONTEXT,SRC_OPEN_SCHOOL_HOLIDAY_CALENDAR,SRC_OPEN_STATCAN_PED_POPULATION",modelled,ready
SITE_ACH_INSPIRED,Alberta Children's-inspired,respiratory,Respiratory,10,2026-08-17,810,737,907,76,93,0.714,"SRC_SYNTH_REFERRALS,SRC_SYNTH_REFERRAL_TRIAGE,SRC_SYNTH_WAITLIST_SNAPSHOTS,SRC_SYNTH_CLINIC_TEMPLATES,SRC_SYNTH_PROVIDER_AVAILABILITY,SRC_SYNTH_NO_SHOW_LATE_CANCEL,SRC_SYNTH_DIAGNOSTIC_READINESS,SRC_SYNTH_HR_SHIFT_ROSTER,SRC_SYNTH_FINANCE_RESOURCE_ENVELOPE,SRC_OPEN_RESPIRATORY_VIRUS_DASHBOARD,SRC_OPEN_AQHI_SMOKE_CONTEXT,SRC_OPEN_SCHOOL_HOLIDAY_CALENDAR,SRC_OPEN_STATCAN_PED_POPULATION",modelled,ready
SITE_ACH_INSPIRED,Alberta Children's-inspired,respiratory,Respiratory,11,2026-08-24,811,738,908,76,94,0.714,"SRC_SYNTH_REFERRALS,SRC_SYNTH_REFERRAL_TRIAGE,SRC_SYNTH_WAITLIST_SNAPSHOTS,SRC_SYNTH_CLINIC_TEMPLATES,SRC_SYNTH_PROVIDER_AVAILABILITY,SRC_SYNTH_NO_SHOW_LATE_CANCEL,SRC_SYNTH_DIAGNOSTIC_READINESS,SRC_SYNTH_HR_SHIFT_ROSTER,SRC_SYNTH_FINANCE_RESOURCE_ENVELOPE,SRC_OPEN_RESPIRATORY_VIRUS_DASHBOARD,SRC_OPEN_AQHI_SMOKE_CONTEXT,SRC_OPEN_SCHOOL_HOLIDAY_CALENDAR,SRC_OPEN_STATCAN_PED_POPULATION",modelled,ready
SITE_ACH_INSPIRED,Alberta Children's-inspired,respiratory,Respiratory,12,2026-08-31,809,736,906,77,94,0.714,"SRC_SYNTH_REFERRALS,SRC_SYNTH_REFERRAL_TRIAGE,SRC_SYNTH_WAITLIST_SNAPSHOTS,SRC_SYNTH_CLINIC_TEMPLATES,SRC_SYNTH_PROVIDER_AVAILABILITY,SRC_SYNTH_NO_SHOW_LATE_CANCEL,SRC_SYNTH_DIAGNOSTIC_READINESS,SRC_SYNTH_HR_SHIFT_ROSTER,SRC_SYNTH_FINANCE_RESOURCE_ENVELOPE,SRC_OPEN_RESPIRATORY_VIRUS_DASHBOARD,SRC_OPEN_AQHI_SMOKE_CONTEXT,SRC_OPEN_SCHOOL_HOLIDAY_CALENDAR,SRC_OPEN_STATCAN_PED_POPULATION",modelled,ready
SITE_ACH_INSPIRED,Alberta Children's-inspired,respiratory,Respiratory,13,2026-09-07,806,733,903,77,95,0.714,"SRC_SYNTH_REFERRALS,SRC_SYNTH_REFERRAL_TRIAGE,SRC_SYNTH_WAITLIST_SNAPSHOTS,SRC_SYNTH_CLINIC_TEMPLATES,SRC_SYNTH_PROVIDER_AVAILABILITY,SRC_SYNTH_NO_SHOW_LATE_CANCEL,SRC_SYNTH_DIAGNOSTIC_READINESS,SRC_SYNTH_HR_SHIFT_ROSTER,SRC_SYNTH_FINANCE_RESOURCE_ENVELOPE,SRC_OPEN_RESPIRATORY_VIRUS_DASHBOARD,SRC_OPEN_AQHI_SMOKE_CONTEXT,SRC_OPEN_SCHOOL_HOLIDAY_CALENDAR,SRC_OPEN_STATCAN_PED_POPULATION",modelled,ready
SITE_ACH_INSPIRED,Alberta Children's-inspired,respiratory,Respiratory,14,2026-09-14,801,729,897,77,96,0.714,"SRC_SYNTH_REFERRALS,SRC_SYNTH_REFERRAL_TRIAGE,SRC_SYNTH_WAITLIST_SNAPSHOTS,SRC_SYNTH_CLINIC_TEMPLATES,SRC_SYNTH_PROVIDER_AVAILABILITY,SRC_SYNTH_NO_SHOW_LATE_CANCEL,SRC_SYNTH_DIAGNOSTIC_READINESS,SRC_SYNTH_HR_SHIFT_ROSTER,SRC_SYNTH_FINANCE_RESOURCE_ENVELOPE,SRC_OPEN_RESPIRATORY_VIRUS_DASHBOARD,SRC_OPEN_AQHI_SMOKE_CONTEXT,SRC_OPEN_SCHOOL_HOLIDAY_CALENDAR,SRC_OPEN_STATCAN_PED_POPULATION",modelled,ready
SITE_ACH_INSPIRED,Alberta Children's-inspired,respiratory,Respiratory,15,2026-09-21,795,723,890,77,97,0.714,"SRC_SYNTH_REFERRALS,SRC_SYNTH_REFERRAL_TRIAGE,SRC_SYNTH_WAITLIST_SNAPSHOTS,SRC_SYNTH_CLINIC_TEMPLATES,SRC_SYNTH_PROVIDER_AVAILABILITY,SRC_SYNTH_NO_SHOW_LATE_CANCEL,SRC_SYNTH_DIAGNOSTIC_READINESS,SRC_SYNTH_HR_SHIFT_ROSTER,SRC_SYNTH_FINANCE_RESOURCE_ENVELOPE,SRC_OPEN_RESPIRATORY_VIRUS_DASHBOARD,SRC_OPEN_AQHI_SMOKE_CONTEXT,SRC_OPEN_SCHOOL_HOLIDAY_CALENDAR,SRC_OPEN_STATCAN_PED_POPULATION",modelled,ready
SITE_ACH_INSPIRED,Alberta Children's-inspired,respiratory,Respiratory,16,2026-09-28,789,718,884,77,97,0.714,"SRC_SYNTH_REFERRALS,SRC_SYNTH_REFERRAL_TRIAGE,SRC_SYNTH_WAITLIST_SNAPSHOTS,SRC_SYNTH_CLINIC_TEMPLATES,SRC_SYNTH_PROVIDER_AVAILABILITY,SRC_SYNTH_NO_SHOW_LATE_CANCEL,SRC_SYNTH_DIAGNOSTIC_READINESS,SRC_SYNTH_HR_SHIFT_ROSTER,SRC_SYNTH_FINANCE_RESOURCE_ENVELOPE,SRC_OPEN_RESPIRATORY_VIRUS_DASHBOARD,SRC_OPEN_AQHI_SMOKE_CONTEXT,SRC_OPEN_SCHOOL_HOLIDAY_CALENDAR,SRC_OPEN_STATCAN_PED_POPULATION",modelled,ready
SITE_ACH_INSPIRED,Alberta Children's-inspired,respiratory,Respiratory,17,2026-10-05,781,711,875,77,98,0.714,"SRC_SYNTH_REFERRALS,SRC_SYNTH_REFERRAL_TRIAGE,SRC_SYNTH_WAITLIST_SNAPSHOTS,SRC_SYNTH_CLINIC_TEMPLATES,SRC_SYNTH_PROVIDER_AVAILABILITY,SRC_SYNTH_NO_SHOW_LATE_CANCEL,SRC_SYNTH_DIAGNOSTIC_READINESS,SRC_SYNTH_HR_SHIFT_ROSTER,SRC_SYNTH_FINANCE_RESOURCE_ENVELOPE,SRC_OPEN_RESPIRATORY_VIRUS_DASHBOARD,SRC_OPEN_AQHI_SMOKE_CONTEXT,SRC_OPEN_SCHOOL_HOLIDAY_CALENDAR,SRC_OPEN_STATCAN_PED_POPULATION",modelled,ready
SITE_ACH_INSPIRED,Alberta Children's-inspired,respiratory,Respiratory,18,2026-10-12,774,704,867,77,99,0.714,"SRC_SYNTH_REFERRALS,SRC_SYNTH_REFERRAL_TRIAGE,SRC_SYNTH_WAITLIST_SNAPSHOTS,SRC_SYNTH_CLINIC_TEMPLATES,SRC_SYNTH_PROVIDER_AVAILABILITY,SRC_SYNTH_NO_SHOW_LATE_CANCEL,SRC_SYNTH_DIAGNOSTIC_READINESS,SRC_SYNTH_HR_SHIFT_ROSTER,SRC_SYNTH_FINANCE_RESOURCE_ENVELOPE,SRC_OPEN_RESPIRATORY_VIRUS_DASHBOARD,SRC_OPEN_AQHI_SMOKE_CONTEXT,SRC_OPEN_SCHOOL_HOLIDAY_CALENDAR,SRC_OPEN_STATCAN_PED_POPULATION",modelled,ready
SITE_ACH_INSPIRED,Alberta Children's-inspired,respiratory,Respiratory,19,2026-10-19,767,698,859,77,100,0.714,"SRC_SYNTH_REFERRALS,SRC_SYNTH_REFERRAL_TRIAGE,SRC_SYNTH_WAITLIST_SNAPSHOTS,SRC_SYNTH_CLINIC_TEMPLATES,SRC_SYNTH_PROVIDER_AVAILABILITY,SRC_SYNTH_NO_SHOW_LATE_CANCEL,SRC_SYNTH_DIAGNOSTIC_READINESS,SRC_SYNTH_HR_SHIFT_ROSTER,SRC_SYNTH_FINANCE_RESOURCE_ENVELOPE,SRC_OPEN_RESPIRATORY_VIRUS_DASHBOARD,SRC_OPEN_AQHI_SMOKE_CONTEXT,SRC_OPEN_SCHOOL_HOLIDAY_CALENDAR,SRC_OPEN_STATCAN_PED_POPULATION",modelled,ready
SITE_ACH_INSPIRED,Alberta Children's-inspired,respiratory,Respiratory,20,2026-10-26,761,693,852,77,100,0.714,"SRC_SYNTH_REFERRALS,SRC_SYNTH_REFERRAL_TRIAGE,SRC_SYNTH_WAITLIST_SNAPSHOTS,SRC_SYNTH_CLINIC_TEMPLATES,SRC_SYNTH_PROVIDER_AVAILABILITY,SRC_SYNTH_NO_SHOW_LATE_CANCEL,SRC_SYNTH_DIAGNOSTIC_READINESS,SRC_SYNTH_HR_SHIFT_ROSTER,SRC_SYNTH_FINANCE_RESOURCE_ENVELOPE,SRC_OPEN_RESPIRATORY_VIRUS_DASHBOARD,SRC_OPEN_AQHI_SMOKE_CONTEXT,SRC_OPEN_SCHOOL_HOLIDAY_CALENDAR,SRC_OPEN_STATCAN_PED_POPULATION",modelled,ready
SITE_ACH_INSPIRED,Alberta Children's-inspired,respiratory,Respiratory,21,2026-11-02,755,687,846,77,101,0.714,"SRC_SYNTH_REFERRALS,SRC_SYNTH_REFERRAL_TRIAGE,SRC_SYNTH_WAITLIST_SNAPSHOTS,SRC_SYNTH_CLINIC_TEMPLATES,SRC_SYNTH_PROVIDER_AVAILABILITY,SRC_SYNTH_NO_SHOW_LATE_CANCEL,SRC_SYNTH_DIAGNOSTIC_READINESS,SRC_SYNTH_HR_SHIFT_ROSTER,SRC_SYNTH_FINANCE_RESOURCE_ENVELOPE,SRC_OPEN_RESPIRATORY_VIRUS_DASHBOARD,SRC_OPEN_AQHI_SMOKE_CONTEXT,SRC_OPEN_SCHOOL_HOLIDAY_CALENDAR,SRC_OPEN_STATCAN_PED_POPULATION",modelled,ready
SITE_ACH_INSPIRED,Alberta Children's-inspired,respiratory,Respiratory,22,2026-11-09,751,683,841,77,102,0.714,"SRC_SYNTH_REFERRALS,SRC_SYNTH_REFERRAL_TRIAGE,SRC_SYNTH_WAITLIST_SNAPSHOTS,SRC_SYNTH_CLINIC_TEMPLATES,SRC_SYNTH_PROVIDER_AVAILABILITY,SRC_SYNTH_NO_SHOW_LATE_CANCEL,SRC_SYNTH_DIAGNOSTIC_READINESS,SRC_SYNTH_HR_SHIFT_ROSTER,SRC_SYNTH_FINANCE_RESOURCE_ENVELOPE,SRC_OPEN_RESPIRATORY_VIRUS_DASHBOARD,SRC_OPEN_AQHI_SMOKE_CONTEXT,SRC_OPEN_SCHOOL_HOLIDAY_CALENDAR,SRC_OPEN_STATCAN_PED_POPULATION",modelled,ready
SITE_ACH_INSPIRED,Alberta Children's-inspired,respiratory,Respiratory,23,2026-11-16,749,682,839,77,103,0.714,"SRC_SYNTH_REFERRALS,SRC_SYNTH_REFERRAL_TRIAGE,SRC_SYNTH_WAITLIST_SNAPSHOTS,SRC_SYNTH_CLINIC_TEMPLATES,SRC_SYNTH_PROVIDER_AVAILABILITY,SRC_SYNTH_NO_SHOW_LATE_CANCEL,SRC_SYNTH_DIAGNOSTIC_READINESS,SRC_SYNTH_HR_SHIFT_ROSTER,SRC_SYNTH_FINANCE_RESOURCE_ENVELOPE,SRC_OPEN_RESPIRATORY_VIRUS_DASHBOARD,SRC_OPEN_AQHI_SMOKE_CONTEXT,SRC_OPEN_SCHOOL_HOLIDAY_CALENDAR,SRC_OPEN_STATCAN_PED_POPULATION",modelled,ready
SITE_ACH_INSPIRED,Alberta Children's-inspired,respiratory,Respiratory,24,2026-11-23,749,682,839,77,104,0.714,"SRC_SYNTH_REFERRALS,SRC_SYNTH_REFERRAL_TRIAGE,SRC_SYNTH_WAITLIST_SNAPSHOTS,SRC_SYNTH_CLINIC_TEMPLATES,SRC_SYNTH_PROVIDER_AVAILABILITY,SRC_SYNTH_NO_SHOW_LATE_CANCEL,SRC_SYNTH_DIAGNOSTIC_READINESS,SRC_SYNTH_HR_SHIFT_ROSTER,SRC_SYNTH_FINANCE_RESOURCE_ENVELOPE,SRC_OPEN_RESPIRATORY_VIRUS_DASHBOARD,SRC_OPEN_AQHI_SMOKE_CONTEXT,SRC_OPEN_SCHOOL_HOLIDAY_CALENDAR,SRC_OPEN_STATCAN_PED_POPULATION",modelled,ready
SITE_ACH_INSPIRED,Alberta Children's-inspired,respiratory,Respiratory,25,2026-11-30,750,682,840,77,104,0.714,"SRC_SYNTH_REFERRALS,SRC_SYNTH_REFERRAL_TRIAGE,SRC_SYNTH_WAITLIST_SNAPSHOTS,SRC_SYNTH_CLINIC_TEMPLATES,SRC_SYNTH_PROVIDER_AVAILABILITY,SRC_SYNTH_NO_SHOW_LATE_CANCEL,SRC_SYNTH_DIAGNOSTIC_READINESS,SRC_SYNTH_HR_SHIFT_ROSTER,SRC_SYNTH_FINANCE_RESOURCE_ENVELOPE,SRC_OPEN_RESPIRATORY_VIRUS_DASHBOARD,SRC_OPEN_AQHI_SMOKE_CONTEXT,SRC_OPEN_SCHOOL_HOLIDAY_CALENDAR,SRC_OPEN_STATCAN_PED_POPULATION",modelled,ready
SITE_ACH_INSPIRED,Alberta Children's-inspired,respiratory,Respiratory,26,2026-12-07,754,686,844,78,105,0.714,"SRC_SYNTH_REFERRALS,SRC_SYNTH_REFERRAL_TRIAGE,SRC_SYNTH_WAITLIST_SNAPSHOTS,SRC_SYNTH_CLINIC_TEMPLATES,SRC_SYNTH_PROVIDER_AVAILABILITY,SRC_SYNTH_NO_SHOW_LATE_CANCEL,SRC_SYNTH_DIAGNOSTIC_READINESS,SRC_SYNTH_HR_SHIFT_ROSTER,SRC_SYNTH_FINANCE_RESOURCE_ENVELOPE,SRC_OPEN_RESPIRATORY_VIRUS_DASHBOARD,SRC_OPEN_AQHI_SMOKE_CONTEXT,SRC_OPEN_SCHOOL_HOLIDAY_CALENDAR,SRC_OPEN_STATCAN_PED_POPULATION",modelled,ready
SITE_ACH_INSPIRED,Alberta Children's-inspired,cardiology,Cardiology,1,2026-06-15,565,514,633,59,62,0.747,"SRC_SYNTH_REFERRALS,SRC_SYNTH_REFERRAL_TRIAGE,SRC_SYNTH_WAITLIST_SNAPSHOTS,SRC_SYNTH_CLINIC_TEMPLATES,SRC_SYNTH_PROVIDER_AVAILABILITY,SRC_SYNTH_NO_SHOW_LATE_CANCEL,SRC_SYNTH_DIAGNOSTIC_READINESS,SRC_SYNTH_HR_SHIFT_ROSTER,SRC_SYNTH_FINANCE_RESOURCE_ENVELOPE,SRC_OPEN_RESPIRATORY_VIRUS_DASHBOARD,SRC_OPEN_AQHI_SMOKE_CONTEXT,SRC_OPEN_SCHOOL_HOLIDAY_CALENDAR,SRC_OPEN_STATCAN_PED_POPULATION",modelled,ready
SITE_ACH_INSPIRED,Alberta Children's-inspired,cardiology,Cardiology,2,2026-06-22,575,523,644,60,63,0.747,"SRC_SYNTH_REFERRALS,SRC_SYNTH_REFERRAL_TRIAGE,SRC_SYNTH_WAITLIST_SNAPSHOTS,SRC_SYNTH_CLINIC_TEMPLATES,SRC_SYNTH_PROVIDER_AVAILABILITY,SRC_SYNTH_NO_SHOW_LATE_CANCEL,SRC_SYNTH_DIAGNOSTIC_READINESS,SRC_SYNTH_HR_SHIFT_ROSTER,SRC_SYNTH_FINANCE_RESOURCE_ENVELOPE,SRC_OPEN_RESPIRATORY_VIRUS_DASHBOARD,SRC_OPEN_AQHI_SMOKE_CONTEXT,SRC_OPEN_SCHOOL_HOLIDAY_CALENDAR,SRC_OPEN_STATCAN_PED_POPULATION",modelled,ready
SITE_ACH_INSPIRED,Alberta Children's-inspired,cardiology,Cardiology,3,2026-06-29,585,532,655,61,63,0.747,"SRC_SYNTH_REFERRALS,SRC_SYNTH_REFERRAL_TRIAGE,SRC_SYNTH_WAITLIST_SNAPSHOTS,SRC_SYNTH_CLINIC_TEMPLATES,SRC_SYNTH_PROVIDER_AVAILABILITY,SRC_SYNTH_NO_SHOW_LATE_CANCEL,SRC_SYNTH_DIAGNOSTIC_READINESS,SRC_SYNTH_HR_SHIFT_ROSTER,SRC_SYNTH_FINANCE_RESOURCE_ENVELOPE,SRC_OPEN_RESPIRATORY_VIRUS_DASHBOARD,SRC_OPEN_AQHI_SMOKE_CONTEXT,SRC_OPEN_SCHOOL_HOLIDAY_CALENDAR,SRC_OPEN_STATCAN_PED_POPULATION",modelled,ready
SITE_ACH_INSPIRED,Alberta Children's-inspired,cardiology,Cardiology,4,2026-07-06,594,541,665,62,63,0.747,"SRC_SYNTH_REFERRALS,SRC_SYNTH_REFERRAL_TRIAGE,SRC_SYNTH_WAITLIST_SNAPSHOTS,SRC_SYNTH_CLINIC_TEMPLATES,SRC_SYNTH_PROVIDER_AVAILABILITY,SRC_SYNTH_NO_SHOW_LATE_CANCEL,SRC_SYNTH_DIAGNOSTIC_READINESS,SRC_SYNTH_HR_SHIFT_ROSTER,SRC_SYNTH_FINANCE_RESOURCE_ENVELOPE,SRC_OPEN_RESPIRATORY_VIRUS_DASHBOARD,SRC_OPEN_AQHI_SMOKE_CONTEXT,SRC_OPEN_SCHOOL_HOLIDAY_CALENDAR,SRC_OPEN_STATCAN_PED_POPULATION",modelled,ready
SITE_ACH_INSPIRED,Alberta Children's-inspired,cardiology,Cardiology,5,2026-07-13,602,548,674,62,64,0.747,"SRC_SYNTH_REFERRALS,SRC_SYNTH_REFERRAL_TRIAGE,SRC_SYNTH_WAITLIST_SNAPSHOTS,SRC_SYNTH_CLINIC_TEMPLATES,SRC_SYNTH_PROVIDER_AVAILABILITY,SRC_SYNTH_NO_SHOW_LATE_CANCEL,SRC_SYNTH_DIAGNOSTIC_READINESS,SRC_SYNTH_HR_SHIFT_ROSTER,SRC_SYNTH_FINANCE_RESOURCE_ENVELOPE,SRC_OPEN_RESPIRATORY_VIRUS_DASHBOARD,SRC_OPEN_AQHI_SMOKE_CONTEXT,SRC_OPEN_SCHOOL_HOLIDAY_CALENDAR,SRC_OPEN_STATCAN_PED_POPULATION",modelled,ready
SITE_ACH_INSPIRED,Alberta Children's-inspired,cardiology,Cardiology,6,2026-07-20,608,553,681,63,64,0.747,"SRC_SYNTH_REFERRALS,SRC_SYNTH_REFERRAL_TRIAGE,SRC_SYNTH_WAITLIST_SNAPSHOTS,SRC_SYNTH_CLINIC_TEMPLATES,SRC_SYNTH_PROVIDER_AVAILABILITY,SRC_SYNTH_NO_SHOW_LATE_CANCEL,SRC_SYNTH_DIAGNOSTIC_READINESS,SRC_SYNTH_HR_SHIFT_ROSTER,SRC_SYNTH_FINANCE_RESOURCE_ENVELOPE,SRC_OPEN_RESPIRATORY_VIRUS_DASHBOARD,SRC_OPEN_AQHI_SMOKE_CONTEXT,SRC_OPEN_SCHOOL_HOLIDAY_CALENDAR,SRC_OPEN_STATCAN_PED_POPULATION",modelled,ready
SITE_ACH_INSPIRED,Alberta Children's-inspired,cardiology,Cardiology,7,2026-07-27,613,558,687,63,64,0.747,"SRC_SYNTH_REFERRALS,SRC_SYNTH_REFERRAL_TRIAGE,SRC_SYNTH_WAITLIST_SNAPSHOTS,SRC_SYNTH_CLINIC_TEMPLATES,SRC_SYNTH_PROVIDER_AVAILABILITY,SRC_SYNTH_NO_SHOW_LATE_CANCEL,SRC_SYNTH_DIAGNOSTIC_READINESS,SRC_SYNTH_HR_SHIFT_ROSTER,SRC_SYNTH_FINANCE_RESOURCE_ENVELOPE,SRC_OPEN_RESPIRATORY_VIRUS_DASHBOARD,SRC_OPEN_AQHI_SMOKE_CONTEXT,SRC_OPEN_SCHOOL_HOLIDAY_CALENDAR,SRC_OPEN_STATCAN_PED_POPULATION",modelled,ready
SITE_ACH_INSPIRED,Alberta Children's-inspired,cardiology,Cardiology,8,2026-08-03,617,561,691,64,64,0.747,"SRC_SYNTH_REFERRALS,SRC_SYNTH_REFERRAL_TRIAGE,SRC_SYNTH_WAITLIST_SNAPSHOTS,SRC_SYNTH_CLINIC_TEMPLATES,SRC_SYNTH_PROVIDER_AVAILABILITY,SRC_SYNTH_NO_SHOW_LATE_CANCEL,SRC_SYNTH_DIAGNOSTIC_READINESS,SRC_SYNTH_HR_SHIFT_ROSTER,SRC_SYNTH_FINANCE_RESOURCE_ENVELOPE,SRC_OPEN_RESPIRATORY_VIRUS_DASHBOARD,SRC_OPEN_AQHI_SMOKE_CONTEXT,SRC_OPEN_SCHOOL_HOLIDAY_CALENDAR,SRC_OPEN_STATCAN_PED_POPULATION",modelled,ready
SITE_ACH_INSPIRED,Alberta Children's-inspired,cardiology,Cardiology,9,2026-08-10,619,563,693,64,65,0.747,"SRC_SYNTH_REFERRALS,SRC_SYNTH_REFERRAL_TRIAGE,SRC_SYNTH_WAITLIST_SNAPSHOTS,SRC_SYNTH_CLINIC_TEMPLATES,SRC_SYNTH_PROVIDER_AVAILABILITY,SRC_SYNTH_NO_SHOW_LATE_CANCEL,SRC_SYNTH_DIAGNOSTIC_READINESS,SRC_SYNTH_HR_SHIFT_ROSTER,SRC_SYNTH_FINANCE_RESOURCE_ENVELOPE,SRC_OPEN_RESPIRATORY_VIRUS_DASHBOARD,SRC_OPEN_AQHI_SMOKE_CONTEXT,SRC_OPEN_SCHOOL_HOLIDAY_CALENDAR,SRC_OPEN_STATCAN_PED_POPULATION",modelled,ready
SITE_ACH_INSPIRED,Alberta Children's-inspired,cardiology,Cardiology,10,2026-08-17,619,563,693,65,65,0.747,"SRC_SYNTH_REFERRALS,SRC_SYNTH_REFERRAL_TRIAGE,SRC_SYNTH_WAITLIST_SNAPSHOTS,SRC_SYNTH_CLINIC_TEMPLATES,SRC_SYNTH_PROVIDER_AVAILABILITY,SRC_SYNTH_NO_SHOW_LATE_CANCEL,SRC_SYNTH_DIAGNOSTIC_READINESS,SRC_SYNTH_HR_SHIFT_ROSTER,SRC_SYNTH_FINANCE_RESOURCE_ENVELOPE,SRC_OPEN_RESPIRATORY_VIRUS_DASHBOARD,SRC_OPEN_AQHI_SMOKE_CONTEXT,SRC_OPEN_SCHOOL_HOLIDAY_CALENDAR,SRC_OPEN_STATCAN_PED_POPULATION",modelled,ready
SITE_ACH_INSPIRED,Alberta Children's-inspired,cardiology,Cardiology,11,2026-08-24,618,562,692,65,65,0.747,"SRC_SYNTH_REFERRALS,SRC_SYNTH_REFERRAL_TRIAGE,SRC_SYNTH_WAITLIST_SNAPSHOTS,SRC_SYNTH_CLINIC_TEMPLATES,SRC_SYNTH_PROVIDER_AVAILABILITY,SRC_SYNTH_NO_SHOW_LATE_CANCEL,SRC_SYNTH_DIAGNOSTIC_READINESS,SRC_SYNTH_HR_SHIFT_ROSTER,SRC_SYNTH_FINANCE_RESOURCE_ENVELOPE,SRC_OPEN_RESPIRATORY_VIRUS_DASHBOARD,SRC_OPEN_AQHI_SMOKE_CONTEXT,SRC_OPEN_SCHOOL_HOLIDAY_CALENDAR,SRC_OPEN_STATCAN_PED_POPULATION",modelled,ready
SITE_ACH_INSPIRED,Alberta Children's-inspired,cardiology,Cardiology,12,2026-08-31,616,561,690,65,66,0.747,"SRC_SYNTH_REFERRALS,SRC_SYNTH_REFERRAL_TRIAGE,SRC_SYNTH_WAITLIST_SNAPSHOTS,SRC_SYNTH_CLINIC_TEMPLATES,SRC_SYNTH_PROVIDER_AVAILABILITY,SRC_SYNTH_NO_SHOW_LATE_CANCEL,SRC_SYNTH_DIAGNOSTIC_READINESS,SRC_SYNTH_HR_SHIFT_ROSTER,SRC_SYNTH_FINANCE_RESOURCE_ENVELOPE,SRC_OPEN_RESPIRATORY_VIRUS_DASHBOARD,SRC_OPEN_AQHI_SMOKE_CONTEXT,SRC_OPEN_SCHOOL_HOLIDAY_CALENDAR,SRC_OPEN_STATCAN_PED_POPULATION",modelled,ready
SITE_ACH_INSPIRED,Alberta Children's-inspired,cardiology,Cardiology,13,2026-09-07,612,557,685,65,66,0.747,"SRC_SYNTH_REFERRALS,SRC_SYNTH_REFERRAL_TRIAGE,SRC_SYNTH_WAITLIST_SNAPSHOTS,SRC_SYNTH_CLINIC_TEMPLATES,SRC_SYNTH_PROVIDER_AVAILABILITY,SRC_SYNTH_NO_SHOW_LATE_CANCEL,SRC_SYNTH_DIAGNOSTIC_READINESS,SRC_SYNTH_HR_SHIFT_ROSTER,SRC_SYNTH_FINANCE_RESOURCE_ENVELOPE,SRC_OPEN_RESPIRATORY_VIRUS_DASHBOARD,SRC_OPEN_AQHI_SMOKE_CONTEXT,SRC_OPEN_SCHOOL_HOLIDAY_CALENDAR,SRC_OPEN_STATCAN_PED_POPULATION",modelled,ready
SITE_ACH_INSPIRED,Alberta Children's-inspired,cardiology,Cardiology,14,2026-09-14,608,553,681,65,66,0.747,"SRC_SYNTH_REFERRALS,SRC_SYNTH_REFERRAL_TRIAGE,SRC_SYNTH_WAITLIST_SNAPSHOTS,SRC_SYNTH_CLINIC_TEMPLATES,SRC_SYNTH_PROVIDER_AVAILABILITY,SRC_SYNTH_NO_SHOW_LATE_CANCEL,SRC_SYNTH_DIAGNOSTIC_READINESS,SRC_SYNTH_HR_SHIFT_ROSTER,SRC_SYNTH_FINANCE_RESOURCE_ENVELOPE,SRC_OPEN_RESPIRATORY_VIRUS_DASHBOARD,SRC_OPEN_AQHI_SMOKE_CONTEXT,SRC_OPEN_SCHOOL_HOLIDAY_CALENDAR,SRC_OPEN_STATCAN_PED_POPULATION",modelled,ready
SITE_ACH_INSPIRED,Alberta Children's-inspired,cardiology,Cardiology,15,2026-09-21,603,549,675,65,67,0.747,"SRC_SYNTH_REFERRALS,SRC_SYNTH_REFERRAL_TRIAGE,SRC_SYNTH_WAITLIST_SNAPSHOTS,SRC_SYNTH_CLINIC_TEMPLATES,SRC_SYNTH_PROVIDER_AVAILABILITY,SRC_SYNTH_NO_SHOW_LATE_CANCEL,SRC_SYNTH_DIAGNOSTIC_READINESS,SRC_SYNTH_HR_SHIFT_ROSTER,SRC_SYNTH_FINANCE_RESOURCE_ENVELOPE,SRC_OPEN_RESPIRATORY_VIRUS_DASHBOARD,SRC_OPEN_AQHI_SMOKE_CONTEXT,SRC_OPEN_SCHOOL_HOLIDAY_CALENDAR,SRC_OPEN_STATCAN_PED_POPULATION",modelled,ready
SITE_ACH_INSPIRED,Alberta Children's-inspired,cardiology,Cardiology,16,2026-09-28,597,543,669,65,67,0.747,"SRC_SYNTH_REFERRALS,SRC_SYNTH_REFERRAL_TRIAGE,SRC_SYNTH_WAITLIST_SNAPSHOTS,SRC_SYNTH_CLINIC_TEMPLATES,SRC_SYNTH_PROVIDER_AVAILABILITY,SRC_SYNTH_NO_SHOW_LATE_CANCEL,SRC_SYNTH_DIAGNOSTIC_READINESS,SRC_SYNTH_HR_SHIFT_ROSTER,SRC_SYNTH_FINANCE_RESOURCE_ENVELOPE,SRC_OPEN_RESPIRATORY_VIRUS_DASHBOARD,SRC_OPEN_AQHI_SMOKE_CONTEXT,SRC_OPEN_SCHOOL_HOLIDAY_CALENDAR,SRC_OPEN_STATCAN_PED_POPULATION",modelled,ready
SITE_ACH_INSPIRED,Alberta Children's-inspired,cardiology,Cardiology,17,2026-10-05,592,539,663,65,67,0.747,"SRC_SYNTH_REFERRALS,SRC_SYNTH_REFERRAL_TRIAGE,SRC_SYNTH_WAITLIST_SNAPSHOTS,SRC_SYNTH_CLINIC_TEMPLATES,SRC_SYNTH_PROVIDER_AVAILABILITY,SRC_SYNTH_NO_SHOW_LATE_CANCEL,SRC_SYNTH_DIAGNOSTIC_READINESS,SRC_SYNTH_HR_SHIFT_ROSTER,SRC_SYNTH_FINANCE_RESOURCE_ENVELOPE,SRC_OPEN_RESPIRATORY_VIRUS_DASHBOARD,SRC_OPEN_AQHI_SMOKE_CONTEXT,SRC_OPEN_SCHOOL_HOLIDAY_CALENDAR,SRC_OPEN_STATCAN_PED_POPULATION",modelled,ready
SITE_ACH_INSPIRED,Alberta Children's-inspired,cardiology,Cardiology,18,2026-10-12,586,533,656,65,67,0.747,"SRC_SYNTH_REFERRALS,SRC_SYNTH_REFERRAL_TRIAGE,SRC_SYNTH_WAITLIST_SNAPSHOTS,SRC_SYNTH_CLINIC_TEMPLATES,SRC_SYNTH_PROVIDER_AVAILABILITY,SRC_SYNTH_NO_SHOW_LATE_CANCEL,SRC_SYNTH_DIAGNOSTIC_READINESS,SRC_SYNTH_HR_SHIFT_ROSTER,SRC_SYNTH_FINANCE_RESOURCE_ENVELOPE,SRC_OPEN_RESPIRATORY_VIRUS_DASHBOARD,SRC_OPEN_AQHI_SMOKE_CONTEXT,SRC_OPEN_SCHOOL_HOLIDAY_CALENDAR,SRC_OPEN_STATCAN_PED_POPULATION",modelled,ready
SITE_ACH_INSPIRED,Alberta Children's-inspired,cardiology,Cardiology,19,2026-10-19,581,529,651,65,68,0.747,"SRC_SYNTH_REFERRALS,SRC_SYNTH_REFERRAL_TRIAGE,SRC_SYNTH_WAITLIST_SNAPSHOTS,SRC_SYNTH_CLINIC_TEMPLATES,SRC_SYNTH_PROVIDER_AVAILABILITY,SRC_SYNTH_NO_SHOW_LATE_CANCEL,SRC_SYNTH_DIAGNOSTIC_READINESS,SRC_SYNTH_HR_SHIFT_ROSTER,SRC_SYNTH_FINANCE_RESOURCE_ENVELOPE,SRC_OPEN_RESPIRATORY_VIRUS_DASHBOARD,SRC_OPEN_AQHI_SMOKE_CONTEXT,SRC_OPEN_SCHOOL_HOLIDAY_CALENDAR,SRC_OPEN_STATCAN_PED_POPULATION",modelled,ready
SITE_ACH_INSPIRED,Alberta Children's-inspired,cardiology,Cardiology,20,2026-10-26,577,525,646,65,68,0.747,"SRC_SYNTH_REFERRALS,SRC_SYNTH_REFERRAL_TRIAGE,SRC_SYNTH_WAITLIST_SNAPSHOTS,SRC_SYNTH_CLINIC_TEMPLATES,SRC_SYNTH_PROVIDER_AVAILABILITY,SRC_SYNTH_NO_SHOW_LATE_CANCEL,SRC_SYNTH_DIAGNOSTIC_READINESS,SRC_SYNTH_HR_SHIFT_ROSTER,SRC_SYNTH_FINANCE_RESOURCE_ENVELOPE,SRC_OPEN_RESPIRATORY_VIRUS_DASHBOARD,SRC_OPEN_AQHI_SMOKE_CONTEXT,SRC_OPEN_SCHOOL_HOLIDAY_CALENDAR,SRC_OPEN_STATCAN_PED_POPULATION",modelled,ready
SITE_ACH_INSPIRED,Alberta Children's-inspired,cardiology,Cardiology,21,2026-11-02,574,522,643,66,68,0.747,"SRC_SYNTH_REFERRALS,SRC_SYNTH_REFERRAL_TRIAGE,SRC_SYNTH_WAITLIST_SNAPSHOTS,SRC_SYNTH_CLINIC_TEMPLATES,SRC_SYNTH_PROVIDER_AVAILABILITY,SRC_SYNTH_NO_SHOW_LATE_CANCEL,SRC_SYNTH_DIAGNOSTIC_READINESS,SRC_SYNTH_HR_SHIFT_ROSTER,SRC_SYNTH_FINANCE_RESOURCE_ENVELOPE,SRC_OPEN_RESPIRATORY_VIRUS_DASHBOARD,SRC_OPEN_AQHI_SMOKE_CONTEXT,SRC_OPEN_SCHOOL_HOLIDAY_CALENDAR,SRC_OPEN_STATCAN_PED_POPULATION",modelled,ready
SITE_ACH_INSPIRED,Alberta Children's-inspired,cardiology,Cardiology,22,2026-11-09,573,521,642,66,69,0.747,"SRC_SYNTH_REFERRALS,SRC_SYNTH_REFERRAL_TRIAGE,SRC_SYNTH_WAITLIST_SNAPSHOTS,SRC_SYNTH_CLINIC_TEMPLATES,SRC_SYNTH_PROVIDER_AVAILABILITY,SRC_SYNTH_NO_SHOW_LATE_CANCEL,SRC_SYNTH_DIAGNOSTIC_READINESS,SRC_SYNTH_HR_SHIFT_ROSTER,SRC_SYNTH_FINANCE_RESOURCE_ENVELOPE,SRC_OPEN_RESPIRATORY_VIRUS_DASHBOARD,SRC_OPEN_AQHI_SMOKE_CONTEXT,SRC_OPEN_SCHOOL_HOLIDAY_CALENDAR,SRC_OPEN_STATCAN_PED_POPULATION",modelled,ready
SITE_ACH_INSPIRED,Alberta Children's-inspired,cardiology,Cardiology,23,2026-11-16,572,521,641,66,69,0.747,"SRC_SYNTH_REFERRALS,SRC_SYNTH_REFERRAL_TRIAGE,SRC_SYNTH_WAITLIST_SNAPSHOTS,SRC_SYNTH_CLINIC_TEMPLATES,SRC_SYNTH_PROVIDER_AVAILABILITY,SRC_SYNTH_NO_SHOW_LATE_CANCEL,SRC_SYNTH_DIAGNOSTIC_READINESS,SRC_SYNTH_HR_SHIFT_ROSTER,SRC_SYNTH_FINANCE_RESOURCE_ENVELOPE,SRC_OPEN_RESPIRATORY_VIRUS_DASHBOARD,SRC_OPEN_AQHI_SMOKE_CONTEXT,SRC_OPEN_SCHOOL_HOLIDAY_CALENDAR,SRC_OPEN_STATCAN_PED_POPULATION",modelled,ready
SITE_ACH_INSPIRED,Alberta Children's-inspired,cardiology,Cardiology,24,2026-11-23,574,522,643,66,69,0.747,"SRC_SYNTH_REFERRALS,SRC_SYNTH_REFERRAL_TRIAGE,SRC_SYNTH_WAITLIST_SNAPSHOTS,SRC_SYNTH_CLINIC_TEMPLATES,SRC_SYNTH_PROVIDER_AVAILABILITY,SRC_SYNTH_NO_SHOW_LATE_CANCEL,SRC_SYNTH_DIAGNOSTIC_READINESS,SRC_SYNTH_HR_SHIFT_ROSTER,SRC_SYNTH_FINANCE_RESOURCE_ENVELOPE,SRC_OPEN_RESPIRATORY_VIRUS_DASHBOARD,SRC_OPEN_AQHI_SMOKE_CONTEXT,SRC_OPEN_SCHOOL_HOLIDAY_CALENDAR,SRC_OPEN_STATCAN_PED_POPULATION",modelled,ready
SITE_ACH_INSPIRED,Alberta Children's-inspired,cardiology,Cardiology,25,2026-11-30,577,525,646,67,70,0.747,"SRC_SYNTH_REFERRALS,SRC_SYNTH_REFERRAL_TRIAGE,SRC_SYNTH_WAITLIST_SNAPSHOTS,SRC_SYNTH_CLINIC_TEMPLATES,SRC_SYNTH_PROVIDER_AVAILABILITY,SRC_SYNTH_NO_SHOW_LATE_CANCEL,SRC_SYNTH_DIAGNOSTIC_READINESS,SRC_SYNTH_HR_SHIFT_ROSTER,SRC_SYNTH_FINANCE_RESOURCE_ENVELOPE,SRC_OPEN_RESPIRATORY_VIRUS_DASHBOARD,SRC_OPEN_AQHI_SMOKE_CONTEXT,SRC_OPEN_SCHOOL_HOLIDAY_CALENDAR,SRC_OPEN_STATCAN_PED_POPULATION",modelled,ready
SITE_ACH_INSPIRED,Alberta Children's-inspired,cardiology,Cardiology,26,2026-12-07,582,530,652,67,70,0.747,"SRC_SYNTH_REFERRALS,SRC_SYNTH_REFERRAL_TRIAGE,SRC_SYNTH_WAITLIST_SNAPSHOTS,SRC_SYNTH_CLINIC_TEMPLATES,SRC_SYNTH_PROVIDER_AVAILABILITY,SRC_SYNTH_NO_SHOW_LATE_CANCEL,SRC_SYNTH_DIAGNOSTIC_READINESS,SRC_SYNTH_HR_SHIFT_ROSTER,SRC_SYNTH_FINANCE_RESOURCE_ENVELOPE,SRC_OPEN_RESPIRATORY_VIRUS_DASHBOARD,SRC_OPEN_AQHI_SMOKE_CONTEXT,SRC_OPEN_SCHOOL_HOLIDAY_CALENDAR,SRC_OPEN_STATCAN_PED_POPULATION",modelled,ready
SITE_ACH_INSPIRED,Alberta Children's-inspired,neurology,Neurology,1,2026-06-15,868,790,972,66,96,0.729,"SRC_SYNTH_REFERRALS,SRC_SYNTH_REFERRAL_TRIAGE,SRC_SYNTH_WAITLIST_SNAPSHOTS,SRC_SYNTH_CLINIC_TEMPLATES,SRC_SYNTH_PROVIDER_AVAILABILITY,SRC_SYNTH_NO_SHOW_LATE_CANCEL,SRC_SYNTH_DIAGNOSTIC_READINESS,SRC_SYNTH_HR_SHIFT_ROSTER,SRC_SYNTH_FINANCE_RESOURCE_ENVELOPE,SRC_OPEN_RESPIRATORY_VIRUS_DASHBOARD,SRC_OPEN_AQHI_SMOKE_CONTEXT,SRC_OPEN_SCHOOL_HOLIDAY_CALENDAR,SRC_OPEN_STATCAN_PED_POPULATION",modelled,ready
SITE_ACH_INSPIRED,Alberta Children's-inspired,neurology,Neurology,2,2026-06-22,883,804,989,67,96,0.729,"SRC_SYNTH_REFERRALS,SRC_SYNTH_REFERRAL_TRIAGE,SRC_SYNTH_WAITLIST_SNAPSHOTS,SRC_SYNTH_CLINIC_TEMPLATES,SRC_SYNTH_PROVIDER_AVAILABILITY,SRC_SYNTH_NO_SHOW_LATE_CANCEL,SRC_SYNTH_DIAGNOSTIC_READINESS,SRC_SYNTH_HR_SHIFT_ROSTER,SRC_SYNTH_FINANCE_RESOURCE_ENVELOPE,SRC_OPEN_RESPIRATORY_VIRUS_DASHBOARD,SRC_OPEN_AQHI_SMOKE_CONTEXT,SRC_OPEN_SCHOOL_HOLIDAY_CALENDAR,SRC_OPEN_STATCAN_PED_POPULATION",modelled,ready
SITE_ACH_INSPIRED,Alberta Children's-inspired,neurology,Neurology,3,2026-06-29,896,815,1004,67,97,0.729,"SRC_SYNTH_REFERRALS,SRC_SYNTH_REFERRAL_TRIAGE,SRC_SYNTH_WAITLIST_SNAPSHOTS,SRC_SYNTH_CLINIC_TEMPLATES,SRC_SYNTH_PROVIDER_AVAILABILITY,SRC_SYNTH_NO_SHOW_LATE_CANCEL,SRC_SYNTH_DIAGNOSTIC_READINESS,SRC_SYNTH_HR_SHIFT_ROSTER,SRC_SYNTH_FINANCE_RESOURCE_ENVELOPE,SRC_OPEN_RESPIRATORY_VIRUS_DASHBOARD,SRC_OPEN_AQHI_SMOKE_CONTEXT,SRC_OPEN_SCHOOL_HOLIDAY_CALENDAR,SRC_OPEN_STATCAN_PED_POPULATION",modelled,ready
SITE_ACH_INSPIRED,Alberta Children's-inspired,neurology,Neurology,4,2026-07-06,908,826,1017,68,97,0.729,"SRC_SYNTH_REFERRALS,SRC_SYNTH_REFERRAL_TRIAGE,SRC_SYNTH_WAITLIST_SNAPSHOTS,SRC_SYNTH_CLINIC_TEMPLATES,SRC_SYNTH_PROVIDER_AVAILABILITY,SRC_SYNTH_NO_SHOW_LATE_CANCEL,SRC_SYNTH_DIAGNOSTIC_READINESS,SRC_SYNTH_HR_SHIFT_ROSTER,SRC_SYNTH_FINANCE_RESOURCE_ENVELOPE,SRC_OPEN_RESPIRATORY_VIRUS_DASHBOARD,SRC_OPEN_AQHI_SMOKE_CONTEXT,SRC_OPEN_SCHOOL_HOLIDAY_CALENDAR,SRC_OPEN_STATCAN_PED_POPULATION",modelled,ready
SITE_ACH_INSPIRED,Alberta Children's-inspired,neurology,Neurology,5,2026-07-13,918,835,1028,69,98,0.729,"SRC_SYNTH_REFERRALS,SRC_SYNTH_REFERRAL_TRIAGE,SRC_SYNTH_WAITLIST_SNAPSHOTS,SRC_SYNTH_CLINIC_TEMPLATES,SRC_SYNTH_PROVIDER_AVAILABILITY,SRC_SYNTH_NO_SHOW_LATE_CANCEL,SRC_SYNTH_DIAGNOSTIC_READINESS,SRC_SYNTH_HR_SHIFT_ROSTER,SRC_SYNTH_FINANCE_RESOURCE_ENVELOPE,SRC_OPEN_RESPIRATORY_VIRUS_DASHBOARD,SRC_OPEN_AQHI_SMOKE_CONTEXT,SRC_OPEN_SCHOOL_HOLIDAY_CALENDAR,SRC_OPEN_STATCAN_PED_POPULATION",modelled,ready
SITE_ACH_INSPIRED,Alberta Children's-inspired,neurology,Neurology,6,2026-07-20,926,843,1037,69,99,0.729,"SRC_SYNTH_REFERRALS,SRC_SYNTH_REFERRAL_TRIAGE,SRC_SYNTH_WAITLIST_SNAPSHOTS,SRC_SYNTH_CLINIC_TEMPLATES,SRC_SYNTH_PROVIDER_AVAILABILITY,SRC_SYNTH_NO_SHOW_LATE_CANCEL,SRC_SYNTH_DIAGNOSTIC_READINESS,SRC_SYNTH_HR_SHIFT_ROSTER,SRC_SYNTH_FINANCE_RESOURCE_ENVELOPE,SRC_OPEN_RESPIRATORY_VIRUS_DASHBOARD,SRC_OPEN_AQHI_SMOKE_CONTEXT,SRC_OPEN_SCHOOL_HOLIDAY_CALENDAR,SRC_OPEN_STATCAN_PED_POPULATION",modelled,ready
SITE_ACH_INSPIRED,Alberta Children's-inspired,neurology,Neurology,7,2026-07-27,931,847,1043,70,99,0.729,"SRC_SYNTH_REFERRALS,SRC_SYNTH_REFERRAL_TRIAGE,SRC_SYNTH_WAITLIST_SNAPSHOTS,SRC_SYNTH_CLINIC_TEMPLATES,SRC_SYNTH_PROVIDER_AVAILABILITY,SRC_SYNTH_NO_SHOW_LATE_CANCEL,SRC_SYNTH_DIAGNOSTIC_READINESS,SRC_SYNTH_HR_SHIFT_ROSTER,SRC_SYNTH_FINANCE_RESOURCE_ENVELOPE,SRC_OPEN_RESPIRATORY_VIRUS_DASHBOARD,SRC_OPEN_AQHI_SMOKE_CONTEXT,SRC_OPEN_SCHOOL_HOLIDAY_CALENDAR,SRC_OPEN_STATCAN_PED_POPULATION",modelled,ready
SITE_ACH_INSPIRED,Alberta Children's-inspired,neurology,Neurology,8,2026-08-03,934,850,1046,70,100,0.729,"SRC_SYNTH_REFERRALS,SRC_SYNTH_REFERRAL_TRIAGE,SRC_SYNTH_WAITLIST_SNAPSHOTS,SRC_SYNTH_CLINIC_TEMPLATES,SRC_SYNTH_PROVIDER_AVAILABILITY,SRC_SYNTH_NO_SHOW_LATE_CANCEL,SRC_SYNTH_DIAGNOSTIC_READINESS,SRC_SYNTH_HR_SHIFT_ROSTER,SRC_SYNTH_FINANCE_RESOURCE_ENVELOPE,SRC_OPEN_RESPIRATORY_VIRUS_DASHBOARD,SRC_OPEN_AQHI_SMOKE_CONTEXT,SRC_OPEN_SCHOOL_HOLIDAY_CALENDAR,SRC_OPEN_STATCAN_PED_POPULATION",modelled,ready
SITE_ACH_INSPIRED,Alberta Children's-inspired,neurology,Neurology,9,2026-08-10,934,850,1046,70,101,0.729,"SRC_SYNTH_REFERRALS,SRC_SYNTH_REFERRAL_TRIAGE,SRC_SYNTH_WAITLIST_SNAPSHOTS,SRC_SYNTH_CLINIC_TEMPLATES,SRC_SYNTH_PROVIDER_AVAILABILITY,SRC_SYNTH_NO_SHOW_LATE_CANCEL,SRC_SYNTH_DIAGNOSTIC_READINESS,SRC_SYNTH_HR_SHIFT_ROSTER,SRC_SYNTH_FINANCE_RESOURCE_ENVELOPE,SRC_OPEN_RESPIRATORY_VIRUS_DASHBOARD,SRC_OPEN_AQHI_SMOKE_CONTEXT,SRC_OPEN_SCHOOL_HOLIDAY_CALENDAR,SRC_OPEN_STATCAN_PED_POPULATION",modelled,ready
SITE_ACH_INSPIRED,Alberta Children's-inspired,neurology,Neurology,10,2026-08-17,933,849,1045,71,101,0.729,"SRC_SYNTH_REFERRALS,SRC_SYNTH_REFERRAL_TRIAGE,SRC_SYNTH_WAITLIST_SNAPSHOTS,SRC_SYNTH_CLINIC_TEMPLATES,SRC_SYNTH_PROVIDER_AVAILABILITY,SRC_SYNTH_NO_SHOW_LATE_CANCEL,SRC_SYNTH_DIAGNOSTIC_READINESS,SRC_SYNTH_HR_SHIFT_ROSTER,SRC_SYNTH_FINANCE_RESOURCE_ENVELOPE,SRC_OPEN_RESPIRATORY_VIRUS_DASHBOARD,SRC_OPEN_AQHI_SMOKE_CONTEXT,SRC_OPEN_SCHOOL_HOLIDAY_CALENDAR,SRC_OPEN_STATCAN_PED_POPULATION",modelled,ready
SITE_ACH_INSPIRED,Alberta Children's-inspired,neurology,Neurology,11,2026-08-24,929,845,1040,71,102,0.729,"SRC_SYNTH_REFERRALS,SRC_SYNTH_REFERRAL_TRIAGE,SRC_SYNTH_WAITLIST_SNAPSHOTS,SRC_SYNTH_CLINIC_TEMPLATES,SRC_SYNTH_PROVIDER_AVAILABILITY,SRC_SYNTH_NO_SHOW_LATE_CANCEL,SRC_SYNTH_DIAGNOSTIC_READINESS,SRC_SYNTH_HR_SHIFT_ROSTER,SRC_SYNTH_FINANCE_RESOURCE_ENVELOPE,SRC_OPEN_RESPIRATORY_VIRUS_DASHBOARD,SRC_OPEN_AQHI_SMOKE_CONTEXT,SRC_OPEN_SCHOOL_HOLIDAY_CALENDAR,SRC_OPEN_STATCAN_PED_POPULATION",modelled,ready
SITE_ACH_INSPIRED,Alberta Children's-inspired,neurology,Neurology,12,2026-08-31,924,841,1035,71,102,0.729,"SRC_SYNTH_REFERRALS,SRC_SYNTH_REFERRAL_TRIAGE,SRC_SYNTH_WAITLIST_SNAPSHOTS,SRC_SYNTH_CLINIC_TEMPLATES,SRC_SYNTH_PROVIDER_AVAILABILITY,SRC_SYNTH_NO_SHOW_LATE_CANCEL,SRC_SYNTH_DIAGNOSTIC_READINESS,SRC_SYNTH_HR_SHIFT_ROSTER,SRC_SYNTH_FINANCE_RESOURCE_ENVELOPE,SRC_OPEN_RESPIRATORY_VIRUS_DASHBOARD,SRC_OPEN_AQHI_SMOKE_CONTEXT,SRC_OPEN_SCHOOL_HOLIDAY_CALENDAR,SRC_OPEN_STATCAN_PED_POPULATION",modelled,ready
SITE_ACH_INSPIRED,Alberta Children's-inspired,neurology,Neurology,13,2026-09-07,917,834,1027,71,103,0.729,"SRC_SYNTH_REFERRALS,SRC_SYNTH_REFERRAL_TRIAGE,SRC_SYNTH_WAITLIST_SNAPSHOTS,SRC_SYNTH_CLINIC_TEMPLATES,SRC_SYNTH_PROVIDER_AVAILABILITY,SRC_SYNTH_NO_SHOW_LATE_CANCEL,SRC_SYNTH_DIAGNOSTIC_READINESS,SRC_SYNTH_HR_SHIFT_ROSTER,SRC_SYNTH_FINANCE_RESOURCE_ENVELOPE,SRC_OPEN_RESPIRATORY_VIRUS_DASHBOARD,SRC_OPEN_AQHI_SMOKE_CONTEXT,SRC_OPEN_SCHOOL_HOLIDAY_CALENDAR,SRC_OPEN_STATCAN_PED_POPULATION",modelled,ready
SITE_ACH_INSPIRED,Alberta Children's-inspired,neurology,Neurology,14,2026-09-14,909,827,1018,71,104,0.729,"SRC_SYNTH_REFERRALS,SRC_SYNTH_REFERRAL_TRIAGE,SRC_SYNTH_WAITLIST_SNAPSHOTS,SRC_SYNTH_CLINIC_TEMPLATES,SRC_SYNTH_PROVIDER_AVAILABILITY,SRC_SYNTH_NO_SHOW_LATE_CANCEL,SRC_SYNTH_DIAGNOSTIC_READINESS,SRC_SYNTH_HR_SHIFT_ROSTER,SRC_SYNTH_FINANCE_RESOURCE_ENVELOPE,SRC_OPEN_RESPIRATORY_VIRUS_DASHBOARD,SRC_OPEN_AQHI_SMOKE_CONTEXT,SRC_OPEN_SCHOOL_HOLIDAY_CALENDAR,SRC_OPEN_STATCAN_PED_POPULATION",modelled,ready
SITE_ACH_INSPIRED,Alberta Children's-inspired,neurology,Neurology,15,2026-09-21,901,820,1009,71,104,0.729,"SRC_SYNTH_REFERRALS,SRC_SYNTH_REFERRAL_TRIAGE,SRC_SYNTH_WAITLIST_SNAPSHOTS,SRC_SYNTH_CLINIC_TEMPLATES,SRC_SYNTH_PROVIDER_AVAILABILITY,SRC_SYNTH_NO_SHOW_LATE_CANCEL,SRC_SYNTH_DIAGNOSTIC_READINESS,SRC_SYNTH_HR_SHIFT_ROSTER,SRC_SYNTH_FINANCE_RESOURCE_ENVELOPE,SRC_OPEN_RESPIRATORY_VIRUS_DASHBOARD,SRC_OPEN_AQHI_SMOKE_CONTEXT,SRC_OPEN_SCHOOL_HOLIDAY_CALENDAR,SRC_OPEN_STATCAN_PED_POPULATION",modelled,ready
SITE_ACH_INSPIRED,Alberta Children's-inspired,neurology,Neurology,16,2026-09-28,893,813,1000,71,105,0.729,"SRC_SYNTH_REFERRALS,SRC_SYNTH_REFERRAL_TRIAGE,SRC_SYNTH_WAITLIST_SNAPSHOTS,SRC_SYNTH_CLINIC_TEMPLATES,SRC_SYNTH_PROVIDER_AVAILABILITY,SRC_SYNTH_NO_SHOW_LATE_CANCEL,SRC_SYNTH_DIAGNOSTIC_READINESS,SRC_SYNTH_HR_SHIFT_ROSTER,SRC_SYNTH_FINANCE_RESOURCE_ENVELOPE,SRC_OPEN_RESPIRATORY_VIRUS_DASHBOARD,SRC_OPEN_AQHI_SMOKE_CONTEXT,SRC_OPEN_SCHOOL_HOLIDAY_CALENDAR,SRC_OPEN_STATCAN_PED_POPULATION",modelled,ready
SITE_ACH_INSPIRED,Alberta Children's-inspired,neurology,Neurology,17,2026-10-05,885,805,991,71,105,0.729,"SRC_SYNTH_REFERRALS,SRC_SYNTH_REFERRAL_TRIAGE,SRC_SYNTH_WAITLIST_SNAPSHOTS,SRC_SYNTH_CLINIC_TEMPLATES,SRC_SYNTH_PROVIDER_AVAILABILITY,SRC_SYNTH_NO_SHOW_LATE_CANCEL,SRC_SYNTH_DIAGNOSTIC_READINESS,SRC_SYNTH_HR_SHIFT_ROSTER,SRC_SYNTH_FINANCE_RESOURCE_ENVELOPE,SRC_OPEN_RESPIRATORY_VIRUS_DASHBOARD,SRC_OPEN_AQHI_SMOKE_CONTEXT,SRC_OPEN_SCHOOL_HOLIDAY_CALENDAR,SRC_OPEN_STATCAN_PED_POPULATION",modelled,ready
SITE_ACH_INSPIRED,Alberta Children's-inspired,neurology,Neurology,18,2026-10-12,877,798,982,71,106,0.729,"SRC_SYNTH_REFERRALS,SRC_SYNTH_REFERRAL_TRIAGE,SRC_SYNTH_WAITLIST_SNAPSHOTS,SRC_SYNTH_CLINIC_TEMPLATES,SRC_SYNTH_PROVIDER_AVAILABILITY,SRC_SYNTH_NO_SHOW_LATE_CANCEL,SRC_SYNTH_DIAGNOSTIC_READINESS,SRC_SYNTH_HR_SHIFT_ROSTER,SRC_SYNTH_FINANCE_RESOURCE_ENVELOPE,SRC_OPEN_RESPIRATORY_VIRUS_DASHBOARD,SRC_OPEN_AQHI_SMOKE_CONTEXT,SRC_OPEN_SCHOOL_HOLIDAY_CALENDAR,SRC_OPEN_STATCAN_PED_POPULATION",modelled,ready
SITE_ACH_INSPIRED,Alberta Children's-inspired,neurology,Neurology,19,2026-10-19,871,793,976,71,107,0.729,"SRC_SYNTH_REFERRALS,SRC_SYNTH_REFERRAL_TRIAGE,SRC_SYNTH_WAITLIST_SNAPSHOTS,SRC_SYNTH_CLINIC_TEMPLATES,SRC_SYNTH_PROVIDER_AVAILABILITY,SRC_SYNTH_NO_SHOW_LATE_CANCEL,SRC_SYNTH_DIAGNOSTIC_READINESS,SRC_SYNTH_HR_SHIFT_ROSTER,SRC_SYNTH_FINANCE_RESOURCE_ENVELOPE,SRC_OPEN_RESPIRATORY_VIRUS_DASHBOARD,SRC_OPEN_AQHI_SMOKE_CONTEXT,SRC_OPEN_SCHOOL_HOLIDAY_CALENDAR,SRC_OPEN_STATCAN_PED_POPULATION",modelled,ready
SITE_ACH_INSPIRED,Alberta Children's-inspired,neurology,Neurology,20,2026-10-26,867,789,971,71,107,0.729,"SRC_SYNTH_REFERRALS,SRC_SYNTH_REFERRAL_TRIAGE,SRC_SYNTH_WAITLIST_SNAPSHOTS,SRC_SYNTH_CLINIC_TEMPLATES,SRC_SYNTH_PROVIDER_AVAILABILITY,SRC_SYNTH_NO_SHOW_LATE_CANCEL,SRC_SYNTH_DIAGNOSTIC_READINESS,SRC_SYNTH_HR_SHIFT_ROSTER,SRC_SYNTH_FINANCE_RESOURCE_ENVELOPE,SRC_OPEN_RESPIRATORY_VIRUS_DASHBOARD,SRC_OPEN_AQHI_SMOKE_CONTEXT,SRC_OPEN_SCHOOL_HOLIDAY_CALENDAR,SRC_OPEN_STATCAN_PED_POPULATION",modelled,ready
SITE_ACH_INSPIRED,Alberta Children's-inspired,neurology,Neurology,21,2026-11-02,864,786,968,71,108,0.729,"SRC_SYNTH_REFERRALS,SRC_SYNTH_REFERRAL_TRIAGE,SRC_SYNTH_WAITLIST_SNAPSHOTS,SRC_SYNTH_CLINIC_TEMPLATES,SRC_SYNTH_PROVIDER_AVAILABILITY,SRC_SYNTH_NO_SHOW_LATE_CANCEL,SRC_SYNTH_DIAGNOSTIC_READINESS,SRC_SYNTH_HR_SHIFT_ROSTER,SRC_SYNTH_FINANCE_RESOURCE_ENVELOPE,SRC_OPEN_RESPIRATORY_VIRUS_DASHBOARD,SRC_OPEN_AQHI_SMOKE_CONTEXT,SRC_OPEN_SCHOOL_HOLIDAY_CALENDAR,SRC_OPEN_STATCAN_PED_POPULATION",modelled,ready
SITE_ACH_INSPIRED,Alberta Children's-inspired,neurology,Neurology,22,2026-11-09,864,786,968,71,108,0.729,"SRC_SYNTH_REFERRALS,SRC_SYNTH_REFERRAL_TRIAGE,SRC_SYNTH_WAITLIST_SNAPSHOTS,SRC_SYNTH_CLINIC_TEMPLATES,SRC_SYNTH_PROVIDER_AVAILABILITY,SRC_SYNTH_NO_SHOW_LATE_CANCEL,SRC_SYNTH_DIAGNOSTIC_READINESS,SRC_SYNTH_HR_SHIFT_ROSTER,SRC_SYNTH_FINANCE_RESOURCE_ENVELOPE,SRC_OPEN_RESPIRATORY_VIRUS_DASHBOARD,SRC_OPEN_AQHI_SMOKE_CONTEXT,SRC_OPEN_SCHOOL_HOLIDAY_CALENDAR,SRC_OPEN_STATCAN_PED_POPULATION",modelled,ready
SITE_ACH_INSPIRED,Alberta Children's-inspired,neurology,Neurology,23,2026-11-16,866,788,970,72,109,0.729,"SRC_SYNTH_REFERRALS,SRC_SYNTH_REFERRAL_TRIAGE,SRC_SYNTH_WAITLIST_SNAPSHOTS,SRC_SYNTH_CLINIC_TEMPLATES,SRC_SYNTH_PROVIDER_AVAILABILITY,SRC_SYNTH_NO_SHOW_LATE_CANCEL,SRC_SYNTH_DIAGNOSTIC_READINESS,SRC_SYNTH_HR_SHIFT_ROSTER,SRC_SYNTH_FINANCE_RESOURCE_ENVELOPE,SRC_OPEN_RESPIRATORY_VIRUS_DASHBOARD,SRC_OPEN_AQHI_SMOKE_CONTEXT,SRC_OPEN_SCHOOL_HOLIDAY_CALENDAR,SRC_OPEN_STATCAN_PED_POPULATION",modelled,ready
SITE_ACH_INSPIRED,Alberta Children's-inspired,neurology,Neurology,24,2026-11-23,871,793,976,72,110,0.729,"SRC_SYNTH_REFERRALS,SRC_SYNTH_REFERRAL_TRIAGE,SRC_SYNTH_WAITLIST_SNAPSHOTS,SRC_SYNTH_CLINIC_TEMPLATES,SRC_SYNTH_PROVIDER_AVAILABILITY,SRC_SYNTH_NO_SHOW_LATE_CANCEL,SRC_SYNTH_DIAGNOSTIC_READINESS,SRC_SYNTH_HR_SHIFT_ROSTER,SRC_SYNTH_FINANCE_RESOURCE_ENVELOPE,SRC_OPEN_RESPIRATORY_VIRUS_DASHBOARD,SRC_OPEN_AQHI_SMOKE_CONTEXT,SRC_OPEN_SCHOOL_HOLIDAY_CALENDAR,SRC_OPEN_STATCAN_PED_POPULATION",modelled,ready
SITE_ACH_INSPIRED,Alberta Children's-inspired,neurology,Neurology,25,2026-11-30,878,799,983,73,110,0.729,"SRC_SYNTH_REFERRALS,SRC_SYNTH_REFERRAL_TRIAGE,SRC_SYNTH_WAITLIST_SNAPSHOTS,SRC_SYNTH_CLINIC_TEMPLATES,SRC_SYNTH_PROVIDER_AVAILABILITY,SRC_SYNTH_NO_SHOW_LATE_CANCEL,SRC_SYNTH_DIAGNOSTIC_READINESS,SRC_SYNTH_HR_SHIFT_ROSTER,SRC_SYNTH_FINANCE_RESOURCE_ENVELOPE,SRC_OPEN_RESPIRATORY_VIRUS_DASHBOARD,SRC_OPEN_AQHI_SMOKE_CONTEXT,SRC_OPEN_SCHOOL_HOLIDAY_CALENDAR,SRC_OPEN_STATCAN_PED_POPULATION",modelled,ready
SITE_ACH_INSPIRED,Alberta Children's-inspired,neurology,Neurology,26,2026-12-07,888,808,995,73,111,0.729,"SRC_SYNTH_REFERRALS,SRC_SYNTH_REFERRAL_TRIAGE,SRC_SYNTH_WAITLIST_SNAPSHOTS,SRC_SYNTH_CLINIC_TEMPLATES,SRC_SYNTH_PROVIDER_AVAILABILITY,SRC_SYNTH_NO_SHOW_LATE_CANCEL,SRC_SYNTH_DIAGNOSTIC_READINESS,SRC_SYNTH_HR_SHIFT_ROSTER,SRC_SYNTH_FINANCE_RESOURCE_ENVELOPE,SRC_OPEN_RESPIRATORY_VIRUS_DASHBOARD,SRC_OPEN_AQHI_SMOKE_CONTEXT,SRC_OPEN_SCHOOL_HOLIDAY_CALENDAR,SRC_OPEN_STATCAN_PED_POPULATION",modelled,ready
SITE_ACH_INSPIRED,Alberta Children's-inspired,surgery_follow_up,Surgery follow-up,1,2026-06-15,832,757,932,61,87,0.743,"SRC_SYNTH_REFERRALS,SRC_SYNTH_REFERRAL_TRIAGE,SRC_SYNTH_WAITLIST_SNAPSHOTS,SRC_SYNTH_CLINIC_TEMPLATES,SRC_SYNTH_PROVIDER_AVAILABILITY,SRC_SYNTH_NO_SHOW_LATE_CANCEL,SRC_SYNTH_DIAGNOSTIC_READINESS,SRC_SYNTH_HR_SHIFT_ROSTER,SRC_SYNTH_FINANCE_RESOURCE_ENVELOPE,SRC_OPEN_RESPIRATORY_VIRUS_DASHBOARD,SRC_OPEN_AQHI_SMOKE_CONTEXT,SRC_OPEN_SCHOOL_HOLIDAY_CALENDAR,SRC_OPEN_STATCAN_PED_POPULATION",modelled,ready
SITE_ACH_INSPIRED,Alberta Children's-inspired,surgery_follow_up,Surgery follow-up,2,2026-06-22,845,769,946,62,88,0.743,"SRC_SYNTH_REFERRALS,SRC_SYNTH_REFERRAL_TRIAGE,SRC_SYNTH_WAITLIST_SNAPSHOTS,SRC_SYNTH_CLINIC_TEMPLATES,SRC_SYNTH_PROVIDER_AVAILABILITY,SRC_SYNTH_NO_SHOW_LATE_CANCEL,SRC_SYNTH_DIAGNOSTIC_READINESS,SRC_SYNTH_HR_SHIFT_ROSTER,SRC_SYNTH_FINANCE_RESOURCE_ENVELOPE,SRC_OPEN_RESPIRATORY_VIRUS_DASHBOARD,SRC_OPEN_AQHI_SMOKE_CONTEXT,SRC_OPEN_SCHOOL_HOLIDAY_CALENDAR,SRC_OPEN_STATCAN_PED_POPULATION",modelled,ready
SITE_ACH_INSPIRED,Alberta Children's-inspired,surgery_follow_up,Surgery follow-up,3,2026-06-29,856,779,959,62,88,0.743,"SRC_SYNTH_REFERRALS,SRC_SYNTH_REFERRAL_TRIAGE,SRC_SYNTH_WAITLIST_SNAPSHOTS,SRC_SYNTH_CLINIC_TEMPLATES,SRC_SYNTH_PROVIDER_AVAILABILITY,SRC_SYNTH_NO_SHOW_LATE_CANCEL,SRC_SYNTH_DIAGNOSTIC_READINESS,SRC_SYNTH_HR_SHIFT_ROSTER,SRC_SYNTH_FINANCE_RESOURCE_ENVELOPE,SRC_OPEN_RESPIRATORY_VIRUS_DASHBOARD,SRC_OPEN_AQHI_SMOKE_CONTEXT,SRC_OPEN_SCHOOL_HOLIDAY_CALENDAR,SRC_OPEN_STATCAN_PED_POPULATION",modelled,ready
SITE_ACH_INSPIRED,Alberta Children's-inspired,surgery_follow_up,Surgery follow-up,4,2026-07-06,866,788,970,63,88,0.743,"SRC_SYNTH_REFERRALS,SRC_SYNTH_REFERRAL_TRIAGE,SRC_SYNTH_WAITLIST_SNAPSHOTS,SRC_SYNTH_CLINIC_TEMPLATES,SRC_SYNTH_PROVIDER_AVAILABILITY,SRC_SYNTH_NO_SHOW_LATE_CANCEL,SRC_SYNTH_DIAGNOSTIC_READINESS,SRC_SYNTH_HR_SHIFT_ROSTER,SRC_SYNTH_FINANCE_RESOURCE_ENVELOPE,SRC_OPEN_RESPIRATORY_VIRUS_DASHBOARD,SRC_OPEN_AQHI_SMOKE_CONTEXT,SRC_OPEN_SCHOOL_HOLIDAY_CALENDAR,SRC_OPEN_STATCAN_PED_POPULATION",modelled,ready
SITE_ACH_INSPIRED,Alberta Children's-inspired,surgery_follow_up,Surgery follow-up,5,2026-07-13,873,794,978,64,89,0.743,"SRC_SYNTH_REFERRALS,SRC_SYNTH_REFERRAL_TRIAGE,SRC_SYNTH_WAITLIST_SNAPSHOTS,SRC_SYNTH_CLINIC_TEMPLATES,SRC_SYNTH_PROVIDER_AVAILABILITY,SRC_SYNTH_NO_SHOW_LATE_CANCEL,SRC_SYNTH_DIAGNOSTIC_READINESS,SRC_SYNTH_HR_SHIFT_ROSTER,SRC_SYNTH_FINANCE_RESOURCE_ENVELOPE,SRC_OPEN_RESPIRATORY_VIRUS_DASHBOARD,SRC_OPEN_AQHI_SMOKE_CONTEXT,SRC_OPEN_SCHOOL_HOLIDAY_CALENDAR,SRC_OPEN_STATCAN_PED_POPULATION",modelled,ready
SITE_ACH_INSPIRED,Alberta Children's-inspired,surgery_follow_up,Surgery follow-up,6,2026-07-20,878,799,983,64,89,0.743,"SRC_SYNTH_REFERRALS,SRC_SYNTH_REFERRAL_TRIAGE,SRC_SYNTH_WAITLIST_SNAPSHOTS,SRC_SYNTH_CLINIC_TEMPLATES,SRC_SYNTH_PROVIDER_AVAILABILITY,SRC_SYNTH_NO_SHOW_LATE_CANCEL,SRC_SYNTH_DIAGNOSTIC_READINESS,SRC_SYNTH_HR_SHIFT_ROSTER,SRC_SYNTH_FINANCE_RESOURCE_ENVELOPE,SRC_OPEN_RESPIRATORY_VIRUS_DASHBOARD,SRC_OPEN_AQHI_SMOKE_CONTEXT,SRC_OPEN_SCHOOL_HOLIDAY_CALENDAR,SRC_OPEN_STATCAN_PED_POPULATION",modelled,ready
SITE_ACH_INSPIRED,Alberta Children's-inspired,surgery_follow_up,Surgery follow-up,7,2026-07-27,881,802,987,64,89,0.743,"SRC_SYNTH_REFERRALS,SRC_SYNTH_REFERRAL_TRIAGE,SRC_SYNTH_WAITLIST_SNAPSHOTS,SRC_SYNTH_CLINIC_TEMPLATES,SRC_SYNTH_PROVIDER_AVAILABILITY,SRC_SYNTH_NO_SHOW_LATE_CANCEL,SRC_SYNTH_DIAGNOSTIC_READINESS,SRC_SYNTH_HR_SHIFT_ROSTER,SRC_SYNTH_FINANCE_RESOURCE_ENVELOPE,SRC_OPEN_RESPIRATORY_VIRUS_DASHBOARD,SRC_OPEN_AQHI_SMOKE_CONTEXT,SRC_OPEN_SCHOOL_HOLIDAY_CALENDAR,SRC_OPEN_STATCAN_PED_POPULATION",modelled,ready
SITE_ACH_INSPIRED,Alberta Children's-inspired,surgery_follow_up,Surgery follow-up,8,2026-08-03,881,802,987,65,90,0.743,"SRC_SYNTH_REFERRALS,SRC_SYNTH_REFERRAL_TRIAGE,SRC_SYNTH_WAITLIST_SNAPSHOTS,SRC_SYNTH_CLINIC_TEMPLATES,SRC_SYNTH_PROVIDER_AVAILABILITY,SRC_SYNTH_NO_SHOW_LATE_CANCEL,SRC_SYNTH_DIAGNOSTIC_READINESS,SRC_SYNTH_HR_SHIFT_ROSTER,SRC_SYNTH_FINANCE_RESOURCE_ENVELOPE,SRC_OPEN_RESPIRATORY_VIRUS_DASHBOARD,SRC_OPEN_AQHI_SMOKE_CONTEXT,SRC_OPEN_SCHOOL_HOLIDAY_CALENDAR,SRC_OPEN_STATCAN_PED_POPULATION",modelled,ready
SITE_ACH_INSPIRED,Alberta Children's-inspired,surgery_follow_up,Surgery follow-up,9,2026-08-10,880,801,986,65,90,0.743,"SRC_SYNTH_REFERRALS,SRC_SYNTH_REFERRAL_TRIAGE,SRC_SYNTH_WAITLIST_SNAPSHOTS,SRC_SYNTH_CLINIC_TEMPLATES,SRC_SYNTH_PROVIDER_AVAILABILITY,SRC_SYNTH_NO_SHOW_LATE_CANCEL,SRC_SYNTH_DIAGNOSTIC_READINESS,SRC_SYNTH_HR_SHIFT_ROSTER,SRC_SYNTH_FINANCE_RESOURCE_ENVELOPE,SRC_OPEN_RESPIRATORY_VIRUS_DASHBOARD,SRC_OPEN_AQHI_SMOKE_CONTEXT,SRC_OPEN_SCHOOL_HOLIDAY_CALENDAR,SRC_OPEN_STATCAN_PED_POPULATION",modelled,ready
SITE_ACH_INSPIRED,Alberta Children's-inspired,surgery_follow_up,Surgery follow-up,10,2026-08-17,876,797,981,65,90,0.743,"SRC_SYNTH_REFERRALS,SRC_SYNTH_REFERRAL_TRIAGE,SRC_SYNTH_WAITLIST_SNAPSHOTS,SRC_SYNTH_CLINIC_TEMPLATES,SRC_SYNTH_PROVIDER_AVAILABILITY,SRC_SYNTH_NO_SHOW_LATE_CANCEL,SRC_SYNTH_DIAGNOSTIC_READINESS,SRC_SYNTH_HR_SHIFT_ROSTER,SRC_SYNTH_FINANCE_RESOURCE_ENVELOPE,SRC_OPEN_RESPIRATORY_VIRUS_DASHBOARD,SRC_OPEN_AQHI_SMOKE_CONTEXT,SRC_OPEN_SCHOOL_HOLIDAY_CALENDAR,SRC_OPEN_STATCAN_PED_POPULATION",modelled,ready
SITE_ACH_INSPIRED,Alberta Children's-inspired,surgery_follow_up,Surgery follow-up,11,2026-08-24,871,793,976,65,91,0.743,"SRC_SYNTH_REFERRALS,SRC_SYNTH_REFERRAL_TRIAGE,SRC_SYNTH_WAITLIST_SNAPSHOTS,SRC_SYNTH_CLINIC_TEMPLATES,SRC_SYNTH_PROVIDER_AVAILABILITY,SRC_SYNTH_NO_SHOW_LATE_CANCEL,SRC_SYNTH_DIAGNOSTIC_READINESS,SRC_SYNTH_HR_SHIFT_ROSTER,SRC_SYNTH_FINANCE_RESOURCE_ENVELOPE,SRC_OPEN_RESPIRATORY_VIRUS_DASHBOARD,SRC_OPEN_AQHI_SMOKE_CONTEXT,SRC_OPEN_SCHOOL_HOLIDAY_CALENDAR,SRC_OPEN_STATCAN_PED_POPULATION",modelled,ready
SITE_ACH_INSPIRED,Alberta Children's-inspired,surgery_follow_up,Surgery follow-up,12,2026-08-31,865,787,969,65,91,0.743,"SRC_SYNTH_REFERRALS,SRC_SYNTH_REFERRAL_TRIAGE,SRC_SYNTH_WAITLIST_SNAPSHOTS,SRC_SYNTH_CLINIC_TEMPLATES,SRC_SYNTH_PROVIDER_AVAILABILITY,SRC_SYNTH_NO_SHOW_LATE_CANCEL,SRC_SYNTH_DIAGNOSTIC_READINESS,SRC_SYNTH_HR_SHIFT_ROSTER,SRC_SYNTH_FINANCE_RESOURCE_ENVELOPE,SRC_OPEN_RESPIRATORY_VIRUS_DASHBOARD,SRC_OPEN_AQHI_SMOKE_CONTEXT,SRC_OPEN_SCHOOL_HOLIDAY_CALENDAR,SRC_OPEN_STATCAN_PED_POPULATION",modelled,ready
SITE_ACH_INSPIRED,Alberta Children's-inspired,surgery_follow_up,Surgery follow-up,13,2026-09-07,858,781,961,65,92,0.743,"SRC_SYNTH_REFERRALS,SRC_SYNTH_REFERRAL_TRIAGE,SRC_SYNTH_WAITLIST_SNAPSHOTS,SRC_SYNTH_CLINIC_TEMPLATES,SRC_SYNTH_PROVIDER_AVAILABILITY,SRC_SYNTH_NO_SHOW_LATE_CANCEL,SRC_SYNTH_DIAGNOSTIC_READINESS,SRC_SYNTH_HR_SHIFT_ROSTER,SRC_SYNTH_FINANCE_RESOURCE_ENVELOPE,SRC_OPEN_RESPIRATORY_VIRUS_DASHBOARD,SRC_OPEN_AQHI_SMOKE_CONTEXT,SRC_OPEN_SCHOOL_HOLIDAY_CALENDAR,SRC_OPEN_STATCAN_PED_POPULATION",modelled,ready
SITE_ACH_INSPIRED,Alberta Children's-inspired,surgery_follow_up,Surgery follow-up,14,2026-09-14,850,774,952,65,92,0.743,"SRC_SYNTH_REFERRALS,SRC_SYNTH_REFERRAL_TRIAGE,SRC_SYNTH_WAITLIST_SNAPSHOTS,SRC_SYNTH_CLINIC_TEMPLATES,SRC_SYNTH_PROVIDER_AVAILABILITY,SRC_SYNTH_NO_SHOW_LATE_CANCEL,SRC_SYNTH_DIAGNOSTIC_READINESS,SRC_SYNTH_HR_SHIFT_ROSTER,SRC_SYNTH_FINANCE_RESOURCE_ENVELOPE,SRC_OPEN_RESPIRATORY_VIRUS_DASHBOARD,SRC_OPEN_AQHI_SMOKE_CONTEXT,SRC_OPEN_SCHOOL_HOLIDAY_CALENDAR,SRC_OPEN_STATCAN_PED_POPULATION",modelled,ready
SITE_ACH_INSPIRED,Alberta Children's-inspired,surgery_follow_up,Surgery follow-up,15,2026-09-21,842,766,943,65,92,0.743,"SRC_SYNTH_REFERRALS,SRC_SYNTH_REFERRAL_TRIAGE,SRC_SYNTH_WAITLIST_SNAPSHOTS,SRC_SYNTH_CLINIC_TEMPLATES,SRC_SYNTH_PROVIDER_AVAILABILITY,SRC_SYNTH_NO_SHOW_LATE_CANCEL,SRC_SYNTH_DIAGNOSTIC_READINESS,SRC_SYNTH_HR_SHIFT_ROSTER,SRC_SYNTH_FINANCE_RESOURCE_ENVELOPE,SRC_OPEN_RESPIRATORY_VIRUS_DASHBOARD,SRC_OPEN_AQHI_SMOKE_CONTEXT,SRC_OPEN_SCHOOL_HOLIDAY_CALENDAR,SRC_OPEN_STATCAN_PED_POPULATION",modelled,ready
SITE_ACH_INSPIRED,Alberta Children's-inspired,surgery_follow_up,Surgery follow-up,16,2026-09-28,835,760,935,65,93,0.743,"SRC_SYNTH_REFERRALS,SRC_SYNTH_REFERRAL_TRIAGE,SRC_SYNTH_WAITLIST_SNAPSHOTS,SRC_SYNTH_CLINIC_TEMPLATES,SRC_SYNTH_PROVIDER_AVAILABILITY,SRC_SYNTH_NO_SHOW_LATE_CANCEL,SRC_SYNTH_DIAGNOSTIC_READINESS,SRC_SYNTH_HR_SHIFT_ROSTER,SRC_SYNTH_FINANCE_RESOURCE_ENVELOPE,SRC_OPEN_RESPIRATORY_VIRUS_DASHBOARD,SRC_OPEN_AQHI_SMOKE_CONTEXT,SRC_OPEN_SCHOOL_HOLIDAY_CALENDAR,SRC_OPEN_STATCAN_PED_POPULATION",modelled,ready
SITE_ACH_INSPIRED,Alberta Children's-inspired,surgery_follow_up,Surgery follow-up,17,2026-10-05,828,753,927,65,93,0.743,"SRC_SYNTH_REFERRALS,SRC_SYNTH_REFERRAL_TRIAGE,SRC_SYNTH_WAITLIST_SNAPSHOTS,SRC_SYNTH_CLINIC_TEMPLATES,SRC_SYNTH_PROVIDER_AVAILABILITY,SRC_SYNTH_NO_SHOW_LATE_CANCEL,SRC_SYNTH_DIAGNOSTIC_READINESS,SRC_SYNTH_HR_SHIFT_ROSTER,SRC_SYNTH_FINANCE_RESOURCE_ENVELOPE,SRC_OPEN_RESPIRATORY_VIRUS_DASHBOARD,SRC_OPEN_AQHI_SMOKE_CONTEXT,SRC_OPEN_SCHOOL_HOLIDAY_CALENDAR,SRC_OPEN_STATCAN_PED_POPULATION",modelled,ready
SITE_ACH_INSPIRED,Alberta Children's-inspired,surgery_follow_up,Surgery follow-up,18,2026-10-12,822,748,921,65,93,0.743,"SRC_SYNTH_REFERRALS,SRC_SYNTH_REFERRAL_TRIAGE,SRC_SYNTH_WAITLIST_SNAPSHOTS,SRC_SYNTH_CLINIC_TEMPLATES,SRC_SYNTH_PROVIDER_AVAILABILITY,SRC_SYNTH_NO_SHOW_LATE_CANCEL,SRC_SYNTH_DIAGNOSTIC_READINESS,SRC_SYNTH_HR_SHIFT_ROSTER,SRC_SYNTH_FINANCE_RESOURCE_ENVELOPE,SRC_OPEN_RESPIRATORY_VIRUS_DASHBOARD,SRC_OPEN_AQHI_SMOKE_CONTEXT,SRC_OPEN_SCHOOL_HOLIDAY_CALENDAR,SRC_OPEN_STATCAN_PED_POPULATION",modelled,ready
SITE_ACH_INSPIRED,Alberta Children's-inspired,surgery_follow_up,Surgery follow-up,19,2026-10-19,818,744,916,66,94,0.743,"SRC_SYNTH_REFERRALS,SRC_SYNTH_REFERRAL_TRIAGE,SRC_SYNTH_WAITLIST_SNAPSHOTS,SRC_SYNTH_CLINIC_TEMPLATES,SRC_SYNTH_PROVIDER_AVAILABILITY,SRC_SYNTH_NO_SHOW_LATE_CANCEL,SRC_SYNTH_DIAGNOSTIC_READINESS,SRC_SYNTH_HR_SHIFT_ROSTER,SRC_SYNTH_FINANCE_RESOURCE_ENVELOPE,SRC_OPEN_RESPIRATORY_VIRUS_DASHBOARD,SRC_OPEN_AQHI_SMOKE_CONTEXT,SRC_OPEN_SCHOOL_HOLIDAY_CALENDAR,SRC_OPEN_STATCAN_PED_POPULATION",modelled,ready
SITE_ACH_INSPIRED,Alberta Children's-inspired,surgery_follow_up,Surgery follow-up,20,2026-10-26,816,743,914,66,94,0.743,"SRC_SYNTH_REFERRALS,SRC_SYNTH_REFERRAL_TRIAGE,SRC_SYNTH_WAITLIST_SNAPSHOTS,SRC_SYNTH_CLINIC_TEMPLATES,SRC_SYNTH_PROVIDER_AVAILABILITY,SRC_SYNTH_NO_SHOW_LATE_CANCEL,SRC_SYNTH_DIAGNOSTIC_READINESS,SRC_SYNTH_HR_SHIFT_ROSTER,SRC_SYNTH_FINANCE_RESOURCE_ENVELOPE,SRC_OPEN_RESPIRATORY_VIRUS_DASHBOARD,SRC_OPEN_AQHI_SMOKE_CONTEXT,SRC_OPEN_SCHOOL_HOLIDAY_CALENDAR,SRC_OPEN_STATCAN_PED_POPULATION",modelled,ready
SITE_ACH_INSPIRED,Alberta Children's-inspired,surgery_follow_up,Surgery follow-up,21,2026-11-02,815,742,913,66,94,0.743,"SRC_SYNTH_REFERRALS,SRC_SYNTH_REFERRAL_TRIAGE,SRC_SYNTH_WAITLIST_SNAPSHOTS,SRC_SYNTH_CLINIC_TEMPLATES,SRC_SYNTH_PROVIDER_AVAILABILITY,SRC_SYNTH_NO_SHOW_LATE_CANCEL,SRC_SYNTH_DIAGNOSTIC_READINESS,SRC_SYNTH_HR_SHIFT_ROSTER,SRC_SYNTH_FINANCE_RESOURCE_ENVELOPE,SRC_OPEN_RESPIRATORY_VIRUS_DASHBOARD,SRC_OPEN_AQHI_SMOKE_CONTEXT,SRC_OPEN_SCHOOL_HOLIDAY_CALENDAR,SRC_OPEN_STATCAN_PED_POPULATION",modelled,ready
SITE_ACH_INSPIRED,Alberta Children's-inspired,surgery_follow_up,Surgery follow-up,22,2026-11-09,817,743,915,67,95,0.743,"SRC_SYNTH_REFERRALS,SRC_SYNTH_REFERRAL_TRIAGE,SRC_SYNTH_WAITLIST_SNAPSHOTS,SRC_SYNTH_CLINIC_TEMPLATES,SRC_SYNTH_PROVIDER_AVAILABILITY,SRC_SYNTH_NO_SHOW_LATE_CANCEL,SRC_SYNTH_DIAGNOSTIC_READINESS,SRC_SYNTH_HR_SHIFT_ROSTER,SRC_SYNTH_FINANCE_RESOURCE_ENVELOPE,SRC_OPEN_RESPIRATORY_VIRUS_DASHBOARD,SRC_OPEN_AQHI_SMOKE_CONTEXT,SRC_OPEN_SCHOOL_HOLIDAY_CALENDAR,SRC_OPEN_STATCAN_PED_POPULATION",modelled,ready
SITE_ACH_INSPIRED,Alberta Children's-inspired,surgery_follow_up,Surgery follow-up,23,2026-11-16,822,748,921,67,95,0.743,"SRC_SYNTH_REFERRALS,SRC_SYNTH_REFERRAL_TRIAGE,SRC_SYNTH_WAITLIST_SNAPSHOTS,SRC_SYNTH_CLINIC_TEMPLATES,SRC_SYNTH_PROVIDER_AVAILABILITY,SRC_SYNTH_NO_SHOW_LATE_CANCEL,SRC_SYNTH_DIAGNOSTIC_READINESS,SRC_SYNTH_HR_SHIFT_ROSTER,SRC_SYNTH_FINANCE_RESOURCE_ENVELOPE,SRC_OPEN_RESPIRATORY_VIRUS_DASHBOARD,SRC_OPEN_AQHI_SMOKE_CONTEXT,SRC_OPEN_SCHOOL_HOLIDAY_CALENDAR,SRC_OPEN_STATCAN_PED_POPULATION",modelled,ready
SITE_ACH_INSPIRED,Alberta Children's-inspired,surgery_follow_up,Surgery follow-up,24,2026-11-23,829,754,928,68,95,0.743,"SRC_SYNTH_REFERRALS,SRC_SYNTH_REFERRAL_TRIAGE,SRC_SYNTH_WAITLIST_SNAPSHOTS,SRC_SYNTH_CLINIC_TEMPLATES,SRC_SYNTH_PROVIDER_AVAILABILITY,SRC_SYNTH_NO_SHOW_LATE_CANCEL,SRC_SYNTH_DIAGNOSTIC_READINESS,SRC_SYNTH_HR_SHIFT_ROSTER,SRC_SYNTH_FINANCE_RESOURCE_ENVELOPE,SRC_OPEN_RESPIRATORY_VIRUS_DASHBOARD,SRC_OPEN_AQHI_SMOKE_CONTEXT,SRC_OPEN_SCHOOL_HOLIDAY_CALENDAR,SRC_OPEN_STATCAN_PED_POPULATION",modelled,ready
SITE_ACH_INSPIRED,Alberta Children's-inspired,surgery_follow_up,Surgery follow-up,25,2026-11-30,838,763,939,68,96,0.743,"SRC_SYNTH_REFERRALS,SRC_SYNTH_REFERRAL_TRIAGE,SRC_SYNTH_WAITLIST_SNAPSHOTS,SRC_SYNTH_CLINIC_TEMPLATES,SRC_SYNTH_PROVIDER_AVAILABILITY,SRC_SYNTH_NO_SHOW_LATE_CANCEL,SRC_SYNTH_DIAGNOSTIC_READINESS,SRC_SYNTH_HR_SHIFT_ROSTER,SRC_SYNTH_FINANCE_RESOURCE_ENVELOPE,SRC_OPEN_RESPIRATORY_VIRUS_DASHBOARD,SRC_OPEN_AQHI_SMOKE_CONTEXT,SRC_OPEN_SCHOOL_HOLIDAY_CALENDAR,SRC_OPEN_STATCAN_PED_POPULATION",modelled,ready
SITE_ACH_INSPIRED,Alberta Children's-inspired,surgery_follow_up,Surgery follow-up,26,2026-12-07,849,773,951,69,96,0.743,"SRC_SYNTH_REFERRALS,SRC_SYNTH_REFERRAL_TRIAGE,SRC_SYNTH_WAITLIST_SNAPSHOTS,SRC_SYNTH_CLINIC_TEMPLATES,SRC_SYNTH_PROVIDER_AVAILABILITY,SRC_SYNTH_NO_SHOW_LATE_CANCEL,SRC_SYNTH_DIAGNOSTIC_READINESS,SRC_SYNTH_HR_SHIFT_ROSTER,SRC_SYNTH_FINANCE_RESOURCE_ENVELOPE,SRC_OPEN_RESPIRATORY_VIRUS_DASHBOARD,SRC_OPEN_AQHI_SMOKE_CONTEXT,SRC_OPEN_SCHOOL_HOLIDAY_CALENDAR,SRC_OPEN_STATCAN_PED_POPULATION",modelled,ready
SITE_ACH_INSPIRED,Alberta Children's-inspired,oncology_survivorship,Oncology survivorship,1,2026-06-15,455,414,510,53,47,0.768,"SRC_SYNTH_REFERRALS,SRC_SYNTH_REFERRAL_TRIAGE,SRC_SYNTH_WAITLIST_SNAPSHOTS,SRC_SYNTH_CLINIC_TEMPLATES,SRC_SYNTH_PROVIDER_AVAILABILITY,SRC_SYNTH_NO_SHOW_LATE_CANCEL,SRC_SYNTH_DIAGNOSTIC_READINESS,SRC_SYNTH_HR_SHIFT_ROSTER,SRC_SYNTH_FINANCE_RESOURCE_ENVELOPE,SRC_OPEN_RESPIRATORY_VIRUS_DASHBOARD,SRC_OPEN_AQHI_SMOKE_CONTEXT,SRC_OPEN_SCHOOL_HOLIDAY_CALENDAR,SRC_OPEN_STATCAN_PED_POPULATION",modelled,ready
SITE_ACH_INSPIRED,Alberta Children's-inspired,oncology_survivorship,Oncology survivorship,2,2026-06-22,461,420,516,54,47,0.768,"SRC_SYNTH_REFERRALS,SRC_SYNTH_REFERRAL_TRIAGE,SRC_SYNTH_WAITLIST_SNAPSHOTS,SRC_SYNTH_CLINIC_TEMPLATES,SRC_SYNTH_PROVIDER_AVAILABILITY,SRC_SYNTH_NO_SHOW_LATE_CANCEL,SRC_SYNTH_DIAGNOSTIC_READINESS,SRC_SYNTH_HR_SHIFT_ROSTER,SRC_SYNTH_FINANCE_RESOURCE_ENVELOPE,SRC_OPEN_RESPIRATORY_VIRUS_DASHBOARD,SRC_OPEN_AQHI_SMOKE_CONTEXT,SRC_OPEN_SCHOOL_HOLIDAY_CALENDAR,SRC_OPEN_STATCAN_PED_POPULATION",modelled,ready
SITE_ACH_INSPIRED,Alberta Children's-inspired,oncology_survivorship,Oncology survivorship,3,2026-06-29,466,424,522,54,47,0.768,"SRC_SYNTH_REFERRALS,SRC_SYNTH_REFERRAL_TRIAGE,SRC_SYNTH_WAITLIST_SNAPSHOTS,SRC_SYNTH_CLINIC_TEMPLATES,SRC_SYNTH_PROVIDER_AVAILABILITY,SRC_SYNTH_NO_SHOW_LATE_CANCEL,SRC_SYNTH_DIAGNOSTIC_READINESS,SRC_SYNTH_HR_SHIFT_ROSTER,SRC_SYNTH_FINANCE_RESOURCE_ENVELOPE,SRC_OPEN_RESPIRATORY_VIRUS_DASHBOARD,SRC_OPEN_AQHI_SMOKE_CONTEXT,SRC_OPEN_SCHOOL_HOLIDAY_CALENDAR,SRC_OPEN_STATCAN_PED_POPULATION",modelled,ready
SITE_ACH_INSPIRED,Alberta Children's-inspired,oncology_survivorship,Oncology survivorship,4,2026-07-06,470,428,526,55,48,0.768,"SRC_SYNTH_REFERRALS,SRC_SYNTH_REFERRAL_TRIAGE,SRC_SYNTH_WAITLIST_SNAPSHOTS,SRC_SYNTH_CLINIC_TEMPLATES,SRC_SYNTH_PROVIDER_AVAILABILITY,SRC_SYNTH_NO_SHOW_LATE_CANCEL,SRC_SYNTH_DIAGNOSTIC_READINESS,SRC_SYNTH_HR_SHIFT_ROSTER,SRC_SYNTH_FINANCE_RESOURCE_ENVELOPE,SRC_OPEN_RESPIRATORY_VIRUS_DASHBOARD,SRC_OPEN_AQHI_SMOKE_CONTEXT,SRC_OPEN_SCHOOL_HOLIDAY_CALENDAR,SRC_OPEN_STATCAN_PED_POPULATION",modelled,ready
SITE_ACH_INSPIRED,Alberta Children's-inspired,oncology_survivorship,Oncology survivorship,5,2026-07-13,472,430,529,55,48,0.768,"SRC_SYNTH_REFERRALS,SRC_SYNTH_REFERRAL_TRIAGE,SRC_SYNTH_WAITLIST_SNAPSHOTS,SRC_SYNTH_CLINIC_TEMPLATES,SRC_SYNTH_PROVIDER_AVAILABILITY,SRC_SYNTH_NO_SHOW_LATE_CANCEL,SRC_SYNTH_DIAGNOSTIC_READINESS,SRC_SYNTH_HR_SHIFT_ROSTER,SRC_SYNTH_FINANCE_RESOURCE_ENVELOPE,SRC_OPEN_RESPIRATORY_VIRUS_DASHBOARD,SRC_OPEN_AQHI_SMOKE_CONTEXT,SRC_OPEN_SCHOOL_HOLIDAY_CALENDAR,SRC_OPEN_STATCAN_PED_POPULATION",modelled,ready
SITE_ACH_INSPIRED,Alberta Children's-inspired,oncology_survivorship,Oncology survivorship,6,2026-07-20,474,431,531,56,48,0.768,"SRC_SYNTH_REFERRALS,SRC_SYNTH_REFERRAL_TRIAGE,SRC_SYNTH_WAITLIST_SNAPSHOTS,SRC_SYNTH_CLINIC_TEMPLATES,SRC_SYNTH_PROVIDER_AVAILABILITY,SRC_SYNTH_NO_SHOW_LATE_CANCEL,SRC_SYNTH_DIAGNOSTIC_READINESS,SRC_SYNTH_HR_SHIFT_ROSTER,SRC_SYNTH_FINANCE_RESOURCE_ENVELOPE,SRC_OPEN_RESPIRATORY_VIRUS_DASHBOARD,SRC_OPEN_AQHI_SMOKE_CONTEXT,SRC_OPEN_SCHOOL_HOLIDAY_CALENDAR,SRC_OPEN_STATCAN_PED_POPULATION",modelled,ready
SITE_ACH_INSPIRED,Alberta Children's-inspired,oncology_survivorship,Oncology survivorship,7,2026-07-27,474,431,531,56,48,0.768,"SRC_SYNTH_REFERRALS,SRC_SYNTH_REFERRAL_TRIAGE,SRC_SYNTH_WAITLIST_SNAPSHOTS,SRC_SYNTH_CLINIC_TEMPLATES,SRC_SYNTH_PROVIDER_AVAILABILITY,SRC_SYNTH_NO_SHOW_LATE_CANCEL,SRC_SYNTH_DIAGNOSTIC_READINESS,SRC_SYNTH_HR_SHIFT_ROSTER,SRC_SYNTH_FINANCE_RESOURCE_ENVELOPE,SRC_OPEN_RESPIRATORY_VIRUS_DASHBOARD,SRC_OPEN_AQHI_SMOKE_CONTEXT,SRC_OPEN_SCHOOL_HOLIDAY_CALENDAR,SRC_OPEN_STATCAN_PED_POPULATION",modelled,ready
SITE_ACH_INSPIRED,Alberta Children's-inspired,oncology_survivorship,Oncology survivorship,8,2026-08-03,473,430,530,56,48,0.768,"SRC_SYNTH_REFERRALS,SRC_SYNTH_REFERRAL_TRIAGE,SRC_SYNTH_WAITLIST_SNAPSHOTS,SRC_SYNTH_CLINIC_TEMPLATES,SRC_SYNTH_PROVIDER_AVAILABILITY,SRC_SYNTH_NO_SHOW_LATE_CANCEL,SRC_SYNTH_DIAGNOSTIC_READINESS,SRC_SYNTH_HR_SHIFT_ROSTER,SRC_SYNTH_FINANCE_RESOURCE_ENVELOPE,SRC_OPEN_RESPIRATORY_VIRUS_DASHBOARD,SRC_OPEN_AQHI_SMOKE_CONTEXT,SRC_OPEN_SCHOOL_HOLIDAY_CALENDAR,SRC_OPEN_STATCAN_PED_POPULATION",modelled,ready
SITE_ACH_INSPIRED,Alberta Children's-inspired,oncology_survivorship,Oncology survivorship,9,2026-08-10,472,430,529,56,48,0.768,"SRC_SYNTH_REFERRALS,SRC_SYNTH_REFERRAL_TRIAGE,SRC_SYNTH_WAITLIST_SNAPSHOTS,SRC_SYNTH_CLINIC_TEMPLATES,SRC_SYNTH_PROVIDER_AVAILABILITY,SRC_SYNTH_NO_SHOW_LATE_CANCEL,SRC_SYNTH_DIAGNOSTIC_READINESS,SRC_SYNTH_HR_SHIFT_ROSTER,SRC_SYNTH_FINANCE_RESOURCE_ENVELOPE,SRC_OPEN_RESPIRATORY_VIRUS_DASHBOARD,SRC_OPEN_AQHI_SMOKE_CONTEXT,SRC_OPEN_SCHOOL_HOLIDAY_CALENDAR,SRC_OPEN_STATCAN_PED_POPULATION",modelled,ready
SITE_ACH_INSPIRED,Alberta Children's-inspired,oncology_survivorship,Oncology survivorship,10,2026-08-17,469,427,525,57,49,0.768,"SRC_SYNTH_REFERRALS,SRC_SYNTH_REFERRAL_TRIAGE,SRC_SYNTH_WAITLIST_SNAPSHOTS,SRC_SYNTH_CLINIC_TEMPLATES,SRC_SYNTH_PROVIDER_AVAILABILITY,SRC_SYNTH_NO_SHOW_LATE_CANCEL,SRC_SYNTH_DIAGNOSTIC_READINESS,SRC_SYNTH_HR_SHIFT_ROSTER,SRC_SYNTH_FINANCE_RESOURCE_ENVELOPE,SRC_OPEN_RESPIRATORY_VIRUS_DASHBOARD,SRC_OPEN_AQHI_SMOKE_CONTEXT,SRC_OPEN_SCHOOL_HOLIDAY_CALENDAR,SRC_OPEN_STATCAN_PED_POPULATION",modelled,ready
SITE_ACH_INSPIRED,Alberta Children's-inspired,oncology_survivorship,Oncology survivorship,11,2026-08-24,466,424,522,57,49,0.768,"SRC_SYNTH_REFERRALS,SRC_SYNTH_REFERRAL_TRIAGE,SRC_SYNTH_WAITLIST_SNAPSHOTS,SRC_SYNTH_CLINIC_TEMPLATES,SRC_SYNTH_PROVIDER_AVAILABILITY,SRC_SYNTH_NO_SHOW_LATE_CANCEL,SRC_SYNTH_DIAGNOSTIC_READINESS,SRC_SYNTH_HR_SHIFT_ROSTER,SRC_SYNTH_FINANCE_RESOURCE_ENVELOPE,SRC_OPEN_RESPIRATORY_VIRUS_DASHBOARD,SRC_OPEN_AQHI_SMOKE_CONTEXT,SRC_OPEN_SCHOOL_HOLIDAY_CALENDAR,SRC_OPEN_STATCAN_PED_POPULATION",modelled,ready
SITE_ACH_INSPIRED,Alberta Children's-inspired,oncology_survivorship,Oncology survivorship,12,2026-08-31,462,420,517,57,49,0.768,"SRC_SYNTH_REFERRALS,SRC_SYNTH_REFERRAL_TRIAGE,SRC_SYNTH_WAITLIST_SNAPSHOTS,SRC_SYNTH_CLINIC_TEMPLATES,SRC_SYNTH_PROVIDER_AVAILABILITY,SRC_SYNTH_NO_SHOW_LATE_CANCEL,SRC_SYNTH_DIAGNOSTIC_READINESS,SRC_SYNTH_HR_SHIFT_ROSTER,SRC_SYNTH_FINANCE_RESOURCE_ENVELOPE,SRC_OPEN_RESPIRATORY_VIRUS_DASHBOARD,SRC_OPEN_AQHI_SMOKE_CONTEXT,SRC_OPEN_SCHOOL_HOLIDAY_CALENDAR,SRC_OPEN_STATCAN_PED_POPULATION",modelled,ready
SITE_ACH_INSPIRED,Alberta Children's-inspired,oncology_survivorship,Oncology survivorship,13,2026-09-07,458,417,513,57,49,0.768,"SRC_SYNTH_REFERRALS,SRC_SYNTH_REFERRAL_TRIAGE,SRC_SYNTH_WAITLIST_SNAPSHOTS,SRC_SYNTH_CLINIC_TEMPLATES,SRC_SYNTH_PROVIDER_AVAILABILITY,SRC_SYNTH_NO_SHOW_LATE_CANCEL,SRC_SYNTH_DIAGNOSTIC_READINESS,SRC_SYNTH_HR_SHIFT_ROSTER,SRC_SYNTH_FINANCE_RESOURCE_ENVELOPE,SRC_OPEN_RESPIRATORY_VIRUS_DASHBOARD,SRC_OPEN_AQHI_SMOKE_CONTEXT,SRC_OPEN_SCHOOL_HOLIDAY_CALENDAR,SRC_OPEN_STATCAN_PED_POPULATION",modelled,ready
SITE_ACH_INSPIRED,Alberta Children's-inspired,oncology_survivorship,Oncology survivorship,14,2026-09-14,453,412,507,57,49,0.768,"SRC_SYNTH_REFERRALS,SRC_SYNTH_REFERRAL_TRIAGE,SRC_SYNTH_WAITLIST_SNAPSHOTS,SRC_SYNTH_CLINIC_TEMPLATES,SRC_SYNTH_PROVIDER_AVAILABILITY,SRC_SYNTH_NO_SHOW_LATE_CANCEL,SRC_SYNTH_DIAGNOSTIC_READINESS,SRC_SYNTH_HR_SHIFT_ROSTER,SRC_SYNTH_FINANCE_RESOURCE_ENVELOPE,SRC_OPEN_RESPIRATORY_VIRUS_DASHBOARD,SRC_OPEN_AQHI_SMOKE_CONTEXT,SRC_OPEN_SCHOOL_HOLIDAY_CALENDAR,SRC_OPEN_STATCAN_PED_POPULATION",modelled,ready
SITE_ACH_INSPIRED,Alberta Children's-inspired,oncology_survivorship,Oncology survivorship,15,2026-09-21,449,409,503,57,49,0.768,"SRC_SYNTH_REFERRALS,SRC_SYNTH_REFERRAL_TRIAGE,SRC_SYNTH_WAITLIST_SNAPSHOTS,SRC_SYNTH_CLINIC_TEMPLATES,SRC_SYNTH_PROVIDER_AVAILABILITY,SRC_SYNTH_NO_SHOW_LATE_CANCEL,SRC_SYNTH_DIAGNOSTIC_READINESS,SRC_SYNTH_HR_SHIFT_ROSTER,SRC_SYNTH_FINANCE_RESOURCE_ENVELOPE,SRC_OPEN_RESPIRATORY_VIRUS_DASHBOARD,SRC_OPEN_AQHI_SMOKE_CONTEXT,SRC_OPEN_SCHOOL_HOLIDAY_CALENDAR,SRC_OPEN_STATCAN_PED_POPULATION",modelled,ready
SITE_ACH_INSPIRED,Alberta Children's-inspired,oncology_survivorship,Oncology survivorship,16,2026-09-28,446,406,500,57,50,0.768,"SRC_SYNTH_REFERRALS,SRC_SYNTH_REFERRAL_TRIAGE,SRC_SYNTH_WAITLIST_SNAPSHOTS,SRC_SYNTH_CLINIC_TEMPLATES,SRC_SYNTH_PROVIDER_AVAILABILITY,SRC_SYNTH_NO_SHOW_LATE_CANCEL,SRC_SYNTH_DIAGNOSTIC_READINESS,SRC_SYNTH_HR_SHIFT_ROSTER,SRC_SYNTH_FINANCE_RESOURCE_ENVELOPE,SRC_OPEN_RESPIRATORY_VIRUS_DASHBOARD,SRC_OPEN_AQHI_SMOKE_CONTEXT,SRC_OPEN_SCHOOL_HOLIDAY_CALENDAR,SRC_OPEN_STATCAN_PED_POPULATION",modelled,ready
SITE_ACH_INSPIRED,Alberta Children's-inspired,oncology_survivorship,Oncology survivorship,17,2026-10-05,443,403,496,57,50,0.768,"SRC_SYNTH_REFERRALS,SRC_SYNTH_REFERRAL_TRIAGE,SRC_SYNTH_WAITLIST_SNAPSHOTS,SRC_SYNTH_CLINIC_TEMPLATES,SRC_SYNTH_PROVIDER_AVAILABILITY,SRC_SYNTH_NO_SHOW_LATE_CANCEL,SRC_SYNTH_DIAGNOSTIC_READINESS,SRC_SYNTH_HR_SHIFT_ROSTER,SRC_SYNTH_FINANCE_RESOURCE_ENVELOPE,SRC_OPEN_RESPIRATORY_VIRUS_DASHBOARD,SRC_OPEN_AQHI_SMOKE_CONTEXT,SRC_OPEN_SCHOOL_HOLIDAY_CALENDAR,SRC_OPEN_STATCAN_PED_POPULATION",modelled,ready
SITE_ACH_INSPIRED,Alberta Children's-inspired,oncology_survivorship,Oncology survivorship,18,2026-10-12,440,400,493,57,50,0.768,"SRC_SYNTH_REFERRALS,SRC_SYNTH_REFERRAL_TRIAGE,SRC_SYNTH_WAITLIST_SNAPSHOTS,SRC_SYNTH_CLINIC_TEMPLATES,SRC_SYNTH_PROVIDER_AVAILABILITY,SRC_SYNTH_NO_SHOW_LATE_CANCEL,SRC_SYNTH_DIAGNOSTIC_READINESS,SRC_SYNTH_HR_SHIFT_ROSTER,SRC_SYNTH_FINANCE_RESOURCE_ENVELOPE,SRC_OPEN_RESPIRATORY_VIRUS_DASHBOARD,SRC_OPEN_AQHI_SMOKE_CONTEXT,SRC_OPEN_SCHOOL_HOLIDAY_CALENDAR,SRC_OPEN_STATCAN_PED_POPULATION",modelled,ready
SITE_ACH_INSPIRED,Alberta Children's-inspired,oncology_survivorship,Oncology survivorship,19,2026-10-19,439,399,492,58,50,0.768,"SRC_SYNTH_REFERRALS,SRC_SYNTH_REFERRAL_TRIAGE,SRC_SYNTH_WAITLIST_SNAPSHOTS,SRC_SYNTH_CLINIC_TEMPLATES,SRC_SYNTH_PROVIDER_AVAILABILITY,SRC_SYNTH_NO_SHOW_LATE_CANCEL,SRC_SYNTH_DIAGNOSTIC_READINESS,SRC_SYNTH_HR_SHIFT_ROSTER,SRC_SYNTH_FINANCE_RESOURCE_ENVELOPE,SRC_OPEN_RESPIRATORY_VIRUS_DASHBOARD,SRC_OPEN_AQHI_SMOKE_CONTEXT,SRC_OPEN_SCHOOL_HOLIDAY_CALENDAR,SRC_OPEN_STATCAN_PED_POPULATION",modelled,ready
SITE_ACH_INSPIRED,Alberta Children's-inspired,oncology_survivorship,Oncology survivorship,20,2026-10-26,439,399,492,58,50,0.768,"SRC_SYNTH_REFERRALS,SRC_SYNTH_REFERRAL_TRIAGE,SRC_SYNTH_WAITLIST_SNAPSHOTS,SRC_SYNTH_CLINIC_TEMPLATES,SRC_SYNTH_PROVIDER_AVAILABILITY,SRC_SYNTH_NO_SHOW_LATE_CANCEL,SRC_SYNTH_DIAGNOSTIC_READINESS,SRC_SYNTH_HR_SHIFT_ROSTER,SRC_SYNTH_FINANCE_RESOURCE_ENVELOPE,SRC_OPEN_RESPIRATORY_VIRUS_DASHBOARD,SRC_OPEN_AQHI_SMOKE_CONTEXT,SRC_OPEN_SCHOOL_HOLIDAY_CALENDAR,SRC_OPEN_STATCAN_PED_POPULATION",modelled,ready
SITE_ACH_INSPIRED,Alberta Children's-inspired,oncology_survivorship,Oncology survivorship,21,2026-11-02,440,400,493,58,50,0.768,"SRC_SYNTH_REFERRALS,SRC_SYNTH_REFERRAL_TRIAGE,SRC_SYNTH_WAITLIST_SNAPSHOTS,SRC_SYNTH_CLINIC_TEMPLATES,SRC_SYNTH_PROVIDER_AVAILABILITY,SRC_SYNTH_NO_SHOW_LATE_CANCEL,SRC_SYNTH_DIAGNOSTIC_READINESS,SRC_SYNTH_HR_SHIFT_ROSTER,SRC_SYNTH_FINANCE_RESOURCE_ENVELOPE,SRC_OPEN_RESPIRATORY_VIRUS_DASHBOARD,SRC_OPEN_AQHI_SMOKE_CONTEXT,SRC_OPEN_SCHOOL_HOLIDAY_CALENDAR,SRC_OPEN_STATCAN_PED_POPULATION",modelled,ready
SITE_ACH_INSPIRED,Alberta Children's-inspired,oncology_survivorship,Oncology survivorship,22,2026-11-09,442,402,495,59,50,0.768,"SRC_SYNTH_REFERRALS,SRC_SYNTH_REFERRAL_TRIAGE,SRC_SYNTH_WAITLIST_SNAPSHOTS,SRC_SYNTH_CLINIC_TEMPLATES,SRC_SYNTH_PROVIDER_AVAILABILITY,SRC_SYNTH_NO_SHOW_LATE_CANCEL,SRC_SYNTH_DIAGNOSTIC_READINESS,SRC_SYNTH_HR_SHIFT_ROSTER,SRC_SYNTH_FINANCE_RESOURCE_ENVELOPE,SRC_OPEN_RESPIRATORY_VIRUS_DASHBOARD,SRC_OPEN_AQHI_SMOKE_CONTEXT,SRC_OPEN_SCHOOL_HOLIDAY_CALENDAR,SRC_OPEN_STATCAN_PED_POPULATION",modelled,ready
SITE_ACH_INSPIRED,Alberta Children's-inspired,oncology_survivorship,Oncology survivorship,23,2026-11-16,446,406,500,59,51,0.768,"SRC_SYNTH_REFERRALS,SRC_SYNTH_REFERRAL_TRIAGE,SRC_SYNTH_WAITLIST_SNAPSHOTS,SRC_SYNTH_CLINIC_TEMPLATES,SRC_SYNTH_PROVIDER_AVAILABILITY,SRC_SYNTH_NO_SHOW_LATE_CANCEL,SRC_SYNTH_DIAGNOSTIC_READINESS,SRC_SYNTH_HR_SHIFT_ROSTER,SRC_SYNTH_FINANCE_RESOURCE_ENVELOPE,SRC_OPEN_RESPIRATORY_VIRUS_DASHBOARD,SRC_OPEN_AQHI_SMOKE_CONTEXT,SRC_OPEN_SCHOOL_HOLIDAY_CALENDAR,SRC_OPEN_STATCAN_PED_POPULATION",modelled,ready
SITE_ACH_INSPIRED,Alberta Children's-inspired,oncology_survivorship,Oncology survivorship,24,2026-11-23,451,410,505,60,51,0.768,"SRC_SYNTH_REFERRALS,SRC_SYNTH_REFERRAL_TRIAGE,SRC_SYNTH_WAITLIST_SNAPSHOTS,SRC_SYNTH_CLINIC_TEMPLATES,SRC_SYNTH_PROVIDER_AVAILABILITY,SRC_SYNTH_NO_SHOW_LATE_CANCEL,SRC_SYNTH_DIAGNOSTIC_READINESS,SRC_SYNTH_HR_SHIFT_ROSTER,SRC_SYNTH_FINANCE_RESOURCE_ENVELOPE,SRC_OPEN_RESPIRATORY_VIRUS_DASHBOARD,SRC_OPEN_AQHI_SMOKE_CONTEXT,SRC_OPEN_SCHOOL_HOLIDAY_CALENDAR,SRC_OPEN_STATCAN_PED_POPULATION",modelled,ready
SITE_ACH_INSPIRED,Alberta Children's-inspired,oncology_survivorship,Oncology survivorship,25,2026-11-30,457,416,512,61,51,0.768,"SRC_SYNTH_REFERRALS,SRC_SYNTH_REFERRAL_TRIAGE,SRC_SYNTH_WAITLIST_SNAPSHOTS,SRC_SYNTH_CLINIC_TEMPLATES,SRC_SYNTH_PROVIDER_AVAILABILITY,SRC_SYNTH_NO_SHOW_LATE_CANCEL,SRC_SYNTH_DIAGNOSTIC_READINESS,SRC_SYNTH_HR_SHIFT_ROSTER,SRC_SYNTH_FINANCE_RESOURCE_ENVELOPE,SRC_OPEN_RESPIRATORY_VIRUS_DASHBOARD,SRC_OPEN_AQHI_SMOKE_CONTEXT,SRC_OPEN_SCHOOL_HOLIDAY_CALENDAR,SRC_OPEN_STATCAN_PED_POPULATION",modelled,ready
SITE_ACH_INSPIRED,Alberta Children's-inspired,oncology_survivorship,Oncology survivorship,26,2026-12-07,465,423,521,61,51,0.768,"SRC_SYNTH_REFERRALS,SRC_SYNTH_REFERRAL_TRIAGE,SRC_SYNTH_WAITLIST_SNAPSHOTS,SRC_SYNTH_CLINIC_TEMPLATES,SRC_SYNTH_PROVIDER_AVAILABILITY,SRC_SYNTH_NO_SHOW_LATE_CANCEL,SRC_SYNTH_DIAGNOSTIC_READINESS,SRC_SYNTH_HR_SHIFT_ROSTER,SRC_SYNTH_FINANCE_RESOURCE_ENVELOPE,SRC_OPEN_RESPIRATORY_VIRUS_DASHBOARD,SRC_OPEN_AQHI_SMOKE_CONTEXT,SRC_OPEN_SCHOOL_HOLIDAY_CALENDAR,SRC_OPEN_STATCAN_PED_POPULATION",modelled,ready
SITE_ACH_INSPIRED,Alberta Children's-inspired,complex_care,Complex care,1,2026-06-15,1008,917,1129,69,108,0.722,"SRC_SYNTH_REFERRALS,SRC_SYNTH_REFERRAL_TRIAGE,SRC_SYNTH_WAITLIST_SNAPSHOTS,SRC_SYNTH_CLINIC_TEMPLATES,SRC_SYNTH_PROVIDER_AVAILABILITY,SRC_SYNTH_NO_SHOW_LATE_CANCEL,SRC_SYNTH_DIAGNOSTIC_READINESS,SRC_SYNTH_HR_SHIFT_ROSTER,SRC_SYNTH_FINANCE_RESOURCE_ENVELOPE,SRC_OPEN_RESPIRATORY_VIRUS_DASHBOARD,SRC_OPEN_AQHI_SMOKE_CONTEXT,SRC_OPEN_SCHOOL_HOLIDAY_CALENDAR,SRC_OPEN_STATCAN_PED_POPULATION",modelled,ready
SITE_ACH_INSPIRED,Alberta Children's-inspired,complex_care,Complex care,2,2026-06-22,1019,927,1141,69,108,0.722,"SRC_SYNTH_REFERRALS,SRC_SYNTH_REFERRAL_TRIAGE,SRC_SYNTH_WAITLIST_SNAPSHOTS,SRC_SYNTH_CLINIC_TEMPLATES,SRC_SYNTH_PROVIDER_AVAILABILITY,SRC_SYNTH_NO_SHOW_LATE_CANCEL,SRC_SYNTH_DIAGNOSTIC_READINESS,SRC_SYNTH_HR_SHIFT_ROSTER,SRC_SYNTH_FINANCE_RESOURCE_ENVELOPE,SRC_OPEN_RESPIRATORY_VIRUS_DASHBOARD,SRC_OPEN_AQHI_SMOKE_CONTEXT,SRC_OPEN_SCHOOL_HOLIDAY_CALENDAR,SRC_OPEN_STATCAN_PED_POPULATION",modelled,ready
SITE_ACH_INSPIRED,Alberta Children's-inspired,complex_care,Complex care,3,2026-06-29,1028,935,1151,70,109,0.722,"SRC_SYNTH_REFERRALS,SRC_SYNTH_REFERRAL_TRIAGE,SRC_SYNTH_WAITLIST_SNAPSHOTS,SRC_SYNTH_CLINIC_TEMPLATES,SRC_SYNTH_PROVIDER_AVAILABILITY,SRC_SYNTH_NO_SHOW_LATE_CANCEL,SRC_SYNTH_DIAGNOSTIC_READINESS,SRC_SYNTH_HR_SHIFT_ROSTER,SRC_SYNTH_FINANCE_RESOURCE_ENVELOPE,SRC_OPEN_RESPIRATORY_VIRUS_DASHBOARD,SRC_OPEN_AQHI_SMOKE_CONTEXT,SRC_OPEN_SCHOOL_HOLIDAY_CALENDAR,SRC_OPEN_STATCAN_PED_POPULATION",modelled,ready
SITE_ACH_INSPIRED,Alberta Children's-inspired,complex_care,Complex care,4,2026-07-06,1034,941,1158,70,110,0.722,"SRC_SYNTH_REFERRALS,SRC_SYNTH_REFERRAL_TRIAGE,SRC_SYNTH_WAITLIST_SNAPSHOTS,SRC_SYNTH_CLINIC_TEMPLATES,SRC_SYNTH_PROVIDER_AVAILABILITY,SRC_SYNTH_NO_SHOW_LATE_CANCEL,SRC_SYNTH_DIAGNOSTIC_READINESS,SRC_SYNTH_HR_SHIFT_ROSTER,SRC_SYNTH_FINANCE_RESOURCE_ENVELOPE,SRC_OPEN_RESPIRATORY_VIRUS_DASHBOARD,SRC_OPEN_AQHI_SMOKE_CONTEXT,SRC_OPEN_SCHOOL_HOLIDAY_CALENDAR,SRC_OPEN_STATCAN_PED_POPULATION",modelled,ready
SITE_ACH_INSPIRED,Alberta Children's-inspired,complex_care,Complex care,5,2026-07-13,1037,944,1161,71,110,0.722,"SRC_SYNTH_REFERRALS,SRC_SYNTH_REFERRAL_TRIAGE,SRC_SYNTH_WAITLIST_SNAPSHOTS,SRC_SYNTH_CLINIC_TEMPLATES,SRC_SYNTH_PROVIDER_AVAILABILITY,SRC_SYNTH_NO_SHOW_LATE_CANCEL,SRC_SYNTH_DIAGNOSTIC_READINESS,SRC_SYNTH_HR_SHIFT_ROSTER,SRC_SYNTH_FINANCE_RESOURCE_ENVELOPE,SRC_OPEN_RESPIRATORY_VIRUS_DASHBOARD,SRC_OPEN_AQHI_SMOKE_CONTEXT,SRC_OPEN_SCHOOL_HOLIDAY_CALENDAR,SRC_OPEN_STATCAN_PED_POPULATION",modelled,ready
SITE_ACH_INSPIRED,Alberta Children's-inspired,complex_care,Complex care,6,2026-07-20,1038,945,1163,71,111,0.722,"SRC_SYNTH_REFERRALS,SRC_SYNTH_REFERRAL_TRIAGE,SRC_SYNTH_WAITLIST_SNAPSHOTS,SRC_SYNTH_CLINIC_TEMPLATES,SRC_SYNTH_PROVIDER_AVAILABILITY,SRC_SYNTH_NO_SHOW_LATE_CANCEL,SRC_SYNTH_DIAGNOSTIC_READINESS,SRC_SYNTH_HR_SHIFT_ROSTER,SRC_SYNTH_FINANCE_RESOURCE_ENVELOPE,SRC_OPEN_RESPIRATORY_VIRUS_DASHBOARD,SRC_OPEN_AQHI_SMOKE_CONTEXT,SRC_OPEN_SCHOOL_HOLIDAY_CALENDAR,SRC_OPEN_STATCAN_PED_POPULATION",modelled,ready
SITE_ACH_INSPIRED,Alberta Children's-inspired,complex_care,Complex care,7,2026-07-27,1036,943,1160,71,112,0.722,"SRC_SYNTH_REFERRALS,SRC_SYNTH_REFERRAL_TRIAGE,SRC_SYNTH_WAITLIST_SNAPSHOTS,SRC_SYNTH_CLINIC_TEMPLATES,SRC_SYNTH_PROVIDER_AVAILABILITY,SRC_SYNTH_NO_SHOW_LATE_CANCEL,SRC_SYNTH_DIAGNOSTIC_READINESS,SRC_SYNTH_HR_SHIFT_ROSTER,SRC_SYNTH_FINANCE_RESOURCE_ENVELOPE,SRC_OPEN_RESPIRATORY_VIRUS_DASHBOARD,SRC_OPEN_AQHI_SMOKE_CONTEXT,SRC_OPEN_SCHOOL_HOLIDAY_CALENDAR,SRC_OPEN_STATCAN_PED_POPULATION",modelled,ready
SITE_ACH_INSPIRED,Alberta Children's-inspired,complex_care,Complex care,8,2026-08-03,1032,939,1156,71,112,0.722,"SRC_SYNTH_REFERRALS,SRC_SYNTH_REFERRAL_TRIAGE,SRC_SYNTH_WAITLIST_SNAPSHOTS,SRC_SYNTH_CLINIC_TEMPLATES,SRC_SYNTH_PROVIDER_AVAILABILITY,SRC_SYNTH_NO_SHOW_LATE_CANCEL,SRC_SYNTH_DIAGNOSTIC_READINESS,SRC_SYNTH_HR_SHIFT_ROSTER,SRC_SYNTH_FINANCE_RESOURCE_ENVELOPE,SRC_OPEN_RESPIRATORY_VIRUS_DASHBOARD,SRC_OPEN_AQHI_SMOKE_CONTEXT,SRC_OPEN_SCHOOL_HOLIDAY_CALENDAR,SRC_OPEN_STATCAN_PED_POPULATION",modelled,ready
SITE_ACH_INSPIRED,Alberta Children's-inspired,complex_care,Complex care,9,2026-08-10,1027,935,1150,71,113,0.722,"SRC_SYNTH_REFERRALS,SRC_SYNTH_REFERRAL_TRIAGE,SRC_SYNTH_WAITLIST_SNAPSHOTS,SRC_SYNTH_CLINIC_TEMPLATES,SRC_SYNTH_PROVIDER_AVAILABILITY,SRC_SYNTH_NO_SHOW_LATE_CANCEL,SRC_SYNTH_DIAGNOSTIC_READINESS,SRC_SYNTH_HR_SHIFT_ROSTER,SRC_SYNTH_FINANCE_RESOURCE_ENVELOPE,SRC_OPEN_RESPIRATORY_VIRUS_DASHBOARD,SRC_OPEN_AQHI_SMOKE_CONTEXT,SRC_OPEN_SCHOOL_HOLIDAY_CALENDAR,SRC_OPEN_STATCAN_PED_POPULATION",modelled,ready
SITE_ACH_INSPIRED,Alberta Children's-inspired,complex_care,Complex care,10,2026-08-17,1019,927,1141,71,114,0.722,"SRC_SYNTH_REFERRALS,SRC_SYNTH_REFERRAL_TRIAGE,SRC_SYNTH_WAITLIST_SNAPSHOTS,SRC_SYNTH_CLINIC_TEMPLATES,SRC_SYNTH_PROVIDER_AVAILABILITY,SRC_SYNTH_NO_SHOW_LATE_CANCEL,SRC_SYNTH_DIAGNOSTIC_READINESS,SRC_SYNTH_HR_SHIFT_ROSTER,SRC_SYNTH_FINANCE_RESOURCE_ENVELOPE,SRC_OPEN_RESPIRATORY_VIRUS_DASHBOARD,SRC_OPEN_AQHI_SMOKE_CONTEXT,SRC_OPEN_SCHOOL_HOLIDAY_CALENDAR,SRC_OPEN_STATCAN_PED_POPULATION",modelled,ready
SITE_ACH_INSPIRED,Alberta Children's-inspired,complex_care,Complex care,11,2026-08-24,1011,920,1132,71,114,0.722,"SRC_SYNTH_REFERRALS,SRC_SYNTH_REFERRAL_TRIAGE,SRC_SYNTH_WAITLIST_SNAPSHOTS,SRC_SYNTH_CLINIC_TEMPLATES,SRC_SYNTH_PROVIDER_AVAILABILITY,SRC_SYNTH_NO_SHOW_LATE_CANCEL,SRC_SYNTH_DIAGNOSTIC_READINESS,SRC_SYNTH_HR_SHIFT_ROSTER,SRC_SYNTH_FINANCE_RESOURCE_ENVELOPE,SRC_OPEN_RESPIRATORY_VIRUS_DASHBOARD,SRC_OPEN_AQHI_SMOKE_CONTEXT,SRC_OPEN_SCHOOL_HOLIDAY_CALENDAR,SRC_OPEN_STATCAN_PED_POPULATION",modelled,ready
SITE_ACH_INSPIRED,Alberta Children's-inspired,complex_care,Complex care,12,2026-08-31,1002,912,1122,71,115,0.722,"SRC_SYNTH_REFERRALS,SRC_SYNTH_REFERRAL_TRIAGE,SRC_SYNTH_WAITLIST_SNAPSHOTS,SRC_SYNTH_CLINIC_TEMPLATES,SRC_SYNTH_PROVIDER_AVAILABILITY,SRC_SYNTH_NO_SHOW_LATE_CANCEL,SRC_SYNTH_DIAGNOSTIC_READINESS,SRC_SYNTH_HR_SHIFT_ROSTER,SRC_SYNTH_FINANCE_RESOURCE_ENVELOPE,SRC_OPEN_RESPIRATORY_VIRUS_DASHBOARD,SRC_OPEN_AQHI_SMOKE_CONTEXT,SRC_OPEN_SCHOOL_HOLIDAY_CALENDAR,SRC_OPEN_STATCAN_PED_POPULATION",modelled,ready
SITE_ACH_INSPIRED,Alberta Children's-inspired,complex_care,Complex care,13,2026-09-07,992,903,1111,71,116,0.722,"SRC_SYNTH_REFERRALS,SRC_SYNTH_REFERRAL_TRIAGE,SRC_SYNTH_WAITLIST_SNAPSHOTS,SRC_SYNTH_CLINIC_TEMPLATES,SRC_SYNTH_PROVIDER_AVAILABILITY,SRC_SYNTH_NO_SHOW_LATE_CANCEL,SRC_SYNTH_DIAGNOSTIC_READINESS,SRC_SYNTH_HR_SHIFT_ROSTER,SRC_SYNTH_FINANCE_RESOURCE_ENVELOPE,SRC_OPEN_RESPIRATORY_VIRUS_DASHBOARD,SRC_OPEN_AQHI_SMOKE_CONTEXT,SRC_OPEN_SCHOOL_HOLIDAY_CALENDAR,SRC_OPEN_STATCAN_PED_POPULATION",modelled,ready
SITE_ACH_INSPIRED,Alberta Children's-inspired,complex_care,Complex care,14,2026-09-14,983,895,1101,71,116,0.722,"SRC_SYNTH_REFERRALS,SRC_SYNTH_REFERRAL_TRIAGE,SRC_SYNTH_WAITLIST_SNAPSHOTS,SRC_SYNTH_CLINIC_TEMPLATES,SRC_SYNTH_PROVIDER_AVAILABILITY,SRC_SYNTH_NO_SHOW_LATE_CANCEL,SRC_SYNTH_DIAGNOSTIC_READINESS,SRC_SYNTH_HR_SHIFT_ROSTER,SRC_SYNTH_FINANCE_RESOURCE_ENVELOPE,SRC_OPEN_RESPIRATORY_VIRUS_DASHBOARD,SRC_OPEN_AQHI_SMOKE_CONTEXT,SRC_OPEN_SCHOOL_HOLIDAY_CALENDAR,SRC_OPEN_STATCAN_PED_POPULATION",modelled,ready
SITE_ACH_INSPIRED,Alberta Children's-inspired,complex_care,Complex care,15,2026-09-21,975,887,1092,71,117,0.722,"SRC_SYNTH_REFERRALS,SRC_SYNTH_REFERRAL_TRIAGE,SRC_SYNTH_WAITLIST_SNAPSHOTS,SRC_SYNTH_CLINIC_TEMPLATES,SRC_SYNTH_PROVIDER_AVAILABILITY,SRC_SYNTH_NO_SHOW_LATE_CANCEL,SRC_SYNTH_DIAGNOSTIC_READINESS,SRC_SYNTH_HR_SHIFT_ROSTER,SRC_SYNTH_FINANCE_RESOURCE_ENVELOPE,SRC_OPEN_RESPIRATORY_VIRUS_DASHBOARD,SRC_OPEN_AQHI_SMOKE_CONTEXT,SRC_OPEN_SCHOOL_HOLIDAY_CALENDAR,SRC_OPEN_STATCAN_PED_POPULATION",modelled,ready
SITE_ACH_INSPIRED,Alberta Children's-inspired,complex_care,Complex care,16,2026-09-28,969,882,1085,71,117,0.722,"SRC_SYNTH_REFERRALS,SRC_SYNTH_REFERRAL_TRIAGE,SRC_SYNTH_WAITLIST_SNAPSHOTS,SRC_SYNTH_CLINIC_TEMPLATES,SRC_SYNTH_PROVIDER_AVAILABILITY,SRC_SYNTH_NO_SHOW_LATE_CANCEL,SRC_SYNTH_DIAGNOSTIC_READINESS,SRC_SYNTH_HR_SHIFT_ROSTER,SRC_SYNTH_FINANCE_RESOURCE_ENVELOPE,SRC_OPEN_RESPIRATORY_VIRUS_DASHBOARD,SRC_OPEN_AQHI_SMOKE_CONTEXT,SRC_OPEN_SCHOOL_HOLIDAY_CALENDAR,SRC_OPEN_STATCAN_PED_POPULATION",modelled,ready
SITE_ACH_INSPIRED,Alberta Children's-inspired,complex_care,Complex care,17,2026-10-05,964,877,1080,72,118,0.722,"SRC_SYNTH_REFERRALS,SRC_SYNTH_REFERRAL_TRIAGE,SRC_SYNTH_WAITLIST_SNAPSHOTS,SRC_SYNTH_CLINIC_TEMPLATES,SRC_SYNTH_PROVIDER_AVAILABILITY,SRC_SYNTH_NO_SHOW_LATE_CANCEL,SRC_SYNTH_DIAGNOSTIC_READINESS,SRC_SYNTH_HR_SHIFT_ROSTER,SRC_SYNTH_FINANCE_RESOURCE_ENVELOPE,SRC_OPEN_RESPIRATORY_VIRUS_DASHBOARD,SRC_OPEN_AQHI_SMOKE_CONTEXT,SRC_OPEN_SCHOOL_HOLIDAY_CALENDAR,SRC_OPEN_STATCAN_PED_POPULATION",modelled,ready
SITE_ACH_INSPIRED,Alberta Children's-inspired,complex_care,Complex care,18,2026-10-12,961,875,1076,72,119,0.722,"SRC_SYNTH_REFERRALS,SRC_SYNTH_REFERRAL_TRIAGE,SRC_SYNTH_WAITLIST_SNAPSHOTS,SRC_SYNTH_CLINIC_TEMPLATES,SRC_SYNTH_PROVIDER_AVAILABILITY,SRC_SYNTH_NO_SHOW_LATE_CANCEL,SRC_SYNTH_DIAGNOSTIC_READINESS,SRC_SYNTH_HR_SHIFT_ROSTER,SRC_SYNTH_FINANCE_RESOURCE_ENVELOPE,SRC_OPEN_RESPIRATORY_VIRUS_DASHBOARD,SRC_OPEN_AQHI_SMOKE_CONTEXT,SRC_OPEN_SCHOOL_HOLIDAY_CALENDAR,SRC_OPEN_STATCAN_PED_POPULATION",modelled,ready
SITE_ACH_INSPIRED,Alberta Children's-inspired,complex_care,Complex care,19,2026-10-19,961,875,1076,72,119,0.722,"SRC_SYNTH_REFERRALS,SRC_SYNTH_REFERRAL_TRIAGE,SRC_SYNTH_WAITLIST_SNAPSHOTS,SRC_SYNTH_CLINIC_TEMPLATES,SRC_SYNTH_PROVIDER_AVAILABILITY,SRC_SYNTH_NO_SHOW_LATE_CANCEL,SRC_SYNTH_DIAGNOSTIC_READINESS,SRC_SYNTH_HR_SHIFT_ROSTER,SRC_SYNTH_FINANCE_RESOURCE_ENVELOPE,SRC_OPEN_RESPIRATORY_VIRUS_DASHBOARD,SRC_OPEN_AQHI_SMOKE_CONTEXT,SRC_OPEN_SCHOOL_HOLIDAY_CALENDAR,SRC_OPEN_STATCAN_PED_POPULATION",modelled,ready
SITE_ACH_INSPIRED,Alberta Children's-inspired,complex_care,Complex care,20,2026-10-26,963,876,1079,72,120,0.722,"SRC_SYNTH_REFERRALS,SRC_SYNTH_REFERRAL_TRIAGE,SRC_SYNTH_WAITLIST_SNAPSHOTS,SRC_SYNTH_CLINIC_TEMPLATES,SRC_SYNTH_PROVIDER_AVAILABILITY,SRC_SYNTH_NO_SHOW_LATE_CANCEL,SRC_SYNTH_DIAGNOSTIC_READINESS,SRC_SYNTH_HR_SHIFT_ROSTER,SRC_SYNTH_FINANCE_RESOURCE_ENVELOPE,SRC_OPEN_RESPIRATORY_VIRUS_DASHBOARD,SRC_OPEN_AQHI_SMOKE_CONTEXT,SRC_OPEN_SCHOOL_HOLIDAY_CALENDAR,SRC_OPEN_STATCAN_PED_POPULATION",modelled,ready
SITE_ACH_INSPIRED,Alberta Children's-inspired,complex_care,Complex care,21,2026-11-02,968,881,1084,73,121,0.722,"SRC_SYNTH_REFERRALS,SRC_SYNTH_REFERRAL_TRIAGE,SRC_SYNTH_WAITLIST_SNAPSHOTS,SRC_SYNTH_CLINIC_TEMPLATES,SRC_SYNTH_PROVIDER_AVAILABILITY,SRC_SYNTH_NO_SHOW_LATE_CANCEL,SRC_SYNTH_DIAGNOSTIC_READINESS,SRC_SYNTH_HR_SHIFT_ROSTER,SRC_SYNTH_FINANCE_RESOURCE_ENVELOPE,SRC_OPEN_RESPIRATORY_VIRUS_DASHBOARD,SRC_OPEN_AQHI_SMOKE_CONTEXT,SRC_OPEN_SCHOOL_HOLIDAY_CALENDAR,SRC_OPEN_STATCAN_PED_POPULATION",modelled,ready
SITE_ACH_INSPIRED,Alberta Children's-inspired,complex_care,Complex care,22,2026-11-09,977,889,1094,73,121,0.722,"SRC_SYNTH_REFERRALS,SRC_SYNTH_REFERRAL_TRIAGE,SRC_SYNTH_WAITLIST_SNAPSHOTS,SRC_SYNTH_CLINIC_TEMPLATES,SRC_SYNTH_PROVIDER_AVAILABILITY,SRC_SYNTH_NO_SHOW_LATE_CANCEL,SRC_SYNTH_DIAGNOSTIC_READINESS,SRC_SYNTH_HR_SHIFT_ROSTER,SRC_SYNTH_FINANCE_RESOURCE_ENVELOPE,SRC_OPEN_RESPIRATORY_VIRUS_DASHBOARD,SRC_OPEN_AQHI_SMOKE_CONTEXT,SRC_OPEN_SCHOOL_HOLIDAY_CALENDAR,SRC_OPEN_STATCAN_PED_POPULATION",modelled,ready
SITE_ACH_INSPIRED,Alberta Children's-inspired,complex_care,Complex care,23,2026-11-16,988,899,1107,74,122,0.722,"SRC_SYNTH_REFERRALS,SRC_SYNTH_REFERRAL_TRIAGE,SRC_SYNTH_WAITLIST_SNAPSHOTS,SRC_SYNTH_CLINIC_TEMPLATES,SRC_SYNTH_PROVIDER_AVAILABILITY,SRC_SYNTH_NO_SHOW_LATE_CANCEL,SRC_SYNTH_DIAGNOSTIC_READINESS,SRC_SYNTH_HR_SHIFT_ROSTER,SRC_SYNTH_FINANCE_RESOURCE_ENVELOPE,SRC_OPEN_RESPIRATORY_VIRUS_DASHBOARD,SRC_OPEN_AQHI_SMOKE_CONTEXT,SRC_OPEN_SCHOOL_HOLIDAY_CALENDAR,SRC_OPEN_STATCAN_PED_POPULATION",modelled,ready
SITE_ACH_INSPIRED,Alberta Children's-inspired,complex_care,Complex care,24,2026-11-23,1001,911,1121,75,123,0.722,"SRC_SYNTH_REFERRALS,SRC_SYNTH_REFERRAL_TRIAGE,SRC_SYNTH_WAITLIST_SNAPSHOTS,SRC_SYNTH_CLINIC_TEMPLATES,SRC_SYNTH_PROVIDER_AVAILABILITY,SRC_SYNTH_NO_SHOW_LATE_CANCEL,SRC_SYNTH_DIAGNOSTIC_READINESS,SRC_SYNTH_HR_SHIFT_ROSTER,SRC_SYNTH_FINANCE_RESOURCE_ENVELOPE,SRC_OPEN_RESPIRATORY_VIRUS_DASHBOARD,SRC_OPEN_AQHI_SMOKE_CONTEXT,SRC_OPEN_SCHOOL_HOLIDAY_CALENDAR,SRC_OPEN_STATCAN_PED_POPULATION",modelled,ready
SITE_ACH_INSPIRED,Alberta Children's-inspired,complex_care,Complex care,25,2026-11-30,1017,925,1139,75,123,0.722,"SRC_SYNTH_REFERRALS,SRC_SYNTH_REFERRAL_TRIAGE,SRC_SYNTH_WAITLIST_SNAPSHOTS,SRC_SYNTH_CLINIC_TEMPLATES,SRC_SYNTH_PROVIDER_AVAILABILITY,SRC_SYNTH_NO_SHOW_LATE_CANCEL,SRC_SYNTH_DIAGNOSTIC_READINESS,SRC_SYNTH_HR_SHIFT_ROSTER,SRC_SYNTH_FINANCE_RESOURCE_ENVELOPE,SRC_OPEN_RESPIRATORY_VIRUS_DASHBOARD,SRC_OPEN_AQHI_SMOKE_CONTEXT,SRC_OPEN_SCHOOL_HOLIDAY_CALENDAR,SRC_OPEN_STATCAN_PED_POPULATION",modelled,ready
SITE_ACH_INSPIRED,Alberta Children's-inspired,complex_care,Complex care,26,2026-12-07,1035,942,1159,76,124,0.722,"SRC_SYNTH_REFERRALS,SRC_SYNTH_REFERRAL_TRIAGE,SRC_SYNTH_WAITLIST_SNAPSHOTS,SRC_SYNTH_CLINIC_TEMPLATES,SRC_SYNTH_PROVIDER_AVAILABILITY,SRC_SYNTH_NO_SHOW_LATE_CANCEL,SRC_SYNTH_DIAGNOSTIC_READINESS,SRC_SYNTH_HR_SHIFT_ROSTER,SRC_SYNTH_FINANCE_RESOURCE_ENVELOPE,SRC_OPEN_RESPIRATORY_VIRUS_DASHBOARD,SRC_OPEN_AQHI_SMOKE_CONTEXT,SRC_OPEN_SCHOOL_HOLIDAY_CALENDAR,SRC_OPEN_STATCAN_PED_POPULATION",modelled,ready
SITE_ACH_INSPIRED,Alberta Children's-inspired,mental_health,Mental health,1,2026-06-15,1460,1329,1635,73,148,0.707,"SRC_SYNTH_REFERRALS,SRC_SYNTH_REFERRAL_TRIAGE,SRC_SYNTH_WAITLIST_SNAPSHOTS,SRC_SYNTH_CLINIC_TEMPLATES,SRC_SYNTH_PROVIDER_AVAILABILITY,SRC_SYNTH_NO_SHOW_LATE_CANCEL,SRC_SYNTH_DIAGNOSTIC_READINESS,SRC_SYNTH_HR_SHIFT_ROSTER,SRC_SYNTH_FINANCE_RESOURCE_ENVELOPE,SRC_OPEN_RESPIRATORY_VIRUS_DASHBOARD,SRC_OPEN_AQHI_SMOKE_CONTEXT,SRC_OPEN_SCHOOL_HOLIDAY_CALENDAR,SRC_OPEN_STATCAN_PED_POPULATION",modelled,review
SITE_ACH_INSPIRED,Alberta Children's-inspired,mental_health,Mental health,2,2026-06-22,1472,1340,1649,74,148,0.707,"SRC_SYNTH_REFERRALS,SRC_SYNTH_REFERRAL_TRIAGE,SRC_SYNTH_WAITLIST_SNAPSHOTS,SRC_SYNTH_CLINIC_TEMPLATES,SRC_SYNTH_PROVIDER_AVAILABILITY,SRC_SYNTH_NO_SHOW_LATE_CANCEL,SRC_SYNTH_DIAGNOSTIC_READINESS,SRC_SYNTH_HR_SHIFT_ROSTER,SRC_SYNTH_FINANCE_RESOURCE_ENVELOPE,SRC_OPEN_RESPIRATORY_VIRUS_DASHBOARD,SRC_OPEN_AQHI_SMOKE_CONTEXT,SRC_OPEN_SCHOOL_HOLIDAY_CALENDAR,SRC_OPEN_STATCAN_PED_POPULATION",modelled,review
SITE_ACH_INSPIRED,Alberta Children's-inspired,mental_health,Mental health,3,2026-06-29,1481,1348,1659,74,149,0.707,"SRC_SYNTH_REFERRALS,SRC_SYNTH_REFERRAL_TRIAGE,SRC_SYNTH_WAITLIST_SNAPSHOTS,SRC_SYNTH_CLINIC_TEMPLATES,SRC_SYNTH_PROVIDER_AVAILABILITY,SRC_SYNTH_NO_SHOW_LATE_CANCEL,SRC_SYNTH_DIAGNOSTIC_READINESS,SRC_SYNTH_HR_SHIFT_ROSTER,SRC_SYNTH_FINANCE_RESOURCE_ENVELOPE,SRC_OPEN_RESPIRATORY_VIRUS_DASHBOARD,SRC_OPEN_AQHI_SMOKE_CONTEXT,SRC_OPEN_SCHOOL_HOLIDAY_CALENDAR,SRC_OPEN_STATCAN_PED_POPULATION",modelled,review
SITE_ACH_INSPIRED,Alberta Children's-inspired,mental_health,Mental health,4,2026-07-06,1486,1352,1664,74,150,0.707,"SRC_SYNTH_REFERRALS,SRC_SYNTH_REFERRAL_TRIAGE,SRC_SYNTH_WAITLIST_SNAPSHOTS,SRC_SYNTH_CLINIC_TEMPLATES,SRC_SYNTH_PROVIDER_AVAILABILITY,SRC_SYNTH_NO_SHOW_LATE_CANCEL,SRC_SYNTH_DIAGNOSTIC_READINESS,SRC_SYNTH_HR_SHIFT_ROSTER,SRC_SYNTH_FINANCE_RESOURCE_ENVELOPE,SRC_OPEN_RESPIRATORY_VIRUS_DASHBOARD,SRC_OPEN_AQHI_SMOKE_CONTEXT,SRC_OPEN_SCHOOL_HOLIDAY_CALENDAR,SRC_OPEN_STATCAN_PED_POPULATION",modelled,review
SITE_ACH_INSPIRED,Alberta Children's-inspired,mental_health,Mental health,5,2026-07-13,1487,1353,1665,75,150,0.707,"SRC_SYNTH_REFERRALS,SRC_SYNTH_REFERRAL_TRIAGE,SRC_SYNTH_WAITLIST_SNAPSHOTS,SRC_SYNTH_CLINIC_TEMPLATES,SRC_SYNTH_PROVIDER_AVAILABILITY,SRC_SYNTH_NO_SHOW_LATE_CANCEL,SRC_SYNTH_DIAGNOSTIC_READINESS,SRC_SYNTH_HR_SHIFT_ROSTER,SRC_SYNTH_FINANCE_RESOURCE_ENVELOPE,SRC_OPEN_RESPIRATORY_VIRUS_DASHBOARD,SRC_OPEN_AQHI_SMOKE_CONTEXT,SRC_OPEN_SCHOOL_HOLIDAY_CALENDAR,SRC_OPEN_STATCAN_PED_POPULATION",modelled,review
SITE_ACH_INSPIRED,Alberta Children's-inspired,mental_health,Mental health,6,2026-07-20,1485,1351,1663,75,151,0.707,"SRC_SYNTH_REFERRALS,SRC_SYNTH_REFERRAL_TRIAGE,SRC_SYNTH_WAITLIST_SNAPSHOTS,SRC_SYNTH_CLINIC_TEMPLATES,SRC_SYNTH_PROVIDER_AVAILABILITY,SRC_SYNTH_NO_SHOW_LATE_CANCEL,SRC_SYNTH_DIAGNOSTIC_READINESS,SRC_SYNTH_HR_SHIFT_ROSTER,SRC_SYNTH_FINANCE_RESOURCE_ENVELOPE,SRC_OPEN_RESPIRATORY_VIRUS_DASHBOARD,SRC_OPEN_AQHI_SMOKE_CONTEXT,SRC_OPEN_SCHOOL_HOLIDAY_CALENDAR,SRC_OPEN_STATCAN_PED_POPULATION",modelled,review
SITE_ACH_INSPIRED,Alberta Children's-inspired,mental_health,Mental health,7,2026-07-27,1479,1346,1656,75,152,0.707,"SRC_SYNTH_REFERRALS,SRC_SYNTH_REFERRAL_TRIAGE,SRC_SYNTH_WAITLIST_SNAPSHOTS,SRC_SYNTH_CLINIC_TEMPLATES,SRC_SYNTH_PROVIDER_AVAILABILITY,SRC_SYNTH_NO_SHOW_LATE_CANCEL,SRC_SYNTH_DIAGNOSTIC_READINESS,SRC_SYNTH_HR_SHIFT_ROSTER,SRC_SYNTH_FINANCE_RESOURCE_ENVELOPE,SRC_OPEN_RESPIRATORY_VIRUS_DASHBOARD,SRC_OPEN_AQHI_SMOKE_CONTEXT,SRC_OPEN_SCHOOL_HOLIDAY_CALENDAR,SRC_OPEN_STATCAN_PED_POPULATION",modelled,review
SITE_ACH_INSPIRED,Alberta Children's-inspired,mental_health,Mental health,8,2026-08-03,1471,1339,1648,75,152,0.707,"SRC_SYNTH_REFERRALS,SRC_SYNTH_REFERRAL_TRIAGE,SRC_SYNTH_WAITLIST_SNAPSHOTS,SRC_SYNTH_CLINIC_TEMPLATES,SRC_SYNTH_PROVIDER_AVAILABILITY,SRC_SYNTH_NO_SHOW_LATE_CANCEL,SRC_SYNTH_DIAGNOSTIC_READINESS,SRC_SYNTH_HR_SHIFT_ROSTER,SRC_SYNTH_FINANCE_RESOURCE_ENVELOPE,SRC_OPEN_RESPIRATORY_VIRUS_DASHBOARD,SRC_OPEN_AQHI_SMOKE_CONTEXT,SRC_OPEN_SCHOOL_HOLIDAY_CALENDAR,SRC_OPEN_STATCAN_PED_POPULATION",modelled,review
SITE_ACH_INSPIRED,Alberta Children's-inspired,mental_health,Mental health,9,2026-08-10,1460,1329,1635,75,153,0.707,"SRC_SYNTH_REFERRALS,SRC_SYNTH_REFERRAL_TRIAGE,SRC_SYNTH_WAITLIST_SNAPSHOTS,SRC_SYNTH_CLINIC_TEMPLATES,SRC_SYNTH_PROVIDER_AVAILABILITY,SRC_SYNTH_NO_SHOW_LATE_CANCEL,SRC_SYNTH_DIAGNOSTIC_READINESS,SRC_SYNTH_HR_SHIFT_ROSTER,SRC_SYNTH_FINANCE_RESOURCE_ENVELOPE,SRC_OPEN_RESPIRATORY_VIRUS_DASHBOARD,SRC_OPEN_AQHI_SMOKE_CONTEXT,SRC_OPEN_SCHOOL_HOLIDAY_CALENDAR,SRC_OPEN_STATCAN_PED_POPULATION",modelled,review
SITE_ACH_INSPIRED,Alberta Children's-inspired,mental_health,Mental health,10,2026-08-17,1448,1318,1622,75,154,0.707,"SRC_SYNTH_REFERRALS,SRC_SYNTH_REFERRAL_TRIAGE,SRC_SYNTH_WAITLIST_SNAPSHOTS,SRC_SYNTH_CLINIC_TEMPLATES,SRC_SYNTH_PROVIDER_AVAILABILITY,SRC_SYNTH_NO_SHOW_LATE_CANCEL,SRC_SYNTH_DIAGNOSTIC_READINESS,SRC_SYNTH_HR_SHIFT_ROSTER,SRC_SYNTH_FINANCE_RESOURCE_ENVELOPE,SRC_OPEN_RESPIRATORY_VIRUS_DASHBOARD,SRC_OPEN_AQHI_SMOKE_CONTEXT,SRC_OPEN_SCHOOL_HOLIDAY_CALENDAR,SRC_OPEN_STATCAN_PED_POPULATION",modelled,review
SITE_ACH_INSPIRED,Alberta Children's-inspired,mental_health,Mental health,11,2026-08-24,1435,1306,1607,75,154,0.707,"SRC_SYNTH_REFERRALS,SRC_SYNTH_REFERRAL_TRIAGE,SRC_SYNTH_WAITLIST_SNAPSHOTS,SRC_SYNTH_CLINIC_TEMPLATES,SRC_SYNTH_PROVIDER_AVAILABILITY,SRC_SYNTH_NO_SHOW_LATE_CANCEL,SRC_SYNTH_DIAGNOSTIC_READINESS,SRC_SYNTH_HR_SHIFT_ROSTER,SRC_SYNTH_FINANCE_RESOURCE_ENVELOPE,SRC_OPEN_RESPIRATORY_VIRUS_DASHBOARD,SRC_OPEN_AQHI_SMOKE_CONTEXT,SRC_OPEN_SCHOOL_HOLIDAY_CALENDAR,SRC_OPEN_STATCAN_PED_POPULATION",modelled,review
SITE_ACH_INSPIRED,Alberta Children's-inspired,mental_health,Mental health,12,2026-08-31,1422,1294,1593,75,155,0.707,"SRC_SYNTH_REFERRALS,SRC_SYNTH_REFERRAL_TRIAGE,SRC_SYNTH_WAITLIST_SNAPSHOTS,SRC_SYNTH_CLINIC_TEMPLATES,SRC_SYNTH_PROVIDER_AVAILABILITY,SRC_SYNTH_NO_SHOW_LATE_CANCEL,SRC_SYNTH_DIAGNOSTIC_READINESS,SRC_SYNTH_HR_SHIFT_ROSTER,SRC_SYNTH_FINANCE_RESOURCE_ENVELOPE,SRC_OPEN_RESPIRATORY_VIRUS_DASHBOARD,SRC_OPEN_AQHI_SMOKE_CONTEXT,SRC_OPEN_SCHOOL_HOLIDAY_CALENDAR,SRC_OPEN_STATCAN_PED_POPULATION",modelled,review
SITE_ACH_INSPIRED,Alberta Children's-inspired,mental_health,Mental health,13,2026-09-07,1409,1282,1578,75,155,0.707,"SRC_SYNTH_REFERRALS,SRC_SYNTH_REFERRAL_TRIAGE,SRC_SYNTH_WAITLIST_SNAPSHOTS,SRC_SYNTH_CLINIC_TEMPLATES,SRC_SYNTH_PROVIDER_AVAILABILITY,SRC_SYNTH_NO_SHOW_LATE_CANCEL,SRC_SYNTH_DIAGNOSTIC_READINESS,SRC_SYNTH_HR_SHIFT_ROSTER,SRC_SYNTH_FINANCE_RESOURCE_ENVELOPE,SRC_OPEN_RESPIRATORY_VIRUS_DASHBOARD,SRC_OPEN_AQHI_SMOKE_CONTEXT,SRC_OPEN_SCHOOL_HOLIDAY_CALENDAR,SRC_OPEN_STATCAN_PED_POPULATION",modelled,review
SITE_ACH_INSPIRED,Alberta Children's-inspired,mental_health,Mental health,14,2026-09-14,1398,1272,1566,75,156,0.707,"SRC_SYNTH_REFERRALS,SRC_SYNTH_REFERRAL_TRIAGE,SRC_SYNTH_WAITLIST_SNAPSHOTS,SRC_SYNTH_CLINIC_TEMPLATES,SRC_SYNTH_PROVIDER_AVAILABILITY,SRC_SYNTH_NO_SHOW_LATE_CANCEL,SRC_SYNTH_DIAGNOSTIC_READINESS,SRC_SYNTH_HR_SHIFT_ROSTER,SRC_SYNTH_FINANCE_RESOURCE_ENVELOPE,SRC_OPEN_RESPIRATORY_VIRUS_DASHBOARD,SRC_OPEN_AQHI_SMOKE_CONTEXT,SRC_OPEN_SCHOOL_HOLIDAY_CALENDAR,SRC_OPEN_STATCAN_PED_POPULATION",modelled,review
SITE_ACH_INSPIRED,Alberta Children's-inspired,mental_health,Mental health,15,2026-09-21,1388,1263,1555,75,157,0.707,"SRC_SYNTH_REFERRALS,SRC_SYNTH_REFERRAL_TRIAGE,SRC_SYNTH_WAITLIST_SNAPSHOTS,SRC_SYNTH_CLINIC_TEMPLATES,SRC_SYNTH_PROVIDER_AVAILABILITY,SRC_SYNTH_NO_SHOW_LATE_CANCEL,SRC_SYNTH_DIAGNOSTIC_READINESS,SRC_SYNTH_HR_SHIFT_ROSTER,SRC_SYNTH_FINANCE_RESOURCE_ENVELOPE,SRC_OPEN_RESPIRATORY_VIRUS_DASHBOARD,SRC_OPEN_AQHI_SMOKE_CONTEXT,SRC_OPEN_SCHOOL_HOLIDAY_CALENDAR,SRC_OPEN_STATCAN_PED_POPULATION",modelled,review
SITE_ACH_INSPIRED,Alberta Children's-inspired,mental_health,Mental health,16,2026-09-28,1381,1257,1547,75,157,0.707,"SRC_SYNTH_REFERRALS,SRC_SYNTH_REFERRAL_TRIAGE,SRC_SYNTH_WAITLIST_SNAPSHOTS,SRC_SYNTH_CLINIC_TEMPLATES,SRC_SYNTH_PROVIDER_AVAILABILITY,SRC_SYNTH_NO_SHOW_LATE_CANCEL,SRC_SYNTH_DIAGNOSTIC_READINESS,SRC_SYNTH_HR_SHIFT_ROSTER,SRC_SYNTH_FINANCE_RESOURCE_ENVELOPE,SRC_OPEN_RESPIRATORY_VIRUS_DASHBOARD,SRC_OPEN_AQHI_SMOKE_CONTEXT,SRC_OPEN_SCHOOL_HOLIDAY_CALENDAR,SRC_OPEN_STATCAN_PED_POPULATION",modelled,review
SITE_ACH_INSPIRED,Alberta Children's-inspired,mental_health,Mental health,17,2026-10-05,1378,1254,1543,75,158,0.707,"SRC_SYNTH_REFERRALS,SRC_SYNTH_REFERRAL_TRIAGE,SRC_SYNTH_WAITLIST_SNAPSHOTS,SRC_SYNTH_CLINIC_TEMPLATES,SRC_SYNTH_PROVIDER_AVAILABILITY,SRC_SYNTH_NO_SHOW_LATE_CANCEL,SRC_SYNTH_DIAGNOSTIC_READINESS,SRC_SYNTH_HR_SHIFT_ROSTER,SRC_SYNTH_FINANCE_RESOURCE_ENVELOPE,SRC_OPEN_RESPIRATORY_VIRUS_DASHBOARD,SRC_OPEN_AQHI_SMOKE_CONTEXT,SRC_OPEN_SCHOOL_HOLIDAY_CALENDAR,SRC_OPEN_STATCAN_PED_POPULATION",modelled,review
SITE_ACH_INSPIRED,Alberta Children's-inspired,mental_health,Mental health,18,2026-10-12,1377,1253,1542,75,159,0.707,"SRC_SYNTH_REFERRALS,SRC_SYNTH_REFERRAL_TRIAGE,SRC_SYNTH_WAITLIST_SNAPSHOTS,SRC_SYNTH_CLINIC_TEMPLATES,SRC_SYNTH_PROVIDER_AVAILABILITY,SRC_SYNTH_NO_SHOW_LATE_CANCEL,SRC_SYNTH_DIAGNOSTIC_READINESS,SRC_SYNTH_HR_SHIFT_ROSTER,SRC_SYNTH_FINANCE_RESOURCE_ENVELOPE,SRC_OPEN_RESPIRATORY_VIRUS_DASHBOARD,SRC_OPEN_AQHI_SMOKE_CONTEXT,SRC_OPEN_SCHOOL_HOLIDAY_CALENDAR,SRC_OPEN_STATCAN_PED_POPULATION",modelled,review
SITE_ACH_INSPIRED,Alberta Children's-inspired,mental_health,Mental health,19,2026-10-19,1381,1257,1547,76,159,0.707,"SRC_SYNTH_REFERRALS,SRC_SYNTH_REFERRAL_TRIAGE,SRC_SYNTH_WAITLIST_SNAPSHOTS,SRC_SYNTH_CLINIC_TEMPLATES,SRC_SYNTH_PROVIDER_AVAILABILITY,SRC_SYNTH_NO_SHOW_LATE_CANCEL,SRC_SYNTH_DIAGNOSTIC_READINESS,SRC_SYNTH_HR_SHIFT_ROSTER,SRC_SYNTH_FINANCE_RESOURCE_ENVELOPE,SRC_OPEN_RESPIRATORY_VIRUS_DASHBOARD,SRC_OPEN_AQHI_SMOKE_CONTEXT,SRC_OPEN_SCHOOL_HOLIDAY_CALENDAR,SRC_OPEN_STATCAN_PED_POPULATION",modelled,review
SITE_ACH_INSPIRED,Alberta Children's-inspired,mental_health,Mental health,20,2026-10-26,1388,1263,1555,76,160,0.707,"SRC_SYNTH_REFERRALS,SRC_SYNTH_REFERRAL_TRIAGE,SRC_SYNTH_WAITLIST_SNAPSHOTS,SRC_SYNTH_CLINIC_TEMPLATES,SRC_SYNTH_PROVIDER_AVAILABILITY,SRC_SYNTH_NO_SHOW_LATE_CANCEL,SRC_SYNTH_DIAGNOSTIC_READINESS,SRC_SYNTH_HR_SHIFT_ROSTER,SRC_SYNTH_FINANCE_RESOURCE_ENVELOPE,SRC_OPEN_RESPIRATORY_VIRUS_DASHBOARD,SRC_OPEN_AQHI_SMOKE_CONTEXT,SRC_OPEN_SCHOOL_HOLIDAY_CALENDAR,SRC_OPEN_STATCAN_PED_POPULATION",modelled,review
SITE_ACH_INSPIRED,Alberta Children's-inspired,mental_health,Mental health,21,2026-11-02,1400,1274,1568,77,161,0.707,"SRC_SYNTH_REFERRALS,SRC_SYNTH_REFERRAL_TRIAGE,SRC_SYNTH_WAITLIST_SNAPSHOTS,SRC_SYNTH_CLINIC_TEMPLATES,SRC_SYNTH_PROVIDER_AVAILABILITY,SRC_SYNTH_NO_SHOW_LATE_CANCEL,SRC_SYNTH_DIAGNOSTIC_READINESS,SRC_SYNTH_HR_SHIFT_ROSTER,SRC_SYNTH_FINANCE_RESOURCE_ENVELOPE,SRC_OPEN_RESPIRATORY_VIRUS_DASHBOARD,SRC_OPEN_AQHI_SMOKE_CONTEXT,SRC_OPEN_SCHOOL_HOLIDAY_CALENDAR,SRC_OPEN_STATCAN_PED_POPULATION",modelled,review
SITE_ACH_INSPIRED,Alberta Children's-inspired,mental_health,Mental health,22,2026-11-09,1416,1289,1586,77,161,0.707,"SRC_SYNTH_REFERRALS,SRC_SYNTH_REFERRAL_TRIAGE,SRC_SYNTH_WAITLIST_SNAPSHOTS,SRC_SYNTH_CLINIC_TEMPLATES,SRC_SYNTH_PROVIDER_AVAILABILITY,SRC_SYNTH_NO_SHOW_LATE_CANCEL,SRC_SYNTH_DIAGNOSTIC_READINESS,SRC_SYNTH_HR_SHIFT_ROSTER,SRC_SYNTH_FINANCE_RESOURCE_ENVELOPE,SRC_OPEN_RESPIRATORY_VIRUS_DASHBOARD,SRC_OPEN_AQHI_SMOKE_CONTEXT,SRC_OPEN_SCHOOL_HOLIDAY_CALENDAR,SRC_OPEN_STATCAN_PED_POPULATION",modelled,review
SITE_ACH_INSPIRED,Alberta Children's-inspired,mental_health,Mental health,23,2026-11-16,1436,1307,1608,78,162,0.707,"SRC_SYNTH_REFERRALS,SRC_SYNTH_REFERRAL_TRIAGE,SRC_SYNTH_WAITLIST_SNAPSHOTS,SRC_SYNTH_CLINIC_TEMPLATES,SRC_SYNTH_PROVIDER_AVAILABILITY,SRC_SYNTH_NO_SHOW_LATE_CANCEL,SRC_SYNTH_DIAGNOSTIC_READINESS,SRC_SYNTH_HR_SHIFT_ROSTER,SRC_SYNTH_FINANCE_RESOURCE_ENVELOPE,SRC_OPEN_RESPIRATORY_VIRUS_DASHBOARD,SRC_OPEN_AQHI_SMOKE_CONTEXT,SRC_OPEN_SCHOOL_HOLIDAY_CALENDAR,SRC_OPEN_STATCAN_PED_POPULATION",modelled,review
SITE_ACH_INSPIRED,Alberta Children's-inspired,mental_health,Mental health,24,2026-11-23,1459,1328,1634,79,163,0.707,"SRC_SYNTH_REFERRALS,SRC_SYNTH_REFERRAL_TRIAGE,SRC_SYNTH_WAITLIST_SNAPSHOTS,SRC_SYNTH_CLINIC_TEMPLATES,SRC_SYNTH_PROVIDER_AVAILABILITY,SRC_SYNTH_NO_SHOW_LATE_CANCEL,SRC_SYNTH_DIAGNOSTIC_READINESS,SRC_SYNTH_HR_SHIFT_ROSTER,SRC_SYNTH_FINANCE_RESOURCE_ENVELOPE,SRC_OPEN_RESPIRATORY_VIRUS_DASHBOARD,SRC_OPEN_AQHI_SMOKE_CONTEXT,SRC_OPEN_SCHOOL_HOLIDAY_CALENDAR,SRC_OPEN_STATCAN_PED_POPULATION",modelled,review
SITE_ACH_INSPIRED,Alberta Children's-inspired,mental_health,Mental health,25,2026-11-30,1485,1351,1663,80,163,0.707,"SRC_SYNTH_REFERRALS,SRC_SYNTH_REFERRAL_TRIAGE,SRC_SYNTH_WAITLIST_SNAPSHOTS,SRC_SYNTH_CLINIC_TEMPLATES,SRC_SYNTH_PROVIDER_AVAILABILITY,SRC_SYNTH_NO_SHOW_LATE_CANCEL,SRC_SYNTH_DIAGNOSTIC_READINESS,SRC_SYNTH_HR_SHIFT_ROSTER,SRC_SYNTH_FINANCE_RESOURCE_ENVELOPE,SRC_OPEN_RESPIRATORY_VIRUS_DASHBOARD,SRC_OPEN_AQHI_SMOKE_CONTEXT,SRC_OPEN_SCHOOL_HOLIDAY_CALENDAR,SRC_OPEN_STATCAN_PED_POPULATION",modelled,review
SITE_ACH_INSPIRED,Alberta Children's-inspired,mental_health,Mental health,26,2026-12-07,1513,1377,1695,81,164,0.707,"SRC_SYNTH_REFERRALS,SRC_SYNTH_REFERRAL_TRIAGE,SRC_SYNTH_WAITLIST_SNAPSHOTS,SRC_SYNTH_CLINIC_TEMPLATES,SRC_SYNTH_PROVIDER_AVAILABILITY,SRC_SYNTH_NO_SHOW_LATE_CANCEL,SRC_SYNTH_DIAGNOSTIC_READINESS,SRC_SYNTH_HR_SHIFT_ROSTER,SRC_SYNTH_FINANCE_RESOURCE_ENVELOPE,SRC_OPEN_RESPIRATORY_VIRUS_DASHBOARD,SRC_OPEN_AQHI_SMOKE_CONTEXT,SRC_OPEN_SCHOOL_HOLIDAY_CALENDAR,SRC_OPEN_STATCAN_PED_POPULATION",modelled,review
SITE_ACH_INSPIRED,Alberta Children's-inspired,diabetes_endocrinology,Diabetes/endocrinology,1,2026-06-15,944,859,1057,65,95,0.732,"SRC_SYNTH_REFERRALS,SRC_SYNTH_REFERRAL_TRIAGE,SRC_SYNTH_WAITLIST_SNAPSHOTS,SRC_SYNTH_CLINIC_TEMPLATES,SRC_SYNTH_PROVIDER_AVAILABILITY,SRC_SYNTH_NO_SHOW_LATE_CANCEL,SRC_SYNTH_DIAGNOSTIC_READINESS,SRC_SYNTH_HR_SHIFT_ROSTER,SRC_SYNTH_FINANCE_RESOURCE_ENVELOPE,SRC_OPEN_RESPIRATORY_VIRUS_DASHBOARD,SRC_OPEN_AQHI_SMOKE_CONTEXT,SRC_OPEN_SCHOOL_HOLIDAY_CALENDAR,SRC_OPEN_STATCAN_PED_POPULATION",modelled,ready
SITE_ACH_INSPIRED,Alberta Children's-inspired,diabetes_endocrinology,Diabetes/endocrinology,2,2026-06-22,950,864,1064,65,96,0.732,"SRC_SYNTH_REFERRALS,SRC_SYNTH_REFERRAL_TRIAGE,SRC_SYNTH_WAITLIST_SNAPSHOTS,SRC_SYNTH_CLINIC_TEMPLATES,SRC_SYNTH_PROVIDER_AVAILABILITY,SRC_SYNTH_NO_SHOW_LATE_CANCEL,SRC_SYNTH_DIAGNOSTIC_READINESS,SRC_SYNTH_HR_SHIFT_ROSTER,SRC_SYNTH_FINANCE_RESOURCE_ENVELOPE,SRC_OPEN_RESPIRATORY_VIRUS_DASHBOARD,SRC_OPEN_AQHI_SMOKE_CONTEXT,SRC_OPEN_SCHOOL_HOLIDAY_CALENDAR,SRC_OPEN_STATCAN_PED_POPULATION",modelled,ready
SITE_ACH_INSPIRED,Alberta Children's-inspired,diabetes_endocrinology,Diabetes/endocrinology,3,2026-06-29,953,867,1067,66,96,0.732,"SRC_SYNTH_REFERRALS,SRC_SYNTH_REFERRAL_TRIAGE,SRC_SYNTH_WAITLIST_SNAPSHOTS,SRC_SYNTH_CLINIC_TEMPLATES,SRC_SYNTH_PROVIDER_AVAILABILITY,SRC_SYNTH_NO_SHOW_LATE_CANCEL,SRC_SYNTH_DIAGNOSTIC_READINESS,SRC_SYNTH_HR_SHIFT_ROSTER,SRC_SYNTH_FINANCE_RESOURCE_ENVELOPE,SRC_OPEN_RESPIRATORY_VIRUS_DASHBOARD,SRC_OPEN_AQHI_SMOKE_CONTEXT,SRC_OPEN_SCHOOL_HOLIDAY_CALENDAR,SRC_OPEN_STATCAN_PED_POPULATION",modelled,ready
SITE_ACH_INSPIRED,Alberta Children's-inspired,diabetes_endocrinology,Diabetes/endocrinology,4,2026-07-06,954,868,1068,66,96,0.732,"SRC_SYNTH_REFERRALS,SRC_SYNTH_REFERRAL_TRIAGE,SRC_SYNTH_WAITLIST_SNAPSHOTS,SRC_SYNTH_CLINIC_TEMPLATES,SRC_SYNTH_PROVIDER_AVAILABILITY,SRC_SYNTH_NO_SHOW_LATE_CANCEL,SRC_SYNTH_DIAGNOSTIC_READINESS,SRC_SYNTH_HR_SHIFT_ROSTER,SRC_SYNTH_FINANCE_RESOURCE_ENVELOPE,SRC_OPEN_RESPIRATORY_VIRUS_DASHBOARD,SRC_OPEN_AQHI_SMOKE_CONTEXT,SRC_OPEN_SCHOOL_HOLIDAY_CALENDAR,SRC_OPEN_STATCAN_PED_POPULATION",modelled,ready
SITE_ACH_INSPIRED,Alberta Children's-inspired,diabetes_endocrinology,Diabetes/endocrinology,5,2026-07-13,952,866,1066,66,97,0.732,"SRC_SYNTH_REFERRALS,SRC_SYNTH_REFERRAL_TRIAGE,SRC_SYNTH_WAITLIST_SNAPSHOTS,SRC_SYNTH_CLINIC_TEMPLATES,SRC_SYNTH_PROVIDER_AVAILABILITY,SRC_SYNTH_NO_SHOW_LATE_CANCEL,SRC_SYNTH_DIAGNOSTIC_READINESS,SRC_SYNTH_HR_SHIFT_ROSTER,SRC_SYNTH_FINANCE_RESOURCE_ENVELOPE,SRC_OPEN_RESPIRATORY_VIRUS_DASHBOARD,SRC_OPEN_AQHI_SMOKE_CONTEXT,SRC_OPEN_SCHOOL_HOLIDAY_CALENDAR,SRC_OPEN_STATCAN_PED_POPULATION",modelled,ready
SITE_ACH_INSPIRED,Alberta Children's-inspired,diabetes_endocrinology,Diabetes/endocrinology,6,2026-07-20,949,864,1063,66,97,0.732,"SRC_SYNTH_REFERRALS,SRC_SYNTH_REFERRAL_TRIAGE,SRC_SYNTH_WAITLIST_SNAPSHOTS,SRC_SYNTH_CLINIC_TEMPLATES,SRC_SYNTH_PROVIDER_AVAILABILITY,SRC_SYNTH_NO_SHOW_LATE_CANCEL,SRC_SYNTH_DIAGNOSTIC_READINESS,SRC_SYNTH_HR_SHIFT_ROSTER,SRC_SYNTH_FINANCE_RESOURCE_ENVELOPE,SRC_OPEN_RESPIRATORY_VIRUS_DASHBOARD,SRC_OPEN_AQHI_SMOKE_CONTEXT,SRC_OPEN_SCHOOL_HOLIDAY_CALENDAR,SRC_OPEN_STATCAN_PED_POPULATION",modelled,ready
SITE_ACH_INSPIRED,Alberta Children's-inspired,diabetes_endocrinology,Diabetes/endocrinology,7,2026-07-27,943,858,1056,66,98,0.732,"SRC_SYNTH_REFERRALS,SRC_SYNTH_REFERRAL_TRIAGE,SRC_SYNTH_WAITLIST_SNAPSHOTS,SRC_SYNTH_CLINIC_TEMPLATES,SRC_SYNTH_PROVIDER_AVAILABILITY,SRC_SYNTH_NO_SHOW_LATE_CANCEL,SRC_SYNTH_DIAGNOSTIC_READINESS,SRC_SYNTH_HR_SHIFT_ROSTER,SRC_SYNTH_FINANCE_RESOURCE_ENVELOPE,SRC_OPEN_RESPIRATORY_VIRUS_DASHBOARD,SRC_OPEN_AQHI_SMOKE_CONTEXT,SRC_OPEN_SCHOOL_HOLIDAY_CALENDAR,SRC_OPEN_STATCAN_PED_POPULATION",modelled,ready
SITE_ACH_INSPIRED,Alberta Children's-inspired,diabetes_endocrinology,Diabetes/endocrinology,8,2026-08-03,937,853,1049,66,98,0.732,"SRC_SYNTH_REFERRALS,SRC_SYNTH_REFERRAL_TRIAGE,SRC_SYNTH_WAITLIST_SNAPSHOTS,SRC_SYNTH_CLINIC_TEMPLATES,SRC_SYNTH_PROVIDER_AVAILABILITY,SRC_SYNTH_NO_SHOW_LATE_CANCEL,SRC_SYNTH_DIAGNOSTIC_READINESS,SRC_SYNTH_HR_SHIFT_ROSTER,SRC_SYNTH_FINANCE_RESOURCE_ENVELOPE,SRC_OPEN_RESPIRATORY_VIRUS_DASHBOARD,SRC_OPEN_AQHI_SMOKE_CONTEXT,SRC_OPEN_SCHOOL_HOLIDAY_CALENDAR,SRC_OPEN_STATCAN_PED_POPULATION",modelled,ready
SITE_ACH_INSPIRED,Alberta Children's-inspired,diabetes_endocrinology,Diabetes/endocrinology,9,2026-08-10,929,845,1040,66,98,0.732,"SRC_SYNTH_REFERRALS,SRC_SYNTH_REFERRAL_TRIAGE,SRC_SYNTH_WAITLIST_SNAPSHOTS,SRC_SYNTH_CLINIC_TEMPLATES,SRC_SYNTH_PROVIDER_AVAILABILITY,SRC_SYNTH_NO_SHOW_LATE_CANCEL,SRC_SYNTH_DIAGNOSTIC_READINESS,SRC_SYNTH_HR_SHIFT_ROSTER,SRC_SYNTH_FINANCE_RESOURCE_ENVELOPE,SRC_OPEN_RESPIRATORY_VIRUS_DASHBOARD,SRC_OPEN_AQHI_SMOKE_CONTEXT,SRC_OPEN_SCHOOL_HOLIDAY_CALENDAR,SRC_OPEN_STATCAN_PED_POPULATION",modelled,ready
SITE_ACH_INSPIRED,Alberta Children's-inspired,diabetes_endocrinology,Diabetes/endocrinology,10,2026-08-17,921,838,1032,66,99,0.732,"SRC_SYNTH_REFERRALS,SRC_SYNTH_REFERRAL_TRIAGE,SRC_SYNTH_WAITLIST_SNAPSHOTS,SRC_SYNTH_CLINIC_TEMPLATES,SRC_SYNTH_PROVIDER_AVAILABILITY,SRC_SYNTH_NO_SHOW_LATE_CANCEL,SRC_SYNTH_DIAGNOSTIC_READINESS,SRC_SYNTH_HR_SHIFT_ROSTER,SRC_SYNTH_FINANCE_RESOURCE_ENVELOPE,SRC_OPEN_RESPIRATORY_VIRUS_DASHBOARD,SRC_OPEN_AQHI_SMOKE_CONTEXT,SRC_OPEN_SCHOOL_HOLIDAY_CALENDAR,SRC_OPEN_STATCAN_PED_POPULATION",modelled,ready
SITE_ACH_INSPIRED,Alberta Children's-inspired,diabetes_endocrinology,Diabetes/endocrinology,11,2026-08-24,912,830,1021,66,99,0.732,"SRC_SYNTH_REFERRALS,SRC_SYNTH_REFERRAL_TRIAGE,SRC_SYNTH_WAITLIST_SNAPSHOTS,SRC_SYNTH_CLINIC_TEMPLATES,SRC_SYNTH_PROVIDER_AVAILABILITY,SRC_SYNTH_NO_SHOW_LATE_CANCEL,SRC_SYNTH_DIAGNOSTIC_READINESS,SRC_SYNTH_HR_SHIFT_ROSTER,SRC_SYNTH_FINANCE_RESOURCE_ENVELOPE,SRC_OPEN_RESPIRATORY_VIRUS_DASHBOARD,SRC_OPEN_AQHI_SMOKE_CONTEXT,SRC_OPEN_SCHOOL_HOLIDAY_CALENDAR,SRC_OPEN_STATCAN_PED_POPULATION",modelled,ready
SITE_ACH_INSPIRED,Alberta Children's-inspired,diabetes_endocrinology,Diabetes/endocrinology,12,2026-08-31,904,823,1012,66,99,0.732,"SRC_SYNTH_REFERRALS,SRC_SYNTH_REFERRAL_TRIAGE,SRC_SYNTH_WAITLIST_SNAPSHOTS,SRC_SYNTH_CLINIC_TEMPLATES,SRC_SYNTH_PROVIDER_AVAILABILITY,SRC_SYNTH_NO_SHOW_LATE_CANCEL,SRC_SYNTH_DIAGNOSTIC_READINESS,SRC_SYNTH_HR_SHIFT_ROSTER,SRC_SYNTH_FINANCE_RESOURCE_ENVELOPE,SRC_OPEN_RESPIRATORY_VIRUS_DASHBOARD,SRC_OPEN_AQHI_SMOKE_CONTEXT,SRC_OPEN_SCHOOL_HOLIDAY_CALENDAR,SRC_OPEN_STATCAN_PED_POPULATION",modelled,ready
SITE_ACH_INSPIRED,Alberta Children's-inspired,diabetes_endocrinology,Diabetes/endocrinology,13,2026-09-07,897,816,1005,67,100,0.732,"SRC_SYNTH_REFERRALS,SRC_SYNTH_REFERRAL_TRIAGE,SRC_SYNTH_WAITLIST_SNAPSHOTS,SRC_SYNTH_CLINIC_TEMPLATES,SRC_SYNTH_PROVIDER_AVAILABILITY,SRC_SYNTH_NO_SHOW_LATE_CANCEL,SRC_SYNTH_DIAGNOSTIC_READINESS,SRC_SYNTH_HR_SHIFT_ROSTER,SRC_SYNTH_FINANCE_RESOURCE_ENVELOPE,SRC_OPEN_RESPIRATORY_VIRUS_DASHBOARD,SRC_OPEN_AQHI_SMOKE_CONTEXT,SRC_OPEN_SCHOOL_HOLIDAY_CALENDAR,SRC_OPEN_STATCAN_PED_POPULATION",modelled,ready
SITE_ACH_INSPIRED,Alberta Children's-inspired,diabetes_endocrinology,Diabetes/endocrinology,14,2026-09-14,891,811,998,67,100,0.732,"SRC_SYNTH_REFERRALS,SRC_SYNTH_REFERRAL_TRIAGE,SRC_SYNTH_WAITLIST_SNAPSHOTS,SRC_SYNTH_CLINIC_TEMPLATES,SRC_SYNTH_PROVIDER_AVAILABILITY,SRC_SYNTH_NO_SHOW_LATE_CANCEL,SRC_SYNTH_DIAGNOSTIC_READINESS,SRC_SYNTH_HR_SHIFT_ROSTER,SRC_SYNTH_FINANCE_RESOURCE_ENVELOPE,SRC_OPEN_RESPIRATORY_VIRUS_DASHBOARD,SRC_OPEN_AQHI_SMOKE_CONTEXT,SRC_OPEN_SCHOOL_HOLIDAY_CALENDAR,SRC_OPEN_STATCAN_PED_POPULATION",modelled,ready
SITE_ACH_INSPIRED,Alberta Children's-inspired,diabetes_endocrinology,Diabetes/endocrinology,15,2026-09-21,886,806,992,67,100,0.732,"SRC_SYNTH_REFERRALS,SRC_SYNTH_REFERRAL_TRIAGE,SRC_SYNTH_WAITLIST_SNAPSHOTS,SRC_SYNTH_CLINIC_TEMPLATES,SRC_SYNTH_PROVIDER_AVAILABILITY,SRC_SYNTH_NO_SHOW_LATE_CANCEL,SRC_SYNTH_DIAGNOSTIC_READINESS,SRC_SYNTH_HR_SHIFT_ROSTER,SRC_SYNTH_FINANCE_RESOURCE_ENVELOPE,SRC_OPEN_RESPIRATORY_VIRUS_DASHBOARD,SRC_OPEN_AQHI_SMOKE_CONTEXT,SRC_OPEN_SCHOOL_HOLIDAY_CALENDAR,SRC_OPEN_STATCAN_PED_POPULATION",modelled,ready
SITE_ACH_INSPIRED,Alberta Children's-inspired,diabetes_endocrinology,Diabetes/endocrinology,16,2026-09-28,884,804,990,67,101,0.732,"SRC_SYNTH_REFERRALS,SRC_SYNTH_REFERRAL_TRIAGE,SRC_SYNTH_WAITLIST_SNAPSHOTS,SRC_SYNTH_CLINIC_TEMPLATES,SRC_SYNTH_PROVIDER_AVAILABILITY,SRC_SYNTH_NO_SHOW_LATE_CANCEL,SRC_SYNTH_DIAGNOSTIC_READINESS,SRC_SYNTH_HR_SHIFT_ROSTER,SRC_SYNTH_FINANCE_RESOURCE_ENVELOPE,SRC_OPEN_RESPIRATORY_VIRUS_DASHBOARD,SRC_OPEN_AQHI_SMOKE_CONTEXT,SRC_OPEN_SCHOOL_HOLIDAY_CALENDAR,SRC_OPEN_STATCAN_PED_POPULATION",modelled,ready
SITE_ACH_INSPIRED,Alberta Children's-inspired,diabetes_endocrinology,Diabetes/endocrinology,17,2026-10-05,884,804,990,67,101,0.732,"SRC_SYNTH_REFERRALS,SRC_SYNTH_REFERRAL_TRIAGE,SRC_SYNTH_WAITLIST_SNAPSHOTS,SRC_SYNTH_CLINIC_TEMPLATES,SRC_SYNTH_PROVIDER_AVAILABILITY,SRC_SYNTH_NO_SHOW_LATE_CANCEL,SRC_SYNTH_DIAGNOSTIC_READINESS,SRC_SYNTH_HR_SHIFT_ROSTER,SRC_SYNTH_FINANCE_RESOURCE_ENVELOPE,SRC_OPEN_RESPIRATORY_VIRUS_DASHBOARD,SRC_OPEN_AQHI_SMOKE_CONTEXT,SRC_OPEN_SCHOOL_HOLIDAY_CALENDAR,SRC_OPEN_STATCAN_PED_POPULATION",modelled,ready
SITE_ACH_INSPIRED,Alberta Children's-inspired,diabetes_endocrinology,Diabetes/endocrinology,18,2026-10-12,886,806,992,68,101,0.732,"SRC_SYNTH_REFERRALS,SRC_SYNTH_REFERRAL_TRIAGE,SRC_SYNTH_WAITLIST_SNAPSHOTS,SRC_SYNTH_CLINIC_TEMPLATES,SRC_SYNTH_PROVIDER_AVAILABILITY,SRC_SYNTH_NO_SHOW_LATE_CANCEL,SRC_SYNTH_DIAGNOSTIC_READINESS,SRC_SYNTH_HR_SHIFT_ROSTER,SRC_SYNTH_FINANCE_RESOURCE_ENVELOPE,SRC_OPEN_RESPIRATORY_VIRUS_DASHBOARD,SRC_OPEN_AQHI_SMOKE_CONTEXT,SRC_OPEN_SCHOOL_HOLIDAY_CALENDAR,SRC_OPEN_STATCAN_PED_POPULATION",modelled,ready
SITE_ACH_INSPIRED,Alberta Children's-inspired,diabetes_endocrinology,Diabetes/endocrinology,19,2026-10-19,891,811,998,68,102,0.732,"SRC_SYNTH_REFERRALS,SRC_SYNTH_REFERRAL_TRIAGE,SRC_SYNTH_WAITLIST_SNAPSHOTS,SRC_SYNTH_CLINIC_TEMPLATES,SRC_SYNTH_PROVIDER_AVAILABILITY,SRC_SYNTH_NO_SHOW_LATE_CANCEL,SRC_SYNTH_DIAGNOSTIC_READINESS,SRC_SYNTH_HR_SHIFT_ROSTER,SRC_SYNTH_FINANCE_RESOURCE_ENVELOPE,SRC_OPEN_RESPIRATORY_VIRUS_DASHBOARD,SRC_OPEN_AQHI_SMOKE_CONTEXT,SRC_OPEN_SCHOOL_HOLIDAY_CALENDAR,SRC_OPEN_STATCAN_PED_POPULATION",modelled,ready
SITE_ACH_INSPIRED,Alberta Children's-inspired,diabetes_endocrinology,Diabetes/endocrinology,20,2026-10-26,898,817,1006,69,102,0.732,"SRC_SYNTH_REFERRALS,SRC_SYNTH_REFERRAL_TRIAGE,SRC_SYNTH_WAITLIST_SNAPSHOTS,SRC_SYNTH_CLINIC_TEMPLATES,SRC_SYNTH_PROVIDER_AVAILABILITY,SRC_SYNTH_NO_SHOW_LATE_CANCEL,SRC_SYNTH_DIAGNOSTIC_READINESS,SRC_SYNTH_HR_SHIFT_ROSTER,SRC_SYNTH_FINANCE_RESOURCE_ENVELOPE,SRC_OPEN_RESPIRATORY_VIRUS_DASHBOARD,SRC_OPEN_AQHI_SMOKE_CONTEXT,SRC_OPEN_SCHOOL_HOLIDAY_CALENDAR,SRC_OPEN_STATCAN_PED_POPULATION",modelled,ready
SITE_ACH_INSPIRED,Alberta Children's-inspired,diabetes_endocrinology,Diabetes/endocrinology,21,2026-11-02,909,827,1018,69,103,0.732,"SRC_SYNTH_REFERRALS,SRC_SYNTH_REFERRAL_TRIAGE,SRC_SYNTH_WAITLIST_SNAPSHOTS,SRC_SYNTH_CLINIC_TEMPLATES,SRC_SYNTH_PROVIDER_AVAILABILITY,SRC_SYNTH_NO_SHOW_LATE_CANCEL,SRC_SYNTH_DIAGNOSTIC_READINESS,SRC_SYNTH_HR_SHIFT_ROSTER,SRC_SYNTH_FINANCE_RESOURCE_ENVELOPE,SRC_OPEN_RESPIRATORY_VIRUS_DASHBOARD,SRC_OPEN_AQHI_SMOKE_CONTEXT,SRC_OPEN_SCHOOL_HOLIDAY_CALENDAR,SRC_OPEN_STATCAN_PED_POPULATION",modelled,ready
SITE_ACH_INSPIRED,Alberta Children's-inspired,diabetes_endocrinology,Diabetes/endocrinology,22,2026-11-09,921,838,1032,70,103,0.732,"SRC_SYNTH_REFERRALS,SRC_SYNTH_REFERRAL_TRIAGE,SRC_SYNTH_WAITLIST_SNAPSHOTS,SRC_SYNTH_CLINIC_TEMPLATES,SRC_SYNTH_PROVIDER_AVAILABILITY,SRC_SYNTH_NO_SHOW_LATE_CANCEL,SRC_SYNTH_DIAGNOSTIC_READINESS,SRC_SYNTH_HR_SHIFT_ROSTER,SRC_SYNTH_FINANCE_RESOURCE_ENVELOPE,SRC_OPEN_RESPIRATORY_VIRUS_DASHBOARD,SRC_OPEN_AQHI_SMOKE_CONTEXT,SRC_OPEN_SCHOOL_HOLIDAY_CALENDAR,SRC_OPEN_STATCAN_PED_POPULATION",modelled,ready
SITE_ACH_INSPIRED,Alberta Children's-inspired,diabetes_endocrinology,Diabetes/endocrinology,23,2026-11-16,936,852,1048,71,103,0.732,"SRC_SYNTH_REFERRALS,SRC_SYNTH_REFERRAL_TRIAGE,SRC_SYNTH_WAITLIST_SNAPSHOTS,SRC_SYNTH_CLINIC_TEMPLATES,SRC_SYNTH_PROVIDER_AVAILABILITY,SRC_SYNTH_NO_SHOW_LATE_CANCEL,SRC_SYNTH_DIAGNOSTIC_READINESS,SRC_SYNTH_HR_SHIFT_ROSTER,SRC_SYNTH_FINANCE_RESOURCE_ENVELOPE,SRC_OPEN_RESPIRATORY_VIRUS_DASHBOARD,SRC_OPEN_AQHI_SMOKE_CONTEXT,SRC_OPEN_SCHOOL_HOLIDAY_CALENDAR,SRC_OPEN_STATCAN_PED_POPULATION",modelled,ready
SITE_ACH_INSPIRED,Alberta Children's-inspired,diabetes_endocrinology,Diabetes/endocrinology,24,2026-11-23,953,867,1067,72,104,0.732,"SRC_SYNTH_REFERRALS,SRC_SYNTH_REFERRAL_TRIAGE,SRC_SYNTH_WAITLIST_SNAPSHOTS,SRC_SYNTH_CLINIC_TEMPLATES,SRC_SYNTH_PROVIDER_AVAILABILITY,SRC_SYNTH_NO_SHOW_LATE_CANCEL,SRC_SYNTH_DIAGNOSTIC_READINESS,SRC_SYNTH_HR_SHIFT_ROSTER,SRC_SYNTH_FINANCE_RESOURCE_ENVELOPE,SRC_OPEN_RESPIRATORY_VIRUS_DASHBOARD,SRC_OPEN_AQHI_SMOKE_CONTEXT,SRC_OPEN_SCHOOL_HOLIDAY_CALENDAR,SRC_OPEN_STATCAN_PED_POPULATION",modelled,ready
SITE_ACH_INSPIRED,Alberta Children's-inspired,diabetes_endocrinology,Diabetes/endocrinology,25,2026-11-30,971,884,1088,72,104,0.732,"SRC_SYNTH_REFERRALS,SRC_SYNTH_REFERRAL_TRIAGE,SRC_SYNTH_WAITLIST_SNAPSHOTS,SRC_SYNTH_CLINIC_TEMPLATES,SRC_SYNTH_PROVIDER_AVAILABILITY,SRC_SYNTH_NO_SHOW_LATE_CANCEL,SRC_SYNTH_DIAGNOSTIC_READINESS,SRC_SYNTH_HR_SHIFT_ROSTER,SRC_SYNTH_FINANCE_RESOURCE_ENVELOPE,SRC_OPEN_RESPIRATORY_VIRUS_DASHBOARD,SRC_OPEN_AQHI_SMOKE_CONTEXT,SRC_OPEN_SCHOOL_HOLIDAY_CALENDAR,SRC_OPEN_STATCAN_PED_POPULATION",modelled,ready
SITE_ACH_INSPIRED,Alberta Children's-inspired,diabetes_endocrinology,Diabetes/endocrinology,26,2026-12-07,990,901,1109,73,104,0.732,"SRC_SYNTH_REFERRALS,SRC_SYNTH_REFERRAL_TRIAGE,SRC_SYNTH_WAITLIST_SNAPSHOTS,SRC_SYNTH_CLINIC_TEMPLATES,SRC_SYNTH_PROVIDER_AVAILABILITY,SRC_SYNTH_NO_SHOW_LATE_CANCEL,SRC_SYNTH_DIAGNOSTIC_READINESS,SRC_SYNTH_HR_SHIFT_ROSTER,SRC_SYNTH_FINANCE_RESOURCE_ENVELOPE,SRC_OPEN_RESPIRATORY_VIRUS_DASHBOARD,SRC_OPEN_AQHI_SMOKE_CONTEXT,SRC_OPEN_SCHOOL_HOLIDAY_CALENDAR,SRC_OPEN_STATCAN_PED_POPULATION",modelled,ready
SITE_ACH_INSPIRED,Alberta Children's-inspired,gastroenterology,Gastroenterology,1,2026-06-15,793,722,888,63,81,0.74,"SRC_SYNTH_REFERRALS,SRC_SYNTH_REFERRAL_TRIAGE,SRC_SYNTH_WAITLIST_SNAPSHOTS,SRC_SYNTH_CLINIC_TEMPLATES,SRC_SYNTH_PROVIDER_AVAILABILITY,SRC_SYNTH_NO_SHOW_LATE_CANCEL,SRC_SYNTH_DIAGNOSTIC_READINESS,SRC_SYNTH_HR_SHIFT_ROSTER,SRC_SYNTH_FINANCE_RESOURCE_ENVELOPE,SRC_OPEN_RESPIRATORY_VIRUS_DASHBOARD,SRC_OPEN_AQHI_SMOKE_CONTEXT,SRC_OPEN_SCHOOL_HOLIDAY_CALENDAR,SRC_OPEN_STATCAN_PED_POPULATION",modelled,ready
SITE_ACH_INSPIRED,Alberta Children's-inspired,gastroenterology,Gastroenterology,2,2026-06-22,796,724,892,63,82,0.74,"SRC_SYNTH_REFERRALS,SRC_SYNTH_REFERRAL_TRIAGE,SRC_SYNTH_WAITLIST_SNAPSHOTS,SRC_SYNTH_CLINIC_TEMPLATES,SRC_SYNTH_PROVIDER_AVAILABILITY,SRC_SYNTH_NO_SHOW_LATE_CANCEL,SRC_SYNTH_DIAGNOSTIC_READINESS,SRC_SYNTH_HR_SHIFT_ROSTER,SRC_SYNTH_FINANCE_RESOURCE_ENVELOPE,SRC_OPEN_RESPIRATORY_VIRUS_DASHBOARD,SRC_OPEN_AQHI_SMOKE_CONTEXT,SRC_OPEN_SCHOOL_HOLIDAY_CALENDAR,SRC_OPEN_STATCAN_PED_POPULATION",modelled,ready
SITE_ACH_INSPIRED,Alberta Children's-inspired,gastroenterology,Gastroenterology,3,2026-06-29,796,724,892,63,82,0.74,"SRC_SYNTH_REFERRALS,SRC_SYNTH_REFERRAL_TRIAGE,SRC_SYNTH_WAITLIST_SNAPSHOTS,SRC_SYNTH_CLINIC_TEMPLATES,SRC_SYNTH_PROVIDER_AVAILABILITY,SRC_SYNTH_NO_SHOW_LATE_CANCEL,SRC_SYNTH_DIAGNOSTIC_READINESS,SRC_SYNTH_HR_SHIFT_ROSTER,SRC_SYNTH_FINANCE_RESOURCE_ENVELOPE,SRC_OPEN_RESPIRATORY_VIRUS_DASHBOARD,SRC_OPEN_AQHI_SMOKE_CONTEXT,SRC_OPEN_SCHOOL_HOLIDAY_CALENDAR,SRC_OPEN_STATCAN_PED_POPULATION",modelled,ready
SITE_ACH_INSPIRED,Alberta Children's-inspired,gastroenterology,Gastroenterology,4,2026-07-06,795,723,890,64,82,0.74,"SRC_SYNTH_REFERRALS,SRC_SYNTH_REFERRAL_TRIAGE,SRC_SYNTH_WAITLIST_SNAPSHOTS,SRC_SYNTH_CLINIC_TEMPLATES,SRC_SYNTH_PROVIDER_AVAILABILITY,SRC_SYNTH_NO_SHOW_LATE_CANCEL,SRC_SYNTH_DIAGNOSTIC_READINESS,SRC_SYNTH_HR_SHIFT_ROSTER,SRC_SYNTH_FINANCE_RESOURCE_ENVELOPE,SRC_OPEN_RESPIRATORY_VIRUS_DASHBOARD,SRC_OPEN_AQHI_SMOKE_CONTEXT,SRC_OPEN_SCHOOL_HOLIDAY_CALENDAR,SRC_OPEN_STATCAN_PED_POPULATION",modelled,ready
SITE_ACH_INSPIRED,Alberta Children's-inspired,gastroenterology,Gastroenterology,5,2026-07-13,792,721,887,64,83,0.74,"SRC_SYNTH_REFERRALS,SRC_SYNTH_REFERRAL_TRIAGE,SRC_SYNTH_WAITLIST_SNAPSHOTS,SRC_SYNTH_CLINIC_TEMPLATES,SRC_SYNTH_PROVIDER_AVAILABILITY,SRC_SYNTH_NO_SHOW_LATE_CANCEL,SRC_SYNTH_DIAGNOSTIC_READINESS,SRC_SYNTH_HR_SHIFT_ROSTER,SRC_SYNTH_FINANCE_RESOURCE_ENVELOPE,SRC_OPEN_RESPIRATORY_VIRUS_DASHBOARD,SRC_OPEN_AQHI_SMOKE_CONTEXT,SRC_OPEN_SCHOOL_HOLIDAY_CALENDAR,SRC_OPEN_STATCAN_PED_POPULATION",modelled,ready
SITE_ACH_INSPIRED,Alberta Children's-inspired,gastroenterology,Gastroenterology,6,2026-07-20,788,717,883,64,83,0.74,"SRC_SYNTH_REFERRALS,SRC_SYNTH_REFERRAL_TRIAGE,SRC_SYNTH_WAITLIST_SNAPSHOTS,SRC_SYNTH_CLINIC_TEMPLATES,SRC_SYNTH_PROVIDER_AVAILABILITY,SRC_SYNTH_NO_SHOW_LATE_CANCEL,SRC_SYNTH_DIAGNOSTIC_READINESS,SRC_SYNTH_HR_SHIFT_ROSTER,SRC_SYNTH_FINANCE_RESOURCE_ENVELOPE,SRC_OPEN_RESPIRATORY_VIRUS_DASHBOARD,SRC_OPEN_AQHI_SMOKE_CONTEXT,SRC_OPEN_SCHOOL_HOLIDAY_CALENDAR,SRC_OPEN_STATCAN_PED_POPULATION",modelled,ready
SITE_ACH_INSPIRED,Alberta Children's-inspired,gastroenterology,Gastroenterology,7,2026-07-27,782,712,876,64,83,0.74,"SRC_SYNTH_REFERRALS,SRC_SYNTH_REFERRAL_TRIAGE,SRC_SYNTH_WAITLIST_SNAPSHOTS,SRC_SYNTH_CLINIC_TEMPLATES,SRC_SYNTH_PROVIDER_AVAILABILITY,SRC_SYNTH_NO_SHOW_LATE_CANCEL,SRC_SYNTH_DIAGNOSTIC_READINESS,SRC_SYNTH_HR_SHIFT_ROSTER,SRC_SYNTH_FINANCE_RESOURCE_ENVELOPE,SRC_OPEN_RESPIRATORY_VIRUS_DASHBOARD,SRC_OPEN_AQHI_SMOKE_CONTEXT,SRC_OPEN_SCHOOL_HOLIDAY_CALENDAR,SRC_OPEN_STATCAN_PED_POPULATION",modelled,ready
SITE_ACH_INSPIRED,Alberta Children's-inspired,gastroenterology,Gastroenterology,8,2026-08-03,776,706,869,64,84,0.74,"SRC_SYNTH_REFERRALS,SRC_SYNTH_REFERRAL_TRIAGE,SRC_SYNTH_WAITLIST_SNAPSHOTS,SRC_SYNTH_CLINIC_TEMPLATES,SRC_SYNTH_PROVIDER_AVAILABILITY,SRC_SYNTH_NO_SHOW_LATE_CANCEL,SRC_SYNTH_DIAGNOSTIC_READINESS,SRC_SYNTH_HR_SHIFT_ROSTER,SRC_SYNTH_FINANCE_RESOURCE_ENVELOPE,SRC_OPEN_RESPIRATORY_VIRUS_DASHBOARD,SRC_OPEN_AQHI_SMOKE_CONTEXT,SRC_OPEN_SCHOOL_HOLIDAY_CALENDAR,SRC_OPEN_STATCAN_PED_POPULATION",modelled,ready
SITE_ACH_INSPIRED,Alberta Children's-inspired,gastroenterology,Gastroenterology,9,2026-08-10,769,700,861,64,84,0.74,"SRC_SYNTH_REFERRALS,SRC_SYNTH_REFERRAL_TRIAGE,SRC_SYNTH_WAITLIST_SNAPSHOTS,SRC_SYNTH_CLINIC_TEMPLATES,SRC_SYNTH_PROVIDER_AVAILABILITY,SRC_SYNTH_NO_SHOW_LATE_CANCEL,SRC_SYNTH_DIAGNOSTIC_READINESS,SRC_SYNTH_HR_SHIFT_ROSTER,SRC_SYNTH_FINANCE_RESOURCE_ENVELOPE,SRC_OPEN_RESPIRATORY_VIRUS_DASHBOARD,SRC_OPEN_AQHI_SMOKE_CONTEXT,SRC_OPEN_SCHOOL_HOLIDAY_CALENDAR,SRC_OPEN_STATCAN_PED_POPULATION",modelled,ready
SITE_ACH_INSPIRED,Alberta Children's-inspired,gastroenterology,Gastroenterology,10,2026-08-17,762,693,853,64,85,0.74,"SRC_SYNTH_REFERRALS,SRC_SYNTH_REFERRAL_TRIAGE,SRC_SYNTH_WAITLIST_SNAPSHOTS,SRC_SYNTH_CLINIC_TEMPLATES,SRC_SYNTH_PROVIDER_AVAILABILITY,SRC_SYNTH_NO_SHOW_LATE_CANCEL,SRC_SYNTH_DIAGNOSTIC_READINESS,SRC_SYNTH_HR_SHIFT_ROSTER,SRC_SYNTH_FINANCE_RESOURCE_ENVELOPE,SRC_OPEN_RESPIRATORY_VIRUS_DASHBOARD,SRC_OPEN_AQHI_SMOKE_CONTEXT,SRC_OPEN_SCHOOL_HOLIDAY_CALENDAR,SRC_OPEN_STATCAN_PED_POPULATION",modelled,ready
SITE_ACH_INSPIRED,Alberta Children's-inspired,gastroenterology,Gastroenterology,11,2026-08-24,755,687,846,64,85,0.74,"SRC_SYNTH_REFERRALS,SRC_SYNTH_REFERRAL_TRIAGE,SRC_SYNTH_WAITLIST_SNAPSHOTS,SRC_SYNTH_CLINIC_TEMPLATES,SRC_SYNTH_PROVIDER_AVAILABILITY,SRC_SYNTH_NO_SHOW_LATE_CANCEL,SRC_SYNTH_DIAGNOSTIC_READINESS,SRC_SYNTH_HR_SHIFT_ROSTER,SRC_SYNTH_FINANCE_RESOURCE_ENVELOPE,SRC_OPEN_RESPIRATORY_VIRUS_DASHBOARD,SRC_OPEN_AQHI_SMOKE_CONTEXT,SRC_OPEN_SCHOOL_HOLIDAY_CALENDAR,SRC_OPEN_STATCAN_PED_POPULATION",modelled,ready
SITE_ACH_INSPIRED,Alberta Children's-inspired,gastroenterology,Gastroenterology,12,2026-08-31,749,682,839,64,85,0.74,"SRC_SYNTH_REFERRALS,SRC_SYNTH_REFERRAL_TRIAGE,SRC_SYNTH_WAITLIST_SNAPSHOTS,SRC_SYNTH_CLINIC_TEMPLATES,SRC_SYNTH_PROVIDER_AVAILABILITY,SRC_SYNTH_NO_SHOW_LATE_CANCEL,SRC_SYNTH_DIAGNOSTIC_READINESS,SRC_SYNTH_HR_SHIFT_ROSTER,SRC_SYNTH_FINANCE_RESOURCE_ENVELOPE,SRC_OPEN_RESPIRATORY_VIRUS_DASHBOARD,SRC_OPEN_AQHI_SMOKE_CONTEXT,SRC_OPEN_SCHOOL_HOLIDAY_CALENDAR,SRC_OPEN_STATCAN_PED_POPULATION",modelled,ready
SITE_ACH_INSPIRED,Alberta Children's-inspired,gastroenterology,Gastroenterology,13,2026-09-07,744,677,833,64,86,0.74,"SRC_SYNTH_REFERRALS,SRC_SYNTH_REFERRAL_TRIAGE,SRC_SYNTH_WAITLIST_SNAPSHOTS,SRC_SYNTH_CLINIC_TEMPLATES,SRC_SYNTH_PROVIDER_AVAILABILITY,SRC_SYNTH_NO_SHOW_LATE_CANCEL,SRC_SYNTH_DIAGNOSTIC_READINESS,SRC_SYNTH_HR_SHIFT_ROSTER,SRC_SYNTH_FINANCE_RESOURCE_ENVELOPE,SRC_OPEN_RESPIRATORY_VIRUS_DASHBOARD,SRC_OPEN_AQHI_SMOKE_CONTEXT,SRC_OPEN_SCHOOL_HOLIDAY_CALENDAR,SRC_OPEN_STATCAN_PED_POPULATION",modelled,ready
SITE_ACH_INSPIRED,Alberta Children's-inspired,gastroenterology,Gastroenterology,14,2026-09-14,740,673,829,64,86,0.74,"SRC_SYNTH_REFERRALS,SRC_SYNTH_REFERRAL_TRIAGE,SRC_SYNTH_WAITLIST_SNAPSHOTS,SRC_SYNTH_CLINIC_TEMPLATES,SRC_SYNTH_PROVIDER_AVAILABILITY,SRC_SYNTH_NO_SHOW_LATE_CANCEL,SRC_SYNTH_DIAGNOSTIC_READINESS,SRC_SYNTH_HR_SHIFT_ROSTER,SRC_SYNTH_FINANCE_RESOURCE_ENVELOPE,SRC_OPEN_RESPIRATORY_VIRUS_DASHBOARD,SRC_OPEN_AQHI_SMOKE_CONTEXT,SRC_OPEN_SCHOOL_HOLIDAY_CALENDAR,SRC_OPEN_STATCAN_PED_POPULATION",modelled,ready
SITE_ACH_INSPIRED,Alberta Children's-inspired,gastroenterology,Gastroenterology,15,2026-09-21,738,672,827,65,86,0.74,"SRC_SYNTH_REFERRALS,SRC_SYNTH_REFERRAL_TRIAGE,SRC_SYNTH_WAITLIST_SNAPSHOTS,SRC_SYNTH_CLINIC_TEMPLATES,SRC_SYNTH_PROVIDER_AVAILABILITY,SRC_SYNTH_NO_SHOW_LATE_CANCEL,SRC_SYNTH_DIAGNOSTIC_READINESS,SRC_SYNTH_HR_SHIFT_ROSTER,SRC_SYNTH_FINANCE_RESOURCE_ENVELOPE,SRC_OPEN_RESPIRATORY_VIRUS_DASHBOARD,SRC_OPEN_AQHI_SMOKE_CONTEXT,SRC_OPEN_SCHOOL_HOLIDAY_CALENDAR,SRC_OPEN_STATCAN_PED_POPULATION",modelled,ready
SITE_ACH_INSPIRED,Alberta Children's-inspired,gastroenterology,Gastroenterology,16,2026-09-28,738,672,827,65,87,0.74,"SRC_SYNTH_REFERRALS,SRC_SYNTH_REFERRAL_TRIAGE,SRC_SYNTH_WAITLIST_SNAPSHOTS,SRC_SYNTH_CLINIC_TEMPLATES,SRC_SYNTH_PROVIDER_AVAILABILITY,SRC_SYNTH_NO_SHOW_LATE_CANCEL,SRC_SYNTH_DIAGNOSTIC_READINESS,SRC_SYNTH_HR_SHIFT_ROSTER,SRC_SYNTH_FINANCE_RESOURCE_ENVELOPE,SRC_OPEN_RESPIRATORY_VIRUS_DASHBOARD,SRC_OPEN_AQHI_SMOKE_CONTEXT,SRC_OPEN_SCHOOL_HOLIDAY_CALENDAR,SRC_OPEN_STATCAN_PED_POPULATION",modelled,ready
SITE_ACH_INSPIRED,Alberta Children's-inspired,gastroenterology,Gastroenterology,17,2026-10-05,740,673,829,65,87,0.74,"SRC_SYNTH_REFERRALS,SRC_SYNTH_REFERRAL_TRIAGE,SRC_SYNTH_WAITLIST_SNAPSHOTS,SRC_SYNTH_CLINIC_TEMPLATES,SRC_SYNTH_PROVIDER_AVAILABILITY,SRC_SYNTH_NO_SHOW_LATE_CANCEL,SRC_SYNTH_DIAGNOSTIC_READINESS,SRC_SYNTH_HR_SHIFT_ROSTER,SRC_SYNTH_FINANCE_RESOURCE_ENVELOPE,SRC_OPEN_RESPIRATORY_VIRUS_DASHBOARD,SRC_OPEN_AQHI_SMOKE_CONTEXT,SRC_OPEN_SCHOOL_HOLIDAY_CALENDAR,SRC_OPEN_STATCAN_PED_POPULATION",modelled,ready
SITE_ACH_INSPIRED,Alberta Children's-inspired,gastroenterology,Gastroenterology,18,2026-10-12,744,677,833,66,87,0.74,"SRC_SYNTH_REFERRALS,SRC_SYNTH_REFERRAL_TRIAGE,SRC_SYNTH_WAITLIST_SNAPSHOTS,SRC_SYNTH_CLINIC_TEMPLATES,SRC_SYNTH_PROVIDER_AVAILABILITY,SRC_SYNTH_NO_SHOW_LATE_CANCEL,SRC_SYNTH_DIAGNOSTIC_READINESS,SRC_SYNTH_HR_SHIFT_ROSTER,SRC_SYNTH_FINANCE_RESOURCE_ENVELOPE,SRC_OPEN_RESPIRATORY_VIRUS_DASHBOARD,SRC_OPEN_AQHI_SMOKE_CONTEXT,SRC_OPEN_SCHOOL_HOLIDAY_CALENDAR,SRC_OPEN_STATCAN_PED_POPULATION",modelled,ready
SITE_ACH_INSPIRED,Alberta Children's-inspired,gastroenterology,Gastroenterology,19,2026-10-19,750,682,840,66,88,0.74,"SRC_SYNTH_REFERRALS,SRC_SYNTH_REFERRAL_TRIAGE,SRC_SYNTH_WAITLIST_SNAPSHOTS,SRC_SYNTH_CLINIC_TEMPLATES,SRC_SYNTH_PROVIDER_AVAILABILITY,SRC_SYNTH_NO_SHOW_LATE_CANCEL,SRC_SYNTH_DIAGNOSTIC_READINESS,SRC_SYNTH_HR_SHIFT_ROSTER,SRC_SYNTH_FINANCE_RESOURCE_ENVELOPE,SRC_OPEN_RESPIRATORY_VIRUS_DASHBOARD,SRC_OPEN_AQHI_SMOKE_CONTEXT,SRC_OPEN_SCHOOL_HOLIDAY_CALENDAR,SRC_OPEN_STATCAN_PED_POPULATION",modelled,ready
SITE_ACH_INSPIRED,Alberta Children's-inspired,gastroenterology,Gastroenterology,20,2026-10-26,759,691,850,67,88,0.74,"SRC_SYNTH_REFERRALS,SRC_SYNTH_REFERRAL_TRIAGE,SRC_SYNTH_WAITLIST_SNAPSHOTS,SRC_SYNTH_CLINIC_TEMPLATES,SRC_SYNTH_PROVIDER_AVAILABILITY,SRC_SYNTH_NO_SHOW_LATE_CANCEL,SRC_SYNTH_DIAGNOSTIC_READINESS,SRC_SYNTH_HR_SHIFT_ROSTER,SRC_SYNTH_FINANCE_RESOURCE_ENVELOPE,SRC_OPEN_RESPIRATORY_VIRUS_DASHBOARD,SRC_OPEN_AQHI_SMOKE_CONTEXT,SRC_OPEN_SCHOOL_HOLIDAY_CALENDAR,SRC_OPEN_STATCAN_PED_POPULATION",modelled,ready
SITE_ACH_INSPIRED,Alberta Children's-inspired,gastroenterology,Gastroenterology,21,2026-11-02,770,701,862,68,88,0.74,"SRC_SYNTH_REFERRALS,SRC_SYNTH_REFERRAL_TRIAGE,SRC_SYNTH_WAITLIST_SNAPSHOTS,SRC_SYNTH_CLINIC_TEMPLATES,SRC_SYNTH_PROVIDER_AVAILABILITY,SRC_SYNTH_NO_SHOW_LATE_CANCEL,SRC_SYNTH_DIAGNOSTIC_READINESS,SRC_SYNTH_HR_SHIFT_ROSTER,SRC_SYNTH_FINANCE_RESOURCE_ENVELOPE,SRC_OPEN_RESPIRATORY_VIRUS_DASHBOARD,SRC_OPEN_AQHI_SMOKE_CONTEXT,SRC_OPEN_SCHOOL_HOLIDAY_CALENDAR,SRC_OPEN_STATCAN_PED_POPULATION",modelled,ready
SITE_ACH_INSPIRED,Alberta Children's-inspired,gastroenterology,Gastroenterology,22,2026-11-09,782,712,876,68,89,0.74,"SRC_SYNTH_REFERRALS,SRC_SYNTH_REFERRAL_TRIAGE,SRC_SYNTH_WAITLIST_SNAPSHOTS,SRC_SYNTH_CLINIC_TEMPLATES,SRC_SYNTH_PROVIDER_AVAILABILITY,SRC_SYNTH_NO_SHOW_LATE_CANCEL,SRC_SYNTH_DIAGNOSTIC_READINESS,SRC_SYNTH_HR_SHIFT_ROSTER,SRC_SYNTH_FINANCE_RESOURCE_ENVELOPE,SRC_OPEN_RESPIRATORY_VIRUS_DASHBOARD,SRC_OPEN_AQHI_SMOKE_CONTEXT,SRC_OPEN_SCHOOL_HOLIDAY_CALENDAR,SRC_OPEN_STATCAN_PED_POPULATION",modelled,ready
SITE_ACH_INSPIRED,Alberta Children's-inspired,gastroenterology,Gastroenterology,23,2026-11-16,796,724,892,69,89,0.74,"SRC_SYNTH_REFERRALS,SRC_SYNTH_REFERRAL_TRIAGE,SRC_SYNTH_WAITLIST_SNAPSHOTS,SRC_SYNTH_CLINIC_TEMPLATES,SRC_SYNTH_PROVIDER_AVAILABILITY,SRC_SYNTH_NO_SHOW_LATE_CANCEL,SRC_SYNTH_DIAGNOSTIC_READINESS,SRC_SYNTH_HR_SHIFT_ROSTER,SRC_SYNTH_FINANCE_RESOURCE_ENVELOPE,SRC_OPEN_RESPIRATORY_VIRUS_DASHBOARD,SRC_OPEN_AQHI_SMOKE_CONTEXT,SRC_OPEN_SCHOOL_HOLIDAY_CALENDAR,SRC_OPEN_STATCAN_PED_POPULATION",modelled,ready
SITE_ACH_INSPIRED,Alberta Children's-inspired,gastroenterology,Gastroenterology,24,2026-11-23,811,738,908,70,89,0.74,"SRC_SYNTH_REFERRALS,SRC_SYNTH_REFERRAL_TRIAGE,SRC_SYNTH_WAITLIST_SNAPSHOTS,SRC_SYNTH_CLINIC_TEMPLATES,SRC_SYNTH_PROVIDER_AVAILABILITY,SRC_SYNTH_NO_SHOW_LATE_CANCEL,SRC_SYNTH_DIAGNOSTIC_READINESS,SRC_SYNTH_HR_SHIFT_ROSTER,SRC_SYNTH_FINANCE_RESOURCE_ENVELOPE,SRC_OPEN_RESPIRATORY_VIRUS_DASHBOARD,SRC_OPEN_AQHI_SMOKE_CONTEXT,SRC_OPEN_SCHOOL_HOLIDAY_CALENDAR,SRC_OPEN_STATCAN_PED_POPULATION",modelled,ready
SITE_ACH_INSPIRED,Alberta Children's-inspired,gastroenterology,Gastroenterology,25,2026-11-30,827,753,926,71,90,0.74,"SRC_SYNTH_REFERRALS,SRC_SYNTH_REFERRAL_TRIAGE,SRC_SYNTH_WAITLIST_SNAPSHOTS,SRC_SYNTH_CLINIC_TEMPLATES,SRC_SYNTH_PROVIDER_AVAILABILITY,SRC_SYNTH_NO_SHOW_LATE_CANCEL,SRC_SYNTH_DIAGNOSTIC_READINESS,SRC_SYNTH_HR_SHIFT_ROSTER,SRC_SYNTH_FINANCE_RESOURCE_ENVELOPE,SRC_OPEN_RESPIRATORY_VIRUS_DASHBOARD,SRC_OPEN_AQHI_SMOKE_CONTEXT,SRC_OPEN_SCHOOL_HOLIDAY_CALENDAR,SRC_OPEN_STATCAN_PED_POPULATION",modelled,ready
SITE_ACH_INSPIRED,Alberta Children's-inspired,gastroenterology,Gastroenterology,26,2026-12-07,844,768,945,72,90,0.74,"SRC_SYNTH_REFERRALS,SRC_SYNTH_REFERRAL_TRIAGE,SRC_SYNTH_WAITLIST_SNAPSHOTS,SRC_SYNTH_CLINIC_TEMPLATES,SRC_SYNTH_PROVIDER_AVAILABILITY,SRC_SYNTH_NO_SHOW_LATE_CANCEL,SRC_SYNTH_DIAGNOSTIC_READINESS,SRC_SYNTH_HR_SHIFT_ROSTER,SRC_SYNTH_FINANCE_RESOURCE_ENVELOPE,SRC_OPEN_RESPIRATORY_VIRUS_DASHBOARD,SRC_OPEN_AQHI_SMOKE_CONTEXT,SRC_OPEN_SCHOOL_HOLIDAY_CALENDAR,SRC_OPEN_STATCAN_PED_POPULATION",modelled,ready
SITE_ACH_INSPIRED,Alberta Children's-inspired,nephrology,Nephrology,1,2026-06-15,434,395,486,50,44,0.776,"SRC_SYNTH_REFERRALS,SRC_SYNTH_REFERRAL_TRIAGE,SRC_SYNTH_WAITLIST_SNAPSHOTS,SRC_SYNTH_CLINIC_TEMPLATES,SRC_SYNTH_PROVIDER_AVAILABILITY,SRC_SYNTH_NO_SHOW_LATE_CANCEL,SRC_SYNTH_DIAGNOSTIC_READINESS,SRC_SYNTH_HR_SHIFT_ROSTER,SRC_SYNTH_FINANCE_RESOURCE_ENVELOPE,SRC_OPEN_RESPIRATORY_VIRUS_DASHBOARD,SRC_OPEN_AQHI_SMOKE_CONTEXT,SRC_OPEN_SCHOOL_HOLIDAY_CALENDAR,SRC_OPEN_STATCAN_PED_POPULATION",modelled,ready
SITE_ACH_INSPIRED,Alberta Children's-inspired,nephrology,Nephrology,2,2026-06-22,434,395,486,51,44,0.776,"SRC_SYNTH_REFERRALS,SRC_SYNTH_REFERRAL_TRIAGE,SRC_SYNTH_WAITLIST_SNAPSHOTS,SRC_SYNTH_CLINIC_TEMPLATES,SRC_SYNTH_PROVIDER_AVAILABILITY,SRC_SYNTH_NO_SHOW_LATE_CANCEL,SRC_SYNTH_DIAGNOSTIC_READINESS,SRC_SYNTH_HR_SHIFT_ROSTER,SRC_SYNTH_FINANCE_RESOURCE_ENVELOPE,SRC_OPEN_RESPIRATORY_VIRUS_DASHBOARD,SRC_OPEN_AQHI_SMOKE_CONTEXT,SRC_OPEN_SCHOOL_HOLIDAY_CALENDAR,SRC_OPEN_STATCAN_PED_POPULATION",modelled,ready
SITE_ACH_INSPIRED,Alberta Children's-inspired,nephrology,Nephrology,3,2026-06-29,434,395,486,51,44,0.776,"SRC_SYNTH_REFERRALS,SRC_SYNTH_REFERRAL_TRIAGE,SRC_SYNTH_WAITLIST_SNAPSHOTS,SRC_SYNTH_CLINIC_TEMPLATES,SRC_SYNTH_PROVIDER_AVAILABILITY,SRC_SYNTH_NO_SHOW_LATE_CANCEL,SRC_SYNTH_DIAGNOSTIC_READINESS,SRC_SYNTH_HR_SHIFT_ROSTER,SRC_SYNTH_FINANCE_RESOURCE_ENVELOPE,SRC_OPEN_RESPIRATORY_VIRUS_DASHBOARD,SRC_OPEN_AQHI_SMOKE_CONTEXT,SRC_OPEN_SCHOOL_HOLIDAY_CALENDAR,SRC_OPEN_STATCAN_PED_POPULATION",modelled,ready
SITE_ACH_INSPIRED,Alberta Children's-inspired,nephrology,Nephrology,4,2026-07-06,432,393,484,51,44,0.776,"SRC_SYNTH_REFERRALS,SRC_SYNTH_REFERRAL_TRIAGE,SRC_SYNTH_WAITLIST_SNAPSHOTS,SRC_SYNTH_CLINIC_TEMPLATES,SRC_SYNTH_PROVIDER_AVAILABILITY,SRC_SYNTH_NO_SHOW_LATE_CANCEL,SRC_SYNTH_DIAGNOSTIC_READINESS,SRC_SYNTH_HR_SHIFT_ROSTER,SRC_SYNTH_FINANCE_RESOURCE_ENVELOPE,SRC_OPEN_RESPIRATORY_VIRUS_DASHBOARD,SRC_OPEN_AQHI_SMOKE_CONTEXT,SRC_OPEN_SCHOOL_HOLIDAY_CALENDAR,SRC_OPEN_STATCAN_PED_POPULATION",modelled,ready
SITE_ACH_INSPIRED,Alberta Children's-inspired,nephrology,Nephrology,5,2026-07-13,430,391,482,51,45,0.776,"SRC_SYNTH_REFERRALS,SRC_SYNTH_REFERRAL_TRIAGE,SRC_SYNTH_WAITLIST_SNAPSHOTS,SRC_SYNTH_CLINIC_TEMPLATES,SRC_SYNTH_PROVIDER_AVAILABILITY,SRC_SYNTH_NO_SHOW_LATE_CANCEL,SRC_SYNTH_DIAGNOSTIC_READINESS,SRC_SYNTH_HR_SHIFT_ROSTER,SRC_SYNTH_FINANCE_RESOURCE_ENVELOPE,SRC_OPEN_RESPIRATORY_VIRUS_DASHBOARD,SRC_OPEN_AQHI_SMOKE_CONTEXT,SRC_OPEN_SCHOOL_HOLIDAY_CALENDAR,SRC_OPEN_STATCAN_PED_POPULATION",modelled,ready
SITE_ACH_INSPIRED,Alberta Children's-inspired,nephrology,Nephrology,6,2026-07-20,427,389,478,51,45,0.776,"SRC_SYNTH_REFERRALS,SRC_SYNTH_REFERRAL_TRIAGE,SRC_SYNTH_WAITLIST_SNAPSHOTS,SRC_SYNTH_CLINIC_TEMPLATES,SRC_SYNTH_PROVIDER_AVAILABILITY,SRC_SYNTH_NO_SHOW_LATE_CANCEL,SRC_SYNTH_DIAGNOSTIC_READINESS,SRC_SYNTH_HR_SHIFT_ROSTER,SRC_SYNTH_FINANCE_RESOURCE_ENVELOPE,SRC_OPEN_RESPIRATORY_VIRUS_DASHBOARD,SRC_OPEN_AQHI_SMOKE_CONTEXT,SRC_OPEN_SCHOOL_HOLIDAY_CALENDAR,SRC_OPEN_STATCAN_PED_POPULATION",modelled,ready
SITE_ACH_INSPIRED,Alberta Children's-inspired,nephrology,Nephrology,7,2026-07-27,423,385,474,51,45,0.776,"SRC_SYNTH_REFERRALS,SRC_SYNTH_REFERRAL_TRIAGE,SRC_SYNTH_WAITLIST_SNAPSHOTS,SRC_SYNTH_CLINIC_TEMPLATES,SRC_SYNTH_PROVIDER_AVAILABILITY,SRC_SYNTH_NO_SHOW_LATE_CANCEL,SRC_SYNTH_DIAGNOSTIC_READINESS,SRC_SYNTH_HR_SHIFT_ROSTER,SRC_SYNTH_FINANCE_RESOURCE_ENVELOPE,SRC_OPEN_RESPIRATORY_VIRUS_DASHBOARD,SRC_OPEN_AQHI_SMOKE_CONTEXT,SRC_OPEN_SCHOOL_HOLIDAY_CALENDAR,SRC_OPEN_STATCAN_PED_POPULATION",modelled,ready
SITE_ACH_INSPIRED,Alberta Children's-inspired,nephrology,Nephrology,8,2026-08-03,419,381,469,52,45,0.776,"SRC_SYNTH_REFERRALS,SRC_SYNTH_REFERRAL_TRIAGE,SRC_SYNTH_WAITLIST_SNAPSHOTS,SRC_SYNTH_CLINIC_TEMPLATES,SRC_SYNTH_PROVIDER_AVAILABILITY,SRC_SYNTH_NO_SHOW_LATE_CANCEL,SRC_SYNTH_DIAGNOSTIC_READINESS,SRC_SYNTH_HR_SHIFT_ROSTER,SRC_SYNTH_FINANCE_RESOURCE_ENVELOPE,SRC_OPEN_RESPIRATORY_VIRUS_DASHBOARD,SRC_OPEN_AQHI_SMOKE_CONTEXT,SRC_OPEN_SCHOOL_HOLIDAY_CALENDAR,SRC_OPEN_STATCAN_PED_POPULATION",modelled,ready
SITE_ACH_INSPIRED,Alberta Children's-inspired,nephrology,Nephrology,9,2026-08-10,416,379,466,52,45,0.776,"SRC_SYNTH_REFERRALS,SRC_SYNTH_REFERRAL_TRIAGE,SRC_SYNTH_WAITLIST_SNAPSHOTS,SRC_SYNTH_CLINIC_TEMPLATES,SRC_SYNTH_PROVIDER_AVAILABILITY,SRC_SYNTH_NO_SHOW_LATE_CANCEL,SRC_SYNTH_DIAGNOSTIC_READINESS,SRC_SYNTH_HR_SHIFT_ROSTER,SRC_SYNTH_FINANCE_RESOURCE_ENVELOPE,SRC_OPEN_RESPIRATORY_VIRUS_DASHBOARD,SRC_OPEN_AQHI_SMOKE_CONTEXT,SRC_OPEN_SCHOOL_HOLIDAY_CALENDAR,SRC_OPEN_STATCAN_PED_POPULATION",modelled,ready
SITE_ACH_INSPIRED,Alberta Children's-inspired,nephrology,Nephrology,10,2026-08-17,412,375,461,52,45,0.776,"SRC_SYNTH_REFERRALS,SRC_SYNTH_REFERRAL_TRIAGE,SRC_SYNTH_WAITLIST_SNAPSHOTS,SRC_SYNTH_CLINIC_TEMPLATES,SRC_SYNTH_PROVIDER_AVAILABILITY,SRC_SYNTH_NO_SHOW_LATE_CANCEL,SRC_SYNTH_DIAGNOSTIC_READINESS,SRC_SYNTH_HR_SHIFT_ROSTER,SRC_SYNTH_FINANCE_RESOURCE_ENVELOPE,SRC_OPEN_RESPIRATORY_VIRUS_DASHBOARD,SRC_OPEN_AQHI_SMOKE_CONTEXT,SRC_OPEN_SCHOOL_HOLIDAY_CALENDAR,SRC_OPEN_STATCAN_PED_POPULATION",modelled,ready
SITE_ACH_INSPIRED,Alberta Children's-inspired,nephrology,Nephrology,11,2026-08-24,409,372,458,52,45,0.776,"SRC_SYNTH_REFERRALS,SRC_SYNTH_REFERRAL_TRIAGE,SRC_SYNTH_WAITLIST_SNAPSHOTS,SRC_SYNTH_CLINIC_TEMPLATES,SRC_SYNTH_PROVIDER_AVAILABILITY,SRC_SYNTH_NO_SHOW_LATE_CANCEL,SRC_SYNTH_DIAGNOSTIC_READINESS,SRC_SYNTH_HR_SHIFT_ROSTER,SRC_SYNTH_FINANCE_RESOURCE_ENVELOPE,SRC_OPEN_RESPIRATORY_VIRUS_DASHBOARD,SRC_OPEN_AQHI_SMOKE_CONTEXT,SRC_OPEN_SCHOOL_HOLIDAY_CALENDAR,SRC_OPEN_STATCAN_PED_POPULATION",modelled,ready
SITE_ACH_INSPIRED,Alberta Children's-inspired,nephrology,Nephrology,12,2026-08-31,406,369,455,52,45,0.776,"SRC_SYNTH_REFERRALS,SRC_SYNTH_REFERRAL_TRIAGE,SRC_SYNTH_WAITLIST_SNAPSHOTS,SRC_SYNTH_CLINIC_TEMPLATES,SRC_SYNTH_PROVIDER_AVAILABILITY,SRC_SYNTH_NO_SHOW_LATE_CANCEL,SRC_SYNTH_DIAGNOSTIC_READINESS,SRC_SYNTH_HR_SHIFT_ROSTER,SRC_SYNTH_FINANCE_RESOURCE_ENVELOPE,SRC_OPEN_RESPIRATORY_VIRUS_DASHBOARD,SRC_OPEN_AQHI_SMOKE_CONTEXT,SRC_OPEN_SCHOOL_HOLIDAY_CALENDAR,SRC_OPEN_STATCAN_PED_POPULATION",modelled,ready
SITE_ACH_INSPIRED,Alberta Children's-inspired,nephrology,Nephrology,13,2026-09-07,404,368,452,52,46,0.776,"SRC_SYNTH_REFERRALS,SRC_SYNTH_REFERRAL_TRIAGE,SRC_SYNTH_WAITLIST_SNAPSHOTS,SRC_SYNTH_CLINIC_TEMPLATES,SRC_SYNTH_PROVIDER_AVAILABILITY,SRC_SYNTH_NO_SHOW_LATE_CANCEL,SRC_SYNTH_DIAGNOSTIC_READINESS,SRC_SYNTH_HR_SHIFT_ROSTER,SRC_SYNTH_FINANCE_RESOURCE_ENVELOPE,SRC_OPEN_RESPIRATORY_VIRUS_DASHBOARD,SRC_OPEN_AQHI_SMOKE_CONTEXT,SRC_OPEN_SCHOOL_HOLIDAY_CALENDAR,SRC_OPEN_STATCAN_PED_POPULATION",modelled,ready
SITE_ACH_INSPIRED,Alberta Children's-inspired,nephrology,Nephrology,14,2026-09-14,403,367,451,53,46,0.776,"SRC_SYNTH_REFERRALS,SRC_SYNTH_REFERRAL_TRIAGE,SRC_SYNTH_WAITLIST_SNAPSHOTS,SRC_SYNTH_CLINIC_TEMPLATES,SRC_SYNTH_PROVIDER_AVAILABILITY,SRC_SYNTH_NO_SHOW_LATE_CANCEL,SRC_SYNTH_DIAGNOSTIC_READINESS,SRC_SYNTH_HR_SHIFT_ROSTER,SRC_SYNTH_FINANCE_RESOURCE_ENVELOPE,SRC_OPEN_RESPIRATORY_VIRUS_DASHBOARD,SRC_OPEN_AQHI_SMOKE_CONTEXT,SRC_OPEN_SCHOOL_HOLIDAY_CALENDAR,SRC_OPEN_STATCAN_PED_POPULATION",modelled,ready
SITE_ACH_INSPIRED,Alberta Children's-inspired,nephrology,Nephrology,15,2026-09-21,403,367,451,53,46,0.776,"SRC_SYNTH_REFERRALS,SRC_SYNTH_REFERRAL_TRIAGE,SRC_SYNTH_WAITLIST_SNAPSHOTS,SRC_SYNTH_CLINIC_TEMPLATES,SRC_SYNTH_PROVIDER_AVAILABILITY,SRC_SYNTH_NO_SHOW_LATE_CANCEL,SRC_SYNTH_DIAGNOSTIC_READINESS,SRC_SYNTH_HR_SHIFT_ROSTER,SRC_SYNTH_FINANCE_RESOURCE_ENVELOPE,SRC_OPEN_RESPIRATORY_VIRUS_DASHBOARD,SRC_OPEN_AQHI_SMOKE_CONTEXT,SRC_OPEN_SCHOOL_HOLIDAY_CALENDAR,SRC_OPEN_STATCAN_PED_POPULATION",modelled,ready
SITE_ACH_INSPIRED,Alberta Children's-inspired,nephrology,Nephrology,16,2026-09-28,404,368,452,53,46,0.776,"SRC_SYNTH_REFERRALS,SRC_SYNTH_REFERRAL_TRIAGE,SRC_SYNTH_WAITLIST_SNAPSHOTS,SRC_SYNTH_CLINIC_TEMPLATES,SRC_SYNTH_PROVIDER_AVAILABILITY,SRC_SYNTH_NO_SHOW_LATE_CANCEL,SRC_SYNTH_DIAGNOSTIC_READINESS,SRC_SYNTH_HR_SHIFT_ROSTER,SRC_SYNTH_FINANCE_RESOURCE_ENVELOPE,SRC_OPEN_RESPIRATORY_VIRUS_DASHBOARD,SRC_OPEN_AQHI_SMOKE_CONTEXT,SRC_OPEN_SCHOOL_HOLIDAY_CALENDAR,SRC_OPEN_STATCAN_PED_POPULATION",modelled,ready
SITE_ACH_INSPIRED,Alberta Children's-inspired,nephrology,Nephrology,17,2026-10-05,406,369,455,54,46,0.776,"SRC_SYNTH_REFERRALS,SRC_SYNTH_REFERRAL_TRIAGE,SRC_SYNTH_WAITLIST_SNAPSHOTS,SRC_SYNTH_CLINIC_TEMPLATES,SRC_SYNTH_PROVIDER_AVAILABILITY,SRC_SYNTH_NO_SHOW_LATE_CANCEL,SRC_SYNTH_DIAGNOSTIC_READINESS,SRC_SYNTH_HR_SHIFT_ROSTER,SRC_SYNTH_FINANCE_RESOURCE_ENVELOPE,SRC_OPEN_RESPIRATORY_VIRUS_DASHBOARD,SRC_OPEN_AQHI_SMOKE_CONTEXT,SRC_OPEN_SCHOOL_HOLIDAY_CALENDAR,SRC_OPEN_STATCAN_PED_POPULATION",modelled,ready
SITE_ACH_INSPIRED,Alberta Children's-inspired,nephrology,Nephrology,18,2026-10-12,409,372,458,54,46,0.776,"SRC_SYNTH_REFERRALS,SRC_SYNTH_REFERRAL_TRIAGE,SRC_SYNTH_WAITLIST_SNAPSHOTS,SRC_SYNTH_CLINIC_TEMPLATES,SRC_SYNTH_PROVIDER_AVAILABILITY,SRC_SYNTH_NO_SHOW_LATE_CANCEL,SRC_SYNTH_DIAGNOSTIC_READINESS,SRC_SYNTH_HR_SHIFT_ROSTER,SRC_SYNTH_FINANCE_RESOURCE_ENVELOPE,SRC_OPEN_RESPIRATORY_VIRUS_DASHBOARD,SRC_OPEN_AQHI_SMOKE_CONTEXT,SRC_OPEN_SCHOOL_HOLIDAY_CALENDAR,SRC_OPEN_STATCAN_PED_POPULATION",modelled,ready
SITE_ACH_INSPIRED,Alberta Children's-inspired,nephrology,Nephrology,19,2026-10-19,414,377,464,55,46,0.776,"SRC_SYNTH_REFERRALS,SRC_SYNTH_REFERRAL_TRIAGE,SRC_SYNTH_WAITLIST_SNAPSHOTS,SRC_SYNTH_CLINIC_TEMPLATES,SRC_SYNTH_PROVIDER_AVAILABILITY,SRC_SYNTH_NO_SHOW_LATE_CANCEL,SRC_SYNTH_DIAGNOSTIC_READINESS,SRC_SYNTH_HR_SHIFT_ROSTER,SRC_SYNTH_FINANCE_RESOURCE_ENVELOPE,SRC_OPEN_RESPIRATORY_VIRUS_DASHBOARD,SRC_OPEN_AQHI_SMOKE_CONTEXT,SRC_OPEN_SCHOOL_HOLIDAY_CALENDAR,SRC_OPEN_STATCAN_PED_POPULATION",modelled,ready
SITE_ACH_INSPIRED,Alberta Children's-inspired,nephrology,Nephrology,20,2026-10-26,420,382,470,55,46,0.776,"SRC_SYNTH_REFERRALS,SRC_SYNTH_REFERRAL_TRIAGE,SRC_SYNTH_WAITLIST_SNAPSHOTS,SRC_SYNTH_CLINIC_TEMPLATES,SRC_SYNTH_PROVIDER_AVAILABILITY,SRC_SYNTH_NO_SHOW_LATE_CANCEL,SRC_SYNTH_DIAGNOSTIC_READINESS,SRC_SYNTH_HR_SHIFT_ROSTER,SRC_SYNTH_FINANCE_RESOURCE_ENVELOPE,SRC_OPEN_RESPIRATORY_VIRUS_DASHBOARD,SRC_OPEN_AQHI_SMOKE_CONTEXT,SRC_OPEN_SCHOOL_HOLIDAY_CALENDAR,SRC_OPEN_STATCAN_PED_POPULATION",modelled,ready
SITE_ACH_INSPIRED,Alberta Children's-inspired,nephrology,Nephrology,21,2026-11-02,427,389,478,56,47,0.776,"SRC_SYNTH_REFERRALS,SRC_SYNTH_REFERRAL_TRIAGE,SRC_SYNTH_WAITLIST_SNAPSHOTS,SRC_SYNTH_CLINIC_TEMPLATES,SRC_SYNTH_PROVIDER_AVAILABILITY,SRC_SYNTH_NO_SHOW_LATE_CANCEL,SRC_SYNTH_DIAGNOSTIC_READINESS,SRC_SYNTH_HR_SHIFT_ROSTER,SRC_SYNTH_FINANCE_RESOURCE_ENVELOPE,SRC_OPEN_RESPIRATORY_VIRUS_DASHBOARD,SRC_OPEN_AQHI_SMOKE_CONTEXT,SRC_OPEN_SCHOOL_HOLIDAY_CALENDAR,SRC_OPEN_STATCAN_PED_POPULATION",modelled,ready
SITE_ACH_INSPIRED,Alberta Children's-inspired,nephrology,Nephrology,22,2026-11-09,434,395,486,57,47,0.776,"SRC_SYNTH_REFERRALS,SRC_SYNTH_REFERRAL_TRIAGE,SRC_SYNTH_WAITLIST_SNAPSHOTS,SRC_SYNTH_CLINIC_TEMPLATES,SRC_SYNTH_PROVIDER_AVAILABILITY,SRC_SYNTH_NO_SHOW_LATE_CANCEL,SRC_SYNTH_DIAGNOSTIC_READINESS,SRC_SYNTH_HR_SHIFT_ROSTER,SRC_SYNTH_FINANCE_RESOURCE_ENVELOPE,SRC_OPEN_RESPIRATORY_VIRUS_DASHBOARD,SRC_OPEN_AQHI_SMOKE_CONTEXT,SRC_OPEN_SCHOOL_HOLIDAY_CALENDAR,SRC_OPEN_STATCAN_PED_POPULATION",modelled,ready
SITE_ACH_INSPIRED,Alberta Children's-inspired,nephrology,Nephrology,23,2026-11-16,443,403,496,58,47,0.776,"SRC_SYNTH_REFERRALS,SRC_SYNTH_REFERRAL_TRIAGE,SRC_SYNTH_WAITLIST_SNAPSHOTS,SRC_SYNTH_CLINIC_TEMPLATES,SRC_SYNTH_PROVIDER_AVAILABILITY,SRC_SYNTH_NO_SHOW_LATE_CANCEL,SRC_SYNTH_DIAGNOSTIC_READINESS,SRC_SYNTH_HR_SHIFT_ROSTER,SRC_SYNTH_FINANCE_RESOURCE_ENVELOPE,SRC_OPEN_RESPIRATORY_VIRUS_DASHBOARD,SRC_OPEN_AQHI_SMOKE_CONTEXT,SRC_OPEN_SCHOOL_HOLIDAY_CALENDAR,SRC_OPEN_STATCAN_PED_POPULATION",modelled,ready
SITE_ACH_INSPIRED,Alberta Children's-inspired,nephrology,Nephrology,24,2026-11-23,452,411,506,58,47,0.776,"SRC_SYNTH_REFERRALS,SRC_SYNTH_REFERRAL_TRIAGE,SRC_SYNTH_WAITLIST_SNAPSHOTS,SRC_SYNTH_CLINIC_TEMPLATES,SRC_SYNTH_PROVIDER_AVAILABILITY,SRC_SYNTH_NO_SHOW_LATE_CANCEL,SRC_SYNTH_DIAGNOSTIC_READINESS,SRC_SYNTH_HR_SHIFT_ROSTER,SRC_SYNTH_FINANCE_RESOURCE_ENVELOPE,SRC_OPEN_RESPIRATORY_VIRUS_DASHBOARD,SRC_OPEN_AQHI_SMOKE_CONTEXT,SRC_OPEN_SCHOOL_HOLIDAY_CALENDAR,SRC_OPEN_STATCAN_PED_POPULATION",modelled,ready
SITE_ACH_INSPIRED,Alberta Children's-inspired,nephrology,Nephrology,25,2026-11-30,461,420,516,59,47,0.776,"SRC_SYNTH_REFERRALS,SRC_SYNTH_REFERRAL_TRIAGE,SRC_SYNTH_WAITLIST_SNAPSHOTS,SRC_SYNTH_CLINIC_TEMPLATES,SRC_SYNTH_PROVIDER_AVAILABILITY,SRC_SYNTH_NO_SHOW_LATE_CANCEL,SRC_SYNTH_DIAGNOSTIC_READINESS,SRC_SYNTH_HR_SHIFT_ROSTER,SRC_SYNTH_FINANCE_RESOURCE_ENVELOPE,SRC_OPEN_RESPIRATORY_VIRUS_DASHBOARD,SRC_OPEN_AQHI_SMOKE_CONTEXT,SRC_OPEN_SCHOOL_HOLIDAY_CALENDAR,SRC_OPEN_STATCAN_PED_POPULATION",modelled,ready
SITE_ACH_INSPIRED,Alberta Children's-inspired,nephrology,Nephrology,26,2026-12-07,470,428,526,60,47,0.776,"SRC_SYNTH_REFERRALS,SRC_SYNTH_REFERRAL_TRIAGE,SRC_SYNTH_WAITLIST_SNAPSHOTS,SRC_SYNTH_CLINIC_TEMPLATES,SRC_SYNTH_PROVIDER_AVAILABILITY,SRC_SYNTH_NO_SHOW_LATE_CANCEL,SRC_SYNTH_DIAGNOSTIC_READINESS,SRC_SYNTH_HR_SHIFT_ROSTER,SRC_SYNTH_FINANCE_RESOURCE_ENVELOPE,SRC_OPEN_RESPIRATORY_VIRUS_DASHBOARD,SRC_OPEN_AQHI_SMOKE_CONTEXT,SRC_OPEN_SCHOOL_HOLIDAY_CALENDAR,SRC_OPEN_STATCAN_PED_POPULATION",modelled,ready
SITE_ACH_INSPIRED,Alberta Children's-inspired,rheumatology,Rheumatology,1,2026-06-15,510,464,571,55,52,0.759,"SRC_SYNTH_REFERRALS,SRC_SYNTH_REFERRAL_TRIAGE,SRC_SYNTH_WAITLIST_SNAPSHOTS,SRC_SYNTH_CLINIC_TEMPLATES,SRC_SYNTH_PROVIDER_AVAILABILITY,SRC_SYNTH_NO_SHOW_LATE_CANCEL,SRC_SYNTH_DIAGNOSTIC_READINESS,SRC_SYNTH_HR_SHIFT_ROSTER,SRC_SYNTH_FINANCE_RESOURCE_ENVELOPE,SRC_OPEN_RESPIRATORY_VIRUS_DASHBOARD,SRC_OPEN_AQHI_SMOKE_CONTEXT,SRC_OPEN_SCHOOL_HOLIDAY_CALENDAR,SRC_OPEN_STATCAN_PED_POPULATION",modelled,ready
SITE_ACH_INSPIRED,Alberta Children's-inspired,rheumatology,Rheumatology,2,2026-06-22,509,463,570,56,52,0.759,"SRC_SYNTH_REFERRALS,SRC_SYNTH_REFERRAL_TRIAGE,SRC_SYNTH_WAITLIST_SNAPSHOTS,SRC_SYNTH_CLINIC_TEMPLATES,SRC_SYNTH_PROVIDER_AVAILABILITY,SRC_SYNTH_NO_SHOW_LATE_CANCEL,SRC_SYNTH_DIAGNOSTIC_READINESS,SRC_SYNTH_HR_SHIFT_ROSTER,SRC_SYNTH_FINANCE_RESOURCE_ENVELOPE,SRC_OPEN_RESPIRATORY_VIRUS_DASHBOARD,SRC_OPEN_AQHI_SMOKE_CONTEXT,SRC_OPEN_SCHOOL_HOLIDAY_CALENDAR,SRC_OPEN_STATCAN_PED_POPULATION",modelled,ready
SITE_ACH_INSPIRED,Alberta Children's-inspired,rheumatology,Rheumatology,3,2026-06-29,507,461,568,56,52,0.759,"SRC_SYNTH_REFERRALS,SRC_SYNTH_REFERRAL_TRIAGE,SRC_SYNTH_WAITLIST_SNAPSHOTS,SRC_SYNTH_CLINIC_TEMPLATES,SRC_SYNTH_PROVIDER_AVAILABILITY,SRC_SYNTH_NO_SHOW_LATE_CANCEL,SRC_SYNTH_DIAGNOSTIC_READINESS,SRC_SYNTH_HR_SHIFT_ROSTER,SRC_SYNTH_FINANCE_RESOURCE_ENVELOPE,SRC_OPEN_RESPIRATORY_VIRUS_DASHBOARD,SRC_OPEN_AQHI_SMOKE_CONTEXT,SRC_OPEN_SCHOOL_HOLIDAY_CALENDAR,SRC_OPEN_STATCAN_PED_POPULATION",modelled,ready
SITE_ACH_INSPIRED,Alberta Children's-inspired,rheumatology,Rheumatology,4,2026-07-06,504,459,564,56,53,0.759,"SRC_SYNTH_REFERRALS,SRC_SYNTH_REFERRAL_TRIAGE,SRC_SYNTH_WAITLIST_SNAPSHOTS,SRC_SYNTH_CLINIC_TEMPLATES,SRC_SYNTH_PROVIDER_AVAILABILITY,SRC_SYNTH_NO_SHOW_LATE_CANCEL,SRC_SYNTH_DIAGNOSTIC_READINESS,SRC_SYNTH_HR_SHIFT_ROSTER,SRC_SYNTH_FINANCE_RESOURCE_ENVELOPE,SRC_OPEN_RESPIRATORY_VIRUS_DASHBOARD,SRC_OPEN_AQHI_SMOKE_CONTEXT,SRC_OPEN_SCHOOL_HOLIDAY_CALENDAR,SRC_OPEN_STATCAN_PED_POPULATION",modelled,ready
SITE_ACH_INSPIRED,Alberta Children's-inspired,rheumatology,Rheumatology,5,2026-07-13,501,456,561,56,53,0.759,"SRC_SYNTH_REFERRALS,SRC_SYNTH_REFERRAL_TRIAGE,SRC_SYNTH_WAITLIST_SNAPSHOTS,SRC_SYNTH_CLINIC_TEMPLATES,SRC_SYNTH_PROVIDER_AVAILABILITY,SRC_SYNTH_NO_SHOW_LATE_CANCEL,SRC_SYNTH_DIAGNOSTIC_READINESS,SRC_SYNTH_HR_SHIFT_ROSTER,SRC_SYNTH_FINANCE_RESOURCE_ENVELOPE,SRC_OPEN_RESPIRATORY_VIRUS_DASHBOARD,SRC_OPEN_AQHI_SMOKE_CONTEXT,SRC_OPEN_SCHOOL_HOLIDAY_CALENDAR,SRC_OPEN_STATCAN_PED_POPULATION",modelled,ready
SITE_ACH_INSPIRED,Alberta Children's-inspired,rheumatology,Rheumatology,6,2026-07-20,497,452,557,56,53,0.759,"SRC_SYNTH_REFERRALS,SRC_SYNTH_REFERRAL_TRIAGE,SRC_SYNTH_WAITLIST_SNAPSHOTS,SRC_SYNTH_CLINIC_TEMPLATES,SRC_SYNTH_PROVIDER_AVAILABILITY,SRC_SYNTH_NO_SHOW_LATE_CANCEL,SRC_SYNTH_DIAGNOSTIC_READINESS,SRC_SYNTH_HR_SHIFT_ROSTER,SRC_SYNTH_FINANCE_RESOURCE_ENVELOPE,SRC_OPEN_RESPIRATORY_VIRUS_DASHBOARD,SRC_OPEN_AQHI_SMOKE_CONTEXT,SRC_OPEN_SCHOOL_HOLIDAY_CALENDAR,SRC_OPEN_STATCAN_PED_POPULATION",modelled,ready
SITE_ACH_INSPIRED,Alberta Children's-inspired,rheumatology,Rheumatology,7,2026-07-27,492,448,551,56,53,0.759,"SRC_SYNTH_REFERRALS,SRC_SYNTH_REFERRAL_TRIAGE,SRC_SYNTH_WAITLIST_SNAPSHOTS,SRC_SYNTH_CLINIC_TEMPLATES,SRC_SYNTH_PROVIDER_AVAILABILITY,SRC_SYNTH_NO_SHOW_LATE_CANCEL,SRC_SYNTH_DIAGNOSTIC_READINESS,SRC_SYNTH_HR_SHIFT_ROSTER,SRC_SYNTH_FINANCE_RESOURCE_ENVELOPE,SRC_OPEN_RESPIRATORY_VIRUS_DASHBOARD,SRC_OPEN_AQHI_SMOKE_CONTEXT,SRC_OPEN_SCHOOL_HOLIDAY_CALENDAR,SRC_OPEN_STATCAN_PED_POPULATION",modelled,ready
SITE_ACH_INSPIRED,Alberta Children's-inspired,rheumatology,Rheumatology,8,2026-08-03,488,444,547,56,53,0.759,"SRC_SYNTH_REFERRALS,SRC_SYNTH_REFERRAL_TRIAGE,SRC_SYNTH_WAITLIST_SNAPSHOTS,SRC_SYNTH_CLINIC_TEMPLATES,SRC_SYNTH_PROVIDER_AVAILABILITY,SRC_SYNTH_NO_SHOW_LATE_CANCEL,SRC_SYNTH_DIAGNOSTIC_READINESS,SRC_SYNTH_HR_SHIFT_ROSTER,SRC_SYNTH_FINANCE_RESOURCE_ENVELOPE,SRC_OPEN_RESPIRATORY_VIRUS_DASHBOARD,SRC_OPEN_AQHI_SMOKE_CONTEXT,SRC_OPEN_SCHOOL_HOLIDAY_CALENDAR,SRC_OPEN_STATCAN_PED_POPULATION",modelled,ready
SITE_ACH_INSPIRED,Alberta Children's-inspired,rheumatology,Rheumatology,9,2026-08-10,484,440,542,56,53,0.759,"SRC_SYNTH_REFERRALS,SRC_SYNTH_REFERRAL_TRIAGE,SRC_SYNTH_WAITLIST_SNAPSHOTS,SRC_SYNTH_CLINIC_TEMPLATES,SRC_SYNTH_PROVIDER_AVAILABILITY,SRC_SYNTH_NO_SHOW_LATE_CANCEL,SRC_SYNTH_DIAGNOSTIC_READINESS,SRC_SYNTH_HR_SHIFT_ROSTER,SRC_SYNTH_FINANCE_RESOURCE_ENVELOPE,SRC_OPEN_RESPIRATORY_VIRUS_DASHBOARD,SRC_OPEN_AQHI_SMOKE_CONTEXT,SRC_OPEN_SCHOOL_HOLIDAY_CALENDAR,SRC_OPEN_STATCAN_PED_POPULATION",modelled,ready
SITE_ACH_INSPIRED,Alberta Children's-inspired,rheumatology,Rheumatology,10,2026-08-17,480,437,538,56,54,0.759,"SRC_SYNTH_REFERRALS,SRC_SYNTH_REFERRAL_TRIAGE,SRC_SYNTH_WAITLIST_SNAPSHOTS,SRC_SYNTH_CLINIC_TEMPLATES,SRC_SYNTH_PROVIDER_AVAILABILITY,SRC_SYNTH_NO_SHOW_LATE_CANCEL,SRC_SYNTH_DIAGNOSTIC_READINESS,SRC_SYNTH_HR_SHIFT_ROSTER,SRC_SYNTH_FINANCE_RESOURCE_ENVELOPE,SRC_OPEN_RESPIRATORY_VIRUS_DASHBOARD,SRC_OPEN_AQHI_SMOKE_CONTEXT,SRC_OPEN_SCHOOL_HOLIDAY_CALENDAR,SRC_OPEN_STATCAN_PED_POPULATION",modelled,ready
SITE_ACH_INSPIRED,Alberta Children's-inspired,rheumatology,Rheumatology,11,2026-08-24,476,433,533,57,54,0.759,"SRC_SYNTH_REFERRALS,SRC_SYNTH_REFERRAL_TRIAGE,SRC_SYNTH_WAITLIST_SNAPSHOTS,SRC_SYNTH_CLINIC_TEMPLATES,SRC_SYNTH_PROVIDER_AVAILABILITY,SRC_SYNTH_NO_SHOW_LATE_CANCEL,SRC_SYNTH_DIAGNOSTIC_READINESS,SRC_SYNTH_HR_SHIFT_ROSTER,SRC_SYNTH_FINANCE_RESOURCE_ENVELOPE,SRC_OPEN_RESPIRATORY_VIRUS_DASHBOARD,SRC_OPEN_AQHI_SMOKE_CONTEXT,SRC_OPEN_SCHOOL_HOLIDAY_CALENDAR,SRC_OPEN_STATCAN_PED_POPULATION",modelled,ready
SITE_ACH_INSPIRED,Alberta Children's-inspired,rheumatology,Rheumatology,12,2026-08-31,474,431,531,57,54,0.759,"SRC_SYNTH_REFERRALS,SRC_SYNTH_REFERRAL_TRIAGE,SRC_SYNTH_WAITLIST_SNAPSHOTS,SRC_SYNTH_CLINIC_TEMPLATES,SRC_SYNTH_PROVIDER_AVAILABILITY,SRC_SYNTH_NO_SHOW_LATE_CANCEL,SRC_SYNTH_DIAGNOSTIC_READINESS,SRC_SYNTH_HR_SHIFT_ROSTER,SRC_SYNTH_FINANCE_RESOURCE_ENVELOPE,SRC_OPEN_RESPIRATORY_VIRUS_DASHBOARD,SRC_OPEN_AQHI_SMOKE_CONTEXT,SRC_OPEN_SCHOOL_HOLIDAY_CALENDAR,SRC_OPEN_STATCAN_PED_POPULATION",modelled,ready
SITE_ACH_INSPIRED,Alberta Children's-inspired,rheumatology,Rheumatology,13,2026-09-07,473,430,530,57,54,0.759,"SRC_SYNTH_REFERRALS,SRC_SYNTH_REFERRAL_TRIAGE,SRC_SYNTH_WAITLIST_SNAPSHOTS,SRC_SYNTH_CLINIC_TEMPLATES,SRC_SYNTH_PROVIDER_AVAILABILITY,SRC_SYNTH_NO_SHOW_LATE_CANCEL,SRC_SYNTH_DIAGNOSTIC_READINESS,SRC_SYNTH_HR_SHIFT_ROSTER,SRC_SYNTH_FINANCE_RESOURCE_ENVELOPE,SRC_OPEN_RESPIRATORY_VIRUS_DASHBOARD,SRC_OPEN_AQHI_SMOKE_CONTEXT,SRC_OPEN_SCHOOL_HOLIDAY_CALENDAR,SRC_OPEN_STATCAN_PED_POPULATION",modelled,ready
SITE_ACH_INSPIRED,Alberta Children's-inspired,rheumatology,Rheumatology,14,2026-09-14,473,430,530,57,54,0.759,"SRC_SYNTH_REFERRALS,SRC_SYNTH_REFERRAL_TRIAGE,SRC_SYNTH_WAITLIST_SNAPSHOTS,SRC_SYNTH_CLINIC_TEMPLATES,SRC_SYNTH_PROVIDER_AVAILABILITY,SRC_SYNTH_NO_SHOW_LATE_CANCEL,SRC_SYNTH_DIAGNOSTIC_READINESS,SRC_SYNTH_HR_SHIFT_ROSTER,SRC_SYNTH_FINANCE_RESOURCE_ENVELOPE,SRC_OPEN_RESPIRATORY_VIRUS_DASHBOARD,SRC_OPEN_AQHI_SMOKE_CONTEXT,SRC_OPEN_SCHOOL_HOLIDAY_CALENDAR,SRC_OPEN_STATCAN_PED_POPULATION",modelled,ready
SITE_ACH_INSPIRED,Alberta Children's-inspired,rheumatology,Rheumatology,15,2026-09-21,474,431,531,58,54,0.759,"SRC_SYNTH_REFERRALS,SRC_SYNTH_REFERRAL_TRIAGE,SRC_SYNTH_WAITLIST_SNAPSHOTS,SRC_SYNTH_CLINIC_TEMPLATES,SRC_SYNTH_PROVIDER_AVAILABILITY,SRC_SYNTH_NO_SHOW_LATE_CANCEL,SRC_SYNTH_DIAGNOSTIC_READINESS,SRC_SYNTH_HR_SHIFT_ROSTER,SRC_SYNTH_FINANCE_RESOURCE_ENVELOPE,SRC_OPEN_RESPIRATORY_VIRUS_DASHBOARD,SRC_OPEN_AQHI_SMOKE_CONTEXT,SRC_OPEN_SCHOOL_HOLIDAY_CALENDAR,SRC_OPEN_STATCAN_PED_POPULATION",modelled,ready
SITE_ACH_INSPIRED,Alberta Children's-inspired,rheumatology,Rheumatology,16,2026-09-28,477,434,534,58,54,0.759,"SRC_SYNTH_REFERRALS,SRC_SYNTH_REFERRAL_TRIAGE,SRC_SYNTH_WAITLIST_SNAPSHOTS,SRC_SYNTH_CLINIC_TEMPLATES,SRC_SYNTH_PROVIDER_AVAILABILITY,SRC_SYNTH_NO_SHOW_LATE_CANCEL,SRC_SYNTH_DIAGNOSTIC_READINESS,SRC_SYNTH_HR_SHIFT_ROSTER,SRC_SYNTH_FINANCE_RESOURCE_ENVELOPE,SRC_OPEN_RESPIRATORY_VIRUS_DASHBOARD,SRC_OPEN_AQHI_SMOKE_CONTEXT,SRC_OPEN_SCHOOL_HOLIDAY_CALENDAR,SRC_OPEN_STATCAN_PED_POPULATION",modelled,ready
SITE_ACH_INSPIRED,Alberta Children's-inspired,rheumatology,Rheumatology,17,2026-10-05,481,438,539,59,55,0.759,"SRC_SYNTH_REFERRALS,SRC_SYNTH_REFERRAL_TRIAGE,SRC_SYNTH_WAITLIST_SNAPSHOTS,SRC_SYNTH_CLINIC_TEMPLATES,SRC_SYNTH_PROVIDER_AVAILABILITY,SRC_SYNTH_NO_SHOW_LATE_CANCEL,SRC_SYNTH_DIAGNOSTIC_READINESS,SRC_SYNTH_HR_SHIFT_ROSTER,SRC_SYNTH_FINANCE_RESOURCE_ENVELOPE,SRC_OPEN_RESPIRATORY_VIRUS_DASHBOARD,SRC_OPEN_AQHI_SMOKE_CONTEXT,SRC_OPEN_SCHOOL_HOLIDAY_CALENDAR,SRC_OPEN_STATCAN_PED_POPULATION",modelled,ready
SITE_ACH_INSPIRED,Alberta Children's-inspired,rheumatology,Rheumatology,18,2026-10-12,486,442,544,59,55,0.759,"SRC_SYNTH_REFERRALS,SRC_SYNTH_REFERRAL_TRIAGE,SRC_SYNTH_WAITLIST_SNAPSHOTS,SRC_SYNTH_CLINIC_TEMPLATES,SRC_SYNTH_PROVIDER_AVAILABILITY,SRC_SYNTH_NO_SHOW_LATE_CANCEL,SRC_SYNTH_DIAGNOSTIC_READINESS,SRC_SYNTH_HR_SHIFT_ROSTER,SRC_SYNTH_FINANCE_RESOURCE_ENVELOPE,SRC_OPEN_RESPIRATORY_VIRUS_DASHBOARD,SRC_OPEN_AQHI_SMOKE_CONTEXT,SRC_OPEN_SCHOOL_HOLIDAY_CALENDAR,SRC_OPEN_STATCAN_PED_POPULATION",modelled,ready
SITE_ACH_INSPIRED,Alberta Children's-inspired,rheumatology,Rheumatology,19,2026-10-19,493,449,552,60,55,0.759,"SRC_SYNTH_REFERRALS,SRC_SYNTH_REFERRAL_TRIAGE,SRC_SYNTH_WAITLIST_SNAPSHOTS,SRC_SYNTH_CLINIC_TEMPLATES,SRC_SYNTH_PROVIDER_AVAILABILITY,SRC_SYNTH_NO_SHOW_LATE_CANCEL,SRC_SYNTH_DIAGNOSTIC_READINESS,SRC_SYNTH_HR_SHIFT_ROSTER,SRC_SYNTH_FINANCE_RESOURCE_ENVELOPE,SRC_OPEN_RESPIRATORY_VIRUS_DASHBOARD,SRC_OPEN_AQHI_SMOKE_CONTEXT,SRC_OPEN_SCHOOL_HOLIDAY_CALENDAR,SRC_OPEN_STATCAN_PED_POPULATION",modelled,ready
SITE_ACH_INSPIRED,Alberta Children's-inspired,rheumatology,Rheumatology,20,2026-10-26,501,456,561,61,55,0.759,"SRC_SYNTH_REFERRALS,SRC_SYNTH_REFERRAL_TRIAGE,SRC_SYNTH_WAITLIST_SNAPSHOTS,SRC_SYNTH_CLINIC_TEMPLATES,SRC_SYNTH_PROVIDER_AVAILABILITY,SRC_SYNTH_NO_SHOW_LATE_CANCEL,SRC_SYNTH_DIAGNOSTIC_READINESS,SRC_SYNTH_HR_SHIFT_ROSTER,SRC_SYNTH_FINANCE_RESOURCE_ENVELOPE,SRC_OPEN_RESPIRATORY_VIRUS_DASHBOARD,SRC_OPEN_AQHI_SMOKE_CONTEXT,SRC_OPEN_SCHOOL_HOLIDAY_CALENDAR,SRC_OPEN_STATCAN_PED_POPULATION",modelled,ready
SITE_ACH_INSPIRED,Alberta Children's-inspired,rheumatology,Rheumatology,21,2026-11-02,510,464,571,61,55,0.759,"SRC_SYNTH_REFERRALS,SRC_SYNTH_REFERRAL_TRIAGE,SRC_SYNTH_WAITLIST_SNAPSHOTS,SRC_SYNTH_CLINIC_TEMPLATES,SRC_SYNTH_PROVIDER_AVAILABILITY,SRC_SYNTH_NO_SHOW_LATE_CANCEL,SRC_SYNTH_DIAGNOSTIC_READINESS,SRC_SYNTH_HR_SHIFT_ROSTER,SRC_SYNTH_FINANCE_RESOURCE_ENVELOPE,SRC_OPEN_RESPIRATORY_VIRUS_DASHBOARD,SRC_OPEN_AQHI_SMOKE_CONTEXT,SRC_OPEN_SCHOOL_HOLIDAY_CALENDAR,SRC_OPEN_STATCAN_PED_POPULATION",modelled,ready
SITE_ACH_INSPIRED,Alberta Children's-inspired,rheumatology,Rheumatology,22,2026-11-09,520,473,582,62,55,0.759,"SRC_SYNTH_REFERRALS,SRC_SYNTH_REFERRAL_TRIAGE,SRC_SYNTH_WAITLIST_SNAPSHOTS,SRC_SYNTH_CLINIC_TEMPLATES,SRC_SYNTH_PROVIDER_AVAILABILITY,SRC_SYNTH_NO_SHOW_LATE_CANCEL,SRC_SYNTH_DIAGNOSTIC_READINESS,SRC_SYNTH_HR_SHIFT_ROSTER,SRC_SYNTH_FINANCE_RESOURCE_ENVELOPE,SRC_OPEN_RESPIRATORY_VIRUS_DASHBOARD,SRC_OPEN_AQHI_SMOKE_CONTEXT,SRC_OPEN_SCHOOL_HOLIDAY_CALENDAR,SRC_OPEN_STATCAN_PED_POPULATION",modelled,ready
SITE_ACH_INSPIRED,Alberta Children's-inspired,rheumatology,Rheumatology,23,2026-11-16,530,482,594,63,56,0.759,"SRC_SYNTH_REFERRALS,SRC_SYNTH_REFERRAL_TRIAGE,SRC_SYNTH_WAITLIST_SNAPSHOTS,SRC_SYNTH_CLINIC_TEMPLATES,SRC_SYNTH_PROVIDER_AVAILABILITY,SRC_SYNTH_NO_SHOW_LATE_CANCEL,SRC_SYNTH_DIAGNOSTIC_READINESS,SRC_SYNTH_HR_SHIFT_ROSTER,SRC_SYNTH_FINANCE_RESOURCE_ENVELOPE,SRC_OPEN_RESPIRATORY_VIRUS_DASHBOARD,SRC_OPEN_AQHI_SMOKE_CONTEXT,SRC_OPEN_SCHOOL_HOLIDAY_CALENDAR,SRC_OPEN_STATCAN_PED_POPULATION",modelled,ready
SITE_ACH_INSPIRED,Alberta Children's-inspired,rheumatology,Rheumatology,24,2026-11-23,541,492,606,64,56,0.759,"SRC_SYNTH_REFERRALS,SRC_SYNTH_REFERRAL_TRIAGE,SRC_SYNTH_WAITLIST_SNAPSHOTS,SRC_SYNTH_CLINIC_TEMPLATES,SRC_SYNTH_PROVIDER_AVAILABILITY,SRC_SYNTH_NO_SHOW_LATE_CANCEL,SRC_SYNTH_DIAGNOSTIC_READINESS,SRC_SYNTH_HR_SHIFT_ROSTER,SRC_SYNTH_FINANCE_RESOURCE_ENVELOPE,SRC_OPEN_RESPIRATORY_VIRUS_DASHBOARD,SRC_OPEN_AQHI_SMOKE_CONTEXT,SRC_OPEN_SCHOOL_HOLIDAY_CALENDAR,SRC_OPEN_STATCAN_PED_POPULATION",modelled,ready
SITE_ACH_INSPIRED,Alberta Children's-inspired,rheumatology,Rheumatology,25,2026-11-30,552,502,618,65,56,0.759,"SRC_SYNTH_REFERRALS,SRC_SYNTH_REFERRAL_TRIAGE,SRC_SYNTH_WAITLIST_SNAPSHOTS,SRC_SYNTH_CLINIC_TEMPLATES,SRC_SYNTH_PROVIDER_AVAILABILITY,SRC_SYNTH_NO_SHOW_LATE_CANCEL,SRC_SYNTH_DIAGNOSTIC_READINESS,SRC_SYNTH_HR_SHIFT_ROSTER,SRC_SYNTH_FINANCE_RESOURCE_ENVELOPE,SRC_OPEN_RESPIRATORY_VIRUS_DASHBOARD,SRC_OPEN_AQHI_SMOKE_CONTEXT,SRC_OPEN_SCHOOL_HOLIDAY_CALENDAR,SRC_OPEN_STATCAN_PED_POPULATION",modelled,ready
SITE_ACH_INSPIRED,Alberta Children's-inspired,rheumatology,Rheumatology,26,2026-12-07,563,512,631,65,56,0.759,"SRC_SYNTH_REFERRALS,SRC_SYNTH_REFERRAL_TRIAGE,SRC_SYNTH_WAITLIST_SNAPSHOTS,SRC_SYNTH_CLINIC_TEMPLATES,SRC_SYNTH_PROVIDER_AVAILABILITY,SRC_SYNTH_NO_SHOW_LATE_CANCEL,SRC_SYNTH_DIAGNOSTIC_READINESS,SRC_SYNTH_HR_SHIFT_ROSTER,SRC_SYNTH_FINANCE_RESOURCE_ENVELOPE,SRC_OPEN_RESPIRATORY_VIRUS_DASHBOARD,SRC_OPEN_AQHI_SMOKE_CONTEXT,SRC_OPEN_SCHOOL_HOLIDAY_CALENDAR,SRC_OPEN_STATCAN_PED_POPULATION",modelled,ready
SITE_ACH_INSPIRED,Alberta Children's-inspired,diagnostics,Diagnostics,1,2026-06-15,1120,1019,1254,66,118,0.725,"SRC_SYNTH_REFERRALS,SRC_SYNTH_REFERRAL_TRIAGE,SRC_SYNTH_WAITLIST_SNAPSHOTS,SRC_SYNTH_CLINIC_TEMPLATES,SRC_SYNTH_PROVIDER_AVAILABILITY,SRC_SYNTH_NO_SHOW_LATE_CANCEL,SRC_SYNTH_DIAGNOSTIC_READINESS,SRC_SYNTH_HR_SHIFT_ROSTER,SRC_SYNTH_FINANCE_RESOURCE_ENVELOPE,SRC_OPEN_RESPIRATORY_VIRUS_DASHBOARD,SRC_OPEN_AQHI_SMOKE_CONTEXT,SRC_OPEN_SCHOOL_HOLIDAY_CALENDAR,SRC_OPEN_STATCAN_PED_POPULATION",modelled,review
SITE_ACH_INSPIRED,Alberta Children's-inspired,diagnostics,Diagnostics,2,2026-06-22,1116,1016,1250,67,118,0.725,"SRC_SYNTH_REFERRALS,SRC_SYNTH_REFERRAL_TRIAGE,SRC_SYNTH_WAITLIST_SNAPSHOTS,SRC_SYNTH_CLINIC_TEMPLATES,SRC_SYNTH_PROVIDER_AVAILABILITY,SRC_SYNTH_NO_SHOW_LATE_CANCEL,SRC_SYNTH_DIAGNOSTIC_READINESS,SRC_SYNTH_HR_SHIFT_ROSTER,SRC_SYNTH_FINANCE_RESOURCE_ENVELOPE,SRC_OPEN_RESPIRATORY_VIRUS_DASHBOARD,SRC_OPEN_AQHI_SMOKE_CONTEXT,SRC_OPEN_SCHOOL_HOLIDAY_CALENDAR,SRC_OPEN_STATCAN_PED_POPULATION",modelled,review
SITE_ACH_INSPIRED,Alberta Children's-inspired,diagnostics,Diagnostics,3,2026-06-29,1110,1010,1243,67,119,0.725,"SRC_SYNTH_REFERRALS,SRC_SYNTH_REFERRAL_TRIAGE,SRC_SYNTH_WAITLIST_SNAPSHOTS,SRC_SYNTH_CLINIC_TEMPLATES,SRC_SYNTH_PROVIDER_AVAILABILITY,SRC_SYNTH_NO_SHOW_LATE_CANCEL,SRC_SYNTH_DIAGNOSTIC_READINESS,SRC_SYNTH_HR_SHIFT_ROSTER,SRC_SYNTH_FINANCE_RESOURCE_ENVELOPE,SRC_OPEN_RESPIRATORY_VIRUS_DASHBOARD,SRC_OPEN_AQHI_SMOKE_CONTEXT,SRC_OPEN_SCHOOL_HOLIDAY_CALENDAR,SRC_OPEN_STATCAN_PED_POPULATION",modelled,review
SITE_ACH_INSPIRED,Alberta Children's-inspired,diagnostics,Diagnostics,4,2026-07-06,1102,1003,1234,67,119,0.725,"SRC_SYNTH_REFERRALS,SRC_SYNTH_REFERRAL_TRIAGE,SRC_SYNTH_WAITLIST_SNAPSHOTS,SRC_SYNTH_CLINIC_TEMPLATES,SRC_SYNTH_PROVIDER_AVAILABILITY,SRC_SYNTH_NO_SHOW_LATE_CANCEL,SRC_SYNTH_DIAGNOSTIC_READINESS,SRC_SYNTH_HR_SHIFT_ROSTER,SRC_SYNTH_FINANCE_RESOURCE_ENVELOPE,SRC_OPEN_RESPIRATORY_VIRUS_DASHBOARD,SRC_OPEN_AQHI_SMOKE_CONTEXT,SRC_OPEN_SCHOOL_HOLIDAY_CALENDAR,SRC_OPEN_STATCAN_PED_POPULATION",modelled,review
SITE_ACH_INSPIRED,Alberta Children's-inspired,diagnostics,Diagnostics,5,2026-07-13,1093,995,1224,67,120,0.725,"SRC_SYNTH_REFERRALS,SRC_SYNTH_REFERRAL_TRIAGE,SRC_SYNTH_WAITLIST_SNAPSHOTS,SRC_SYNTH_CLINIC_TEMPLATES,SRC_SYNTH_PROVIDER_AVAILABILITY,SRC_SYNTH_NO_SHOW_LATE_CANCEL,SRC_SYNTH_DIAGNOSTIC_READINESS,SRC_SYNTH_HR_SHIFT_ROSTER,SRC_SYNTH_FINANCE_RESOURCE_ENVELOPE,SRC_OPEN_RESPIRATORY_VIRUS_DASHBOARD,SRC_OPEN_AQHI_SMOKE_CONTEXT,SRC_OPEN_SCHOOL_HOLIDAY_CALENDAR,SRC_OPEN_STATCAN_PED_POPULATION",modelled,review
SITE_ACH_INSPIRED,Alberta Children's-inspired,diagnostics,Diagnostics,6,2026-07-20,1084,986,1214,67,121,0.725,"SRC_SYNTH_REFERRALS,SRC_SYNTH_REFERRAL_TRIAGE,SRC_SYNTH_WAITLIST_SNAPSHOTS,SRC_SYNTH_CLINIC_TEMPLATES,SRC_SYNTH_PROVIDER_AVAILABILITY,SRC_SYNTH_NO_SHOW_LATE_CANCEL,SRC_SYNTH_DIAGNOSTIC_READINESS,SRC_SYNTH_HR_SHIFT_ROSTER,SRC_SYNTH_FINANCE_RESOURCE_ENVELOPE,SRC_OPEN_RESPIRATORY_VIRUS_DASHBOARD,SRC_OPEN_AQHI_SMOKE_CONTEXT,SRC_OPEN_SCHOOL_HOLIDAY_CALENDAR,SRC_OPEN_STATCAN_PED_POPULATION",modelled,review
SITE_ACH_INSPIRED,Alberta Children's-inspired,diagnostics,Diagnostics,7,2026-07-27,1074,977,1203,67,121,0.725,"SRC_SYNTH_REFERRALS,SRC_SYNTH_REFERRAL_TRIAGE,SRC_SYNTH_WAITLIST_SNAPSHOTS,SRC_SYNTH_CLINIC_TEMPLATES,SRC_SYNTH_PROVIDER_AVAILABILITY,SRC_SYNTH_NO_SHOW_LATE_CANCEL,SRC_SYNTH_DIAGNOSTIC_READINESS,SRC_SYNTH_HR_SHIFT_ROSTER,SRC_SYNTH_FINANCE_RESOURCE_ENVELOPE,SRC_OPEN_RESPIRATORY_VIRUS_DASHBOARD,SRC_OPEN_AQHI_SMOKE_CONTEXT,SRC_OPEN_SCHOOL_HOLIDAY_CALENDAR,SRC_OPEN_STATCAN_PED_POPULATION",modelled,review
SITE_ACH_INSPIRED,Alberta Children's-inspired,diagnostics,Diagnostics,8,2026-08-03,1064,968,1192,67,122,0.725,"SRC_SYNTH_REFERRALS,SRC_SYNTH_REFERRAL_TRIAGE,SRC_SYNTH_WAITLIST_SNAPSHOTS,SRC_SYNTH_CLINIC_TEMPLATES,SRC_SYNTH_PROVIDER_AVAILABILITY,SRC_SYNTH_NO_SHOW_LATE_CANCEL,SRC_SYNTH_DIAGNOSTIC_READINESS,SRC_SYNTH_HR_SHIFT_ROSTER,SRC_SYNTH_FINANCE_RESOURCE_ENVELOPE,SRC_OPEN_RESPIRATORY_VIRUS_DASHBOARD,SRC_OPEN_AQHI_SMOKE_CONTEXT,SRC_OPEN_SCHOOL_HOLIDAY_CALENDAR,SRC_OPEN_STATCAN_PED_POPULATION",modelled,review
SITE_ACH_INSPIRED,Alberta Children's-inspired,diagnostics,Diagnostics,9,2026-08-10,1056,961,1183,67,122,0.725,"SRC_SYNTH_REFERRALS,SRC_SYNTH_REFERRAL_TRIAGE,SRC_SYNTH_WAITLIST_SNAPSHOTS,SRC_SYNTH_CLINIC_TEMPLATES,SRC_SYNTH_PROVIDER_AVAILABILITY,SRC_SYNTH_NO_SHOW_LATE_CANCEL,SRC_SYNTH_DIAGNOSTIC_READINESS,SRC_SYNTH_HR_SHIFT_ROSTER,SRC_SYNTH_FINANCE_RESOURCE_ENVELOPE,SRC_OPEN_RESPIRATORY_VIRUS_DASHBOARD,SRC_OPEN_AQHI_SMOKE_CONTEXT,SRC_OPEN_SCHOOL_HOLIDAY_CALENDAR,SRC_OPEN_STATCAN_PED_POPULATION",modelled,review
SITE_ACH_INSPIRED,Alberta Children's-inspired,diagnostics,Diagnostics,10,2026-08-17,1049,955,1175,67,123,0.725,"SRC_SYNTH_REFERRALS,SRC_SYNTH_REFERRAL_TRIAGE,SRC_SYNTH_WAITLIST_SNAPSHOTS,SRC_SYNTH_CLINIC_TEMPLATES,SRC_SYNTH_PROVIDER_AVAILABILITY,SRC_SYNTH_NO_SHOW_LATE_CANCEL,SRC_SYNTH_DIAGNOSTIC_READINESS,SRC_SYNTH_HR_SHIFT_ROSTER,SRC_SYNTH_FINANCE_RESOURCE_ENVELOPE,SRC_OPEN_RESPIRATORY_VIRUS_DASHBOARD,SRC_OPEN_AQHI_SMOKE_CONTEXT,SRC_OPEN_SCHOOL_HOLIDAY_CALENDAR,SRC_OPEN_STATCAN_PED_POPULATION",modelled,review
SITE_ACH_INSPIRED,Alberta Children's-inspired,diagnostics,Diagnostics,11,2026-08-24,1044,950,1169,67,123,0.725,"SRC_SYNTH_REFERRALS,SRC_SYNTH_REFERRAL_TRIAGE,SRC_SYNTH_WAITLIST_SNAPSHOTS,SRC_SYNTH_CLINIC_TEMPLATES,SRC_SYNTH_PROVIDER_AVAILABILITY,SRC_SYNTH_NO_SHOW_LATE_CANCEL,SRC_SYNTH_DIAGNOSTIC_READINESS,SRC_SYNTH_HR_SHIFT_ROSTER,SRC_SYNTH_FINANCE_RESOURCE_ENVELOPE,SRC_OPEN_RESPIRATORY_VIRUS_DASHBOARD,SRC_OPEN_AQHI_SMOKE_CONTEXT,SRC_OPEN_SCHOOL_HOLIDAY_CALENDAR,SRC_OPEN_STATCAN_PED_POPULATION",modelled,review
SITE_ACH_INSPIRED,Alberta Children's-inspired,diagnostics,Diagnostics,12,2026-08-31,1041,947,1166,67,124,0.725,"SRC_SYNTH_REFERRALS,SRC_SYNTH_REFERRAL_TRIAGE,SRC_SYNTH_WAITLIST_SNAPSHOTS,SRC_SYNTH_CLINIC_TEMPLATES,SRC_SYNTH_PROVIDER_AVAILABILITY,SRC_SYNTH_NO_SHOW_LATE_CANCEL,SRC_SYNTH_DIAGNOSTIC_READINESS,SRC_SYNTH_HR_SHIFT_ROSTER,SRC_SYNTH_FINANCE_RESOURCE_ENVELOPE,SRC_OPEN_RESPIRATORY_VIRUS_DASHBOARD,SRC_OPEN_AQHI_SMOKE_CONTEXT,SRC_OPEN_SCHOOL_HOLIDAY_CALENDAR,SRC_OPEN_STATCAN_PED_POPULATION",modelled,review
SITE_ACH_INSPIRED,Alberta Children's-inspired,diagnostics,Diagnostics,13,2026-09-07,1041,947,1166,67,125,0.725,"SRC_SYNTH_REFERRALS,SRC_SYNTH_REFERRAL_TRIAGE,SRC_SYNTH_WAITLIST_SNAPSHOTS,SRC_SYNTH_CLINIC_TEMPLATES,SRC_SYNTH_PROVIDER_AVAILABILITY,SRC_SYNTH_NO_SHOW_LATE_CANCEL,SRC_SYNTH_DIAGNOSTIC_READINESS,SRC_SYNTH_HR_SHIFT_ROSTER,SRC_SYNTH_FINANCE_RESOURCE_ENVELOPE,SRC_OPEN_RESPIRATORY_VIRUS_DASHBOARD,SRC_OPEN_AQHI_SMOKE_CONTEXT,SRC_OPEN_SCHOOL_HOLIDAY_CALENDAR,SRC_OPEN_STATCAN_PED_POPULATION",modelled,review
SITE_ACH_INSPIRED,Alberta Children's-inspired,diagnostics,Diagnostics,14,2026-09-14,1044,950,1169,68,125,0.725,"SRC_SYNTH_REFERRALS,SRC_SYNTH_REFERRAL_TRIAGE,SRC_SYNTH_WAITLIST_SNAPSHOTS,SRC_SYNTH_CLINIC_TEMPLATES,SRC_SYNTH_PROVIDER_AVAILABILITY,SRC_SYNTH_NO_SHOW_LATE_CANCEL,SRC_SYNTH_DIAGNOSTIC_READINESS,SRC_SYNTH_HR_SHIFT_ROSTER,SRC_SYNTH_FINANCE_RESOURCE_ENVELOPE,SRC_OPEN_RESPIRATORY_VIRUS_DASHBOARD,SRC_OPEN_AQHI_SMOKE_CONTEXT,SRC_OPEN_SCHOOL_HOLIDAY_CALENDAR,SRC_OPEN_STATCAN_PED_POPULATION",modelled,review
SITE_ACH_INSPIRED,Alberta Children's-inspired,diagnostics,Diagnostics,15,2026-09-21,1050,956,1176,68,126,0.725,"SRC_SYNTH_REFERRALS,SRC_SYNTH_REFERRAL_TRIAGE,SRC_SYNTH_WAITLIST_SNAPSHOTS,SRC_SYNTH_CLINIC_TEMPLATES,SRC_SYNTH_PROVIDER_AVAILABILITY,SRC_SYNTH_NO_SHOW_LATE_CANCEL,SRC_SYNTH_DIAGNOSTIC_READINESS,SRC_SYNTH_HR_SHIFT_ROSTER,SRC_SYNTH_FINANCE_RESOURCE_ENVELOPE,SRC_OPEN_RESPIRATORY_VIRUS_DASHBOARD,SRC_OPEN_AQHI_SMOKE_CONTEXT,SRC_OPEN_SCHOOL_HOLIDAY_CALENDAR,SRC_OPEN_STATCAN_PED_POPULATION",modelled,review
SITE_ACH_INSPIRED,Alberta Children's-inspired,diagnostics,Diagnostics,16,2026-09-28,1059,964,1186,69,126,0.725,"SRC_SYNTH_REFERRALS,SRC_SYNTH_REFERRAL_TRIAGE,SRC_SYNTH_WAITLIST_SNAPSHOTS,SRC_SYNTH_CLINIC_TEMPLATES,SRC_SYNTH_PROVIDER_AVAILABILITY,SRC_SYNTH_NO_SHOW_LATE_CANCEL,SRC_SYNTH_DIAGNOSTIC_READINESS,SRC_SYNTH_HR_SHIFT_ROSTER,SRC_SYNTH_FINANCE_RESOURCE_ENVELOPE,SRC_OPEN_RESPIRATORY_VIRUS_DASHBOARD,SRC_OPEN_AQHI_SMOKE_CONTEXT,SRC_OPEN_SCHOOL_HOLIDAY_CALENDAR,SRC_OPEN_STATCAN_PED_POPULATION",modelled,review
SITE_ACH_INSPIRED,Alberta Children's-inspired,diagnostics,Diagnostics,17,2026-10-05,1071,975,1200,69,127,0.725,"SRC_SYNTH_REFERRALS,SRC_SYNTH_REFERRAL_TRIAGE,SRC_SYNTH_WAITLIST_SNAPSHOTS,SRC_SYNTH_CLINIC_TEMPLATES,SRC_SYNTH_PROVIDER_AVAILABILITY,SRC_SYNTH_NO_SHOW_LATE_CANCEL,SRC_SYNTH_DIAGNOSTIC_READINESS,SRC_SYNTH_HR_SHIFT_ROSTER,SRC_SYNTH_FINANCE_RESOURCE_ENVELOPE,SRC_OPEN_RESPIRATORY_VIRUS_DASHBOARD,SRC_OPEN_AQHI_SMOKE_CONTEXT,SRC_OPEN_SCHOOL_HOLIDAY_CALENDAR,SRC_OPEN_STATCAN_PED_POPULATION",modelled,review
SITE_ACH_INSPIRED,Alberta Children's-inspired,diagnostics,Diagnostics,18,2026-10-12,1086,988,1216,70,128,0.725,"SRC_SYNTH_REFERRALS,SRC_SYNTH_REFERRAL_TRIAGE,SRC_SYNTH_WAITLIST_SNAPSHOTS,SRC_SYNTH_CLINIC_TEMPLATES,SRC_SYNTH_PROVIDER_AVAILABILITY,SRC_SYNTH_NO_SHOW_LATE_CANCEL,SRC_SYNTH_DIAGNOSTIC_READINESS,SRC_SYNTH_HR_SHIFT_ROSTER,SRC_SYNTH_FINANCE_RESOURCE_ENVELOPE,SRC_OPEN_RESPIRATORY_VIRUS_DASHBOARD,SRC_OPEN_AQHI_SMOKE_CONTEXT,SRC_OPEN_SCHOOL_HOLIDAY_CALENDAR,SRC_OPEN_STATCAN_PED_POPULATION",modelled,review
SITE_ACH_INSPIRED,Alberta Children's-inspired,diagnostics,Diagnostics,19,2026-10-19,1103,1004,1235,71,128,0.725,"SRC_SYNTH_REFERRALS,SRC_SYNTH_REFERRAL_TRIAGE,SRC_SYNTH_WAITLIST_SNAPSHOTS,SRC_SYNTH_CLINIC_TEMPLATES,SRC_SYNTH_PROVIDER_AVAILABILITY,SRC_SYNTH_NO_SHOW_LATE_CANCEL,SRC_SYNTH_DIAGNOSTIC_READINESS,SRC_SYNTH_HR_SHIFT_ROSTER,SRC_SYNTH_FINANCE_RESOURCE_ENVELOPE,SRC_OPEN_RESPIRATORY_VIRUS_DASHBOARD,SRC_OPEN_AQHI_SMOKE_CONTEXT,SRC_OPEN_SCHOOL_HOLIDAY_CALENDAR,SRC_OPEN_STATCAN_PED_POPULATION",modelled,review
SITE_ACH_INSPIRED,Alberta Children's-inspired,diagnostics,Diagnostics,20,2026-10-26,1123,1022,1258,72,129,0.725,"SRC_SYNTH_REFERRALS,SRC_SYNTH_REFERRAL_TRIAGE,SRC_SYNTH_WAITLIST_SNAPSHOTS,SRC_SYNTH_CLINIC_TEMPLATES,SRC_SYNTH_PROVIDER_AVAILABILITY,SRC_SYNTH_NO_SHOW_LATE_CANCEL,SRC_SYNTH_DIAGNOSTIC_READINESS,SRC_SYNTH_HR_SHIFT_ROSTER,SRC_SYNTH_FINANCE_RESOURCE_ENVELOPE,SRC_OPEN_RESPIRATORY_VIRUS_DASHBOARD,SRC_OPEN_AQHI_SMOKE_CONTEXT,SRC_OPEN_SCHOOL_HOLIDAY_CALENDAR,SRC_OPEN_STATCAN_PED_POPULATION",modelled,review
SITE_ACH_INSPIRED,Alberta Children's-inspired,diagnostics,Diagnostics,21,2026-11-02,1145,1042,1282,73,129,0.725,"SRC_SYNTH_REFERRALS,SRC_SYNTH_REFERRAL_TRIAGE,SRC_SYNTH_WAITLIST_SNAPSHOTS,SRC_SYNTH_CLINIC_TEMPLATES,SRC_SYNTH_PROVIDER_AVAILABILITY,SRC_SYNTH_NO_SHOW_LATE_CANCEL,SRC_SYNTH_DIAGNOSTIC_READINESS,SRC_SYNTH_HR_SHIFT_ROSTER,SRC_SYNTH_FINANCE_RESOURCE_ENVELOPE,SRC_OPEN_RESPIRATORY_VIRUS_DASHBOARD,SRC_OPEN_AQHI_SMOKE_CONTEXT,SRC_OPEN_SCHOOL_HOLIDAY_CALENDAR,SRC_OPEN_STATCAN_PED_POPULATION",modelled,review
SITE_ACH_INSPIRED,Alberta Children's-inspired,diagnostics,Diagnostics,22,2026-11-09,1168,1063,1308,73,130,0.725,"SRC_SYNTH_REFERRALS,SRC_SYNTH_REFERRAL_TRIAGE,SRC_SYNTH_WAITLIST_SNAPSHOTS,SRC_SYNTH_CLINIC_TEMPLATES,SRC_SYNTH_PROVIDER_AVAILABILITY,SRC_SYNTH_NO_SHOW_LATE_CANCEL,SRC_SYNTH_DIAGNOSTIC_READINESS,SRC_SYNTH_HR_SHIFT_ROSTER,SRC_SYNTH_FINANCE_RESOURCE_ENVELOPE,SRC_OPEN_RESPIRATORY_VIRUS_DASHBOARD,SRC_OPEN_AQHI_SMOKE_CONTEXT,SRC_OPEN_SCHOOL_HOLIDAY_CALENDAR,SRC_OPEN_STATCAN_PED_POPULATION",modelled,review
SITE_ACH_INSPIRED,Alberta Children's-inspired,diagnostics,Diagnostics,23,2026-11-16,1191,1084,1334,74,130,0.725,"SRC_SYNTH_REFERRALS,SRC_SYNTH_REFERRAL_TRIAGE,SRC_SYNTH_WAITLIST_SNAPSHOTS,SRC_SYNTH_CLINIC_TEMPLATES,SRC_SYNTH_PROVIDER_AVAILABILITY,SRC_SYNTH_NO_SHOW_LATE_CANCEL,SRC_SYNTH_DIAGNOSTIC_READINESS,SRC_SYNTH_HR_SHIFT_ROSTER,SRC_SYNTH_FINANCE_RESOURCE_ENVELOPE,SRC_OPEN_RESPIRATORY_VIRUS_DASHBOARD,SRC_OPEN_AQHI_SMOKE_CONTEXT,SRC_OPEN_SCHOOL_HOLIDAY_CALENDAR,SRC_OPEN_STATCAN_PED_POPULATION",modelled,review
SITE_ACH_INSPIRED,Alberta Children's-inspired,diagnostics,Diagnostics,24,2026-11-23,1215,1106,1361,75,131,0.725,"SRC_SYNTH_REFERRALS,SRC_SYNTH_REFERRAL_TRIAGE,SRC_SYNTH_WAITLIST_SNAPSHOTS,SRC_SYNTH_CLINIC_TEMPLATES,SRC_SYNTH_PROVIDER_AVAILABILITY,SRC_SYNTH_NO_SHOW_LATE_CANCEL,SRC_SYNTH_DIAGNOSTIC_READINESS,SRC_SYNTH_HR_SHIFT_ROSTER,SRC_SYNTH_FINANCE_RESOURCE_ENVELOPE,SRC_OPEN_RESPIRATORY_VIRUS_DASHBOARD,SRC_OPEN_AQHI_SMOKE_CONTEXT,SRC_OPEN_SCHOOL_HOLIDAY_CALENDAR,SRC_OPEN_STATCAN_PED_POPULATION",modelled,review
SITE_ACH_INSPIRED,Alberta Children's-inspired,diagnostics,Diagnostics,25,2026-11-30,1239,1127,1388,76,132,0.725,"SRC_SYNTH_REFERRALS,SRC_SYNTH_REFERRAL_TRIAGE,SRC_SYNTH_WAITLIST_SNAPSHOTS,SRC_SYNTH_CLINIC_TEMPLATES,SRC_SYNTH_PROVIDER_AVAILABILITY,SRC_SYNTH_NO_SHOW_LATE_CANCEL,SRC_SYNTH_DIAGNOSTIC_READINESS,SRC_SYNTH_HR_SHIFT_ROSTER,SRC_SYNTH_FINANCE_RESOURCE_ENVELOPE,SRC_OPEN_RESPIRATORY_VIRUS_DASHBOARD,SRC_OPEN_AQHI_SMOKE_CONTEXT,SRC_OPEN_SCHOOL_HOLIDAY_CALENDAR,SRC_OPEN_STATCAN_PED_POPULATION",modelled,review
SITE_ACH_INSPIRED,Alberta Children's-inspired,diagnostics,Diagnostics,26,2026-12-07,1261,1148,1412,77,132,0.725,"SRC_SYNTH_REFERRALS,SRC_SYNTH_REFERRAL_TRIAGE,SRC_SYNTH_WAITLIST_SNAPSHOTS,SRC_SYNTH_CLINIC_TEMPLATES,SRC_SYNTH_PROVIDER_AVAILABILITY,SRC_SYNTH_NO_SHOW_LATE_CANCEL,SRC_SYNTH_DIAGNOSTIC_READINESS,SRC_SYNTH_HR_SHIFT_ROSTER,SRC_SYNTH_FINANCE_RESOURCE_ENVELOPE,SRC_OPEN_RESPIRATORY_VIRUS_DASHBOARD,SRC_OPEN_AQHI_SMOKE_CONTEXT,SRC_OPEN_SCHOOL_HOLIDAY_CALENDAR,SRC_OPEN_STATCAN_PED_POPULATION",modelled,review
SITE_ACH_INSPIRED,Alberta Children's-inspired,post_discharge_follow_up,Post-discharge follow-up,1,2026-06-15,626,570,701,59,68,0.82,"SRC_SYNTH_REFERRALS,SRC_SYNTH_REFERRAL_TRIAGE,SRC_SYNTH_WAITLIST_SNAPSHOTS,SRC_SYNTH_CLINIC_TEMPLATES,SRC_SYNTH_PROVIDER_AVAILABILITY,SRC_SYNTH_NO_SHOW_LATE_CANCEL,SRC_SYNTH_DIAGNOSTIC_READINESS,SRC_SYNTH_HR_SHIFT_ROSTER,SRC_SYNTH_FINANCE_RESOURCE_ENVELOPE,SRC_OPEN_RESPIRATORY_VIRUS_DASHBOARD,SRC_OPEN_AQHI_SMOKE_CONTEXT,SRC_OPEN_SCHOOL_HOLIDAY_CALENDAR,SRC_OPEN_STATCAN_PED_POPULATION",modelled,ready
SITE_ACH_INSPIRED,Alberta Children's-inspired,post_discharge_follow_up,Post-discharge follow-up,2,2026-06-22,622,566,697,59,69,0.82,"SRC_SYNTH_REFERRALS,SRC_SYNTH_REFERRAL_TRIAGE,SRC_SYNTH_WAITLIST_SNAPSHOTS,SRC_SYNTH_CLINIC_TEMPLATES,SRC_SYNTH_PROVIDER_AVAILABILITY,SRC_SYNTH_NO_SHOW_LATE_CANCEL,SRC_SYNTH_DIAGNOSTIC_READINESS,SRC_SYNTH_HR_SHIFT_ROSTER,SRC_SYNTH_FINANCE_RESOURCE_ENVELOPE,SRC_OPEN_RESPIRATORY_VIRUS_DASHBOARD,SRC_OPEN_AQHI_SMOKE_CONTEXT,SRC_OPEN_SCHOOL_HOLIDAY_CALENDAR,SRC_OPEN_STATCAN_PED_POPULATION",modelled,ready
SITE_ACH_INSPIRED,Alberta Children's-inspired,post_discharge_follow_up,Post-discharge follow-up,3,2026-06-29,618,562,692,59,69,0.82,"SRC_SYNTH_REFERRALS,SRC_SYNTH_REFERRAL_TRIAGE,SRC_SYNTH_WAITLIST_SNAPSHOTS,SRC_SYNTH_CLINIC_TEMPLATES,SRC_SYNTH_PROVIDER_AVAILABILITY,SRC_SYNTH_NO_SHOW_LATE_CANCEL,SRC_SYNTH_DIAGNOSTIC_READINESS,SRC_SYNTH_HR_SHIFT_ROSTER,SRC_SYNTH_FINANCE_RESOURCE_ENVELOPE,SRC_OPEN_RESPIRATORY_VIRUS_DASHBOARD,SRC_OPEN_AQHI_SMOKE_CONTEXT,SRC_OPEN_SCHOOL_HOLIDAY_CALENDAR,SRC_OPEN_STATCAN_PED_POPULATION",modelled,ready
SITE_ACH_INSPIRED,Alberta Children's-inspired,post_discharge_follow_up,Post-discharge follow-up,4,2026-07-06,613,558,687,59,70,0.82,"SRC_SYNTH_REFERRALS,SRC_SYNTH_REFERRAL_TRIAGE,SRC_SYNTH_WAITLIST_SNAPSHOTS,SRC_SYNTH_CLINIC_TEMPLATES,SRC_SYNTH_PROVIDER_AVAILABILITY,SRC_SYNTH_NO_SHOW_LATE_CANCEL,SRC_SYNTH_DIAGNOSTIC_READINESS,SRC_SYNTH_HR_SHIFT_ROSTER,SRC_SYNTH_FINANCE_RESOURCE_ENVELOPE,SRC_OPEN_RESPIRATORY_VIRUS_DASHBOARD,SRC_OPEN_AQHI_SMOKE_CONTEXT,SRC_OPEN_SCHOOL_HOLIDAY_CALENDAR,SRC_OPEN_STATCAN_PED_POPULATION",modelled,ready
SITE_ACH_INSPIRED,Alberta Children's-inspired,post_discharge_follow_up,Post-discharge follow-up,5,2026-07-13,607,552,680,59,70,0.82,"SRC_SYNTH_REFERRALS,SRC_SYNTH_REFERRAL_TRIAGE,SRC_SYNTH_WAITLIST_SNAPSHOTS,SRC_SYNTH_CLINIC_TEMPLATES,SRC_SYNTH_PROVIDER_AVAILABILITY,SRC_SYNTH_NO_SHOW_LATE_CANCEL,SRC_SYNTH_DIAGNOSTIC_READINESS,SRC_SYNTH_HR_SHIFT_ROSTER,SRC_SYNTH_FINANCE_RESOURCE_ENVELOPE,SRC_OPEN_RESPIRATORY_VIRUS_DASHBOARD,SRC_OPEN_AQHI_SMOKE_CONTEXT,SRC_OPEN_SCHOOL_HOLIDAY_CALENDAR,SRC_OPEN_STATCAN_PED_POPULATION",modelled,ready
SITE_ACH_INSPIRED,Alberta Children's-inspired,post_discharge_follow_up,Post-discharge follow-up,6,2026-07-20,602,548,674,59,70,0.82,"SRC_SYNTH_REFERRALS,SRC_SYNTH_REFERRAL_TRIAGE,SRC_SYNTH_WAITLIST_SNAPSHOTS,SRC_SYNTH_CLINIC_TEMPLATES,SRC_SYNTH_PROVIDER_AVAILABILITY,SRC_SYNTH_NO_SHOW_LATE_CANCEL,SRC_SYNTH_DIAGNOSTIC_READINESS,SRC_SYNTH_HR_SHIFT_ROSTER,SRC_SYNTH_FINANCE_RESOURCE_ENVELOPE,SRC_OPEN_RESPIRATORY_VIRUS_DASHBOARD,SRC_OPEN_AQHI_SMOKE_CONTEXT,SRC_OPEN_SCHOOL_HOLIDAY_CALENDAR,SRC_OPEN_STATCAN_PED_POPULATION",modelled,ready
SITE_ACH_INSPIRED,Alberta Children's-inspired,post_discharge_follow_up,Post-discharge follow-up,7,2026-07-27,597,543,669,59,71,0.82,"SRC_SYNTH_REFERRALS,SRC_SYNTH_REFERRAL_TRIAGE,SRC_SYNTH_WAITLIST_SNAPSHOTS,SRC_SYNTH_CLINIC_TEMPLATES,SRC_SYNTH_PROVIDER_AVAILABILITY,SRC_SYNTH_NO_SHOW_LATE_CANCEL,SRC_SYNTH_DIAGNOSTIC_READINESS,SRC_SYNTH_HR_SHIFT_ROSTER,SRC_SYNTH_FINANCE_RESOURCE_ENVELOPE,SRC_OPEN_RESPIRATORY_VIRUS_DASHBOARD,SRC_OPEN_AQHI_SMOKE_CONTEXT,SRC_OPEN_SCHOOL_HOLIDAY_CALENDAR,SRC_OPEN_STATCAN_PED_POPULATION",modelled,ready
SITE_ACH_INSPIRED,Alberta Children's-inspired,post_discharge_follow_up,Post-discharge follow-up,8,2026-08-03,592,539,663,59,71,0.82,"SRC_SYNTH_REFERRALS,SRC_SYNTH_REFERRAL_TRIAGE,SRC_SYNTH_WAITLIST_SNAPSHOTS,SRC_SYNTH_CLINIC_TEMPLATES,SRC_SYNTH_PROVIDER_AVAILABILITY,SRC_SYNTH_NO_SHOW_LATE_CANCEL,SRC_SYNTH_DIAGNOSTIC_READINESS,SRC_SYNTH_HR_SHIFT_ROSTER,SRC_SYNTH_FINANCE_RESOURCE_ENVELOPE,SRC_OPEN_RESPIRATORY_VIRUS_DASHBOARD,SRC_OPEN_AQHI_SMOKE_CONTEXT,SRC_OPEN_SCHOOL_HOLIDAY_CALENDAR,SRC_OPEN_STATCAN_PED_POPULATION",modelled,ready
SITE_ACH_INSPIRED,Alberta Children's-inspired,post_discharge_follow_up,Post-discharge follow-up,9,2026-08-10,588,535,659,60,71,0.82,"SRC_SYNTH_REFERRALS,SRC_SYNTH_REFERRAL_TRIAGE,SRC_SYNTH_WAITLIST_SNAPSHOTS,SRC_SYNTH_CLINIC_TEMPLATES,SRC_SYNTH_PROVIDER_AVAILABILITY,SRC_SYNTH_NO_SHOW_LATE_CANCEL,SRC_SYNTH_DIAGNOSTIC_READINESS,SRC_SYNTH_HR_SHIFT_ROSTER,SRC_SYNTH_FINANCE_RESOURCE_ENVELOPE,SRC_OPEN_RESPIRATORY_VIRUS_DASHBOARD,SRC_OPEN_AQHI_SMOKE_CONTEXT,SRC_OPEN_SCHOOL_HOLIDAY_CALENDAR,SRC_OPEN_STATCAN_PED_POPULATION",modelled,ready
SITE_ACH_INSPIRED,Alberta Children's-inspired,post_discharge_follow_up,Post-discharge follow-up,10,2026-08-17,585,532,655,60,72,0.82,"SRC_SYNTH_REFERRALS,SRC_SYNTH_REFERRAL_TRIAGE,SRC_SYNTH_WAITLIST_SNAPSHOTS,SRC_SYNTH_CLINIC_TEMPLATES,SRC_SYNTH_PROVIDER_AVAILABILITY,SRC_SYNTH_NO_SHOW_LATE_CANCEL,SRC_SYNTH_DIAGNOSTIC_READINESS,SRC_SYNTH_HR_SHIFT_ROSTER,SRC_SYNTH_FINANCE_RESOURCE_ENVELOPE,SRC_OPEN_RESPIRATORY_VIRUS_DASHBOARD,SRC_OPEN_AQHI_SMOKE_CONTEXT,SRC_OPEN_SCHOOL_HOLIDAY_CALENDAR,SRC_OPEN_STATCAN_PED_POPULATION",modelled,ready
SITE_ACH_INSPIRED,Alberta Children's-inspired,post_discharge_follow_up,Post-discharge follow-up,11,2026-08-24,584,531,654,60,72,0.82,"SRC_SYNTH_REFERRALS,SRC_SYNTH_REFERRAL_TRIAGE,SRC_SYNTH_WAITLIST_SNAPSHOTS,SRC_SYNTH_CLINIC_TEMPLATES,SRC_SYNTH_PROVIDER_AVAILABILITY,SRC_SYNTH_NO_SHOW_LATE_CANCEL,SRC_SYNTH_DIAGNOSTIC_READINESS,SRC_SYNTH_HR_SHIFT_ROSTER,SRC_SYNTH_FINANCE_RESOURCE_ENVELOPE,SRC_OPEN_RESPIRATORY_VIRUS_DASHBOARD,SRC_OPEN_AQHI_SMOKE_CONTEXT,SRC_OPEN_SCHOOL_HOLIDAY_CALENDAR,SRC_OPEN_STATCAN_PED_POPULATION",modelled,ready
SITE_ACH_INSPIRED,Alberta Children's-inspired,post_discharge_follow_up,Post-discharge follow-up,12,2026-08-31,584,531,654,60,73,0.82,"SRC_SYNTH_REFERRALS,SRC_SYNTH_REFERRAL_TRIAGE,SRC_SYNTH_WAITLIST_SNAPSHOTS,SRC_SYNTH_CLINIC_TEMPLATES,SRC_SYNTH_PROVIDER_AVAILABILITY,SRC_SYNTH_NO_SHOW_LATE_CANCEL,SRC_SYNTH_DIAGNOSTIC_READINESS,SRC_SYNTH_HR_SHIFT_ROSTER,SRC_SYNTH_FINANCE_RESOURCE_ENVELOPE,SRC_OPEN_RESPIRATORY_VIRUS_DASHBOARD,SRC_OPEN_AQHI_SMOKE_CONTEXT,SRC_OPEN_SCHOOL_HOLIDAY_CALENDAR,SRC_OPEN_STATCAN_PED_POPULATION",modelled,ready
SITE_ACH_INSPIRED,Alberta Children's-inspired,post_discharge_follow_up,Post-discharge follow-up,13,2026-09-07,585,532,655,61,73,0.82,"SRC_SYNTH_REFERRALS,SRC_SYNTH_REFERRAL_TRIAGE,SRC_SYNTH_WAITLIST_SNAPSHOTS,SRC_SYNTH_CLINIC_TEMPLATES,SRC_SYNTH_PROVIDER_AVAILABILITY,SRC_SYNTH_NO_SHOW_LATE_CANCEL,SRC_SYNTH_DIAGNOSTIC_READINESS,SRC_SYNTH_HR_SHIFT_ROSTER,SRC_SYNTH_FINANCE_RESOURCE_ENVELOPE,SRC_OPEN_RESPIRATORY_VIRUS_DASHBOARD,SRC_OPEN_AQHI_SMOKE_CONTEXT,SRC_OPEN_SCHOOL_HOLIDAY_CALENDAR,SRC_OPEN_STATCAN_PED_POPULATION",modelled,ready
SITE_ACH_INSPIRED,Alberta Children's-inspired,post_discharge_follow_up,Post-discharge follow-up,14,2026-09-14,589,536,660,61,73,0.82,"SRC_SYNTH_REFERRALS,SRC_SYNTH_REFERRAL_TRIAGE,SRC_SYNTH_WAITLIST_SNAPSHOTS,SRC_SYNTH_CLINIC_TEMPLATES,SRC_SYNTH_PROVIDER_AVAILABILITY,SRC_SYNTH_NO_SHOW_LATE_CANCEL,SRC_SYNTH_DIAGNOSTIC_READINESS,SRC_SYNTH_HR_SHIFT_ROSTER,SRC_SYNTH_FINANCE_RESOURCE_ENVELOPE,SRC_OPEN_RESPIRATORY_VIRUS_DASHBOARD,SRC_OPEN_AQHI_SMOKE_CONTEXT,SRC_OPEN_SCHOOL_HOLIDAY_CALENDAR,SRC_OPEN_STATCAN_PED_POPULATION",modelled,ready
SITE_ACH_INSPIRED,Alberta Children's-inspired,post_discharge_follow_up,Post-discharge follow-up,15,2026-09-21,594,541,665,62,74,0.82,"SRC_SYNTH_REFERRALS,SRC_SYNTH_REFERRAL_TRIAGE,SRC_SYNTH_WAITLIST_SNAPSHOTS,SRC_SYNTH_CLINIC_TEMPLATES,SRC_SYNTH_PROVIDER_AVAILABILITY,SRC_SYNTH_NO_SHOW_LATE_CANCEL,SRC_SYNTH_DIAGNOSTIC_READINESS,SRC_SYNTH_HR_SHIFT_ROSTER,SRC_SYNTH_FINANCE_RESOURCE_ENVELOPE,SRC_OPEN_RESPIRATORY_VIRUS_DASHBOARD,SRC_OPEN_AQHI_SMOKE_CONTEXT,SRC_OPEN_SCHOOL_HOLIDAY_CALENDAR,SRC_OPEN_STATCAN_PED_POPULATION",modelled,ready
SITE_ACH_INSPIRED,Alberta Children's-inspired,post_discharge_follow_up,Post-discharge follow-up,16,2026-09-28,600,546,672,62,74,0.82,"SRC_SYNTH_REFERRALS,SRC_SYNTH_REFERRAL_TRIAGE,SRC_SYNTH_WAITLIST_SNAPSHOTS,SRC_SYNTH_CLINIC_TEMPLATES,SRC_SYNTH_PROVIDER_AVAILABILITY,SRC_SYNTH_NO_SHOW_LATE_CANCEL,SRC_SYNTH_DIAGNOSTIC_READINESS,SRC_SYNTH_HR_SHIFT_ROSTER,SRC_SYNTH_FINANCE_RESOURCE_ENVELOPE,SRC_OPEN_RESPIRATORY_VIRUS_DASHBOARD,SRC_OPEN_AQHI_SMOKE_CONTEXT,SRC_OPEN_SCHOOL_HOLIDAY_CALENDAR,SRC_OPEN_STATCAN_PED_POPULATION",modelled,ready
SITE_ACH_INSPIRED,Alberta Children's-inspired,post_discharge_follow_up,Post-discharge follow-up,17,2026-10-05,609,554,682,63,74,0.82,"SRC_SYNTH_REFERRALS,SRC_SYNTH_REFERRAL_TRIAGE,SRC_SYNTH_WAITLIST_SNAPSHOTS,SRC_SYNTH_CLINIC_TEMPLATES,SRC_SYNTH_PROVIDER_AVAILABILITY,SRC_SYNTH_NO_SHOW_LATE_CANCEL,SRC_SYNTH_DIAGNOSTIC_READINESS,SRC_SYNTH_HR_SHIFT_ROSTER,SRC_SYNTH_FINANCE_RESOURCE_ENVELOPE,SRC_OPEN_RESPIRATORY_VIRUS_DASHBOARD,SRC_OPEN_AQHI_SMOKE_CONTEXT,SRC_OPEN_SCHOOL_HOLIDAY_CALENDAR,SRC_OPEN_STATCAN_PED_POPULATION",modelled,ready
SITE_ACH_INSPIRED,Alberta Children's-inspired,post_discharge_follow_up,Post-discharge follow-up,18,2026-10-12,619,563,693,64,75,0.82,"SRC_SYNTH_REFERRALS,SRC_SYNTH_REFERRAL_TRIAGE,SRC_SYNTH_WAITLIST_SNAPSHOTS,SRC_SYNTH_CLINIC_TEMPLATES,SRC_SYNTH_PROVIDER_AVAILABILITY,SRC_SYNTH_NO_SHOW_LATE_CANCEL,SRC_SYNTH_DIAGNOSTIC_READINESS,SRC_SYNTH_HR_SHIFT_ROSTER,SRC_SYNTH_FINANCE_RESOURCE_ENVELOPE,SRC_OPEN_RESPIRATORY_VIRUS_DASHBOARD,SRC_OPEN_AQHI_SMOKE_CONTEXT,SRC_OPEN_SCHOOL_HOLIDAY_CALENDAR,SRC_OPEN_STATCAN_PED_POPULATION",modelled,ready
SITE_ACH_INSPIRED,Alberta Children's-inspired,post_discharge_follow_up,Post-discharge follow-up,19,2026-10-19,630,573,706,64,75,0.82,"SRC_SYNTH_REFERRALS,SRC_SYNTH_REFERRAL_TRIAGE,SRC_SYNTH_WAITLIST_SNAPSHOTS,SRC_SYNTH_CLINIC_TEMPLATES,SRC_SYNTH_PROVIDER_AVAILABILITY,SRC_SYNTH_NO_SHOW_LATE_CANCEL,SRC_SYNTH_DIAGNOSTIC_READINESS,SRC_SYNTH_HR_SHIFT_ROSTER,SRC_SYNTH_FINANCE_RESOURCE_ENVELOPE,SRC_OPEN_RESPIRATORY_VIRUS_DASHBOARD,SRC_OPEN_AQHI_SMOKE_CONTEXT,SRC_OPEN_SCHOOL_HOLIDAY_CALENDAR,SRC_OPEN_STATCAN_PED_POPULATION",modelled,ready
SITE_ACH_INSPIRED,Alberta Children's-inspired,post_discharge_follow_up,Post-discharge follow-up,20,2026-10-26,642,584,719,65,76,0.82,"SRC_SYNTH_REFERRALS,SRC_SYNTH_REFERRAL_TRIAGE,SRC_SYNTH_WAITLIST_SNAPSHOTS,SRC_SYNTH_CLINIC_TEMPLATES,SRC_SYNTH_PROVIDER_AVAILABILITY,SRC_SYNTH_NO_SHOW_LATE_CANCEL,SRC_SYNTH_DIAGNOSTIC_READINESS,SRC_SYNTH_HR_SHIFT_ROSTER,SRC_SYNTH_FINANCE_RESOURCE_ENVELOPE,SRC_OPEN_RESPIRATORY_VIRUS_DASHBOARD,SRC_OPEN_AQHI_SMOKE_CONTEXT,SRC_OPEN_SCHOOL_HOLIDAY_CALENDAR,SRC_OPEN_STATCAN_PED_POPULATION",modelled,ready
SITE_ACH_INSPIRED,Alberta Children's-inspired,post_discharge_follow_up,Post-discharge follow-up,21,2026-11-02,655,596,734,66,76,0.82,"SRC_SYNTH_REFERRALS,SRC_SYNTH_REFERRAL_TRIAGE,SRC_SYNTH_WAITLIST_SNAPSHOTS,SRC_SYNTH_CLINIC_TEMPLATES,SRC_SYNTH_PROVIDER_AVAILABILITY,SRC_SYNTH_NO_SHOW_LATE_CANCEL,SRC_SYNTH_DIAGNOSTIC_READINESS,SRC_SYNTH_HR_SHIFT_ROSTER,SRC_SYNTH_FINANCE_RESOURCE_ENVELOPE,SRC_OPEN_RESPIRATORY_VIRUS_DASHBOARD,SRC_OPEN_AQHI_SMOKE_CONTEXT,SRC_OPEN_SCHOOL_HOLIDAY_CALENDAR,SRC_OPEN_STATCAN_PED_POPULATION",modelled,ready
SITE_ACH_INSPIRED,Alberta Children's-inspired,post_discharge_follow_up,Post-discharge follow-up,22,2026-11-09,668,608,748,67,76,0.82,"SRC_SYNTH_REFERRALS,SRC_SYNTH_REFERRAL_TRIAGE,SRC_SYNTH_WAITLIST_SNAPSHOTS,SRC_SYNTH_CLINIC_TEMPLATES,SRC_SYNTH_PROVIDER_AVAILABILITY,SRC_SYNTH_NO_SHOW_LATE_CANCEL,SRC_SYNTH_DIAGNOSTIC_READINESS,SRC_SYNTH_HR_SHIFT_ROSTER,SRC_SYNTH_FINANCE_RESOURCE_ENVELOPE,SRC_OPEN_RESPIRATORY_VIRUS_DASHBOARD,SRC_OPEN_AQHI_SMOKE_CONTEXT,SRC_OPEN_SCHOOL_HOLIDAY_CALENDAR,SRC_OPEN_STATCAN_PED_POPULATION",modelled,ready
SITE_ACH_INSPIRED,Alberta Children's-inspired,post_discharge_follow_up,Post-discharge follow-up,23,2026-11-16,682,621,764,68,77,0.82,"SRC_SYNTH_REFERRALS,SRC_SYNTH_REFERRAL_TRIAGE,SRC_SYNTH_WAITLIST_SNAPSHOTS,SRC_SYNTH_CLINIC_TEMPLATES,SRC_SYNTH_PROVIDER_AVAILABILITY,SRC_SYNTH_NO_SHOW_LATE_CANCEL,SRC_SYNTH_DIAGNOSTIC_READINESS,SRC_SYNTH_HR_SHIFT_ROSTER,SRC_SYNTH_FINANCE_RESOURCE_ENVELOPE,SRC_OPEN_RESPIRATORY_VIRUS_DASHBOARD,SRC_OPEN_AQHI_SMOKE_CONTEXT,SRC_OPEN_SCHOOL_HOLIDAY_CALENDAR,SRC_OPEN_STATCAN_PED_POPULATION",modelled,ready
SITE_ACH_INSPIRED,Alberta Children's-inspired,post_discharge_follow_up,Post-discharge follow-up,24,2026-11-23,695,632,778,69,77,0.82,"SRC_SYNTH_REFERRALS,SRC_SYNTH_REFERRAL_TRIAGE,SRC_SYNTH_WAITLIST_SNAPSHOTS,SRC_SYNTH_CLINIC_TEMPLATES,SRC_SYNTH_PROVIDER_AVAILABILITY,SRC_SYNTH_NO_SHOW_LATE_CANCEL,SRC_SYNTH_DIAGNOSTIC_READINESS,SRC_SYNTH_HR_SHIFT_ROSTER,SRC_SYNTH_FINANCE_RESOURCE_ENVELOPE,SRC_OPEN_RESPIRATORY_VIRUS_DASHBOARD,SRC_OPEN_AQHI_SMOKE_CONTEXT,SRC_OPEN_SCHOOL_HOLIDAY_CALENDAR,SRC_OPEN_STATCAN_PED_POPULATION",modelled,ready
SITE_ACH_INSPIRED,Alberta Children's-inspired,post_discharge_follow_up,Post-discharge follow-up,25,2026-11-30,707,643,792,69,77,0.82,"SRC_SYNTH_REFERRALS,SRC_SYNTH_REFERRAL_TRIAGE,SRC_SYNTH_WAITLIST_SNAPSHOTS,SRC_SYNTH_CLINIC_TEMPLATES,SRC_SYNTH_PROVIDER_AVAILABILITY,SRC_SYNTH_NO_SHOW_LATE_CANCEL,SRC_SYNTH_DIAGNOSTIC_READINESS,SRC_SYNTH_HR_SHIFT_ROSTER,SRC_SYNTH_FINANCE_RESOURCE_ENVELOPE,SRC_OPEN_RESPIRATORY_VIRUS_DASHBOARD,SRC_OPEN_AQHI_SMOKE_CONTEXT,SRC_OPEN_SCHOOL_HOLIDAY_CALENDAR,SRC_OPEN_STATCAN_PED_POPULATION",modelled,ready
SITE_ACH_INSPIRED,Alberta Children's-inspired,post_discharge_follow_up,Post-discharge follow-up,26,2026-12-07,719,654,805,70,78,0.82,"SRC_SYNTH_REFERRALS,SRC_SYNTH_REFERRAL_TRIAGE,SRC_SYNTH_WAITLIST_SNAPSHOTS,SRC_SYNTH_CLINIC_TEMPLATES,SRC_SYNTH_PROVIDER_AVAILABILITY,SRC_SYNTH_NO_SHOW_LATE_CANCEL,SRC_SYNTH_DIAGNOSTIC_READINESS,SRC_SYNTH_HR_SHIFT_ROSTER,SRC_SYNTH_FINANCE_RESOURCE_ENVELOPE,SRC_OPEN_RESPIRATORY_VIRUS_DASHBOARD,SRC_OPEN_AQHI_SMOKE_CONTEXT,SRC_OPEN_SCHOOL_HOLIDAY_CALENDAR,SRC_OPEN_STATCAN_PED_POPULATION",modelled,ready
SITE_ACH_INSPIRED,Alberta Children's-inspired,virtual_outreach,Virtual/outreach,1,2026-06-15,541,492,606,54,57,0.835,"SRC_SYNTH_REFERRALS,SRC_SYNTH_REFERRAL_TRIAGE,SRC_SYNTH_WAITLIST_SNAPSHOTS,SRC_SYNTH_CLINIC_TEMPLATES,SRC_SYNTH_PROVIDER_AVAILABILITY,SRC_SYNTH_NO_SHOW_LATE_CANCEL,SRC_SYNTH_DIAGNOSTIC_READINESS,SRC_SYNTH_HR_SHIFT_ROSTER,SRC_SYNTH_FINANCE_RESOURCE_ENVELOPE,SRC_OPEN_RESPIRATORY_VIRUS_DASHBOARD,SRC_OPEN_AQHI_SMOKE_CONTEXT,SRC_OPEN_SCHOOL_HOLIDAY_CALENDAR,SRC_OPEN_STATCAN_PED_POPULATION",modelled,review
SITE_ACH_INSPIRED,Alberta Children's-inspired,virtual_outreach,Virtual/outreach,2,2026-06-22,537,489,601,54,57,0.835,"SRC_SYNTH_REFERRALS,SRC_SYNTH_REFERRAL_TRIAGE,SRC_SYNTH_WAITLIST_SNAPSHOTS,SRC_SYNTH_CLINIC_TEMPLATES,SRC_SYNTH_PROVIDER_AVAILABILITY,SRC_SYNTH_NO_SHOW_LATE_CANCEL,SRC_SYNTH_DIAGNOSTIC_READINESS,SRC_SYNTH_HR_SHIFT_ROSTER,SRC_SYNTH_FINANCE_RESOURCE_ENVELOPE,SRC_OPEN_RESPIRATORY_VIRUS_DASHBOARD,SRC_OPEN_AQHI_SMOKE_CONTEXT,SRC_OPEN_SCHOOL_HOLIDAY_CALENDAR,SRC_OPEN_STATCAN_PED_POPULATION",modelled,review
SITE_ACH_INSPIRED,Alberta Children's-inspired,virtual_outreach,Virtual/outreach,3,2026-06-29,533,485,597,54,58,0.835,"SRC_SYNTH_REFERRALS,SRC_SYNTH_REFERRAL_TRIAGE,SRC_SYNTH_WAITLIST_SNAPSHOTS,SRC_SYNTH_CLINIC_TEMPLATES,SRC_SYNTH_PROVIDER_AVAILABILITY,SRC_SYNTH_NO_SHOW_LATE_CANCEL,SRC_SYNTH_DIAGNOSTIC_READINESS,SRC_SYNTH_HR_SHIFT_ROSTER,SRC_SYNTH_FINANCE_RESOURCE_ENVELOPE,SRC_OPEN_RESPIRATORY_VIRUS_DASHBOARD,SRC_OPEN_AQHI_SMOKE_CONTEXT,SRC_OPEN_SCHOOL_HOLIDAY_CALENDAR,SRC_OPEN_STATCAN_PED_POPULATION",modelled,review
SITE_ACH_INSPIRED,Alberta Children's-inspired,virtual_outreach,Virtual/outreach,4,2026-07-06,528,480,591,54,58,0.835,"SRC_SYNTH_REFERRALS,SRC_SYNTH_REFERRAL_TRIAGE,SRC_SYNTH_WAITLIST_SNAPSHOTS,SRC_SYNTH_CLINIC_TEMPLATES,SRC_SYNTH_PROVIDER_AVAILABILITY,SRC_SYNTH_NO_SHOW_LATE_CANCEL,SRC_SYNTH_DIAGNOSTIC_READINESS,SRC_SYNTH_HR_SHIFT_ROSTER,SRC_SYNTH_FINANCE_RESOURCE_ENVELOPE,SRC_OPEN_RESPIRATORY_VIRUS_DASHBOARD,SRC_OPEN_AQHI_SMOKE_CONTEXT,SRC_OPEN_SCHOOL_HOLIDAY_CALENDAR,SRC_OPEN_STATCAN_PED_POPULATION",modelled,review
SITE_ACH_INSPIRED,Alberta Children's-inspired,virtual_outreach,Virtual/outreach,5,2026-07-13,524,477,587,54,58,0.835,"SRC_SYNTH_REFERRALS,SRC_SYNTH_REFERRAL_TRIAGE,SRC_SYNTH_WAITLIST_SNAPSHOTS,SRC_SYNTH_CLINIC_TEMPLATES,SRC_SYNTH_PROVIDER_AVAILABILITY,SRC_SYNTH_NO_SHOW_LATE_CANCEL,SRC_SYNTH_DIAGNOSTIC_READINESS,SRC_SYNTH_HR_SHIFT_ROSTER,SRC_SYNTH_FINANCE_RESOURCE_ENVELOPE,SRC_OPEN_RESPIRATORY_VIRUS_DASHBOARD,SRC_OPEN_AQHI_SMOKE_CONTEXT,SRC_OPEN_SCHOOL_HOLIDAY_CALENDAR,SRC_OPEN_STATCAN_PED_POPULATION",modelled,review
SITE_ACH_INSPIRED,Alberta Children's-inspired,virtual_outreach,Virtual/outreach,6,2026-07-20,519,472,581,54,58,0.835,"SRC_SYNTH_REFERRALS,SRC_SYNTH_REFERRAL_TRIAGE,SRC_SYNTH_WAITLIST_SNAPSHOTS,SRC_SYNTH_CLINIC_TEMPLATES,SRC_SYNTH_PROVIDER_AVAILABILITY,SRC_SYNTH_NO_SHOW_LATE_CANCEL,SRC_SYNTH_DIAGNOSTIC_READINESS,SRC_SYNTH_HR_SHIFT_ROSTER,SRC_SYNTH_FINANCE_RESOURCE_ENVELOPE,SRC_OPEN_RESPIRATORY_VIRUS_DASHBOARD,SRC_OPEN_AQHI_SMOKE_CONTEXT,SRC_OPEN_SCHOOL_HOLIDAY_CALENDAR,SRC_OPEN_STATCAN_PED_POPULATION",modelled,review
SITE_ACH_INSPIRED,Alberta Children's-inspired,virtual_outreach,Virtual/outreach,7,2026-07-27,515,469,577,54,58,0.835,"SRC_SYNTH_REFERRALS,SRC_SYNTH_REFERRAL_TRIAGE,SRC_SYNTH_WAITLIST_SNAPSHOTS,SRC_SYNTH_CLINIC_TEMPLATES,SRC_SYNTH_PROVIDER_AVAILABILITY,SRC_SYNTH_NO_SHOW_LATE_CANCEL,SRC_SYNTH_DIAGNOSTIC_READINESS,SRC_SYNTH_HR_SHIFT_ROSTER,SRC_SYNTH_FINANCE_RESOURCE_ENVELOPE,SRC_OPEN_RESPIRATORY_VIRUS_DASHBOARD,SRC_OPEN_AQHI_SMOKE_CONTEXT,SRC_OPEN_SCHOOL_HOLIDAY_CALENDAR,SRC_OPEN_STATCAN_PED_POPULATION",modelled,review
SITE_ACH_INSPIRED,Alberta Children's-inspired,virtual_outreach,Virtual/outreach,8,2026-08-03,512,466,573,54,59,0.835,"SRC_SYNTH_REFERRALS,SRC_SYNTH_REFERRAL_TRIAGE,SRC_SYNTH_WAITLIST_SNAPSHOTS,SRC_SYNTH_CLINIC_TEMPLATES,SRC_SYNTH_PROVIDER_AVAILABILITY,SRC_SYNTH_NO_SHOW_LATE_CANCEL,SRC_SYNTH_DIAGNOSTIC_READINESS,SRC_SYNTH_HR_SHIFT_ROSTER,SRC_SYNTH_FINANCE_RESOURCE_ENVELOPE,SRC_OPEN_RESPIRATORY_VIRUS_DASHBOARD,SRC_OPEN_AQHI_SMOKE_CONTEXT,SRC_OPEN_SCHOOL_HOLIDAY_CALENDAR,SRC_OPEN_STATCAN_PED_POPULATION",modelled,review
SITE_ACH_INSPIRED,Alberta Children's-inspired,virtual_outreach,Virtual/outreach,9,2026-08-10,509,463,570,54,59,0.835,"SRC_SYNTH_REFERRALS,SRC_SYNTH_REFERRAL_TRIAGE,SRC_SYNTH_WAITLIST_SNAPSHOTS,SRC_SYNTH_CLINIC_TEMPLATES,SRC_SYNTH_PROVIDER_AVAILABILITY,SRC_SYNTH_NO_SHOW_LATE_CANCEL,SRC_SYNTH_DIAGNOSTIC_READINESS,SRC_SYNTH_HR_SHIFT_ROSTER,SRC_SYNTH_FINANCE_RESOURCE_ENVELOPE,SRC_OPEN_RESPIRATORY_VIRUS_DASHBOARD,SRC_OPEN_AQHI_SMOKE_CONTEXT,SRC_OPEN_SCHOOL_HOLIDAY_CALENDAR,SRC_OPEN_STATCAN_PED_POPULATION",modelled,review
SITE_ACH_INSPIRED,Alberta Children's-inspired,virtual_outreach,Virtual/outreach,10,2026-08-17,508,462,569,55,59,0.835,"SRC_SYNTH_REFERRALS,SRC_SYNTH_REFERRAL_TRIAGE,SRC_SYNTH_WAITLIST_SNAPSHOTS,SRC_SYNTH_CLINIC_TEMPLATES,SRC_SYNTH_PROVIDER_AVAILABILITY,SRC_SYNTH_NO_SHOW_LATE_CANCEL,SRC_SYNTH_DIAGNOSTIC_READINESS,SRC_SYNTH_HR_SHIFT_ROSTER,SRC_SYNTH_FINANCE_RESOURCE_ENVELOPE,SRC_OPEN_RESPIRATORY_VIRUS_DASHBOARD,SRC_OPEN_AQHI_SMOKE_CONTEXT,SRC_OPEN_SCHOOL_HOLIDAY_CALENDAR,SRC_OPEN_STATCAN_PED_POPULATION",modelled,review
SITE_ACH_INSPIRED,Alberta Children's-inspired,virtual_outreach,Virtual/outreach,11,2026-08-24,508,462,569,55,59,0.835,"SRC_SYNTH_REFERRALS,SRC_SYNTH_REFERRAL_TRIAGE,SRC_SYNTH_WAITLIST_SNAPSHOTS,SRC_SYNTH_CLINIC_TEMPLATES,SRC_SYNTH_PROVIDER_AVAILABILITY,SRC_SYNTH_NO_SHOW_LATE_CANCEL,SRC_SYNTH_DIAGNOSTIC_READINESS,SRC_SYNTH_HR_SHIFT_ROSTER,SRC_SYNTH_FINANCE_RESOURCE_ENVELOPE,SRC_OPEN_RESPIRATORY_VIRUS_DASHBOARD,SRC_OPEN_AQHI_SMOKE_CONTEXT,SRC_OPEN_SCHOOL_HOLIDAY_CALENDAR,SRC_OPEN_STATCAN_PED_POPULATION",modelled,review
SITE_ACH_INSPIRED,Alberta Children's-inspired,virtual_outreach,Virtual/outreach,12,2026-08-31,509,463,570,55,60,0.835,"SRC_SYNTH_REFERRALS,SRC_SYNTH_REFERRAL_TRIAGE,SRC_SYNTH_WAITLIST_SNAPSHOTS,SRC_SYNTH_CLINIC_TEMPLATES,SRC_SYNTH_PROVIDER_AVAILABILITY,SRC_SYNTH_NO_SHOW_LATE_CANCEL,SRC_SYNTH_DIAGNOSTIC_READINESS,SRC_SYNTH_HR_SHIFT_ROSTER,SRC_SYNTH_FINANCE_RESOURCE_ENVELOPE,SRC_OPEN_RESPIRATORY_VIRUS_DASHBOARD,SRC_OPEN_AQHI_SMOKE_CONTEXT,SRC_OPEN_SCHOOL_HOLIDAY_CALENDAR,SRC_OPEN_STATCAN_PED_POPULATION",modelled,review
SITE_ACH_INSPIRED,Alberta Children's-inspired,virtual_outreach,Virtual/outreach,13,2026-09-07,512,466,573,56,60,0.835,"SRC_SYNTH_REFERRALS,SRC_SYNTH_REFERRAL_TRIAGE,SRC_SYNTH_WAITLIST_SNAPSHOTS,SRC_SYNTH_CLINIC_TEMPLATES,SRC_SYNTH_PROVIDER_AVAILABILITY,SRC_SYNTH_NO_SHOW_LATE_CANCEL,SRC_SYNTH_DIAGNOSTIC_READINESS,SRC_SYNTH_HR_SHIFT_ROSTER,SRC_SYNTH_FINANCE_RESOURCE_ENVELOPE,SRC_OPEN_RESPIRATORY_VIRUS_DASHBOARD,SRC_OPEN_AQHI_SMOKE_CONTEXT,SRC_OPEN_SCHOOL_HOLIDAY_CALENDAR,SRC_OPEN_STATCAN_PED_POPULATION",modelled,review
SITE_ACH_INSPIRED,Alberta Children's-inspired,virtual_outreach,Virtual/outreach,14,2026-09-14,517,470,579,56,60,0.835,"SRC_SYNTH_REFERRALS,SRC_SYNTH_REFERRAL_TRIAGE,SRC_SYNTH_WAITLIST_SNAPSHOTS,SRC_SYNTH_CLINIC_TEMPLATES,SRC_SYNTH_PROVIDER_AVAILABILITY,SRC_SYNTH_NO_SHOW_LATE_CANCEL,SRC_SYNTH_DIAGNOSTIC_READINESS,SRC_SYNTH_HR_SHIFT_ROSTER,SRC_SYNTH_FINANCE_RESOURCE_ENVELOPE,SRC_OPEN_RESPIRATORY_VIRUS_DASHBOARD,SRC_OPEN_AQHI_SMOKE_CONTEXT,SRC_OPEN_SCHOOL_HOLIDAY_CALENDAR,SRC_OPEN_STATCAN_PED_POPULATION",modelled,review
SITE_ACH_INSPIRED,Alberta Children's-inspired,virtual_outreach,Virtual/outreach,15,2026-09-21,523,476,586,57,60,0.835,"SRC_SYNTH_REFERRALS,SRC_SYNTH_REFERRAL_TRIAGE,SRC_SYNTH_WAITLIST_SNAPSHOTS,SRC_SYNTH_CLINIC_TEMPLATES,SRC_SYNTH_PROVIDER_AVAILABILITY,SRC_SYNTH_NO_SHOW_LATE_CANCEL,SRC_SYNTH_DIAGNOSTIC_READINESS,SRC_SYNTH_HR_SHIFT_ROSTER,SRC_SYNTH_FINANCE_RESOURCE_ENVELOPE,SRC_OPEN_RESPIRATORY_VIRUS_DASHBOARD,SRC_OPEN_AQHI_SMOKE_CONTEXT,SRC_OPEN_SCHOOL_HOLIDAY_CALENDAR,SRC_OPEN_STATCAN_PED_POPULATION",modelled,review
SITE_ACH_INSPIRED,Alberta Children's-inspired,virtual_outreach,Virtual/outreach,16,2026-09-28,530,482,594,58,60,0.835,"SRC_SYNTH_REFERRALS,SRC_SYNTH_REFERRAL_TRIAGE,SRC_SYNTH_WAITLIST_SNAPSHOTS,SRC_SYNTH_CLINIC_TEMPLATES,SRC_SYNTH_PROVIDER_AVAILABILITY,SRC_SYNTH_NO_SHOW_LATE_CANCEL,SRC_SYNTH_DIAGNOSTIC_READINESS,SRC_SYNTH_HR_SHIFT_ROSTER,SRC_SYNTH_FINANCE_RESOURCE_ENVELOPE,SRC_OPEN_RESPIRATORY_VIRUS_DASHBOARD,SRC_OPEN_AQHI_SMOKE_CONTEXT,SRC_OPEN_SCHOOL_HOLIDAY_CALENDAR,SRC_OPEN_STATCAN_PED_POPULATION",modelled,review
SITE_ACH_INSPIRED,Alberta Children's-inspired,virtual_outreach,Virtual/outreach,17,2026-10-05,539,490,604,58,61,0.835,"SRC_SYNTH_REFERRALS,SRC_SYNTH_REFERRAL_TRIAGE,SRC_SYNTH_WAITLIST_SNAPSHOTS,SRC_SYNTH_CLINIC_TEMPLATES,SRC_SYNTH_PROVIDER_AVAILABILITY,SRC_SYNTH_NO_SHOW_LATE_CANCEL,SRC_SYNTH_DIAGNOSTIC_READINESS,SRC_SYNTH_HR_SHIFT_ROSTER,SRC_SYNTH_FINANCE_RESOURCE_ENVELOPE,SRC_OPEN_RESPIRATORY_VIRUS_DASHBOARD,SRC_OPEN_AQHI_SMOKE_CONTEXT,SRC_OPEN_SCHOOL_HOLIDAY_CALENDAR,SRC_OPEN_STATCAN_PED_POPULATION",modelled,review
SITE_ACH_INSPIRED,Alberta Children's-inspired,virtual_outreach,Virtual/outreach,18,2026-10-12,548,499,614,59,61,0.835,"SRC_SYNTH_REFERRALS,SRC_SYNTH_REFERRAL_TRIAGE,SRC_SYNTH_WAITLIST_SNAPSHOTS,SRC_SYNTH_CLINIC_TEMPLATES,SRC_SYNTH_PROVIDER_AVAILABILITY,SRC_SYNTH_NO_SHOW_LATE_CANCEL,SRC_SYNTH_DIAGNOSTIC_READINESS,SRC_SYNTH_HR_SHIFT_ROSTER,SRC_SYNTH_FINANCE_RESOURCE_ENVELOPE,SRC_OPEN_RESPIRATORY_VIRUS_DASHBOARD,SRC_OPEN_AQHI_SMOKE_CONTEXT,SRC_OPEN_SCHOOL_HOLIDAY_CALENDAR,SRC_OPEN_STATCAN_PED_POPULATION",modelled,review
SITE_ACH_INSPIRED,Alberta Children's-inspired,virtual_outreach,Virtual/outreach,19,2026-10-19,559,509,626,60,61,0.835,"SRC_SYNTH_REFERRALS,SRC_SYNTH_REFERRAL_TRIAGE,SRC_SYNTH_WAITLIST_SNAPSHOTS,SRC_SYNTH_CLINIC_TEMPLATES,SRC_SYNTH_PROVIDER_AVAILABILITY,SRC_SYNTH_NO_SHOW_LATE_CANCEL,SRC_SYNTH_DIAGNOSTIC_READINESS,SRC_SYNTH_HR_SHIFT_ROSTER,SRC_SYNTH_FINANCE_RESOURCE_ENVELOPE,SRC_OPEN_RESPIRATORY_VIRUS_DASHBOARD,SRC_OPEN_AQHI_SMOKE_CONTEXT,SRC_OPEN_SCHOOL_HOLIDAY_CALENDAR,SRC_OPEN_STATCAN_PED_POPULATION",modelled,review
SITE_ACH_INSPIRED,Alberta Children's-inspired,virtual_outreach,Virtual/outreach,20,2026-10-26,570,519,638,61,61,0.835,"SRC_SYNTH_REFERRALS,SRC_SYNTH_REFERRAL_TRIAGE,SRC_SYNTH_WAITLIST_SNAPSHOTS,SRC_SYNTH_CLINIC_TEMPLATES,SRC_SYNTH_PROVIDER_AVAILABILITY,SRC_SYNTH_NO_SHOW_LATE_CANCEL,SRC_SYNTH_DIAGNOSTIC_READINESS,SRC_SYNTH_HR_SHIFT_ROSTER,SRC_SYNTH_FINANCE_RESOURCE_ENVELOPE,SRC_OPEN_RESPIRATORY_VIRUS_DASHBOARD,SRC_OPEN_AQHI_SMOKE_CONTEXT,SRC_OPEN_SCHOOL_HOLIDAY_CALENDAR,SRC_OPEN_STATCAN_PED_POPULATION",modelled,review
SITE_ACH_INSPIRED,Alberta Children's-inspired,virtual_outreach,Virtual/outreach,21,2026-11-02,582,530,652,61,61,0.835,"SRC_SYNTH_REFERRALS,SRC_SYNTH_REFERRAL_TRIAGE,SRC_SYNTH_WAITLIST_SNAPSHOTS,SRC_SYNTH_CLINIC_TEMPLATES,SRC_SYNTH_PROVIDER_AVAILABILITY,SRC_SYNTH_NO_SHOW_LATE_CANCEL,SRC_SYNTH_DIAGNOSTIC_READINESS,SRC_SYNTH_HR_SHIFT_ROSTER,SRC_SYNTH_FINANCE_RESOURCE_ENVELOPE,SRC_OPEN_RESPIRATORY_VIRUS_DASHBOARD,SRC_OPEN_AQHI_SMOKE_CONTEXT,SRC_OPEN_SCHOOL_HOLIDAY_CALENDAR,SRC_OPEN_STATCAN_PED_POPULATION",modelled,review
SITE_ACH_INSPIRED,Alberta Children's-inspired,virtual_outreach,Virtual/outreach,22,2026-11-09,593,540,664,62,62,0.835,"SRC_SYNTH_REFERRALS,SRC_SYNTH_REFERRAL_TRIAGE,SRC_SYNTH_WAITLIST_SNAPSHOTS,SRC_SYNTH_CLINIC_TEMPLATES,SRC_SYNTH_PROVIDER_AVAILABILITY,SRC_SYNTH_NO_SHOW_LATE_CANCEL,SRC_SYNTH_DIAGNOSTIC_READINESS,SRC_SYNTH_HR_SHIFT_ROSTER,SRC_SYNTH_FINANCE_RESOURCE_ENVELOPE,SRC_OPEN_RESPIRATORY_VIRUS_DASHBOARD,SRC_OPEN_AQHI_SMOKE_CONTEXT,SRC_OPEN_SCHOOL_HOLIDAY_CALENDAR,SRC_OPEN_STATCAN_PED_POPULATION",modelled,review
SITE_ACH_INSPIRED,Alberta Children's-inspired,virtual_outreach,Virtual/outreach,23,2026-11-16,605,551,678,63,62,0.835,"SRC_SYNTH_REFERRALS,SRC_SYNTH_REFERRAL_TRIAGE,SRC_SYNTH_WAITLIST_SNAPSHOTS,SRC_SYNTH_CLINIC_TEMPLATES,SRC_SYNTH_PROVIDER_AVAILABILITY,SRC_SYNTH_NO_SHOW_LATE_CANCEL,SRC_SYNTH_DIAGNOSTIC_READINESS,SRC_SYNTH_HR_SHIFT_ROSTER,SRC_SYNTH_FINANCE_RESOURCE_ENVELOPE,SRC_OPEN_RESPIRATORY_VIRUS_DASHBOARD,SRC_OPEN_AQHI_SMOKE_CONTEXT,SRC_OPEN_SCHOOL_HOLIDAY_CALENDAR,SRC_OPEN_STATCAN_PED_POPULATION",modelled,review
SITE_ACH_INSPIRED,Alberta Children's-inspired,virtual_outreach,Virtual/outreach,24,2026-11-23,616,561,690,64,62,0.835,"SRC_SYNTH_REFERRALS,SRC_SYNTH_REFERRAL_TRIAGE,SRC_SYNTH_WAITLIST_SNAPSHOTS,SRC_SYNTH_CLINIC_TEMPLATES,SRC_SYNTH_PROVIDER_AVAILABILITY,SRC_SYNTH_NO_SHOW_LATE_CANCEL,SRC_SYNTH_DIAGNOSTIC_READINESS,SRC_SYNTH_HR_SHIFT_ROSTER,SRC_SYNTH_FINANCE_RESOURCE_ENVELOPE,SRC_OPEN_RESPIRATORY_VIRUS_DASHBOARD,SRC_OPEN_AQHI_SMOKE_CONTEXT,SRC_OPEN_SCHOOL_HOLIDAY_CALENDAR,SRC_OPEN_STATCAN_PED_POPULATION",modelled,review
SITE_ACH_INSPIRED,Alberta Children's-inspired,virtual_outreach,Virtual/outreach,25,2026-11-30,626,570,701,65,62,0.835,"SRC_SYNTH_REFERRALS,SRC_SYNTH_REFERRAL_TRIAGE,SRC_SYNTH_WAITLIST_SNAPSHOTS,SRC_SYNTH_CLINIC_TEMPLATES,SRC_SYNTH_PROVIDER_AVAILABILITY,SRC_SYNTH_NO_SHOW_LATE_CANCEL,SRC_SYNTH_DIAGNOSTIC_READINESS,SRC_SYNTH_HR_SHIFT_ROSTER,SRC_SYNTH_FINANCE_RESOURCE_ENVELOPE,SRC_OPEN_RESPIRATORY_VIRUS_DASHBOARD,SRC_OPEN_AQHI_SMOKE_CONTEXT,SRC_OPEN_SCHOOL_HOLIDAY_CALENDAR,SRC_OPEN_STATCAN_PED_POPULATION",modelled,review
SITE_ACH_INSPIRED,Alberta Children's-inspired,virtual_outreach,Virtual/outreach,26,2026-12-07,635,578,711,65,62,0.835,"SRC_SYNTH_REFERRALS,SRC_SYNTH_REFERRAL_TRIAGE,SRC_SYNTH_WAITLIST_SNAPSHOTS,SRC_SYNTH_CLINIC_TEMPLATES,SRC_SYNTH_PROVIDER_AVAILABILITY,SRC_SYNTH_NO_SHOW_LATE_CANCEL,SRC_SYNTH_DIAGNOSTIC_READINESS,SRC_SYNTH_HR_SHIFT_ROSTER,SRC_SYNTH_FINANCE_RESOURCE_ENVELOPE,SRC_OPEN_RESPIRATORY_VIRUS_DASHBOARD,SRC_OPEN_AQHI_SMOKE_CONTEXT,SRC_OPEN_SCHOOL_HOLIDAY_CALENDAR,SRC_OPEN_STATCAN_PED_POPULATION",modelled,review
SITE_PROV_NETWORK,Provincial pediatric network,respiratory,Respiratory,1,2026-06-15,540,491,605,68,62,0.714,"SRC_SYNTH_REFERRALS,SRC_SYNTH_REFERRAL_TRIAGE,SRC_SYNTH_WAITLIST_SNAPSHOTS,SRC_SYNTH_CLINIC_TEMPLATES,SRC_SYNTH_PROVIDER_AVAILABILITY,SRC_SYNTH_NO_SHOW_LATE_CANCEL,SRC_SYNTH_DIAGNOSTIC_READINESS,SRC_SYNTH_HR_SHIFT_ROSTER,SRC_SYNTH_FINANCE_RESOURCE_ENVELOPE,SRC_OPEN_RESPIRATORY_VIRUS_DASHBOARD,SRC_OPEN_AQHI_SMOKE_CONTEXT,SRC_OPEN_SCHOOL_HOLIDAY_CALENDAR,SRC_OPEN_STATCAN_PED_POPULATION",modelled,ready
SITE_PROV_NETWORK,Provincial pediatric network,respiratory,Respiratory,2,2026-06-22,551,501,617,69,62,0.714,"SRC_SYNTH_REFERRALS,SRC_SYNTH_REFERRAL_TRIAGE,SRC_SYNTH_WAITLIST_SNAPSHOTS,SRC_SYNTH_CLINIC_TEMPLATES,SRC_SYNTH_PROVIDER_AVAILABILITY,SRC_SYNTH_NO_SHOW_LATE_CANCEL,SRC_SYNTH_DIAGNOSTIC_READINESS,SRC_SYNTH_HR_SHIFT_ROSTER,SRC_SYNTH_FINANCE_RESOURCE_ENVELOPE,SRC_OPEN_RESPIRATORY_VIRUS_DASHBOARD,SRC_OPEN_AQHI_SMOKE_CONTEXT,SRC_OPEN_SCHOOL_HOLIDAY_CALENDAR,SRC_OPEN_STATCAN_PED_POPULATION",modelled,ready
SITE_PROV_NETWORK,Provincial pediatric network,respiratory,Respiratory,3,2026-06-29,561,511,628,70,63,0.714,"SRC_SYNTH_REFERRALS,SRC_SYNTH_REFERRAL_TRIAGE,SRC_SYNTH_WAITLIST_SNAPSHOTS,SRC_SYNTH_CLINIC_TEMPLATES,SRC_SYNTH_PROVIDER_AVAILABILITY,SRC_SYNTH_NO_SHOW_LATE_CANCEL,SRC_SYNTH_DIAGNOSTIC_READINESS,SRC_SYNTH_HR_SHIFT_ROSTER,SRC_SYNTH_FINANCE_RESOURCE_ENVELOPE,SRC_OPEN_RESPIRATORY_VIRUS_DASHBOARD,SRC_OPEN_AQHI_SMOKE_CONTEXT,SRC_OPEN_SCHOOL_HOLIDAY_CALENDAR,SRC_OPEN_STATCAN_PED_POPULATION",modelled,ready
SITE_PROV_NETWORK,Provincial pediatric network,respiratory,Respiratory,4,2026-07-06,571,520,640,71,63,0.714,"SRC_SYNTH_REFERRALS,SRC_SYNTH_REFERRAL_TRIAGE,SRC_SYNTH_WAITLIST_SNAPSHOTS,SRC_SYNTH_CLINIC_TEMPLATES,SRC_SYNTH_PROVIDER_AVAILABILITY,SRC_SYNTH_NO_SHOW_LATE_CANCEL,SRC_SYNTH_DIAGNOSTIC_READINESS,SRC_SYNTH_HR_SHIFT_ROSTER,SRC_SYNTH_FINANCE_RESOURCE_ENVELOPE,SRC_OPEN_RESPIRATORY_VIRUS_DASHBOARD,SRC_OPEN_AQHI_SMOKE_CONTEXT,SRC_OPEN_SCHOOL_HOLIDAY_CALENDAR,SRC_OPEN_STATCAN_PED_POPULATION",modelled,ready
SITE_PROV_NETWORK,Provincial pediatric network,respiratory,Respiratory,5,2026-07-13,580,528,650,71,64,0.714,"SRC_SYNTH_REFERRALS,SRC_SYNTH_REFERRAL_TRIAGE,SRC_SYNTH_WAITLIST_SNAPSHOTS,SRC_SYNTH_CLINIC_TEMPLATES,SRC_SYNTH_PROVIDER_AVAILABILITY,SRC_SYNTH_NO_SHOW_LATE_CANCEL,SRC_SYNTH_DIAGNOSTIC_READINESS,SRC_SYNTH_HR_SHIFT_ROSTER,SRC_SYNTH_FINANCE_RESOURCE_ENVELOPE,SRC_OPEN_RESPIRATORY_VIRUS_DASHBOARD,SRC_OPEN_AQHI_SMOKE_CONTEXT,SRC_OPEN_SCHOOL_HOLIDAY_CALENDAR,SRC_OPEN_STATCAN_PED_POPULATION",modelled,ready
SITE_PROV_NETWORK,Provincial pediatric network,respiratory,Respiratory,6,2026-07-20,587,534,657,72,64,0.714,"SRC_SYNTH_REFERRALS,SRC_SYNTH_REFERRAL_TRIAGE,SRC_SYNTH_WAITLIST_SNAPSHOTS,SRC_SYNTH_CLINIC_TEMPLATES,SRC_SYNTH_PROVIDER_AVAILABILITY,SRC_SYNTH_NO_SHOW_LATE_CANCEL,SRC_SYNTH_DIAGNOSTIC_READINESS,SRC_SYNTH_HR_SHIFT_ROSTER,SRC_SYNTH_FINANCE_RESOURCE_ENVELOPE,SRC_OPEN_RESPIRATORY_VIRUS_DASHBOARD,SRC_OPEN_AQHI_SMOKE_CONTEXT,SRC_OPEN_SCHOOL_HOLIDAY_CALENDAR,SRC_OPEN_STATCAN_PED_POPULATION",modelled,ready
SITE_PROV_NETWORK,Provincial pediatric network,respiratory,Respiratory,7,2026-07-27,593,540,664,73,65,0.714,"SRC_SYNTH_REFERRALS,SRC_SYNTH_REFERRAL_TRIAGE,SRC_SYNTH_WAITLIST_SNAPSHOTS,SRC_SYNTH_CLINIC_TEMPLATES,SRC_SYNTH_PROVIDER_AVAILABILITY,SRC_SYNTH_NO_SHOW_LATE_CANCEL,SRC_SYNTH_DIAGNOSTIC_READINESS,SRC_SYNTH_HR_SHIFT_ROSTER,SRC_SYNTH_FINANCE_RESOURCE_ENVELOPE,SRC_OPEN_RESPIRATORY_VIRUS_DASHBOARD,SRC_OPEN_AQHI_SMOKE_CONTEXT,SRC_OPEN_SCHOOL_HOLIDAY_CALENDAR,SRC_OPEN_STATCAN_PED_POPULATION",modelled,ready
SITE_PROV_NETWORK,Provincial pediatric network,respiratory,Respiratory,8,2026-08-03,598,544,670,73,65,0.714,"SRC_SYNTH_REFERRALS,SRC_SYNTH_REFERRAL_TRIAGE,SRC_SYNTH_WAITLIST_SNAPSHOTS,SRC_SYNTH_CLINIC_TEMPLATES,SRC_SYNTH_PROVIDER_AVAILABILITY,SRC_SYNTH_NO_SHOW_LATE_CANCEL,SRC_SYNTH_DIAGNOSTIC_READINESS,SRC_SYNTH_HR_SHIFT_ROSTER,SRC_SYNTH_FINANCE_RESOURCE_ENVELOPE,SRC_OPEN_RESPIRATORY_VIRUS_DASHBOARD,SRC_OPEN_AQHI_SMOKE_CONTEXT,SRC_OPEN_SCHOOL_HOLIDAY_CALENDAR,SRC_OPEN_STATCAN_PED_POPULATION",modelled,ready
SITE_PROV_NETWORK,Provincial pediatric network,respiratory,Respiratory,9,2026-08-10,602,548,674,74,66,0.714,"SRC_SYNTH_REFERRALS,SRC_SYNTH_REFERRAL_TRIAGE,SRC_SYNTH_WAITLIST_SNAPSHOTS,SRC_SYNTH_CLINIC_TEMPLATES,SRC_SYNTH_PROVIDER_AVAILABILITY,SRC_SYNTH_NO_SHOW_LATE_CANCEL,SRC_SYNTH_DIAGNOSTIC_READINESS,SRC_SYNTH_HR_SHIFT_ROSTER,SRC_SYNTH_FINANCE_RESOURCE_ENVELOPE,SRC_OPEN_RESPIRATORY_VIRUS_DASHBOARD,SRC_OPEN_AQHI_SMOKE_CONTEXT,SRC_OPEN_SCHOOL_HOLIDAY_CALENDAR,SRC_OPEN_STATCAN_PED_POPULATION",modelled,ready
SITE_PROV_NETWORK,Provincial pediatric network,respiratory,Respiratory,10,2026-08-17,604,550,676,74,67,0.714,"SRC_SYNTH_REFERRALS,SRC_SYNTH_REFERRAL_TRIAGE,SRC_SYNTH_WAITLIST_SNAPSHOTS,SRC_SYNTH_CLINIC_TEMPLATES,SRC_SYNTH_PROVIDER_AVAILABILITY,SRC_SYNTH_NO_SHOW_LATE_CANCEL,SRC_SYNTH_DIAGNOSTIC_READINESS,SRC_SYNTH_HR_SHIFT_ROSTER,SRC_SYNTH_FINANCE_RESOURCE_ENVELOPE,SRC_OPEN_RESPIRATORY_VIRUS_DASHBOARD,SRC_OPEN_AQHI_SMOKE_CONTEXT,SRC_OPEN_SCHOOL_HOLIDAY_CALENDAR,SRC_OPEN_STATCAN_PED_POPULATION",modelled,ready
SITE_PROV_NETWORK,Provincial pediatric network,respiratory,Respiratory,11,2026-08-24,604,550,676,74,67,0.714,"SRC_SYNTH_REFERRALS,SRC_SYNTH_REFERRAL_TRIAGE,SRC_SYNTH_WAITLIST_SNAPSHOTS,SRC_SYNTH_CLINIC_TEMPLATES,SRC_SYNTH_PROVIDER_AVAILABILITY,SRC_SYNTH_NO_SHOW_LATE_CANCEL,SRC_SYNTH_DIAGNOSTIC_READINESS,SRC_SYNTH_HR_SHIFT_ROSTER,SRC_SYNTH_FINANCE_RESOURCE_ENVELOPE,SRC_OPEN_RESPIRATORY_VIRUS_DASHBOARD,SRC_OPEN_AQHI_SMOKE_CONTEXT,SRC_OPEN_SCHOOL_HOLIDAY_CALENDAR,SRC_OPEN_STATCAN_PED_POPULATION",modelled,ready
SITE_PROV_NETWORK,Provincial pediatric network,respiratory,Respiratory,12,2026-08-31,603,549,675,75,68,0.714,"SRC_SYNTH_REFERRALS,SRC_SYNTH_REFERRAL_TRIAGE,SRC_SYNTH_WAITLIST_SNAPSHOTS,SRC_SYNTH_CLINIC_TEMPLATES,SRC_SYNTH_PROVIDER_AVAILABILITY,SRC_SYNTH_NO_SHOW_LATE_CANCEL,SRC_SYNTH_DIAGNOSTIC_READINESS,SRC_SYNTH_HR_SHIFT_ROSTER,SRC_SYNTH_FINANCE_RESOURCE_ENVELOPE,SRC_OPEN_RESPIRATORY_VIRUS_DASHBOARD,SRC_OPEN_AQHI_SMOKE_CONTEXT,SRC_OPEN_SCHOOL_HOLIDAY_CALENDAR,SRC_OPEN_STATCAN_PED_POPULATION",modelled,ready
SITE_PROV_NETWORK,Provincial pediatric network,respiratory,Respiratory,13,2026-09-07,600,546,672,75,68,0.714,"SRC_SYNTH_REFERRALS,SRC_SYNTH_REFERRAL_TRIAGE,SRC_SYNTH_WAITLIST_SNAPSHOTS,SRC_SYNTH_CLINIC_TEMPLATES,SRC_SYNTH_PROVIDER_AVAILABILITY,SRC_SYNTH_NO_SHOW_LATE_CANCEL,SRC_SYNTH_DIAGNOSTIC_READINESS,SRC_SYNTH_HR_SHIFT_ROSTER,SRC_SYNTH_FINANCE_RESOURCE_ENVELOPE,SRC_OPEN_RESPIRATORY_VIRUS_DASHBOARD,SRC_OPEN_AQHI_SMOKE_CONTEXT,SRC_OPEN_SCHOOL_HOLIDAY_CALENDAR,SRC_OPEN_STATCAN_PED_POPULATION",modelled,ready
SITE_PROV_NETWORK,Provincial pediatric network,respiratory,Respiratory,14,2026-09-14,597,543,669,75,69,0.714,"SRC_SYNTH_REFERRALS,SRC_SYNTH_REFERRAL_TRIAGE,SRC_SYNTH_WAITLIST_SNAPSHOTS,SRC_SYNTH_CLINIC_TEMPLATES,SRC_SYNTH_PROVIDER_AVAILABILITY,SRC_SYNTH_NO_SHOW_LATE_CANCEL,SRC_SYNTH_DIAGNOSTIC_READINESS,SRC_SYNTH_HR_SHIFT_ROSTER,SRC_SYNTH_FINANCE_RESOURCE_ENVELOPE,SRC_OPEN_RESPIRATORY_VIRUS_DASHBOARD,SRC_OPEN_AQHI_SMOKE_CONTEXT,SRC_OPEN_SCHOOL_HOLIDAY_CALENDAR,SRC_OPEN_STATCAN_PED_POPULATION",modelled,ready
SITE_PROV_NETWORK,Provincial pediatric network,respiratory,Respiratory,15,2026-09-21,593,540,664,75,69,0.714,"SRC_SYNTH_REFERRALS,SRC_SYNTH_REFERRAL_TRIAGE,SRC_SYNTH_WAITLIST_SNAPSHOTS,SRC_SYNTH_CLINIC_TEMPLATES,SRC_SYNTH_PROVIDER_AVAILABILITY,SRC_SYNTH_NO_SHOW_LATE_CANCEL,SRC_SYNTH_DIAGNOSTIC_READINESS,SRC_SYNTH_HR_SHIFT_ROSTER,SRC_SYNTH_FINANCE_RESOURCE_ENVELOPE,SRC_OPEN_RESPIRATORY_VIRUS_DASHBOARD,SRC_OPEN_AQHI_SMOKE_CONTEXT,SRC_OPEN_SCHOOL_HOLIDAY_CALENDAR,SRC_OPEN_STATCAN_PED_POPULATION",modelled,ready
SITE_PROV_NETWORK,Provincial pediatric network,respiratory,Respiratory,16,2026-09-28,588,535,659,75,70,0.714,"SRC_SYNTH_REFERRALS,SRC_SYNTH_REFERRAL_TRIAGE,SRC_SYNTH_WAITLIST_SNAPSHOTS,SRC_SYNTH_CLINIC_TEMPLATES,SRC_SYNTH_PROVIDER_AVAILABILITY,SRC_SYNTH_NO_SHOW_LATE_CANCEL,SRC_SYNTH_DIAGNOSTIC_READINESS,SRC_SYNTH_HR_SHIFT_ROSTER,SRC_SYNTH_FINANCE_RESOURCE_ENVELOPE,SRC_OPEN_RESPIRATORY_VIRUS_DASHBOARD,SRC_OPEN_AQHI_SMOKE_CONTEXT,SRC_OPEN_SCHOOL_HOLIDAY_CALENDAR,SRC_OPEN_STATCAN_PED_POPULATION",modelled,ready
SITE_PROV_NETWORK,Provincial pediatric network,respiratory,Respiratory,17,2026-10-05,582,530,652,75,70,0.714,"SRC_SYNTH_REFERRALS,SRC_SYNTH_REFERRAL_TRIAGE,SRC_SYNTH_WAITLIST_SNAPSHOTS,SRC_SYNTH_CLINIC_TEMPLATES,SRC_SYNTH_PROVIDER_AVAILABILITY,SRC_SYNTH_NO_SHOW_LATE_CANCEL,SRC_SYNTH_DIAGNOSTIC_READINESS,SRC_SYNTH_HR_SHIFT_ROSTER,SRC_SYNTH_FINANCE_RESOURCE_ENVELOPE,SRC_OPEN_RESPIRATORY_VIRUS_DASHBOARD,SRC_OPEN_AQHI_SMOKE_CONTEXT,SRC_OPEN_SCHOOL_HOLIDAY_CALENDAR,SRC_OPEN_STATCAN_PED_POPULATION",modelled,ready
SITE_PROV_NETWORK,Provincial pediatric network,respiratory,Respiratory,18,2026-10-12,577,525,646,75,71,0.714,"SRC_SYNTH_REFERRALS,SRC_SYNTH_REFERRAL_TRIAGE,SRC_SYNTH_WAITLIST_SNAPSHOTS,SRC_SYNTH_CLINIC_TEMPLATES,SRC_SYNTH_PROVIDER_AVAILABILITY,SRC_SYNTH_NO_SHOW_LATE_CANCEL,SRC_SYNTH_DIAGNOSTIC_READINESS,SRC_SYNTH_HR_SHIFT_ROSTER,SRC_SYNTH_FINANCE_RESOURCE_ENVELOPE,SRC_OPEN_RESPIRATORY_VIRUS_DASHBOARD,SRC_OPEN_AQHI_SMOKE_CONTEXT,SRC_OPEN_SCHOOL_HOLIDAY_CALENDAR,SRC_OPEN_STATCAN_PED_POPULATION",modelled,ready
SITE_PROV_NETWORK,Provincial pediatric network,respiratory,Respiratory,19,2026-10-19,571,520,640,75,72,0.714,"SRC_SYNTH_REFERRALS,SRC_SYNTH_REFERRAL_TRIAGE,SRC_SYNTH_WAITLIST_SNAPSHOTS,SRC_SYNTH_CLINIC_TEMPLATES,SRC_SYNTH_PROVIDER_AVAILABILITY,SRC_SYNTH_NO_SHOW_LATE_CANCEL,SRC_SYNTH_DIAGNOSTIC_READINESS,SRC_SYNTH_HR_SHIFT_ROSTER,SRC_SYNTH_FINANCE_RESOURCE_ENVELOPE,SRC_OPEN_RESPIRATORY_VIRUS_DASHBOARD,SRC_OPEN_AQHI_SMOKE_CONTEXT,SRC_OPEN_SCHOOL_HOLIDAY_CALENDAR,SRC_OPEN_STATCAN_PED_POPULATION",modelled,ready
SITE_PROV_NETWORK,Provincial pediatric network,respiratory,Respiratory,20,2026-10-26,567,516,635,75,72,0.714,"SRC_SYNTH_REFERRALS,SRC_SYNTH_REFERRAL_TRIAGE,SRC_SYNTH_WAITLIST_SNAPSHOTS,SRC_SYNTH_CLINIC_TEMPLATES,SRC_SYNTH_PROVIDER_AVAILABILITY,SRC_SYNTH_NO_SHOW_LATE_CANCEL,SRC_SYNTH_DIAGNOSTIC_READINESS,SRC_SYNTH_HR_SHIFT_ROSTER,SRC_SYNTH_FINANCE_RESOURCE_ENVELOPE,SRC_OPEN_RESPIRATORY_VIRUS_DASHBOARD,SRC_OPEN_AQHI_SMOKE_CONTEXT,SRC_OPEN_SCHOOL_HOLIDAY_CALENDAR,SRC_OPEN_STATCAN_PED_POPULATION",modelled,ready
SITE_PROV_NETWORK,Provincial pediatric network,respiratory,Respiratory,21,2026-11-02,563,512,631,75,73,0.714,"SRC_SYNTH_REFERRALS,SRC_SYNTH_REFERRAL_TRIAGE,SRC_SYNTH_WAITLIST_SNAPSHOTS,SRC_SYNTH_CLINIC_TEMPLATES,SRC_SYNTH_PROVIDER_AVAILABILITY,SRC_SYNTH_NO_SHOW_LATE_CANCEL,SRC_SYNTH_DIAGNOSTIC_READINESS,SRC_SYNTH_HR_SHIFT_ROSTER,SRC_SYNTH_FINANCE_RESOURCE_ENVELOPE,SRC_OPEN_RESPIRATORY_VIRUS_DASHBOARD,SRC_OPEN_AQHI_SMOKE_CONTEXT,SRC_OPEN_SCHOOL_HOLIDAY_CALENDAR,SRC_OPEN_STATCAN_PED_POPULATION",modelled,ready
SITE_PROV_NETWORK,Provincial pediatric network,respiratory,Respiratory,22,2026-11-09,560,510,627,75,73,0.714,"SRC_SYNTH_REFERRALS,SRC_SYNTH_REFERRAL_TRIAGE,SRC_SYNTH_WAITLIST_SNAPSHOTS,SRC_SYNTH_CLINIC_TEMPLATES,SRC_SYNTH_PROVIDER_AVAILABILITY,SRC_SYNTH_NO_SHOW_LATE_CANCEL,SRC_SYNTH_DIAGNOSTIC_READINESS,SRC_SYNTH_HR_SHIFT_ROSTER,SRC_SYNTH_FINANCE_RESOURCE_ENVELOPE,SRC_OPEN_RESPIRATORY_VIRUS_DASHBOARD,SRC_OPEN_AQHI_SMOKE_CONTEXT,SRC_OPEN_SCHOOL_HOLIDAY_CALENDAR,SRC_OPEN_STATCAN_PED_POPULATION",modelled,ready
SITE_PROV_NETWORK,Provincial pediatric network,respiratory,Respiratory,23,2026-11-16,558,508,625,75,74,0.714,"SRC_SYNTH_REFERRALS,SRC_SYNTH_REFERRAL_TRIAGE,SRC_SYNTH_WAITLIST_SNAPSHOTS,SRC_SYNTH_CLINIC_TEMPLATES,SRC_SYNTH_PROVIDER_AVAILABILITY,SRC_SYNTH_NO_SHOW_LATE_CANCEL,SRC_SYNTH_DIAGNOSTIC_READINESS,SRC_SYNTH_HR_SHIFT_ROSTER,SRC_SYNTH_FINANCE_RESOURCE_ENVELOPE,SRC_OPEN_RESPIRATORY_VIRUS_DASHBOARD,SRC_OPEN_AQHI_SMOKE_CONTEXT,SRC_OPEN_SCHOOL_HOLIDAY_CALENDAR,SRC_OPEN_STATCAN_PED_POPULATION",modelled,ready
SITE_PROV_NETWORK,Provincial pediatric network,respiratory,Respiratory,24,2026-11-23,558,508,625,75,74,0.714,"SRC_SYNTH_REFERRALS,SRC_SYNTH_REFERRAL_TRIAGE,SRC_SYNTH_WAITLIST_SNAPSHOTS,SRC_SYNTH_CLINIC_TEMPLATES,SRC_SYNTH_PROVIDER_AVAILABILITY,SRC_SYNTH_NO_SHOW_LATE_CANCEL,SRC_SYNTH_DIAGNOSTIC_READINESS,SRC_SYNTH_HR_SHIFT_ROSTER,SRC_SYNTH_FINANCE_RESOURCE_ENVELOPE,SRC_OPEN_RESPIRATORY_VIRUS_DASHBOARD,SRC_OPEN_AQHI_SMOKE_CONTEXT,SRC_OPEN_SCHOOL_HOLIDAY_CALENDAR,SRC_OPEN_STATCAN_PED_POPULATION",modelled,ready
SITE_PROV_NETWORK,Provincial pediatric network,respiratory,Respiratory,25,2026-11-30,559,509,626,76,75,0.714,"SRC_SYNTH_REFERRALS,SRC_SYNTH_REFERRAL_TRIAGE,SRC_SYNTH_WAITLIST_SNAPSHOTS,SRC_SYNTH_CLINIC_TEMPLATES,SRC_SYNTH_PROVIDER_AVAILABILITY,SRC_SYNTH_NO_SHOW_LATE_CANCEL,SRC_SYNTH_DIAGNOSTIC_READINESS,SRC_SYNTH_HR_SHIFT_ROSTER,SRC_SYNTH_FINANCE_RESOURCE_ENVELOPE,SRC_OPEN_RESPIRATORY_VIRUS_DASHBOARD,SRC_OPEN_AQHI_SMOKE_CONTEXT,SRC_OPEN_SCHOOL_HOLIDAY_CALENDAR,SRC_OPEN_STATCAN_PED_POPULATION",modelled,ready
SITE_PROV_NETWORK,Provincial pediatric network,respiratory,Respiratory,26,2026-12-07,562,511,629,76,75,0.714,"SRC_SYNTH_REFERRALS,SRC_SYNTH_REFERRAL_TRIAGE,SRC_SYNTH_WAITLIST_SNAPSHOTS,SRC_SYNTH_CLINIC_TEMPLATES,SRC_SYNTH_PROVIDER_AVAILABILITY,SRC_SYNTH_NO_SHOW_LATE_CANCEL,SRC_SYNTH_DIAGNOSTIC_READINESS,SRC_SYNTH_HR_SHIFT_ROSTER,SRC_SYNTH_FINANCE_RESOURCE_ENVELOPE,SRC_OPEN_RESPIRATORY_VIRUS_DASHBOARD,SRC_OPEN_AQHI_SMOKE_CONTEXT,SRC_OPEN_SCHOOL_HOLIDAY_CALENDAR,SRC_OPEN_STATCAN_PED_POPULATION",modelled,ready
SITE_PROV_NETWORK,Provincial pediatric network,cardiology,Cardiology,1,2026-06-15,421,383,472,57,44,0.747,"SRC_SYNTH_REFERRALS,SRC_SYNTH_REFERRAL_TRIAGE,SRC_SYNTH_WAITLIST_SNAPSHOTS,SRC_SYNTH_CLINIC_TEMPLATES,SRC_SYNTH_PROVIDER_AVAILABILITY,SRC_SYNTH_NO_SHOW_LATE_CANCEL,SRC_SYNTH_DIAGNOSTIC_READINESS,SRC_SYNTH_HR_SHIFT_ROSTER,SRC_SYNTH_FINANCE_RESOURCE_ENVELOPE,SRC_OPEN_RESPIRATORY_VIRUS_DASHBOARD,SRC_OPEN_AQHI_SMOKE_CONTEXT,SRC_OPEN_SCHOOL_HOLIDAY_CALENDAR,SRC_OPEN_STATCAN_PED_POPULATION",modelled,ready
SITE_PROV_NETWORK,Provincial pediatric network,cardiology,Cardiology,2,2026-06-22,429,390,480,58,44,0.747,"SRC_SYNTH_REFERRALS,SRC_SYNTH_REFERRAL_TRIAGE,SRC_SYNTH_WAITLIST_SNAPSHOTS,SRC_SYNTH_CLINIC_TEMPLATES,SRC_SYNTH_PROVIDER_AVAILABILITY,SRC_SYNTH_NO_SHOW_LATE_CANCEL,SRC_SYNTH_DIAGNOSTIC_READINESS,SRC_SYNTH_HR_SHIFT_ROSTER,SRC_SYNTH_FINANCE_RESOURCE_ENVELOPE,SRC_OPEN_RESPIRATORY_VIRUS_DASHBOARD,SRC_OPEN_AQHI_SMOKE_CONTEXT,SRC_OPEN_SCHOOL_HOLIDAY_CALENDAR,SRC_OPEN_STATCAN_PED_POPULATION",modelled,ready
SITE_PROV_NETWORK,Provincial pediatric network,cardiology,Cardiology,3,2026-06-29,436,397,488,59,45,0.747,"SRC_SYNTH_REFERRALS,SRC_SYNTH_REFERRAL_TRIAGE,SRC_SYNTH_WAITLIST_SNAPSHOTS,SRC_SYNTH_CLINIC_TEMPLATES,SRC_SYNTH_PROVIDER_AVAILABILITY,SRC_SYNTH_NO_SHOW_LATE_CANCEL,SRC_SYNTH_DIAGNOSTIC_READINESS,SRC_SYNTH_HR_SHIFT_ROSTER,SRC_SYNTH_FINANCE_RESOURCE_ENVELOPE,SRC_OPEN_RESPIRATORY_VIRUS_DASHBOARD,SRC_OPEN_AQHI_SMOKE_CONTEXT,SRC_OPEN_SCHOOL_HOLIDAY_CALENDAR,SRC_OPEN_STATCAN_PED_POPULATION",modelled,ready
SITE_PROV_NETWORK,Provincial pediatric network,cardiology,Cardiology,4,2026-07-06,443,403,496,60,45,0.747,"SRC_SYNTH_REFERRALS,SRC_SYNTH_REFERRAL_TRIAGE,SRC_SYNTH_WAITLIST_SNAPSHOTS,SRC_SYNTH_CLINIC_TEMPLATES,SRC_SYNTH_PROVIDER_AVAILABILITY,SRC_SYNTH_NO_SHOW_LATE_CANCEL,SRC_SYNTH_DIAGNOSTIC_READINESS,SRC_SYNTH_HR_SHIFT_ROSTER,SRC_SYNTH_FINANCE_RESOURCE_ENVELOPE,SRC_OPEN_RESPIRATORY_VIRUS_DASHBOARD,SRC_OPEN_AQHI_SMOKE_CONTEXT,SRC_OPEN_SCHOOL_HOLIDAY_CALENDAR,SRC_OPEN_STATCAN_PED_POPULATION",modelled,ready
SITE_PROV_NETWORK,Provincial pediatric network,cardiology,Cardiology,5,2026-07-13,449,409,503,60,45,0.747,"SRC_SYNTH_REFERRALS,SRC_SYNTH_REFERRAL_TRIAGE,SRC_SYNTH_WAITLIST_SNAPSHOTS,SRC_SYNTH_CLINIC_TEMPLATES,SRC_SYNTH_PROVIDER_AVAILABILITY,SRC_SYNTH_NO_SHOW_LATE_CANCEL,SRC_SYNTH_DIAGNOSTIC_READINESS,SRC_SYNTH_HR_SHIFT_ROSTER,SRC_SYNTH_FINANCE_RESOURCE_ENVELOPE,SRC_OPEN_RESPIRATORY_VIRUS_DASHBOARD,SRC_OPEN_AQHI_SMOKE_CONTEXT,SRC_OPEN_SCHOOL_HOLIDAY_CALENDAR,SRC_OPEN_STATCAN_PED_POPULATION",modelled,ready
SITE_PROV_NETWORK,Provincial pediatric network,cardiology,Cardiology,6,2026-07-20,453,412,507,61,45,0.747,"SRC_SYNTH_REFERRALS,SRC_SYNTH_REFERRAL_TRIAGE,SRC_SYNTH_WAITLIST_SNAPSHOTS,SRC_SYNTH_CLINIC_TEMPLATES,SRC_SYNTH_PROVIDER_AVAILABILITY,SRC_SYNTH_NO_SHOW_LATE_CANCEL,SRC_SYNTH_DIAGNOSTIC_READINESS,SRC_SYNTH_HR_SHIFT_ROSTER,SRC_SYNTH_FINANCE_RESOURCE_ENVELOPE,SRC_OPEN_RESPIRATORY_VIRUS_DASHBOARD,SRC_OPEN_AQHI_SMOKE_CONTEXT,SRC_OPEN_SCHOOL_HOLIDAY_CALENDAR,SRC_OPEN_STATCAN_PED_POPULATION",modelled,ready
SITE_PROV_NETWORK,Provincial pediatric network,cardiology,Cardiology,7,2026-07-27,457,416,512,61,46,0.747,"SRC_SYNTH_REFERRALS,SRC_SYNTH_REFERRAL_TRIAGE,SRC_SYNTH_WAITLIST_SNAPSHOTS,SRC_SYNTH_CLINIC_TEMPLATES,SRC_SYNTH_PROVIDER_AVAILABILITY,SRC_SYNTH_NO_SHOW_LATE_CANCEL,SRC_SYNTH_DIAGNOSTIC_READINESS,SRC_SYNTH_HR_SHIFT_ROSTER,SRC_SYNTH_FINANCE_RESOURCE_ENVELOPE,SRC_OPEN_RESPIRATORY_VIRUS_DASHBOARD,SRC_OPEN_AQHI_SMOKE_CONTEXT,SRC_OPEN_SCHOOL_HOLIDAY_CALENDAR,SRC_OPEN_STATCAN_PED_POPULATION",modelled,ready
SITE_PROV_NETWORK,Provincial pediatric network,cardiology,Cardiology,8,2026-08-03,460,419,515,62,46,0.747,"SRC_SYNTH_REFERRALS,SRC_SYNTH_REFERRAL_TRIAGE,SRC_SYNTH_WAITLIST_SNAPSHOTS,SRC_SYNTH_CLINIC_TEMPLATES,SRC_SYNTH_PROVIDER_AVAILABILITY,SRC_SYNTH_NO_SHOW_LATE_CANCEL,SRC_SYNTH_DIAGNOSTIC_READINESS,SRC_SYNTH_HR_SHIFT_ROSTER,SRC_SYNTH_FINANCE_RESOURCE_ENVELOPE,SRC_OPEN_RESPIRATORY_VIRUS_DASHBOARD,SRC_OPEN_AQHI_SMOKE_CONTEXT,SRC_OPEN_SCHOOL_HOLIDAY_CALENDAR,SRC_OPEN_STATCAN_PED_POPULATION",modelled,ready
SITE_PROV_NETWORK,Provincial pediatric network,cardiology,Cardiology,9,2026-08-10,461,420,516,62,46,0.747,"SRC_SYNTH_REFERRALS,SRC_SYNTH_REFERRAL_TRIAGE,SRC_SYNTH_WAITLIST_SNAPSHOTS,SRC_SYNTH_CLINIC_TEMPLATES,SRC_SYNTH_PROVIDER_AVAILABILITY,SRC_SYNTH_NO_SHOW_LATE_CANCEL,SRC_SYNTH_DIAGNOSTIC_READINESS,SRC_SYNTH_HR_SHIFT_ROSTER,SRC_SYNTH_FINANCE_RESOURCE_ENVELOPE,SRC_OPEN_RESPIRATORY_VIRUS_DASHBOARD,SRC_OPEN_AQHI_SMOKE_CONTEXT,SRC_OPEN_SCHOOL_HOLIDAY_CALENDAR,SRC_OPEN_STATCAN_PED_POPULATION",modelled,ready
SITE_PROV_NETWORK,Provincial pediatric network,cardiology,Cardiology,10,2026-08-17,462,420,517,63,46,0.747,"SRC_SYNTH_REFERRALS,SRC_SYNTH_REFERRAL_TRIAGE,SRC_SYNTH_WAITLIST_SNAPSHOTS,SRC_SYNTH_CLINIC_TEMPLATES,SRC_SYNTH_PROVIDER_AVAILABILITY,SRC_SYNTH_NO_SHOW_LATE_CANCEL,SRC_SYNTH_DIAGNOSTIC_READINESS,SRC_SYNTH_HR_SHIFT_ROSTER,SRC_SYNTH_FINANCE_RESOURCE_ENVELOPE,SRC_OPEN_RESPIRATORY_VIRUS_DASHBOARD,SRC_OPEN_AQHI_SMOKE_CONTEXT,SRC_OPEN_SCHOOL_HOLIDAY_CALENDAR,SRC_OPEN_STATCAN_PED_POPULATION",modelled,ready
SITE_PROV_NETWORK,Provincial pediatric network,cardiology,Cardiology,11,2026-08-24,461,420,516,63,46,0.747,"SRC_SYNTH_REFERRALS,SRC_SYNTH_REFERRAL_TRIAGE,SRC_SYNTH_WAITLIST_SNAPSHOTS,SRC_SYNTH_CLINIC_TEMPLATES,SRC_SYNTH_PROVIDER_AVAILABILITY,SRC_SYNTH_NO_SHOW_LATE_CANCEL,SRC_SYNTH_DIAGNOSTIC_READINESS,SRC_SYNTH_HR_SHIFT_ROSTER,SRC_SYNTH_FINANCE_RESOURCE_ENVELOPE,SRC_OPEN_RESPIRATORY_VIRUS_DASHBOARD,SRC_OPEN_AQHI_SMOKE_CONTEXT,SRC_OPEN_SCHOOL_HOLIDAY_CALENDAR,SRC_OPEN_STATCAN_PED_POPULATION",modelled,ready
SITE_PROV_NETWORK,Provincial pediatric network,cardiology,Cardiology,12,2026-08-31,459,418,514,63,47,0.747,"SRC_SYNTH_REFERRALS,SRC_SYNTH_REFERRAL_TRIAGE,SRC_SYNTH_WAITLIST_SNAPSHOTS,SRC_SYNTH_CLINIC_TEMPLATES,SRC_SYNTH_PROVIDER_AVAILABILITY,SRC_SYNTH_NO_SHOW_LATE_CANCEL,SRC_SYNTH_DIAGNOSTIC_READINESS,SRC_SYNTH_HR_SHIFT_ROSTER,SRC_SYNTH_FINANCE_RESOURCE_ENVELOPE,SRC_OPEN_RESPIRATORY_VIRUS_DASHBOARD,SRC_OPEN_AQHI_SMOKE_CONTEXT,SRC_OPEN_SCHOOL_HOLIDAY_CALENDAR,SRC_OPEN_STATCAN_PED_POPULATION",modelled,ready
SITE_PROV_NETWORK,Provincial pediatric network,cardiology,Cardiology,13,2026-09-07,456,415,511,63,47,0.747,"SRC_SYNTH_REFERRALS,SRC_SYNTH_REFERRAL_TRIAGE,SRC_SYNTH_WAITLIST_SNAPSHOTS,SRC_SYNTH_CLINIC_TEMPLATES,SRC_SYNTH_PROVIDER_AVAILABILITY,SRC_SYNTH_NO_SHOW_LATE_CANCEL,SRC_SYNTH_DIAGNOSTIC_READINESS,SRC_SYNTH_HR_SHIFT_ROSTER,SRC_SYNTH_FINANCE_RESOURCE_ENVELOPE,SRC_OPEN_RESPIRATORY_VIRUS_DASHBOARD,SRC_OPEN_AQHI_SMOKE_CONTEXT,SRC_OPEN_SCHOOL_HOLIDAY_CALENDAR,SRC_OPEN_STATCAN_PED_POPULATION",modelled,ready
SITE_PROV_NETWORK,Provincial pediatric network,cardiology,Cardiology,14,2026-09-14,453,412,507,63,47,0.747,"SRC_SYNTH_REFERRALS,SRC_SYNTH_REFERRAL_TRIAGE,SRC_SYNTH_WAITLIST_SNAPSHOTS,SRC_SYNTH_CLINIC_TEMPLATES,SRC_SYNTH_PROVIDER_AVAILABILITY,SRC_SYNTH_NO_SHOW_LATE_CANCEL,SRC_SYNTH_DIAGNOSTIC_READINESS,SRC_SYNTH_HR_SHIFT_ROSTER,SRC_SYNTH_FINANCE_RESOURCE_ENVELOPE,SRC_OPEN_RESPIRATORY_VIRUS_DASHBOARD,SRC_OPEN_AQHI_SMOKE_CONTEXT,SRC_OPEN_SCHOOL_HOLIDAY_CALENDAR,SRC_OPEN_STATCAN_PED_POPULATION",modelled,ready
SITE_PROV_NETWORK,Provincial pediatric network,cardiology,Cardiology,15,2026-09-21,449,409,503,63,47,0.747,"SRC_SYNTH_REFERRALS,SRC_SYNTH_REFERRAL_TRIAGE,SRC_SYNTH_WAITLIST_SNAPSHOTS,SRC_SYNTH_CLINIC_TEMPLATES,SRC_SYNTH_PROVIDER_AVAILABILITY,SRC_SYNTH_NO_SHOW_LATE_CANCEL,SRC_SYNTH_DIAGNOSTIC_READINESS,SRC_SYNTH_HR_SHIFT_ROSTER,SRC_SYNTH_FINANCE_RESOURCE_ENVELOPE,SRC_OPEN_RESPIRATORY_VIRUS_DASHBOARD,SRC_OPEN_AQHI_SMOKE_CONTEXT,SRC_OPEN_SCHOOL_HOLIDAY_CALENDAR,SRC_OPEN_STATCAN_PED_POPULATION",modelled,ready
SITE_PROV_NETWORK,Provincial pediatric network,cardiology,Cardiology,16,2026-09-28,445,405,498,63,47,0.747,"SRC_SYNTH_REFERRALS,SRC_SYNTH_REFERRAL_TRIAGE,SRC_SYNTH_WAITLIST_SNAPSHOTS,SRC_SYNTH_CLINIC_TEMPLATES,SRC_SYNTH_PROVIDER_AVAILABILITY,SRC_SYNTH_NO_SHOW_LATE_CANCEL,SRC_SYNTH_DIAGNOSTIC_READINESS,SRC_SYNTH_HR_SHIFT_ROSTER,SRC_SYNTH_FINANCE_RESOURCE_ENVELOPE,SRC_OPEN_RESPIRATORY_VIRUS_DASHBOARD,SRC_OPEN_AQHI_SMOKE_CONTEXT,SRC_OPEN_SCHOOL_HOLIDAY_CALENDAR,SRC_OPEN_STATCAN_PED_POPULATION",modelled,ready
SITE_PROV_NETWORK,Provincial pediatric network,cardiology,Cardiology,17,2026-10-05,441,401,494,63,48,0.747,"SRC_SYNTH_REFERRALS,SRC_SYNTH_REFERRAL_TRIAGE,SRC_SYNTH_WAITLIST_SNAPSHOTS,SRC_SYNTH_CLINIC_TEMPLATES,SRC_SYNTH_PROVIDER_AVAILABILITY,SRC_SYNTH_NO_SHOW_LATE_CANCEL,SRC_SYNTH_DIAGNOSTIC_READINESS,SRC_SYNTH_HR_SHIFT_ROSTER,SRC_SYNTH_FINANCE_RESOURCE_ENVELOPE,SRC_OPEN_RESPIRATORY_VIRUS_DASHBOARD,SRC_OPEN_AQHI_SMOKE_CONTEXT,SRC_OPEN_SCHOOL_HOLIDAY_CALENDAR,SRC_OPEN_STATCAN_PED_POPULATION",modelled,ready
SITE_PROV_NETWORK,Provincial pediatric network,cardiology,Cardiology,18,2026-10-12,437,398,489,63,48,0.747,"SRC_SYNTH_REFERRALS,SRC_SYNTH_REFERRAL_TRIAGE,SRC_SYNTH_WAITLIST_SNAPSHOTS,SRC_SYNTH_CLINIC_TEMPLATES,SRC_SYNTH_PROVIDER_AVAILABILITY,SRC_SYNTH_NO_SHOW_LATE_CANCEL,SRC_SYNTH_DIAGNOSTIC_READINESS,SRC_SYNTH_HR_SHIFT_ROSTER,SRC_SYNTH_FINANCE_RESOURCE_ENVELOPE,SRC_OPEN_RESPIRATORY_VIRUS_DASHBOARD,SRC_OPEN_AQHI_SMOKE_CONTEXT,SRC_OPEN_SCHOOL_HOLIDAY_CALENDAR,SRC_OPEN_STATCAN_PED_POPULATION",modelled,ready
SITE_PROV_NETWORK,Provincial pediatric network,cardiology,Cardiology,19,2026-10-19,433,394,485,63,48,0.747,"SRC_SYNTH_REFERRALS,SRC_SYNTH_REFERRAL_TRIAGE,SRC_SYNTH_WAITLIST_SNAPSHOTS,SRC_SYNTH_CLINIC_TEMPLATES,SRC_SYNTH_PROVIDER_AVAILABILITY,SRC_SYNTH_NO_SHOW_LATE_CANCEL,SRC_SYNTH_DIAGNOSTIC_READINESS,SRC_SYNTH_HR_SHIFT_ROSTER,SRC_SYNTH_FINANCE_RESOURCE_ENVELOPE,SRC_OPEN_RESPIRATORY_VIRUS_DASHBOARD,SRC_OPEN_AQHI_SMOKE_CONTEXT,SRC_OPEN_SCHOOL_HOLIDAY_CALENDAR,SRC_OPEN_STATCAN_PED_POPULATION",modelled,ready
SITE_PROV_NETWORK,Provincial pediatric network,cardiology,Cardiology,20,2026-10-26,430,391,482,63,48,0.747,"SRC_SYNTH_REFERRALS,SRC_SYNTH_REFERRAL_TRIAGE,SRC_SYNTH_WAITLIST_SNAPSHOTS,SRC_SYNTH_CLINIC_TEMPLATES,SRC_SYNTH_PROVIDER_AVAILABILITY,SRC_SYNTH_NO_SHOW_LATE_CANCEL,SRC_SYNTH_DIAGNOSTIC_READINESS,SRC_SYNTH_HR_SHIFT_ROSTER,SRC_SYNTH_FINANCE_RESOURCE_ENVELOPE,SRC_OPEN_RESPIRATORY_VIRUS_DASHBOARD,SRC_OPEN_AQHI_SMOKE_CONTEXT,SRC_OPEN_SCHOOL_HOLIDAY_CALENDAR,SRC_OPEN_STATCAN_PED_POPULATION",modelled,ready
SITE_PROV_NETWORK,Provincial pediatric network,cardiology,Cardiology,21,2026-11-02,428,389,479,64,49,0.747,"SRC_SYNTH_REFERRALS,SRC_SYNTH_REFERRAL_TRIAGE,SRC_SYNTH_WAITLIST_SNAPSHOTS,SRC_SYNTH_CLINIC_TEMPLATES,SRC_SYNTH_PROVIDER_AVAILABILITY,SRC_SYNTH_NO_SHOW_LATE_CANCEL,SRC_SYNTH_DIAGNOSTIC_READINESS,SRC_SYNTH_HR_SHIFT_ROSTER,SRC_SYNTH_FINANCE_RESOURCE_ENVELOPE,SRC_OPEN_RESPIRATORY_VIRUS_DASHBOARD,SRC_OPEN_AQHI_SMOKE_CONTEXT,SRC_OPEN_SCHOOL_HOLIDAY_CALENDAR,SRC_OPEN_STATCAN_PED_POPULATION",modelled,ready
SITE_PROV_NETWORK,Provincial pediatric network,cardiology,Cardiology,22,2026-11-09,427,389,478,64,49,0.747,"SRC_SYNTH_REFERRALS,SRC_SYNTH_REFERRAL_TRIAGE,SRC_SYNTH_WAITLIST_SNAPSHOTS,SRC_SYNTH_CLINIC_TEMPLATES,SRC_SYNTH_PROVIDER_AVAILABILITY,SRC_SYNTH_NO_SHOW_LATE_CANCEL,SRC_SYNTH_DIAGNOSTIC_READINESS,SRC_SYNTH_HR_SHIFT_ROSTER,SRC_SYNTH_FINANCE_RESOURCE_ENVELOPE,SRC_OPEN_RESPIRATORY_VIRUS_DASHBOARD,SRC_OPEN_AQHI_SMOKE_CONTEXT,SRC_OPEN_SCHOOL_HOLIDAY_CALENDAR,SRC_OPEN_STATCAN_PED_POPULATION",modelled,ready
SITE_PROV_NETWORK,Provincial pediatric network,cardiology,Cardiology,23,2026-11-16,427,389,478,64,49,0.747,"SRC_SYNTH_REFERRALS,SRC_SYNTH_REFERRAL_TRIAGE,SRC_SYNTH_WAITLIST_SNAPSHOTS,SRC_SYNTH_CLINIC_TEMPLATES,SRC_SYNTH_PROVIDER_AVAILABILITY,SRC_SYNTH_NO_SHOW_LATE_CANCEL,SRC_SYNTH_DIAGNOSTIC_READINESS,SRC_SYNTH_HR_SHIFT_ROSTER,SRC_SYNTH_FINANCE_RESOURCE_ENVELOPE,SRC_OPEN_RESPIRATORY_VIRUS_DASHBOARD,SRC_OPEN_AQHI_SMOKE_CONTEXT,SRC_OPEN_SCHOOL_HOLIDAY_CALENDAR,SRC_OPEN_STATCAN_PED_POPULATION",modelled,ready
SITE_PROV_NETWORK,Provincial pediatric network,cardiology,Cardiology,24,2026-11-23,428,389,479,65,49,0.747,"SRC_SYNTH_REFERRALS,SRC_SYNTH_REFERRAL_TRIAGE,SRC_SYNTH_WAITLIST_SNAPSHOTS,SRC_SYNTH_CLINIC_TEMPLATES,SRC_SYNTH_PROVIDER_AVAILABILITY,SRC_SYNTH_NO_SHOW_LATE_CANCEL,SRC_SYNTH_DIAGNOSTIC_READINESS,SRC_SYNTH_HR_SHIFT_ROSTER,SRC_SYNTH_FINANCE_RESOURCE_ENVELOPE,SRC_OPEN_RESPIRATORY_VIRUS_DASHBOARD,SRC_OPEN_AQHI_SMOKE_CONTEXT,SRC_OPEN_SCHOOL_HOLIDAY_CALENDAR,SRC_OPEN_STATCAN_PED_POPULATION",modelled,ready
SITE_PROV_NETWORK,Provincial pediatric network,cardiology,Cardiology,25,2026-11-30,430,391,482,65,49,0.747,"SRC_SYNTH_REFERRALS,SRC_SYNTH_REFERRAL_TRIAGE,SRC_SYNTH_WAITLIST_SNAPSHOTS,SRC_SYNTH_CLINIC_TEMPLATES,SRC_SYNTH_PROVIDER_AVAILABILITY,SRC_SYNTH_NO_SHOW_LATE_CANCEL,SRC_SYNTH_DIAGNOSTIC_READINESS,SRC_SYNTH_HR_SHIFT_ROSTER,SRC_SYNTH_FINANCE_RESOURCE_ENVELOPE,SRC_OPEN_RESPIRATORY_VIRUS_DASHBOARD,SRC_OPEN_AQHI_SMOKE_CONTEXT,SRC_OPEN_SCHOOL_HOLIDAY_CALENDAR,SRC_OPEN_STATCAN_PED_POPULATION",modelled,ready
SITE_PROV_NETWORK,Provincial pediatric network,cardiology,Cardiology,26,2026-12-07,434,395,486,66,50,0.747,"SRC_SYNTH_REFERRALS,SRC_SYNTH_REFERRAL_TRIAGE,SRC_SYNTH_WAITLIST_SNAPSHOTS,SRC_SYNTH_CLINIC_TEMPLATES,SRC_SYNTH_PROVIDER_AVAILABILITY,SRC_SYNTH_NO_SHOW_LATE_CANCEL,SRC_SYNTH_DIAGNOSTIC_READINESS,SRC_SYNTH_HR_SHIFT_ROSTER,SRC_SYNTH_FINANCE_RESOURCE_ENVELOPE,SRC_OPEN_RESPIRATORY_VIRUS_DASHBOARD,SRC_OPEN_AQHI_SMOKE_CONTEXT,SRC_OPEN_SCHOOL_HOLIDAY_CALENDAR,SRC_OPEN_STATCAN_PED_POPULATION",modelled,ready
SITE_PROV_NETWORK,Provincial pediatric network,neurology,Neurology,1,2026-06-15,647,589,725,64,69,0.729,"SRC_SYNTH_REFERRALS,SRC_SYNTH_REFERRAL_TRIAGE,SRC_SYNTH_WAITLIST_SNAPSHOTS,SRC_SYNTH_CLINIC_TEMPLATES,SRC_SYNTH_PROVIDER_AVAILABILITY,SRC_SYNTH_NO_SHOW_LATE_CANCEL,SRC_SYNTH_DIAGNOSTIC_READINESS,SRC_SYNTH_HR_SHIFT_ROSTER,SRC_SYNTH_FINANCE_RESOURCE_ENVELOPE,SRC_OPEN_RESPIRATORY_VIRUS_DASHBOARD,SRC_OPEN_AQHI_SMOKE_CONTEXT,SRC_OPEN_SCHOOL_HOLIDAY_CALENDAR,SRC_OPEN_STATCAN_PED_POPULATION",modelled,ready
SITE_PROV_NETWORK,Provincial pediatric network,neurology,Neurology,2,2026-06-22,658,599,737,65,70,0.729,"SRC_SYNTH_REFERRALS,SRC_SYNTH_REFERRAL_TRIAGE,SRC_SYNTH_WAITLIST_SNAPSHOTS,SRC_SYNTH_CLINIC_TEMPLATES,SRC_SYNTH_PROVIDER_AVAILABILITY,SRC_SYNTH_NO_SHOW_LATE_CANCEL,SRC_SYNTH_DIAGNOSTIC_READINESS,SRC_SYNTH_HR_SHIFT_ROSTER,SRC_SYNTH_FINANCE_RESOURCE_ENVELOPE,SRC_OPEN_RESPIRATORY_VIRUS_DASHBOARD,SRC_OPEN_AQHI_SMOKE_CONTEXT,SRC_OPEN_SCHOOL_HOLIDAY_CALENDAR,SRC_OPEN_STATCAN_PED_POPULATION",modelled,ready
SITE_PROV_NETWORK,Provincial pediatric network,neurology,Neurology,3,2026-06-29,668,608,748,65,70,0.729,"SRC_SYNTH_REFERRALS,SRC_SYNTH_REFERRAL_TRIAGE,SRC_SYNTH_WAITLIST_SNAPSHOTS,SRC_SYNTH_CLINIC_TEMPLATES,SRC_SYNTH_PROVIDER_AVAILABILITY,SRC_SYNTH_NO_SHOW_LATE_CANCEL,SRC_SYNTH_DIAGNOSTIC_READINESS,SRC_SYNTH_HR_SHIFT_ROSTER,SRC_SYNTH_FINANCE_RESOURCE_ENVELOPE,SRC_OPEN_RESPIRATORY_VIRUS_DASHBOARD,SRC_OPEN_AQHI_SMOKE_CONTEXT,SRC_OPEN_SCHOOL_HOLIDAY_CALENDAR,SRC_OPEN_STATCAN_PED_POPULATION",modelled,ready
SITE_PROV_NETWORK,Provincial pediatric network,neurology,Neurology,4,2026-07-06,677,616,758,66,71,0.729,"SRC_SYNTH_REFERRALS,SRC_SYNTH_REFERRAL_TRIAGE,SRC_SYNTH_WAITLIST_SNAPSHOTS,SRC_SYNTH_CLINIC_TEMPLATES,SRC_SYNTH_PROVIDER_AVAILABILITY,SRC_SYNTH_NO_SHOW_LATE_CANCEL,SRC_SYNTH_DIAGNOSTIC_READINESS,SRC_SYNTH_HR_SHIFT_ROSTER,SRC_SYNTH_FINANCE_RESOURCE_ENVELOPE,SRC_OPEN_RESPIRATORY_VIRUS_DASHBOARD,SRC_OPEN_AQHI_SMOKE_CONTEXT,SRC_OPEN_SCHOOL_HOLIDAY_CALENDAR,SRC_OPEN_STATCAN_PED_POPULATION",modelled,ready
SITE_PROV_NETWORK,Provincial pediatric network,neurology,Neurology,5,2026-07-13,684,622,766,67,71,0.729,"SRC_SYNTH_REFERRALS,SRC_SYNTH_REFERRAL_TRIAGE,SRC_SYNTH_WAITLIST_SNAPSHOTS,SRC_SYNTH_CLINIC_TEMPLATES,SRC_SYNTH_PROVIDER_AVAILABILITY,SRC_SYNTH_NO_SHOW_LATE_CANCEL,SRC_SYNTH_DIAGNOSTIC_READINESS,SRC_SYNTH_HR_SHIFT_ROSTER,SRC_SYNTH_FINANCE_RESOURCE_ENVELOPE,SRC_OPEN_RESPIRATORY_VIRUS_DASHBOARD,SRC_OPEN_AQHI_SMOKE_CONTEXT,SRC_OPEN_SCHOOL_HOLIDAY_CALENDAR,SRC_OPEN_STATCAN_PED_POPULATION",modelled,ready
SITE_PROV_NETWORK,Provincial pediatric network,neurology,Neurology,6,2026-07-20,690,628,773,67,72,0.729,"SRC_SYNTH_REFERRALS,SRC_SYNTH_REFERRAL_TRIAGE,SRC_SYNTH_WAITLIST_SNAPSHOTS,SRC_SYNTH_CLINIC_TEMPLATES,SRC_SYNTH_PROVIDER_AVAILABILITY,SRC_SYNTH_NO_SHOW_LATE_CANCEL,SRC_SYNTH_DIAGNOSTIC_READINESS,SRC_SYNTH_HR_SHIFT_ROSTER,SRC_SYNTH_FINANCE_RESOURCE_ENVELOPE,SRC_OPEN_RESPIRATORY_VIRUS_DASHBOARD,SRC_OPEN_AQHI_SMOKE_CONTEXT,SRC_OPEN_SCHOOL_HOLIDAY_CALENDAR,SRC_OPEN_STATCAN_PED_POPULATION",modelled,ready
SITE_PROV_NETWORK,Provincial pediatric network,neurology,Neurology,7,2026-07-27,694,632,777,68,72,0.729,"SRC_SYNTH_REFERRALS,SRC_SYNTH_REFERRAL_TRIAGE,SRC_SYNTH_WAITLIST_SNAPSHOTS,SRC_SYNTH_CLINIC_TEMPLATES,SRC_SYNTH_PROVIDER_AVAILABILITY,SRC_SYNTH_NO_SHOW_LATE_CANCEL,SRC_SYNTH_DIAGNOSTIC_READINESS,SRC_SYNTH_HR_SHIFT_ROSTER,SRC_SYNTH_FINANCE_RESOURCE_ENVELOPE,SRC_OPEN_RESPIRATORY_VIRUS_DASHBOARD,SRC_OPEN_AQHI_SMOKE_CONTEXT,SRC_OPEN_SCHOOL_HOLIDAY_CALENDAR,SRC_OPEN_STATCAN_PED_POPULATION",modelled,ready
SITE_PROV_NETWORK,Provincial pediatric network,neurology,Neurology,8,2026-08-03,696,633,780,68,73,0.729,"SRC_SYNTH_REFERRALS,SRC_SYNTH_REFERRAL_TRIAGE,SRC_SYNTH_WAITLIST_SNAPSHOTS,SRC_SYNTH_CLINIC_TEMPLATES,SRC_SYNTH_PROVIDER_AVAILABILITY,SRC_SYNTH_NO_SHOW_LATE_CANCEL,SRC_SYNTH_DIAGNOSTIC_READINESS,SRC_SYNTH_HR_SHIFT_ROSTER,SRC_SYNTH_FINANCE_RESOURCE_ENVELOPE,SRC_OPEN_RESPIRATORY_VIRUS_DASHBOARD,SRC_OPEN_AQHI_SMOKE_CONTEXT,SRC_OPEN_SCHOOL_HOLIDAY_CALENDAR,SRC_OPEN_STATCAN_PED_POPULATION",modelled,ready
SITE_PROV_NETWORK,Provincial pediatric network,neurology,Neurology,9,2026-08-10,697,634,781,68,73,0.729,"SRC_SYNTH_REFERRALS,SRC_SYNTH_REFERRAL_TRIAGE,SRC_SYNTH_WAITLIST_SNAPSHOTS,SRC_SYNTH_CLINIC_TEMPLATES,SRC_SYNTH_PROVIDER_AVAILABILITY,SRC_SYNTH_NO_SHOW_LATE_CANCEL,SRC_SYNTH_DIAGNOSTIC_READINESS,SRC_SYNTH_HR_SHIFT_ROSTER,SRC_SYNTH_FINANCE_RESOURCE_ENVELOPE,SRC_OPEN_RESPIRATORY_VIRUS_DASHBOARD,SRC_OPEN_AQHI_SMOKE_CONTEXT,SRC_OPEN_SCHOOL_HOLIDAY_CALENDAR,SRC_OPEN_STATCAN_PED_POPULATION",modelled,ready
SITE_PROV_NETWORK,Provincial pediatric network,neurology,Neurology,10,2026-08-17,695,632,778,68,73,0.729,"SRC_SYNTH_REFERRALS,SRC_SYNTH_REFERRAL_TRIAGE,SRC_SYNTH_WAITLIST_SNAPSHOTS,SRC_SYNTH_CLINIC_TEMPLATES,SRC_SYNTH_PROVIDER_AVAILABILITY,SRC_SYNTH_NO_SHOW_LATE_CANCEL,SRC_SYNTH_DIAGNOSTIC_READINESS,SRC_SYNTH_HR_SHIFT_ROSTER,SRC_SYNTH_FINANCE_RESOURCE_ENVELOPE,SRC_OPEN_RESPIRATORY_VIRUS_DASHBOARD,SRC_OPEN_AQHI_SMOKE_CONTEXT,SRC_OPEN_SCHOOL_HOLIDAY_CALENDAR,SRC_OPEN_STATCAN_PED_POPULATION",modelled,ready
SITE_PROV_NETWORK,Provincial pediatric network,neurology,Neurology,11,2026-08-24,693,631,776,69,74,0.729,"SRC_SYNTH_REFERRALS,SRC_SYNTH_REFERRAL_TRIAGE,SRC_SYNTH_WAITLIST_SNAPSHOTS,SRC_SYNTH_CLINIC_TEMPLATES,SRC_SYNTH_PROVIDER_AVAILABILITY,SRC_SYNTH_NO_SHOW_LATE_CANCEL,SRC_SYNTH_DIAGNOSTIC_READINESS,SRC_SYNTH_HR_SHIFT_ROSTER,SRC_SYNTH_FINANCE_RESOURCE_ENVELOPE,SRC_OPEN_RESPIRATORY_VIRUS_DASHBOARD,SRC_OPEN_AQHI_SMOKE_CONTEXT,SRC_OPEN_SCHOOL_HOLIDAY_CALENDAR,SRC_OPEN_STATCAN_PED_POPULATION",modelled,ready
SITE_PROV_NETWORK,Provincial pediatric network,neurology,Neurology,12,2026-08-31,689,627,772,69,74,0.729,"SRC_SYNTH_REFERRALS,SRC_SYNTH_REFERRAL_TRIAGE,SRC_SYNTH_WAITLIST_SNAPSHOTS,SRC_SYNTH_CLINIC_TEMPLATES,SRC_SYNTH_PROVIDER_AVAILABILITY,SRC_SYNTH_NO_SHOW_LATE_CANCEL,SRC_SYNTH_DIAGNOSTIC_READINESS,SRC_SYNTH_HR_SHIFT_ROSTER,SRC_SYNTH_FINANCE_RESOURCE_ENVELOPE,SRC_OPEN_RESPIRATORY_VIRUS_DASHBOARD,SRC_OPEN_AQHI_SMOKE_CONTEXT,SRC_OPEN_SCHOOL_HOLIDAY_CALENDAR,SRC_OPEN_STATCAN_PED_POPULATION",modelled,ready
SITE_PROV_NETWORK,Provincial pediatric network,neurology,Neurology,13,2026-09-07,684,622,766,69,75,0.729,"SRC_SYNTH_REFERRALS,SRC_SYNTH_REFERRAL_TRIAGE,SRC_SYNTH_WAITLIST_SNAPSHOTS,SRC_SYNTH_CLINIC_TEMPLATES,SRC_SYNTH_PROVIDER_AVAILABILITY,SRC_SYNTH_NO_SHOW_LATE_CANCEL,SRC_SYNTH_DIAGNOSTIC_READINESS,SRC_SYNTH_HR_SHIFT_ROSTER,SRC_SYNTH_FINANCE_RESOURCE_ENVELOPE,SRC_OPEN_RESPIRATORY_VIRUS_DASHBOARD,SRC_OPEN_AQHI_SMOKE_CONTEXT,SRC_OPEN_SCHOOL_HOLIDAY_CALENDAR,SRC_OPEN_STATCAN_PED_POPULATION",modelled,ready
SITE_PROV_NETWORK,Provincial pediatric network,neurology,Neurology,14,2026-09-14,678,617,759,69,75,0.729,"SRC_SYNTH_REFERRALS,SRC_SYNTH_REFERRAL_TRIAGE,SRC_SYNTH_WAITLIST_SNAPSHOTS,SRC_SYNTH_CLINIC_TEMPLATES,SRC_SYNTH_PROVIDER_AVAILABILITY,SRC_SYNTH_NO_SHOW_LATE_CANCEL,SRC_SYNTH_DIAGNOSTIC_READINESS,SRC_SYNTH_HR_SHIFT_ROSTER,SRC_SYNTH_FINANCE_RESOURCE_ENVELOPE,SRC_OPEN_RESPIRATORY_VIRUS_DASHBOARD,SRC_OPEN_AQHI_SMOKE_CONTEXT,SRC_OPEN_SCHOOL_HOLIDAY_CALENDAR,SRC_OPEN_STATCAN_PED_POPULATION",modelled,ready
SITE_PROV_NETWORK,Provincial pediatric network,neurology,Neurology,15,2026-09-21,672,612,753,69,76,0.729,"SRC_SYNTH_REFERRALS,SRC_SYNTH_REFERRAL_TRIAGE,SRC_SYNTH_WAITLIST_SNAPSHOTS,SRC_SYNTH_CLINIC_TEMPLATES,SRC_SYNTH_PROVIDER_AVAILABILITY,SRC_SYNTH_NO_SHOW_LATE_CANCEL,SRC_SYNTH_DIAGNOSTIC_READINESS,SRC_SYNTH_HR_SHIFT_ROSTER,SRC_SYNTH_FINANCE_RESOURCE_ENVELOPE,SRC_OPEN_RESPIRATORY_VIRUS_DASHBOARD,SRC_OPEN_AQHI_SMOKE_CONTEXT,SRC_OPEN_SCHOOL_HOLIDAY_CALENDAR,SRC_OPEN_STATCAN_PED_POPULATION",modelled,ready
SITE_PROV_NETWORK,Provincial pediatric network,neurology,Neurology,16,2026-09-28,665,605,745,69,76,0.729,"SRC_SYNTH_REFERRALS,SRC_SYNTH_REFERRAL_TRIAGE,SRC_SYNTH_WAITLIST_SNAPSHOTS,SRC_SYNTH_CLINIC_TEMPLATES,SRC_SYNTH_PROVIDER_AVAILABILITY,SRC_SYNTH_NO_SHOW_LATE_CANCEL,SRC_SYNTH_DIAGNOSTIC_READINESS,SRC_SYNTH_HR_SHIFT_ROSTER,SRC_SYNTH_FINANCE_RESOURCE_ENVELOPE,SRC_OPEN_RESPIRATORY_VIRUS_DASHBOARD,SRC_OPEN_AQHI_SMOKE_CONTEXT,SRC_OPEN_SCHOOL_HOLIDAY_CALENDAR,SRC_OPEN_STATCAN_PED_POPULATION",modelled,ready
SITE_PROV_NETWORK,Provincial pediatric network,neurology,Neurology,17,2026-10-05,659,600,738,69,77,0.729,"SRC_SYNTH_REFERRALS,SRC_SYNTH_REFERRAL_TRIAGE,SRC_SYNTH_WAITLIST_SNAPSHOTS,SRC_SYNTH_CLINIC_TEMPLATES,SRC_SYNTH_PROVIDER_AVAILABILITY,SRC_SYNTH_NO_SHOW_LATE_CANCEL,SRC_SYNTH_DIAGNOSTIC_READINESS,SRC_SYNTH_HR_SHIFT_ROSTER,SRC_SYNTH_FINANCE_RESOURCE_ENVELOPE,SRC_OPEN_RESPIRATORY_VIRUS_DASHBOARD,SRC_OPEN_AQHI_SMOKE_CONTEXT,SRC_OPEN_SCHOOL_HOLIDAY_CALENDAR,SRC_OPEN_STATCAN_PED_POPULATION",modelled,ready
SITE_PROV_NETWORK,Provincial pediatric network,neurology,Neurology,18,2026-10-12,654,595,732,69,77,0.729,"SRC_SYNTH_REFERRALS,SRC_SYNTH_REFERRAL_TRIAGE,SRC_SYNTH_WAITLIST_SNAPSHOTS,SRC_SYNTH_CLINIC_TEMPLATES,SRC_SYNTH_PROVIDER_AVAILABILITY,SRC_SYNTH_NO_SHOW_LATE_CANCEL,SRC_SYNTH_DIAGNOSTIC_READINESS,SRC_SYNTH_HR_SHIFT_ROSTER,SRC_SYNTH_FINANCE_RESOURCE_ENVELOPE,SRC_OPEN_RESPIRATORY_VIRUS_DASHBOARD,SRC_OPEN_AQHI_SMOKE_CONTEXT,SRC_OPEN_SCHOOL_HOLIDAY_CALENDAR,SRC_OPEN_STATCAN_PED_POPULATION",modelled,ready
SITE_PROV_NETWORK,Provincial pediatric network,neurology,Neurology,19,2026-10-19,649,591,727,69,77,0.729,"SRC_SYNTH_REFERRALS,SRC_SYNTH_REFERRAL_TRIAGE,SRC_SYNTH_WAITLIST_SNAPSHOTS,SRC_SYNTH_CLINIC_TEMPLATES,SRC_SYNTH_PROVIDER_AVAILABILITY,SRC_SYNTH_NO_SHOW_LATE_CANCEL,SRC_SYNTH_DIAGNOSTIC_READINESS,SRC_SYNTH_HR_SHIFT_ROSTER,SRC_SYNTH_FINANCE_RESOURCE_ENVELOPE,SRC_OPEN_RESPIRATORY_VIRUS_DASHBOARD,SRC_OPEN_AQHI_SMOKE_CONTEXT,SRC_OPEN_SCHOOL_HOLIDAY_CALENDAR,SRC_OPEN_STATCAN_PED_POPULATION",modelled,ready
SITE_PROV_NETWORK,Provincial pediatric network,neurology,Neurology,20,2026-10-26,646,588,724,69,78,0.729,"SRC_SYNTH_REFERRALS,SRC_SYNTH_REFERRAL_TRIAGE,SRC_SYNTH_WAITLIST_SNAPSHOTS,SRC_SYNTH_CLINIC_TEMPLATES,SRC_SYNTH_PROVIDER_AVAILABILITY,SRC_SYNTH_NO_SHOW_LATE_CANCEL,SRC_SYNTH_DIAGNOSTIC_READINESS,SRC_SYNTH_HR_SHIFT_ROSTER,SRC_SYNTH_FINANCE_RESOURCE_ENVELOPE,SRC_OPEN_RESPIRATORY_VIRUS_DASHBOARD,SRC_OPEN_AQHI_SMOKE_CONTEXT,SRC_OPEN_SCHOOL_HOLIDAY_CALENDAR,SRC_OPEN_STATCAN_PED_POPULATION",modelled,ready
SITE_PROV_NETWORK,Provincial pediatric network,neurology,Neurology,21,2026-11-02,644,586,721,69,78,0.729,"SRC_SYNTH_REFERRALS,SRC_SYNTH_REFERRAL_TRIAGE,SRC_SYNTH_WAITLIST_SNAPSHOTS,SRC_SYNTH_CLINIC_TEMPLATES,SRC_SYNTH_PROVIDER_AVAILABILITY,SRC_SYNTH_NO_SHOW_LATE_CANCEL,SRC_SYNTH_DIAGNOSTIC_READINESS,SRC_SYNTH_HR_SHIFT_ROSTER,SRC_SYNTH_FINANCE_RESOURCE_ENVELOPE,SRC_OPEN_RESPIRATORY_VIRUS_DASHBOARD,SRC_OPEN_AQHI_SMOKE_CONTEXT,SRC_OPEN_SCHOOL_HOLIDAY_CALENDAR,SRC_OPEN_STATCAN_PED_POPULATION",modelled,ready
SITE_PROV_NETWORK,Provincial pediatric network,neurology,Neurology,22,2026-11-09,644,586,721,70,79,0.729,"SRC_SYNTH_REFERRALS,SRC_SYNTH_REFERRAL_TRIAGE,SRC_SYNTH_WAITLIST_SNAPSHOTS,SRC_SYNTH_CLINIC_TEMPLATES,SRC_SYNTH_PROVIDER_AVAILABILITY,SRC_SYNTH_NO_SHOW_LATE_CANCEL,SRC_SYNTH_DIAGNOSTIC_READINESS,SRC_SYNTH_HR_SHIFT_ROSTER,SRC_SYNTH_FINANCE_RESOURCE_ENVELOPE,SRC_OPEN_RESPIRATORY_VIRUS_DASHBOARD,SRC_OPEN_AQHI_SMOKE_CONTEXT,SRC_OPEN_SCHOOL_HOLIDAY_CALENDAR,SRC_OPEN_STATCAN_PED_POPULATION",modelled,ready
SITE_PROV_NETWORK,Provincial pediatric network,neurology,Neurology,23,2026-11-16,646,588,724,70,79,0.729,"SRC_SYNTH_REFERRALS,SRC_SYNTH_REFERRAL_TRIAGE,SRC_SYNTH_WAITLIST_SNAPSHOTS,SRC_SYNTH_CLINIC_TEMPLATES,SRC_SYNTH_PROVIDER_AVAILABILITY,SRC_SYNTH_NO_SHOW_LATE_CANCEL,SRC_SYNTH_DIAGNOSTIC_READINESS,SRC_SYNTH_HR_SHIFT_ROSTER,SRC_SYNTH_FINANCE_RESOURCE_ENVELOPE,SRC_OPEN_RESPIRATORY_VIRUS_DASHBOARD,SRC_OPEN_AQHI_SMOKE_CONTEXT,SRC_OPEN_SCHOOL_HOLIDAY_CALENDAR,SRC_OPEN_STATCAN_PED_POPULATION",modelled,ready
SITE_PROV_NETWORK,Provincial pediatric network,neurology,Neurology,24,2026-11-23,649,591,727,70,80,0.729,"SRC_SYNTH_REFERRALS,SRC_SYNTH_REFERRAL_TRIAGE,SRC_SYNTH_WAITLIST_SNAPSHOTS,SRC_SYNTH_CLINIC_TEMPLATES,SRC_SYNTH_PROVIDER_AVAILABILITY,SRC_SYNTH_NO_SHOW_LATE_CANCEL,SRC_SYNTH_DIAGNOSTIC_READINESS,SRC_SYNTH_HR_SHIFT_ROSTER,SRC_SYNTH_FINANCE_RESOURCE_ENVELOPE,SRC_OPEN_RESPIRATORY_VIRUS_DASHBOARD,SRC_OPEN_AQHI_SMOKE_CONTEXT,SRC_OPEN_SCHOOL_HOLIDAY_CALENDAR,SRC_OPEN_STATCAN_PED_POPULATION",modelled,ready
SITE_PROV_NETWORK,Provincial pediatric network,neurology,Neurology,25,2026-11-30,654,595,732,71,80,0.729,"SRC_SYNTH_REFERRALS,SRC_SYNTH_REFERRAL_TRIAGE,SRC_SYNTH_WAITLIST_SNAPSHOTS,SRC_SYNTH_CLINIC_TEMPLATES,SRC_SYNTH_PROVIDER_AVAILABILITY,SRC_SYNTH_NO_SHOW_LATE_CANCEL,SRC_SYNTH_DIAGNOSTIC_READINESS,SRC_SYNTH_HR_SHIFT_ROSTER,SRC_SYNTH_FINANCE_RESOURCE_ENVELOPE,SRC_OPEN_RESPIRATORY_VIRUS_DASHBOARD,SRC_OPEN_AQHI_SMOKE_CONTEXT,SRC_OPEN_SCHOOL_HOLIDAY_CALENDAR,SRC_OPEN_STATCAN_PED_POPULATION",modelled,ready
SITE_PROV_NETWORK,Provincial pediatric network,neurology,Neurology,26,2026-12-07,662,602,741,71,81,0.729,"SRC_SYNTH_REFERRALS,SRC_SYNTH_REFERRAL_TRIAGE,SRC_SYNTH_WAITLIST_SNAPSHOTS,SRC_SYNTH_CLINIC_TEMPLATES,SRC_SYNTH_PROVIDER_AVAILABILITY,SRC_SYNTH_NO_SHOW_LATE_CANCEL,SRC_SYNTH_DIAGNOSTIC_READINESS,SRC_SYNTH_HR_SHIFT_ROSTER,SRC_SYNTH_FINANCE_RESOURCE_ENVELOPE,SRC_OPEN_RESPIRATORY_VIRUS_DASHBOARD,SRC_OPEN_AQHI_SMOKE_CONTEXT,SRC_OPEN_SCHOOL_HOLIDAY_CALENDAR,SRC_OPEN_STATCAN_PED_POPULATION",modelled,ready
SITE_PROV_NETWORK,Provincial pediatric network,surgery_follow_up,Surgery follow-up,1,2026-06-15,620,564,694,59,62,0.743,"SRC_SYNTH_REFERRALS,SRC_SYNTH_REFERRAL_TRIAGE,SRC_SYNTH_WAITLIST_SNAPSHOTS,SRC_SYNTH_CLINIC_TEMPLATES,SRC_SYNTH_PROVIDER_AVAILABILITY,SRC_SYNTH_NO_SHOW_LATE_CANCEL,SRC_SYNTH_DIAGNOSTIC_READINESS,SRC_SYNTH_HR_SHIFT_ROSTER,SRC_SYNTH_FINANCE_RESOURCE_ENVELOPE,SRC_OPEN_RESPIRATORY_VIRUS_DASHBOARD,SRC_OPEN_AQHI_SMOKE_CONTEXT,SRC_OPEN_SCHOOL_HOLIDAY_CALENDAR,SRC_OPEN_STATCAN_PED_POPULATION",modelled,ready
SITE_PROV_NETWORK,Provincial pediatric network,surgery_follow_up,Surgery follow-up,2,2026-06-22,630,573,706,60,62,0.743,"SRC_SYNTH_REFERRALS,SRC_SYNTH_REFERRAL_TRIAGE,SRC_SYNTH_WAITLIST_SNAPSHOTS,SRC_SYNTH_CLINIC_TEMPLATES,SRC_SYNTH_PROVIDER_AVAILABILITY,SRC_SYNTH_NO_SHOW_LATE_CANCEL,SRC_SYNTH_DIAGNOSTIC_READINESS,SRC_SYNTH_HR_SHIFT_ROSTER,SRC_SYNTH_FINANCE_RESOURCE_ENVELOPE,SRC_OPEN_RESPIRATORY_VIRUS_DASHBOARD,SRC_OPEN_AQHI_SMOKE_CONTEXT,SRC_OPEN_SCHOOL_HOLIDAY_CALENDAR,SRC_OPEN_STATCAN_PED_POPULATION",modelled,ready
SITE_PROV_NETWORK,Provincial pediatric network,surgery_follow_up,Surgery follow-up,3,2026-06-29,638,581,715,60,63,0.743,"SRC_SYNTH_REFERRALS,SRC_SYNTH_REFERRAL_TRIAGE,SRC_SYNTH_WAITLIST_SNAPSHOTS,SRC_SYNTH_CLINIC_TEMPLATES,SRC_SYNTH_PROVIDER_AVAILABILITY,SRC_SYNTH_NO_SHOW_LATE_CANCEL,SRC_SYNTH_DIAGNOSTIC_READINESS,SRC_SYNTH_HR_SHIFT_ROSTER,SRC_SYNTH_FINANCE_RESOURCE_ENVELOPE,SRC_OPEN_RESPIRATORY_VIRUS_DASHBOARD,SRC_OPEN_AQHI_SMOKE_CONTEXT,SRC_OPEN_SCHOOL_HOLIDAY_CALENDAR,SRC_OPEN_STATCAN_PED_POPULATION",modelled,ready
SITE_PROV_NETWORK,Provincial pediatric network,surgery_follow_up,Surgery follow-up,4,2026-07-06,645,587,722,61,63,0.743,"SRC_SYNTH_REFERRALS,SRC_SYNTH_REFERRAL_TRIAGE,SRC_SYNTH_WAITLIST_SNAPSHOTS,SRC_SYNTH_CLINIC_TEMPLATES,SRC_SYNTH_PROVIDER_AVAILABILITY,SRC_SYNTH_NO_SHOW_LATE_CANCEL,SRC_SYNTH_DIAGNOSTIC_READINESS,SRC_SYNTH_HR_SHIFT_ROSTER,SRC_SYNTH_FINANCE_RESOURCE_ENVELOPE,SRC_OPEN_RESPIRATORY_VIRUS_DASHBOARD,SRC_OPEN_AQHI_SMOKE_CONTEXT,SRC_OPEN_SCHOOL_HOLIDAY_CALENDAR,SRC_OPEN_STATCAN_PED_POPULATION",modelled,ready
SITE_PROV_NETWORK,Provincial pediatric network,surgery_follow_up,Surgery follow-up,5,2026-07-13,650,592,728,62,63,0.743,"SRC_SYNTH_REFERRALS,SRC_SYNTH_REFERRAL_TRIAGE,SRC_SYNTH_WAITLIST_SNAPSHOTS,SRC_SYNTH_CLINIC_TEMPLATES,SRC_SYNTH_PROVIDER_AVAILABILITY,SRC_SYNTH_NO_SHOW_LATE_CANCEL,SRC_SYNTH_DIAGNOSTIC_READINESS,SRC_SYNTH_HR_SHIFT_ROSTER,SRC_SYNTH_FINANCE_RESOURCE_ENVELOPE,SRC_OPEN_RESPIRATORY_VIRUS_DASHBOARD,SRC_OPEN_AQHI_SMOKE_CONTEXT,SRC_OPEN_SCHOOL_HOLIDAY_CALENDAR,SRC_OPEN_STATCAN_PED_POPULATION",modelled,ready
SITE_PROV_NETWORK,Provincial pediatric network,surgery_follow_up,Surgery follow-up,6,2026-07-20,654,595,732,62,63,0.743,"SRC_SYNTH_REFERRALS,SRC_SYNTH_REFERRAL_TRIAGE,SRC_SYNTH_WAITLIST_SNAPSHOTS,SRC_SYNTH_CLINIC_TEMPLATES,SRC_SYNTH_PROVIDER_AVAILABILITY,SRC_SYNTH_NO_SHOW_LATE_CANCEL,SRC_SYNTH_DIAGNOSTIC_READINESS,SRC_SYNTH_HR_SHIFT_ROSTER,SRC_SYNTH_FINANCE_RESOURCE_ENVELOPE,SRC_OPEN_RESPIRATORY_VIRUS_DASHBOARD,SRC_OPEN_AQHI_SMOKE_CONTEXT,SRC_OPEN_SCHOOL_HOLIDAY_CALENDAR,SRC_OPEN_STATCAN_PED_POPULATION",modelled,ready
SITE_PROV_NETWORK,Provincial pediatric network,surgery_follow_up,Surgery follow-up,7,2026-07-27,656,597,735,62,64,0.743,"SRC_SYNTH_REFERRALS,SRC_SYNTH_REFERRAL_TRIAGE,SRC_SYNTH_WAITLIST_SNAPSHOTS,SRC_SYNTH_CLINIC_TEMPLATES,SRC_SYNTH_PROVIDER_AVAILABILITY,SRC_SYNTH_NO_SHOW_LATE_CANCEL,SRC_SYNTH_DIAGNOSTIC_READINESS,SRC_SYNTH_HR_SHIFT_ROSTER,SRC_SYNTH_FINANCE_RESOURCE_ENVELOPE,SRC_OPEN_RESPIRATORY_VIRUS_DASHBOARD,SRC_OPEN_AQHI_SMOKE_CONTEXT,SRC_OPEN_SCHOOL_HOLIDAY_CALENDAR,SRC_OPEN_STATCAN_PED_POPULATION",modelled,ready
SITE_PROV_NETWORK,Provincial pediatric network,surgery_follow_up,Surgery follow-up,8,2026-08-03,657,598,736,63,64,0.743,"SRC_SYNTH_REFERRALS,SRC_SYNTH_REFERRAL_TRIAGE,SRC_SYNTH_WAITLIST_SNAPSHOTS,SRC_SYNTH_CLINIC_TEMPLATES,SRC_SYNTH_PROVIDER_AVAILABILITY,SRC_SYNTH_NO_SHOW_LATE_CANCEL,SRC_SYNTH_DIAGNOSTIC_READINESS,SRC_SYNTH_HR_SHIFT_ROSTER,SRC_SYNTH_FINANCE_RESOURCE_ENVELOPE,SRC_OPEN_RESPIRATORY_VIRUS_DASHBOARD,SRC_OPEN_AQHI_SMOKE_CONTEXT,SRC_OPEN_SCHOOL_HOLIDAY_CALENDAR,SRC_OPEN_STATCAN_PED_POPULATION",modelled,ready
SITE_PROV_NETWORK,Provincial pediatric network,surgery_follow_up,Surgery follow-up,9,2026-08-10,656,597,735,63,64,0.743,"SRC_SYNTH_REFERRALS,SRC_SYNTH_REFERRAL_TRIAGE,SRC_SYNTH_WAITLIST_SNAPSHOTS,SRC_SYNTH_CLINIC_TEMPLATES,SRC_SYNTH_PROVIDER_AVAILABILITY,SRC_SYNTH_NO_SHOW_LATE_CANCEL,SRC_SYNTH_DIAGNOSTIC_READINESS,SRC_SYNTH_HR_SHIFT_ROSTER,SRC_SYNTH_FINANCE_RESOURCE_ENVELOPE,SRC_OPEN_RESPIRATORY_VIRUS_DASHBOARD,SRC_OPEN_AQHI_SMOKE_CONTEXT,SRC_OPEN_SCHOOL_HOLIDAY_CALENDAR,SRC_OPEN_STATCAN_PED_POPULATION",modelled,ready
SITE_PROV_NETWORK,Provincial pediatric network,surgery_follow_up,Surgery follow-up,10,2026-08-17,653,594,731,63,64,0.743,"SRC_SYNTH_REFERRALS,SRC_SYNTH_REFERRAL_TRIAGE,SRC_SYNTH_WAITLIST_SNAPSHOTS,SRC_SYNTH_CLINIC_TEMPLATES,SRC_SYNTH_PROVIDER_AVAILABILITY,SRC_SYNTH_NO_SHOW_LATE_CANCEL,SRC_SYNTH_DIAGNOSTIC_READINESS,SRC_SYNTH_HR_SHIFT_ROSTER,SRC_SYNTH_FINANCE_RESOURCE_ENVELOPE,SRC_OPEN_RESPIRATORY_VIRUS_DASHBOARD,SRC_OPEN_AQHI_SMOKE_CONTEXT,SRC_OPEN_SCHOOL_HOLIDAY_CALENDAR,SRC_OPEN_STATCAN_PED_POPULATION",modelled,ready
SITE_PROV_NETWORK,Provincial pediatric network,surgery_follow_up,Surgery follow-up,11,2026-08-24,649,591,727,63,65,0.743,"SRC_SYNTH_REFERRALS,SRC_SYNTH_REFERRAL_TRIAGE,SRC_SYNTH_WAITLIST_SNAPSHOTS,SRC_SYNTH_CLINIC_TEMPLATES,SRC_SYNTH_PROVIDER_AVAILABILITY,SRC_SYNTH_NO_SHOW_LATE_CANCEL,SRC_SYNTH_DIAGNOSTIC_READINESS,SRC_SYNTH_HR_SHIFT_ROSTER,SRC_SYNTH_FINANCE_RESOURCE_ENVELOPE,SRC_OPEN_RESPIRATORY_VIRUS_DASHBOARD,SRC_OPEN_AQHI_SMOKE_CONTEXT,SRC_OPEN_SCHOOL_HOLIDAY_CALENDAR,SRC_OPEN_STATCAN_PED_POPULATION",modelled,ready
SITE_PROV_NETWORK,Provincial pediatric network,surgery_follow_up,Surgery follow-up,12,2026-08-31,645,587,722,63,65,0.743,"SRC_SYNTH_REFERRALS,SRC_SYNTH_REFERRAL_TRIAGE,SRC_SYNTH_WAITLIST_SNAPSHOTS,SRC_SYNTH_CLINIC_TEMPLATES,SRC_SYNTH_PROVIDER_AVAILABILITY,SRC_SYNTH_NO_SHOW_LATE_CANCEL,SRC_SYNTH_DIAGNOSTIC_READINESS,SRC_SYNTH_HR_SHIFT_ROSTER,SRC_SYNTH_FINANCE_RESOURCE_ENVELOPE,SRC_OPEN_RESPIRATORY_VIRUS_DASHBOARD,SRC_OPEN_AQHI_SMOKE_CONTEXT,SRC_OPEN_SCHOOL_HOLIDAY_CALENDAR,SRC_OPEN_STATCAN_PED_POPULATION",modelled,ready
SITE_PROV_NETWORK,Provincial pediatric network,surgery_follow_up,Surgery follow-up,13,2026-09-07,639,581,716,63,65,0.743,"SRC_SYNTH_REFERRALS,SRC_SYNTH_REFERRAL_TRIAGE,SRC_SYNTH_WAITLIST_SNAPSHOTS,SRC_SYNTH_CLINIC_TEMPLATES,SRC_SYNTH_PROVIDER_AVAILABILITY,SRC_SYNTH_NO_SHOW_LATE_CANCEL,SRC_SYNTH_DIAGNOSTIC_READINESS,SRC_SYNTH_HR_SHIFT_ROSTER,SRC_SYNTH_FINANCE_RESOURCE_ENVELOPE,SRC_OPEN_RESPIRATORY_VIRUS_DASHBOARD,SRC_OPEN_AQHI_SMOKE_CONTEXT,SRC_OPEN_SCHOOL_HOLIDAY_CALENDAR,SRC_OPEN_STATCAN_PED_POPULATION",modelled,ready
SITE_PROV_NETWORK,Provincial pediatric network,surgery_follow_up,Surgery follow-up,14,2026-09-14,634,577,710,63,65,0.743,"SRC_SYNTH_REFERRALS,SRC_SYNTH_REFERRAL_TRIAGE,SRC_SYNTH_WAITLIST_SNAPSHOTS,SRC_SYNTH_CLINIC_TEMPLATES,SRC_SYNTH_PROVIDER_AVAILABILITY,SRC_SYNTH_NO_SHOW_LATE_CANCEL,SRC_SYNTH_DIAGNOSTIC_READINESS,SRC_SYNTH_HR_SHIFT_ROSTER,SRC_SYNTH_FINANCE_RESOURCE_ENVELOPE,SRC_OPEN_RESPIRATORY_VIRUS_DASHBOARD,SRC_OPEN_AQHI_SMOKE_CONTEXT,SRC_OPEN_SCHOOL_HOLIDAY_CALENDAR,SRC_OPEN_STATCAN_PED_POPULATION",modelled,ready
SITE_PROV_NETWORK,Provincial pediatric network,surgery_follow_up,Surgery follow-up,15,2026-09-21,628,571,703,63,66,0.743,"SRC_SYNTH_REFERRALS,SRC_SYNTH_REFERRAL_TRIAGE,SRC_SYNTH_WAITLIST_SNAPSHOTS,SRC_SYNTH_CLINIC_TEMPLATES,SRC_SYNTH_PROVIDER_AVAILABILITY,SRC_SYNTH_NO_SHOW_LATE_CANCEL,SRC_SYNTH_DIAGNOSTIC_READINESS,SRC_SYNTH_HR_SHIFT_ROSTER,SRC_SYNTH_FINANCE_RESOURCE_ENVELOPE,SRC_OPEN_RESPIRATORY_VIRUS_DASHBOARD,SRC_OPEN_AQHI_SMOKE_CONTEXT,SRC_OPEN_SCHOOL_HOLIDAY_CALENDAR,SRC_OPEN_STATCAN_PED_POPULATION",modelled,ready
SITE_PROV_NETWORK,Provincial pediatric network,surgery_follow_up,Surgery follow-up,16,2026-09-28,622,566,697,63,66,0.743,"SRC_SYNTH_REFERRALS,SRC_SYNTH_REFERRAL_TRIAGE,SRC_SYNTH_WAITLIST_SNAPSHOTS,SRC_SYNTH_CLINIC_TEMPLATES,SRC_SYNTH_PROVIDER_AVAILABILITY,SRC_SYNTH_NO_SHOW_LATE_CANCEL,SRC_SYNTH_DIAGNOSTIC_READINESS,SRC_SYNTH_HR_SHIFT_ROSTER,SRC_SYNTH_FINANCE_RESOURCE_ENVELOPE,SRC_OPEN_RESPIRATORY_VIRUS_DASHBOARD,SRC_OPEN_AQHI_SMOKE_CONTEXT,SRC_OPEN_SCHOOL_HOLIDAY_CALENDAR,SRC_OPEN_STATCAN_PED_POPULATION",modelled,ready
SITE_PROV_NETWORK,Provincial pediatric network,surgery_follow_up,Surgery follow-up,17,2026-10-05,617,561,691,63,66,0.743,"SRC_SYNTH_REFERRALS,SRC_SYNTH_REFERRAL_TRIAGE,SRC_SYNTH_WAITLIST_SNAPSHOTS,SRC_SYNTH_CLINIC_TEMPLATES,SRC_SYNTH_PROVIDER_AVAILABILITY,SRC_SYNTH_NO_SHOW_LATE_CANCEL,SRC_SYNTH_DIAGNOSTIC_READINESS,SRC_SYNTH_HR_SHIFT_ROSTER,SRC_SYNTH_FINANCE_RESOURCE_ENVELOPE,SRC_OPEN_RESPIRATORY_VIRUS_DASHBOARD,SRC_OPEN_AQHI_SMOKE_CONTEXT,SRC_OPEN_SCHOOL_HOLIDAY_CALENDAR,SRC_OPEN_STATCAN_PED_POPULATION",modelled,ready
SITE_PROV_NETWORK,Provincial pediatric network,surgery_follow_up,Surgery follow-up,18,2026-10-12,613,558,687,64,66,0.743,"SRC_SYNTH_REFERRALS,SRC_SYNTH_REFERRAL_TRIAGE,SRC_SYNTH_WAITLIST_SNAPSHOTS,SRC_SYNTH_CLINIC_TEMPLATES,SRC_SYNTH_PROVIDER_AVAILABILITY,SRC_SYNTH_NO_SHOW_LATE_CANCEL,SRC_SYNTH_DIAGNOSTIC_READINESS,SRC_SYNTH_HR_SHIFT_ROSTER,SRC_SYNTH_FINANCE_RESOURCE_ENVELOPE,SRC_OPEN_RESPIRATORY_VIRUS_DASHBOARD,SRC_OPEN_AQHI_SMOKE_CONTEXT,SRC_OPEN_SCHOOL_HOLIDAY_CALENDAR,SRC_OPEN_STATCAN_PED_POPULATION",modelled,ready
SITE_PROV_NETWORK,Provincial pediatric network,surgery_follow_up,Surgery follow-up,19,2026-10-19,609,554,682,64,67,0.743,"SRC_SYNTH_REFERRALS,SRC_SYNTH_REFERRAL_TRIAGE,SRC_SYNTH_WAITLIST_SNAPSHOTS,SRC_SYNTH_CLINIC_TEMPLATES,SRC_SYNTH_PROVIDER_AVAILABILITY,SRC_SYNTH_NO_SHOW_LATE_CANCEL,SRC_SYNTH_DIAGNOSTIC_READINESS,SRC_SYNTH_HR_SHIFT_ROSTER,SRC_SYNTH_FINANCE_RESOURCE_ENVELOPE,SRC_OPEN_RESPIRATORY_VIRUS_DASHBOARD,SRC_OPEN_AQHI_SMOKE_CONTEXT,SRC_OPEN_SCHOOL_HOLIDAY_CALENDAR,SRC_OPEN_STATCAN_PED_POPULATION",modelled,ready
SITE_PROV_NETWORK,Provincial pediatric network,surgery_follow_up,Surgery follow-up,20,2026-10-26,608,553,681,64,67,0.743,"SRC_SYNTH_REFERRALS,SRC_SYNTH_REFERRAL_TRIAGE,SRC_SYNTH_WAITLIST_SNAPSHOTS,SRC_SYNTH_CLINIC_TEMPLATES,SRC_SYNTH_PROVIDER_AVAILABILITY,SRC_SYNTH_NO_SHOW_LATE_CANCEL,SRC_SYNTH_DIAGNOSTIC_READINESS,SRC_SYNTH_HR_SHIFT_ROSTER,SRC_SYNTH_FINANCE_RESOURCE_ENVELOPE,SRC_OPEN_RESPIRATORY_VIRUS_DASHBOARD,SRC_OPEN_AQHI_SMOKE_CONTEXT,SRC_OPEN_SCHOOL_HOLIDAY_CALENDAR,SRC_OPEN_STATCAN_PED_POPULATION",modelled,ready
SITE_PROV_NETWORK,Provincial pediatric network,surgery_follow_up,Surgery follow-up,21,2026-11-02,608,553,681,64,67,0.743,"SRC_SYNTH_REFERRALS,SRC_SYNTH_REFERRAL_TRIAGE,SRC_SYNTH_WAITLIST_SNAPSHOTS,SRC_SYNTH_CLINIC_TEMPLATES,SRC_SYNTH_PROVIDER_AVAILABILITY,SRC_SYNTH_NO_SHOW_LATE_CANCEL,SRC_SYNTH_DIAGNOSTIC_READINESS,SRC_SYNTH_HR_SHIFT_ROSTER,SRC_SYNTH_FINANCE_RESOURCE_ENVELOPE,SRC_OPEN_RESPIRATORY_VIRUS_DASHBOARD,SRC_OPEN_AQHI_SMOKE_CONTEXT,SRC_OPEN_SCHOOL_HOLIDAY_CALENDAR,SRC_OPEN_STATCAN_PED_POPULATION",modelled,ready
SITE_PROV_NETWORK,Provincial pediatric network,surgery_follow_up,Surgery follow-up,22,2026-11-09,609,554,682,65,67,0.743,"SRC_SYNTH_REFERRALS,SRC_SYNTH_REFERRAL_TRIAGE,SRC_SYNTH_WAITLIST_SNAPSHOTS,SRC_SYNTH_CLINIC_TEMPLATES,SRC_SYNTH_PROVIDER_AVAILABILITY,SRC_SYNTH_NO_SHOW_LATE_CANCEL,SRC_SYNTH_DIAGNOSTIC_READINESS,SRC_SYNTH_HR_SHIFT_ROSTER,SRC_SYNTH_FINANCE_RESOURCE_ENVELOPE,SRC_OPEN_RESPIRATORY_VIRUS_DASHBOARD,SRC_OPEN_AQHI_SMOKE_CONTEXT,SRC_OPEN_SCHOOL_HOLIDAY_CALENDAR,SRC_OPEN_STATCAN_PED_POPULATION",modelled,ready
SITE_PROV_NETWORK,Provincial pediatric network,surgery_follow_up,Surgery follow-up,23,2026-11-16,612,557,685,65,68,0.743,"SRC_SYNTH_REFERRALS,SRC_SYNTH_REFERRAL_TRIAGE,SRC_SYNTH_WAITLIST_SNAPSHOTS,SRC_SYNTH_CLINIC_TEMPLATES,SRC_SYNTH_PROVIDER_AVAILABILITY,SRC_SYNTH_NO_SHOW_LATE_CANCEL,SRC_SYNTH_DIAGNOSTIC_READINESS,SRC_SYNTH_HR_SHIFT_ROSTER,SRC_SYNTH_FINANCE_RESOURCE_ENVELOPE,SRC_OPEN_RESPIRATORY_VIRUS_DASHBOARD,SRC_OPEN_AQHI_SMOKE_CONTEXT,SRC_OPEN_SCHOOL_HOLIDAY_CALENDAR,SRC_OPEN_STATCAN_PED_POPULATION",modelled,ready
SITE_PROV_NETWORK,Provincial pediatric network,surgery_follow_up,Surgery follow-up,24,2026-11-23,617,561,691,66,68,0.743,"SRC_SYNTH_REFERRALS,SRC_SYNTH_REFERRAL_TRIAGE,SRC_SYNTH_WAITLIST_SNAPSHOTS,SRC_SYNTH_CLINIC_TEMPLATES,SRC_SYNTH_PROVIDER_AVAILABILITY,SRC_SYNTH_NO_SHOW_LATE_CANCEL,SRC_SYNTH_DIAGNOSTIC_READINESS,SRC_SYNTH_HR_SHIFT_ROSTER,SRC_SYNTH_FINANCE_RESOURCE_ENVELOPE,SRC_OPEN_RESPIRATORY_VIRUS_DASHBOARD,SRC_OPEN_AQHI_SMOKE_CONTEXT,SRC_OPEN_SCHOOL_HOLIDAY_CALENDAR,SRC_OPEN_STATCAN_PED_POPULATION",modelled,ready
SITE_PROV_NETWORK,Provincial pediatric network,surgery_follow_up,Surgery follow-up,25,2026-11-30,624,568,699,66,68,0.743,"SRC_SYNTH_REFERRALS,SRC_SYNTH_REFERRAL_TRIAGE,SRC_SYNTH_WAITLIST_SNAPSHOTS,SRC_SYNTH_CLINIC_TEMPLATES,SRC_SYNTH_PROVIDER_AVAILABILITY,SRC_SYNTH_NO_SHOW_LATE_CANCEL,SRC_SYNTH_DIAGNOSTIC_READINESS,SRC_SYNTH_HR_SHIFT_ROSTER,SRC_SYNTH_FINANCE_RESOURCE_ENVELOPE,SRC_OPEN_RESPIRATORY_VIRUS_DASHBOARD,SRC_OPEN_AQHI_SMOKE_CONTEXT,SRC_OPEN_SCHOOL_HOLIDAY_CALENDAR,SRC_OPEN_STATCAN_PED_POPULATION",modelled,ready
SITE_PROV_NETWORK,Provincial pediatric network,surgery_follow_up,Surgery follow-up,26,2026-12-07,633,576,709,67,68,0.743,"SRC_SYNTH_REFERRALS,SRC_SYNTH_REFERRAL_TRIAGE,SRC_SYNTH_WAITLIST_SNAPSHOTS,SRC_SYNTH_CLINIC_TEMPLATES,SRC_SYNTH_PROVIDER_AVAILABILITY,SRC_SYNTH_NO_SHOW_LATE_CANCEL,SRC_SYNTH_DIAGNOSTIC_READINESS,SRC_SYNTH_HR_SHIFT_ROSTER,SRC_SYNTH_FINANCE_RESOURCE_ENVELOPE,SRC_OPEN_RESPIRATORY_VIRUS_DASHBOARD,SRC_OPEN_AQHI_SMOKE_CONTEXT,SRC_OPEN_SCHOOL_HOLIDAY_CALENDAR,SRC_OPEN_STATCAN_PED_POPULATION",modelled,ready
SITE_PROV_NETWORK,Provincial pediatric network,oncology_survivorship,Oncology survivorship,1,2026-06-15,340,309,381,51,34,0.768,"SRC_SYNTH_REFERRALS,SRC_SYNTH_REFERRAL_TRIAGE,SRC_SYNTH_WAITLIST_SNAPSHOTS,SRC_SYNTH_CLINIC_TEMPLATES,SRC_SYNTH_PROVIDER_AVAILABILITY,SRC_SYNTH_NO_SHOW_LATE_CANCEL,SRC_SYNTH_DIAGNOSTIC_READINESS,SRC_SYNTH_HR_SHIFT_ROSTER,SRC_SYNTH_FINANCE_RESOURCE_ENVELOPE,SRC_OPEN_RESPIRATORY_VIRUS_DASHBOARD,SRC_OPEN_AQHI_SMOKE_CONTEXT,SRC_OPEN_SCHOOL_HOLIDAY_CALENDAR,SRC_OPEN_STATCAN_PED_POPULATION",modelled,ready
SITE_PROV_NETWORK,Provincial pediatric network,oncology_survivorship,Oncology survivorship,2,2026-06-22,344,313,385,52,34,0.768,"SRC_SYNTH_REFERRALS,SRC_SYNTH_REFERRAL_TRIAGE,SRC_SYNTH_WAITLIST_SNAPSHOTS,SRC_SYNTH_CLINIC_TEMPLATES,SRC_SYNTH_PROVIDER_AVAILABILITY,SRC_SYNTH_NO_SHOW_LATE_CANCEL,SRC_SYNTH_DIAGNOSTIC_READINESS,SRC_SYNTH_HR_SHIFT_ROSTER,SRC_SYNTH_FINANCE_RESOURCE_ENVELOPE,SRC_OPEN_RESPIRATORY_VIRUS_DASHBOARD,SRC_OPEN_AQHI_SMOKE_CONTEXT,SRC_OPEN_SCHOOL_HOLIDAY_CALENDAR,SRC_OPEN_STATCAN_PED_POPULATION",modelled,ready
SITE_PROV_NETWORK,Provincial pediatric network,oncology_survivorship,Oncology survivorship,3,2026-06-29,348,317,390,52,34,0.768,"SRC_SYNTH_REFERRALS,SRC_SYNTH_REFERRAL_TRIAGE,SRC_SYNTH_WAITLIST_SNAPSHOTS,SRC_SYNTH_CLINIC_TEMPLATES,SRC_SYNTH_PROVIDER_AVAILABILITY,SRC_SYNTH_NO_SHOW_LATE_CANCEL,SRC_SYNTH_DIAGNOSTIC_READINESS,SRC_SYNTH_HR_SHIFT_ROSTER,SRC_SYNTH_FINANCE_RESOURCE_ENVELOPE,SRC_OPEN_RESPIRATORY_VIRUS_DASHBOARD,SRC_OPEN_AQHI_SMOKE_CONTEXT,SRC_OPEN_SCHOOL_HOLIDAY_CALENDAR,SRC_OPEN_STATCAN_PED_POPULATION",modelled,ready
SITE_PROV_NETWORK,Provincial pediatric network,oncology_survivorship,Oncology survivorship,4,2026-07-06,351,319,393,53,34,0.768,"SRC_SYNTH_REFERRALS,SRC_SYNTH_REFERRAL_TRIAGE,SRC_SYNTH_WAITLIST_SNAPSHOTS,SRC_SYNTH_CLINIC_TEMPLATES,SRC_SYNTH_PROVIDER_AVAILABILITY,SRC_SYNTH_NO_SHOW_LATE_CANCEL,SRC_SYNTH_DIAGNOSTIC_READINESS,SRC_SYNTH_HR_SHIFT_ROSTER,SRC_SYNTH_FINANCE_RESOURCE_ENVELOPE,SRC_OPEN_RESPIRATORY_VIRUS_DASHBOARD,SRC_OPEN_AQHI_SMOKE_CONTEXT,SRC_OPEN_SCHOOL_HOLIDAY_CALENDAR,SRC_OPEN_STATCAN_PED_POPULATION",modelled,ready
SITE_PROV_NETWORK,Provincial pediatric network,oncology_survivorship,Oncology survivorship,5,2026-07-13,353,321,395,53,35,0.768,"SRC_SYNTH_REFERRALS,SRC_SYNTH_REFERRAL_TRIAGE,SRC_SYNTH_WAITLIST_SNAPSHOTS,SRC_SYNTH_CLINIC_TEMPLATES,SRC_SYNTH_PROVIDER_AVAILABILITY,SRC_SYNTH_NO_SHOW_LATE_CANCEL,SRC_SYNTH_DIAGNOSTIC_READINESS,SRC_SYNTH_HR_SHIFT_ROSTER,SRC_SYNTH_FINANCE_RESOURCE_ENVELOPE,SRC_OPEN_RESPIRATORY_VIRUS_DASHBOARD,SRC_OPEN_AQHI_SMOKE_CONTEXT,SRC_OPEN_SCHOOL_HOLIDAY_CALENDAR,SRC_OPEN_STATCAN_PED_POPULATION",modelled,ready
SITE_PROV_NETWORK,Provincial pediatric network,oncology_survivorship,Oncology survivorship,6,2026-07-20,354,322,396,54,35,0.768,"SRC_SYNTH_REFERRALS,SRC_SYNTH_REFERRAL_TRIAGE,SRC_SYNTH_WAITLIST_SNAPSHOTS,SRC_SYNTH_CLINIC_TEMPLATES,SRC_SYNTH_PROVIDER_AVAILABILITY,SRC_SYNTH_NO_SHOW_LATE_CANCEL,SRC_SYNTH_DIAGNOSTIC_READINESS,SRC_SYNTH_HR_SHIFT_ROSTER,SRC_SYNTH_FINANCE_RESOURCE_ENVELOPE,SRC_OPEN_RESPIRATORY_VIRUS_DASHBOARD,SRC_OPEN_AQHI_SMOKE_CONTEXT,SRC_OPEN_SCHOOL_HOLIDAY_CALENDAR,SRC_OPEN_STATCAN_PED_POPULATION",modelled,ready
SITE_PROV_NETWORK,Provincial pediatric network,oncology_survivorship,Oncology survivorship,7,2026-07-27,354,322,396,54,35,0.768,"SRC_SYNTH_REFERRALS,SRC_SYNTH_REFERRAL_TRIAGE,SRC_SYNTH_WAITLIST_SNAPSHOTS,SRC_SYNTH_CLINIC_TEMPLATES,SRC_SYNTH_PROVIDER_AVAILABILITY,SRC_SYNTH_NO_SHOW_LATE_CANCEL,SRC_SYNTH_DIAGNOSTIC_READINESS,SRC_SYNTH_HR_SHIFT_ROSTER,SRC_SYNTH_FINANCE_RESOURCE_ENVELOPE,SRC_OPEN_RESPIRATORY_VIRUS_DASHBOARD,SRC_OPEN_AQHI_SMOKE_CONTEXT,SRC_OPEN_SCHOOL_HOLIDAY_CALENDAR,SRC_OPEN_STATCAN_PED_POPULATION",modelled,ready
SITE_PROV_NETWORK,Provincial pediatric network,oncology_survivorship,Oncology survivorship,8,2026-08-03,354,322,396,54,35,0.768,"SRC_SYNTH_REFERRALS,SRC_SYNTH_REFERRAL_TRIAGE,SRC_SYNTH_WAITLIST_SNAPSHOTS,SRC_SYNTH_CLINIC_TEMPLATES,SRC_SYNTH_PROVIDER_AVAILABILITY,SRC_SYNTH_NO_SHOW_LATE_CANCEL,SRC_SYNTH_DIAGNOSTIC_READINESS,SRC_SYNTH_HR_SHIFT_ROSTER,SRC_SYNTH_FINANCE_RESOURCE_ENVELOPE,SRC_OPEN_RESPIRATORY_VIRUS_DASHBOARD,SRC_OPEN_AQHI_SMOKE_CONTEXT,SRC_OPEN_SCHOOL_HOLIDAY_CALENDAR,SRC_OPEN_STATCAN_PED_POPULATION",modelled,ready
SITE_PROV_NETWORK,Provincial pediatric network,oncology_survivorship,Oncology survivorship,9,2026-08-10,352,320,394,54,35,0.768,"SRC_SYNTH_REFERRALS,SRC_SYNTH_REFERRAL_TRIAGE,SRC_SYNTH_WAITLIST_SNAPSHOTS,SRC_SYNTH_CLINIC_TEMPLATES,SRC_SYNTH_PROVIDER_AVAILABILITY,SRC_SYNTH_NO_SHOW_LATE_CANCEL,SRC_SYNTH_DIAGNOSTIC_READINESS,SRC_SYNTH_HR_SHIFT_ROSTER,SRC_SYNTH_FINANCE_RESOURCE_ENVELOPE,SRC_OPEN_RESPIRATORY_VIRUS_DASHBOARD,SRC_OPEN_AQHI_SMOKE_CONTEXT,SRC_OPEN_SCHOOL_HOLIDAY_CALENDAR,SRC_OPEN_STATCAN_PED_POPULATION",modelled,ready
SITE_PROV_NETWORK,Provincial pediatric network,oncology_survivorship,Oncology survivorship,10,2026-08-17,350,318,392,55,35,0.768,"SRC_SYNTH_REFERRALS,SRC_SYNTH_REFERRAL_TRIAGE,SRC_SYNTH_WAITLIST_SNAPSHOTS,SRC_SYNTH_CLINIC_TEMPLATES,SRC_SYNTH_PROVIDER_AVAILABILITY,SRC_SYNTH_NO_SHOW_LATE_CANCEL,SRC_SYNTH_DIAGNOSTIC_READINESS,SRC_SYNTH_HR_SHIFT_ROSTER,SRC_SYNTH_FINANCE_RESOURCE_ENVELOPE,SRC_OPEN_RESPIRATORY_VIRUS_DASHBOARD,SRC_OPEN_AQHI_SMOKE_CONTEXT,SRC_OPEN_SCHOOL_HOLIDAY_CALENDAR,SRC_OPEN_STATCAN_PED_POPULATION",modelled,ready
SITE_PROV_NETWORK,Provincial pediatric network,oncology_survivorship,Oncology survivorship,11,2026-08-24,348,317,390,55,35,0.768,"SRC_SYNTH_REFERRALS,SRC_SYNTH_REFERRAL_TRIAGE,SRC_SYNTH_WAITLIST_SNAPSHOTS,SRC_SYNTH_CLINIC_TEMPLATES,SRC_SYNTH_PROVIDER_AVAILABILITY,SRC_SYNTH_NO_SHOW_LATE_CANCEL,SRC_SYNTH_DIAGNOSTIC_READINESS,SRC_SYNTH_HR_SHIFT_ROSTER,SRC_SYNTH_FINANCE_RESOURCE_ENVELOPE,SRC_OPEN_RESPIRATORY_VIRUS_DASHBOARD,SRC_OPEN_AQHI_SMOKE_CONTEXT,SRC_OPEN_SCHOOL_HOLIDAY_CALENDAR,SRC_OPEN_STATCAN_PED_POPULATION",modelled,ready
SITE_PROV_NETWORK,Provincial pediatric network,oncology_survivorship,Oncology survivorship,12,2026-08-31,345,314,386,55,35,0.768,"SRC_SYNTH_REFERRALS,SRC_SYNTH_REFERRAL_TRIAGE,SRC_SYNTH_WAITLIST_SNAPSHOTS,SRC_SYNTH_CLINIC_TEMPLATES,SRC_SYNTH_PROVIDER_AVAILABILITY,SRC_SYNTH_NO_SHOW_LATE_CANCEL,SRC_SYNTH_DIAGNOSTIC_READINESS,SRC_SYNTH_HR_SHIFT_ROSTER,SRC_SYNTH_FINANCE_RESOURCE_ENVELOPE,SRC_OPEN_RESPIRATORY_VIRUS_DASHBOARD,SRC_OPEN_AQHI_SMOKE_CONTEXT,SRC_OPEN_SCHOOL_HOLIDAY_CALENDAR,SRC_OPEN_STATCAN_PED_POPULATION",modelled,ready
SITE_PROV_NETWORK,Provincial pediatric network,oncology_survivorship,Oncology survivorship,13,2026-09-07,342,311,383,55,35,0.768,"SRC_SYNTH_REFERRALS,SRC_SYNTH_REFERRAL_TRIAGE,SRC_SYNTH_WAITLIST_SNAPSHOTS,SRC_SYNTH_CLINIC_TEMPLATES,SRC_SYNTH_PROVIDER_AVAILABILITY,SRC_SYNTH_NO_SHOW_LATE_CANCEL,SRC_SYNTH_DIAGNOSTIC_READINESS,SRC_SYNTH_HR_SHIFT_ROSTER,SRC_SYNTH_FINANCE_RESOURCE_ENVELOPE,SRC_OPEN_RESPIRATORY_VIRUS_DASHBOARD,SRC_OPEN_AQHI_SMOKE_CONTEXT,SRC_OPEN_SCHOOL_HOLIDAY_CALENDAR,SRC_OPEN_STATCAN_PED_POPULATION",modelled,ready
SITE_PROV_NETWORK,Provincial pediatric network,oncology_survivorship,Oncology survivorship,14,2026-09-14,339,308,380,55,36,0.768,"SRC_SYNTH_REFERRALS,SRC_SYNTH_REFERRAL_TRIAGE,SRC_SYNTH_WAITLIST_SNAPSHOTS,SRC_SYNTH_CLINIC_TEMPLATES,SRC_SYNTH_PROVIDER_AVAILABILITY,SRC_SYNTH_NO_SHOW_LATE_CANCEL,SRC_SYNTH_DIAGNOSTIC_READINESS,SRC_SYNTH_HR_SHIFT_ROSTER,SRC_SYNTH_FINANCE_RESOURCE_ENVELOPE,SRC_OPEN_RESPIRATORY_VIRUS_DASHBOARD,SRC_OPEN_AQHI_SMOKE_CONTEXT,SRC_OPEN_SCHOOL_HOLIDAY_CALENDAR,SRC_OPEN_STATCAN_PED_POPULATION",modelled,ready
SITE_PROV_NETWORK,Provincial pediatric network,oncology_survivorship,Oncology survivorship,15,2026-09-21,336,306,376,55,36,0.768,"SRC_SYNTH_REFERRALS,SRC_SYNTH_REFERRAL_TRIAGE,SRC_SYNTH_WAITLIST_SNAPSHOTS,SRC_SYNTH_CLINIC_TEMPLATES,SRC_SYNTH_PROVIDER_AVAILABILITY,SRC_SYNTH_NO_SHOW_LATE_CANCEL,SRC_SYNTH_DIAGNOSTIC_READINESS,SRC_SYNTH_HR_SHIFT_ROSTER,SRC_SYNTH_FINANCE_RESOURCE_ENVELOPE,SRC_OPEN_RESPIRATORY_VIRUS_DASHBOARD,SRC_OPEN_AQHI_SMOKE_CONTEXT,SRC_OPEN_SCHOOL_HOLIDAY_CALENDAR,SRC_OPEN_STATCAN_PED_POPULATION",modelled,ready
SITE_PROV_NETWORK,Provincial pediatric network,oncology_survivorship,Oncology survivorship,16,2026-09-28,333,303,373,55,36,0.768,"SRC_SYNTH_REFERRALS,SRC_SYNTH_REFERRAL_TRIAGE,SRC_SYNTH_WAITLIST_SNAPSHOTS,SRC_SYNTH_CLINIC_TEMPLATES,SRC_SYNTH_PROVIDER_AVAILABILITY,SRC_SYNTH_NO_SHOW_LATE_CANCEL,SRC_SYNTH_DIAGNOSTIC_READINESS,SRC_SYNTH_HR_SHIFT_ROSTER,SRC_SYNTH_FINANCE_RESOURCE_ENVELOPE,SRC_OPEN_RESPIRATORY_VIRUS_DASHBOARD,SRC_OPEN_AQHI_SMOKE_CONTEXT,SRC_OPEN_SCHOOL_HOLIDAY_CALENDAR,SRC_OPEN_STATCAN_PED_POPULATION",modelled,ready
SITE_PROV_NETWORK,Provincial pediatric network,oncology_survivorship,Oncology survivorship,17,2026-10-05,331,301,371,55,36,0.768,"SRC_SYNTH_REFERRALS,SRC_SYNTH_REFERRAL_TRIAGE,SRC_SYNTH_WAITLIST_SNAPSHOTS,SRC_SYNTH_CLINIC_TEMPLATES,SRC_SYNTH_PROVIDER_AVAILABILITY,SRC_SYNTH_NO_SHOW_LATE_CANCEL,SRC_SYNTH_DIAGNOSTIC_READINESS,SRC_SYNTH_HR_SHIFT_ROSTER,SRC_SYNTH_FINANCE_RESOURCE_ENVELOPE,SRC_OPEN_RESPIRATORY_VIRUS_DASHBOARD,SRC_OPEN_AQHI_SMOKE_CONTEXT,SRC_OPEN_SCHOOL_HOLIDAY_CALENDAR,SRC_OPEN_STATCAN_PED_POPULATION",modelled,ready
SITE_PROV_NETWORK,Provincial pediatric network,oncology_survivorship,Oncology survivorship,18,2026-10-12,329,299,368,56,36,0.768,"SRC_SYNTH_REFERRALS,SRC_SYNTH_REFERRAL_TRIAGE,SRC_SYNTH_WAITLIST_SNAPSHOTS,SRC_SYNTH_CLINIC_TEMPLATES,SRC_SYNTH_PROVIDER_AVAILABILITY,SRC_SYNTH_NO_SHOW_LATE_CANCEL,SRC_SYNTH_DIAGNOSTIC_READINESS,SRC_SYNTH_HR_SHIFT_ROSTER,SRC_SYNTH_FINANCE_RESOURCE_ENVELOPE,SRC_OPEN_RESPIRATORY_VIRUS_DASHBOARD,SRC_OPEN_AQHI_SMOKE_CONTEXT,SRC_OPEN_SCHOOL_HOLIDAY_CALENDAR,SRC_OPEN_STATCAN_PED_POPULATION",modelled,ready
SITE_PROV_NETWORK,Provincial pediatric network,oncology_survivorship,Oncology survivorship,19,2026-10-19,328,298,367,56,36,0.768,"SRC_SYNTH_REFERRALS,SRC_SYNTH_REFERRAL_TRIAGE,SRC_SYNTH_WAITLIST_SNAPSHOTS,SRC_SYNTH_CLINIC_TEMPLATES,SRC_SYNTH_PROVIDER_AVAILABILITY,SRC_SYNTH_NO_SHOW_LATE_CANCEL,SRC_SYNTH_DIAGNOSTIC_READINESS,SRC_SYNTH_HR_SHIFT_ROSTER,SRC_SYNTH_FINANCE_RESOURCE_ENVELOPE,SRC_OPEN_RESPIRATORY_VIRUS_DASHBOARD,SRC_OPEN_AQHI_SMOKE_CONTEXT,SRC_OPEN_SCHOOL_HOLIDAY_CALENDAR,SRC_OPEN_STATCAN_PED_POPULATION",modelled,ready
SITE_PROV_NETWORK,Provincial pediatric network,oncology_survivorship,Oncology survivorship,20,2026-10-26,328,298,367,56,36,0.768,"SRC_SYNTH_REFERRALS,SRC_SYNTH_REFERRAL_TRIAGE,SRC_SYNTH_WAITLIST_SNAPSHOTS,SRC_SYNTH_CLINIC_TEMPLATES,SRC_SYNTH_PROVIDER_AVAILABILITY,SRC_SYNTH_NO_SHOW_LATE_CANCEL,SRC_SYNTH_DIAGNOSTIC_READINESS,SRC_SYNTH_HR_SHIFT_ROSTER,SRC_SYNTH_FINANCE_RESOURCE_ENVELOPE,SRC_OPEN_RESPIRATORY_VIRUS_DASHBOARD,SRC_OPEN_AQHI_SMOKE_CONTEXT,SRC_OPEN_SCHOOL_HOLIDAY_CALENDAR,SRC_OPEN_STATCAN_PED_POPULATION",modelled,ready
SITE_PROV_NETWORK,Provincial pediatric network,oncology_survivorship,Oncology survivorship,21,2026-11-02,329,299,368,56,36,0.768,"SRC_SYNTH_REFERRALS,SRC_SYNTH_REFERRAL_TRIAGE,SRC_SYNTH_WAITLIST_SNAPSHOTS,SRC_SYNTH_CLINIC_TEMPLATES,SRC_SYNTH_PROVIDER_AVAILABILITY,SRC_SYNTH_NO_SHOW_LATE_CANCEL,SRC_SYNTH_DIAGNOSTIC_READINESS,SRC_SYNTH_HR_SHIFT_ROSTER,SRC_SYNTH_FINANCE_RESOURCE_ENVELOPE,SRC_OPEN_RESPIRATORY_VIRUS_DASHBOARD,SRC_OPEN_AQHI_SMOKE_CONTEXT,SRC_OPEN_SCHOOL_HOLIDAY_CALENDAR,SRC_OPEN_STATCAN_PED_POPULATION",modelled,ready
SITE_PROV_NETWORK,Provincial pediatric network,oncology_survivorship,Oncology survivorship,22,2026-11-09,330,300,370,57,36,0.768,"SRC_SYNTH_REFERRALS,SRC_SYNTH_REFERRAL_TRIAGE,SRC_SYNTH_WAITLIST_SNAPSHOTS,SRC_SYNTH_CLINIC_TEMPLATES,SRC_SYNTH_PROVIDER_AVAILABILITY,SRC_SYNTH_NO_SHOW_LATE_CANCEL,SRC_SYNTH_DIAGNOSTIC_READINESS,SRC_SYNTH_HR_SHIFT_ROSTER,SRC_SYNTH_FINANCE_RESOURCE_ENVELOPE,SRC_OPEN_RESPIRATORY_VIRUS_DASHBOARD,SRC_OPEN_AQHI_SMOKE_CONTEXT,SRC_OPEN_SCHOOL_HOLIDAY_CALENDAR,SRC_OPEN_STATCAN_PED_POPULATION",modelled,ready
SITE_PROV_NETWORK,Provincial pediatric network,oncology_survivorship,Oncology survivorship,23,2026-11-16,333,303,373,57,37,0.768,"SRC_SYNTH_REFERRALS,SRC_SYNTH_REFERRAL_TRIAGE,SRC_SYNTH_WAITLIST_SNAPSHOTS,SRC_SYNTH_CLINIC_TEMPLATES,SRC_SYNTH_PROVIDER_AVAILABILITY,SRC_SYNTH_NO_SHOW_LATE_CANCEL,SRC_SYNTH_DIAGNOSTIC_READINESS,SRC_SYNTH_HR_SHIFT_ROSTER,SRC_SYNTH_FINANCE_RESOURCE_ENVELOPE,SRC_OPEN_RESPIRATORY_VIRUS_DASHBOARD,SRC_OPEN_AQHI_SMOKE_CONTEXT,SRC_OPEN_SCHOOL_HOLIDAY_CALENDAR,SRC_OPEN_STATCAN_PED_POPULATION",modelled,ready
SITE_PROV_NETWORK,Provincial pediatric network,oncology_survivorship,Oncology survivorship,24,2026-11-23,337,307,377,58,37,0.768,"SRC_SYNTH_REFERRALS,SRC_SYNTH_REFERRAL_TRIAGE,SRC_SYNTH_WAITLIST_SNAPSHOTS,SRC_SYNTH_CLINIC_TEMPLATES,SRC_SYNTH_PROVIDER_AVAILABILITY,SRC_SYNTH_NO_SHOW_LATE_CANCEL,SRC_SYNTH_DIAGNOSTIC_READINESS,SRC_SYNTH_HR_SHIFT_ROSTER,SRC_SYNTH_FINANCE_RESOURCE_ENVELOPE,SRC_OPEN_RESPIRATORY_VIRUS_DASHBOARD,SRC_OPEN_AQHI_SMOKE_CONTEXT,SRC_OPEN_SCHOOL_HOLIDAY_CALENDAR,SRC_OPEN_STATCAN_PED_POPULATION",modelled,ready
SITE_PROV_NETWORK,Provincial pediatric network,oncology_survivorship,Oncology survivorship,25,2026-11-30,342,311,383,59,37,0.768,"SRC_SYNTH_REFERRALS,SRC_SYNTH_REFERRAL_TRIAGE,SRC_SYNTH_WAITLIST_SNAPSHOTS,SRC_SYNTH_CLINIC_TEMPLATES,SRC_SYNTH_PROVIDER_AVAILABILITY,SRC_SYNTH_NO_SHOW_LATE_CANCEL,SRC_SYNTH_DIAGNOSTIC_READINESS,SRC_SYNTH_HR_SHIFT_ROSTER,SRC_SYNTH_FINANCE_RESOURCE_ENVELOPE,SRC_OPEN_RESPIRATORY_VIRUS_DASHBOARD,SRC_OPEN_AQHI_SMOKE_CONTEXT,SRC_OPEN_SCHOOL_HOLIDAY_CALENDAR,SRC_OPEN_STATCAN_PED_POPULATION",modelled,ready
SITE_PROV_NETWORK,Provincial pediatric network,oncology_survivorship,Oncology survivorship,26,2026-12-07,347,316,389,59,37,0.768,"SRC_SYNTH_REFERRALS,SRC_SYNTH_REFERRAL_TRIAGE,SRC_SYNTH_WAITLIST_SNAPSHOTS,SRC_SYNTH_CLINIC_TEMPLATES,SRC_SYNTH_PROVIDER_AVAILABILITY,SRC_SYNTH_NO_SHOW_LATE_CANCEL,SRC_SYNTH_DIAGNOSTIC_READINESS,SRC_SYNTH_HR_SHIFT_ROSTER,SRC_SYNTH_FINANCE_RESOURCE_ENVELOPE,SRC_OPEN_RESPIRATORY_VIRUS_DASHBOARD,SRC_OPEN_AQHI_SMOKE_CONTEXT,SRC_OPEN_SCHOOL_HOLIDAY_CALENDAR,SRC_OPEN_STATCAN_PED_POPULATION",modelled,ready
SITE_PROV_NETWORK,Provincial pediatric network,complex_care,Complex care,1,2026-06-15,751,683,841,67,77,0.722,"SRC_SYNTH_REFERRALS,SRC_SYNTH_REFERRAL_TRIAGE,SRC_SYNTH_WAITLIST_SNAPSHOTS,SRC_SYNTH_CLINIC_TEMPLATES,SRC_SYNTH_PROVIDER_AVAILABILITY,SRC_SYNTH_NO_SHOW_LATE_CANCEL,SRC_SYNTH_DIAGNOSTIC_READINESS,SRC_SYNTH_HR_SHIFT_ROSTER,SRC_SYNTH_FINANCE_RESOURCE_ENVELOPE,SRC_OPEN_RESPIRATORY_VIRUS_DASHBOARD,SRC_OPEN_AQHI_SMOKE_CONTEXT,SRC_OPEN_SCHOOL_HOLIDAY_CALENDAR,SRC_OPEN_STATCAN_PED_POPULATION",modelled,ready
SITE_PROV_NETWORK,Provincial pediatric network,complex_care,Complex care,2,2026-06-22,759,691,850,67,78,0.722,"SRC_SYNTH_REFERRALS,SRC_SYNTH_REFERRAL_TRIAGE,SRC_SYNTH_WAITLIST_SNAPSHOTS,SRC_SYNTH_CLINIC_TEMPLATES,SRC_SYNTH_PROVIDER_AVAILABILITY,SRC_SYNTH_NO_SHOW_LATE_CANCEL,SRC_SYNTH_DIAGNOSTIC_READINESS,SRC_SYNTH_HR_SHIFT_ROSTER,SRC_SYNTH_FINANCE_RESOURCE_ENVELOPE,SRC_OPEN_RESPIRATORY_VIRUS_DASHBOARD,SRC_OPEN_AQHI_SMOKE_CONTEXT,SRC_OPEN_SCHOOL_HOLIDAY_CALENDAR,SRC_OPEN_STATCAN_PED_POPULATION",modelled,ready
SITE_PROV_NETWORK,Provincial pediatric network,complex_care,Complex care,3,2026-06-29,765,696,857,68,78,0.722,"SRC_SYNTH_REFERRALS,SRC_SYNTH_REFERRAL_TRIAGE,SRC_SYNTH_WAITLIST_SNAPSHOTS,SRC_SYNTH_CLINIC_TEMPLATES,SRC_SYNTH_PROVIDER_AVAILABILITY,SRC_SYNTH_NO_SHOW_LATE_CANCEL,SRC_SYNTH_DIAGNOSTIC_READINESS,SRC_SYNTH_HR_SHIFT_ROSTER,SRC_SYNTH_FINANCE_RESOURCE_ENVELOPE,SRC_OPEN_RESPIRATORY_VIRUS_DASHBOARD,SRC_OPEN_AQHI_SMOKE_CONTEXT,SRC_OPEN_SCHOOL_HOLIDAY_CALENDAR,SRC_OPEN_STATCAN_PED_POPULATION",modelled,ready
SITE_PROV_NETWORK,Provincial pediatric network,complex_care,Complex care,4,2026-07-06,770,701,862,68,79,0.722,"SRC_SYNTH_REFERRALS,SRC_SYNTH_REFERRAL_TRIAGE,SRC_SYNTH_WAITLIST_SNAPSHOTS,SRC_SYNTH_CLINIC_TEMPLATES,SRC_SYNTH_PROVIDER_AVAILABILITY,SRC_SYNTH_NO_SHOW_LATE_CANCEL,SRC_SYNTH_DIAGNOSTIC_READINESS,SRC_SYNTH_HR_SHIFT_ROSTER,SRC_SYNTH_FINANCE_RESOURCE_ENVELOPE,SRC_OPEN_RESPIRATORY_VIRUS_DASHBOARD,SRC_OPEN_AQHI_SMOKE_CONTEXT,SRC_OPEN_SCHOOL_HOLIDAY_CALENDAR,SRC_OPEN_STATCAN_PED_POPULATION",modelled,ready
SITE_PROV_NETWORK,Provincial pediatric network,complex_care,Complex care,5,2026-07-13,772,703,865,69,79,0.722,"SRC_SYNTH_REFERRALS,SRC_SYNTH_REFERRAL_TRIAGE,SRC_SYNTH_WAITLIST_SNAPSHOTS,SRC_SYNTH_CLINIC_TEMPLATES,SRC_SYNTH_PROVIDER_AVAILABILITY,SRC_SYNTH_NO_SHOW_LATE_CANCEL,SRC_SYNTH_DIAGNOSTIC_READINESS,SRC_SYNTH_HR_SHIFT_ROSTER,SRC_SYNTH_FINANCE_RESOURCE_ENVELOPE,SRC_OPEN_RESPIRATORY_VIRUS_DASHBOARD,SRC_OPEN_AQHI_SMOKE_CONTEXT,SRC_OPEN_SCHOOL_HOLIDAY_CALENDAR,SRC_OPEN_STATCAN_PED_POPULATION",modelled,ready
SITE_PROV_NETWORK,Provincial pediatric network,complex_care,Complex care,6,2026-07-20,773,703,866,69,80,0.722,"SRC_SYNTH_REFERRALS,SRC_SYNTH_REFERRAL_TRIAGE,SRC_SYNTH_WAITLIST_SNAPSHOTS,SRC_SYNTH_CLINIC_TEMPLATES,SRC_SYNTH_PROVIDER_AVAILABILITY,SRC_SYNTH_NO_SHOW_LATE_CANCEL,SRC_SYNTH_DIAGNOSTIC_READINESS,SRC_SYNTH_HR_SHIFT_ROSTER,SRC_SYNTH_FINANCE_RESOURCE_ENVELOPE,SRC_OPEN_RESPIRATORY_VIRUS_DASHBOARD,SRC_OPEN_AQHI_SMOKE_CONTEXT,SRC_OPEN_SCHOOL_HOLIDAY_CALENDAR,SRC_OPEN_STATCAN_PED_POPULATION",modelled,ready
SITE_PROV_NETWORK,Provincial pediatric network,complex_care,Complex care,7,2026-07-27,772,703,865,69,80,0.722,"SRC_SYNTH_REFERRALS,SRC_SYNTH_REFERRAL_TRIAGE,SRC_SYNTH_WAITLIST_SNAPSHOTS,SRC_SYNTH_CLINIC_TEMPLATES,SRC_SYNTH_PROVIDER_AVAILABILITY,SRC_SYNTH_NO_SHOW_LATE_CANCEL,SRC_SYNTH_DIAGNOSTIC_READINESS,SRC_SYNTH_HR_SHIFT_ROSTER,SRC_SYNTH_FINANCE_RESOURCE_ENVELOPE,SRC_OPEN_RESPIRATORY_VIRUS_DASHBOARD,SRC_OPEN_AQHI_SMOKE_CONTEXT,SRC_OPEN_SCHOOL_HOLIDAY_CALENDAR,SRC_OPEN_STATCAN_PED_POPULATION",modelled,ready
SITE_PROV_NETWORK,Provincial pediatric network,complex_care,Complex care,8,2026-08-03,769,700,861,69,81,0.722,"SRC_SYNTH_REFERRALS,SRC_SYNTH_REFERRAL_TRIAGE,SRC_SYNTH_WAITLIST_SNAPSHOTS,SRC_SYNTH_CLINIC_TEMPLATES,SRC_SYNTH_PROVIDER_AVAILABILITY,SRC_SYNTH_NO_SHOW_LATE_CANCEL,SRC_SYNTH_DIAGNOSTIC_READINESS,SRC_SYNTH_HR_SHIFT_ROSTER,SRC_SYNTH_FINANCE_RESOURCE_ENVELOPE,SRC_OPEN_RESPIRATORY_VIRUS_DASHBOARD,SRC_OPEN_AQHI_SMOKE_CONTEXT,SRC_OPEN_SCHOOL_HOLIDAY_CALENDAR,SRC_OPEN_STATCAN_PED_POPULATION",modelled,ready
SITE_PROV_NETWORK,Provincial pediatric network,complex_care,Complex care,9,2026-08-10,764,695,856,69,81,0.722,"SRC_SYNTH_REFERRALS,SRC_SYNTH_REFERRAL_TRIAGE,SRC_SYNTH_WAITLIST_SNAPSHOTS,SRC_SYNTH_CLINIC_TEMPLATES,SRC_SYNTH_PROVIDER_AVAILABILITY,SRC_SYNTH_NO_SHOW_LATE_CANCEL,SRC_SYNTH_DIAGNOSTIC_READINESS,SRC_SYNTH_HR_SHIFT_ROSTER,SRC_SYNTH_FINANCE_RESOURCE_ENVELOPE,SRC_OPEN_RESPIRATORY_VIRUS_DASHBOARD,SRC_OPEN_AQHI_SMOKE_CONTEXT,SRC_OPEN_SCHOOL_HOLIDAY_CALENDAR,SRC_OPEN_STATCAN_PED_POPULATION",modelled,ready
SITE_PROV_NETWORK,Provincial pediatric network,complex_care,Complex care,10,2026-08-17,759,691,850,69,82,0.722,"SRC_SYNTH_REFERRALS,SRC_SYNTH_REFERRAL_TRIAGE,SRC_SYNTH_WAITLIST_SNAPSHOTS,SRC_SYNTH_CLINIC_TEMPLATES,SRC_SYNTH_PROVIDER_AVAILABILITY,SRC_SYNTH_NO_SHOW_LATE_CANCEL,SRC_SYNTH_DIAGNOSTIC_READINESS,SRC_SYNTH_HR_SHIFT_ROSTER,SRC_SYNTH_FINANCE_RESOURCE_ENVELOPE,SRC_OPEN_RESPIRATORY_VIRUS_DASHBOARD,SRC_OPEN_AQHI_SMOKE_CONTEXT,SRC_OPEN_SCHOOL_HOLIDAY_CALENDAR,SRC_OPEN_STATCAN_PED_POPULATION",modelled,ready
SITE_PROV_NETWORK,Provincial pediatric network,complex_care,Complex care,11,2026-08-24,753,685,843,69,82,0.722,"SRC_SYNTH_REFERRALS,SRC_SYNTH_REFERRAL_TRIAGE,SRC_SYNTH_WAITLIST_SNAPSHOTS,SRC_SYNTH_CLINIC_TEMPLATES,SRC_SYNTH_PROVIDER_AVAILABILITY,SRC_SYNTH_NO_SHOW_LATE_CANCEL,SRC_SYNTH_DIAGNOSTIC_READINESS,SRC_SYNTH_HR_SHIFT_ROSTER,SRC_SYNTH_FINANCE_RESOURCE_ENVELOPE,SRC_OPEN_RESPIRATORY_VIRUS_DASHBOARD,SRC_OPEN_AQHI_SMOKE_CONTEXT,SRC_OPEN_SCHOOL_HOLIDAY_CALENDAR,SRC_OPEN_STATCAN_PED_POPULATION",modelled,ready
SITE_PROV_NETWORK,Provincial pediatric network,complex_care,Complex care,12,2026-08-31,746,679,836,69,83,0.722,"SRC_SYNTH_REFERRALS,SRC_SYNTH_REFERRAL_TRIAGE,SRC_SYNTH_WAITLIST_SNAPSHOTS,SRC_SYNTH_CLINIC_TEMPLATES,SRC_SYNTH_PROVIDER_AVAILABILITY,SRC_SYNTH_NO_SHOW_LATE_CANCEL,SRC_SYNTH_DIAGNOSTIC_READINESS,SRC_SYNTH_HR_SHIFT_ROSTER,SRC_SYNTH_FINANCE_RESOURCE_ENVELOPE,SRC_OPEN_RESPIRATORY_VIRUS_DASHBOARD,SRC_OPEN_AQHI_SMOKE_CONTEXT,SRC_OPEN_SCHOOL_HOLIDAY_CALENDAR,SRC_OPEN_STATCAN_PED_POPULATION",modelled,ready
SITE_PROV_NETWORK,Provincial pediatric network,complex_care,Complex care,13,2026-09-07,739,672,828,69,83,0.722,"SRC_SYNTH_REFERRALS,SRC_SYNTH_REFERRAL_TRIAGE,SRC_SYNTH_WAITLIST_SNAPSHOTS,SRC_SYNTH_CLINIC_TEMPLATES,SRC_SYNTH_PROVIDER_AVAILABILITY,SRC_SYNTH_NO_SHOW_LATE_CANCEL,SRC_SYNTH_DIAGNOSTIC_READINESS,SRC_SYNTH_HR_SHIFT_ROSTER,SRC_SYNTH_FINANCE_RESOURCE_ENVELOPE,SRC_OPEN_RESPIRATORY_VIRUS_DASHBOARD,SRC_OPEN_AQHI_SMOKE_CONTEXT,SRC_OPEN_SCHOOL_HOLIDAY_CALENDAR,SRC_OPEN_STATCAN_PED_POPULATION",modelled,ready
SITE_PROV_NETWORK,Provincial pediatric network,complex_care,Complex care,14,2026-09-14,732,666,820,69,84,0.722,"SRC_SYNTH_REFERRALS,SRC_SYNTH_REFERRAL_TRIAGE,SRC_SYNTH_WAITLIST_SNAPSHOTS,SRC_SYNTH_CLINIC_TEMPLATES,SRC_SYNTH_PROVIDER_AVAILABILITY,SRC_SYNTH_NO_SHOW_LATE_CANCEL,SRC_SYNTH_DIAGNOSTIC_READINESS,SRC_SYNTH_HR_SHIFT_ROSTER,SRC_SYNTH_FINANCE_RESOURCE_ENVELOPE,SRC_OPEN_RESPIRATORY_VIRUS_DASHBOARD,SRC_OPEN_AQHI_SMOKE_CONTEXT,SRC_OPEN_SCHOOL_HOLIDAY_CALENDAR,SRC_OPEN_STATCAN_PED_POPULATION",modelled,ready
SITE_PROV_NETWORK,Provincial pediatric network,complex_care,Complex care,15,2026-09-21,726,661,813,69,84,0.722,"SRC_SYNTH_REFERRALS,SRC_SYNTH_REFERRAL_TRIAGE,SRC_SYNTH_WAITLIST_SNAPSHOTS,SRC_SYNTH_CLINIC_TEMPLATES,SRC_SYNTH_PROVIDER_AVAILABILITY,SRC_SYNTH_NO_SHOW_LATE_CANCEL,SRC_SYNTH_DIAGNOSTIC_READINESS,SRC_SYNTH_HR_SHIFT_ROSTER,SRC_SYNTH_FINANCE_RESOURCE_ENVELOPE,SRC_OPEN_RESPIRATORY_VIRUS_DASHBOARD,SRC_OPEN_AQHI_SMOKE_CONTEXT,SRC_OPEN_SCHOOL_HOLIDAY_CALENDAR,SRC_OPEN_STATCAN_PED_POPULATION",modelled,ready
SITE_PROV_NETWORK,Provincial pediatric network,complex_care,Complex care,16,2026-09-28,721,656,808,69,85,0.722,"SRC_SYNTH_REFERRALS,SRC_SYNTH_REFERRAL_TRIAGE,SRC_SYNTH_WAITLIST_SNAPSHOTS,SRC_SYNTH_CLINIC_TEMPLATES,SRC_SYNTH_PROVIDER_AVAILABILITY,SRC_SYNTH_NO_SHOW_LATE_CANCEL,SRC_SYNTH_DIAGNOSTIC_READINESS,SRC_SYNTH_HR_SHIFT_ROSTER,SRC_SYNTH_FINANCE_RESOURCE_ENVELOPE,SRC_OPEN_RESPIRATORY_VIRUS_DASHBOARD,SRC_OPEN_AQHI_SMOKE_CONTEXT,SRC_OPEN_SCHOOL_HOLIDAY_CALENDAR,SRC_OPEN_STATCAN_PED_POPULATION",modelled,ready
SITE_PROV_NETWORK,Provincial pediatric network,complex_care,Complex care,17,2026-10-05,718,653,804,70,85,0.722,"SRC_SYNTH_REFERRALS,SRC_SYNTH_REFERRAL_TRIAGE,SRC_SYNTH_WAITLIST_SNAPSHOTS,SRC_SYNTH_CLINIC_TEMPLATES,SRC_SYNTH_PROVIDER_AVAILABILITY,SRC_SYNTH_NO_SHOW_LATE_CANCEL,SRC_SYNTH_DIAGNOSTIC_READINESS,SRC_SYNTH_HR_SHIFT_ROSTER,SRC_SYNTH_FINANCE_RESOURCE_ENVELOPE,SRC_OPEN_RESPIRATORY_VIRUS_DASHBOARD,SRC_OPEN_AQHI_SMOKE_CONTEXT,SRC_OPEN_SCHOOL_HOLIDAY_CALENDAR,SRC_OPEN_STATCAN_PED_POPULATION",modelled,ready
SITE_PROV_NETWORK,Provincial pediatric network,complex_care,Complex care,18,2026-10-12,716,652,802,70,85,0.722,"SRC_SYNTH_REFERRALS,SRC_SYNTH_REFERRAL_TRIAGE,SRC_SYNTH_WAITLIST_SNAPSHOTS,SRC_SYNTH_CLINIC_TEMPLATES,SRC_SYNTH_PROVIDER_AVAILABILITY,SRC_SYNTH_NO_SHOW_LATE_CANCEL,SRC_SYNTH_DIAGNOSTIC_READINESS,SRC_SYNTH_HR_SHIFT_ROSTER,SRC_SYNTH_FINANCE_RESOURCE_ENVELOPE,SRC_OPEN_RESPIRATORY_VIRUS_DASHBOARD,SRC_OPEN_AQHI_SMOKE_CONTEXT,SRC_OPEN_SCHOOL_HOLIDAY_CALENDAR,SRC_OPEN_STATCAN_PED_POPULATION",modelled,ready
SITE_PROV_NETWORK,Provincial pediatric network,complex_care,Complex care,19,2026-10-19,715,651,801,70,86,0.722,"SRC_SYNTH_REFERRALS,SRC_SYNTH_REFERRAL_TRIAGE,SRC_SYNTH_WAITLIST_SNAPSHOTS,SRC_SYNTH_CLINIC_TEMPLATES,SRC_SYNTH_PROVIDER_AVAILABILITY,SRC_SYNTH_NO_SHOW_LATE_CANCEL,SRC_SYNTH_DIAGNOSTIC_READINESS,SRC_SYNTH_HR_SHIFT_ROSTER,SRC_SYNTH_FINANCE_RESOURCE_ENVELOPE,SRC_OPEN_RESPIRATORY_VIRUS_DASHBOARD,SRC_OPEN_AQHI_SMOKE_CONTEXT,SRC_OPEN_SCHOOL_HOLIDAY_CALENDAR,SRC_OPEN_STATCAN_PED_POPULATION",modelled,ready
SITE_PROV_NETWORK,Provincial pediatric network,complex_care,Complex care,20,2026-10-26,717,652,803,70,86,0.722,"SRC_SYNTH_REFERRALS,SRC_SYNTH_REFERRAL_TRIAGE,SRC_SYNTH_WAITLIST_SNAPSHOTS,SRC_SYNTH_CLINIC_TEMPLATES,SRC_SYNTH_PROVIDER_AVAILABILITY,SRC_SYNTH_NO_SHOW_LATE_CANCEL,SRC_SYNTH_DIAGNOSTIC_READINESS,SRC_SYNTH_HR_SHIFT_ROSTER,SRC_SYNTH_FINANCE_RESOURCE_ENVELOPE,SRC_OPEN_RESPIRATORY_VIRUS_DASHBOARD,SRC_OPEN_AQHI_SMOKE_CONTEXT,SRC_OPEN_SCHOOL_HOLIDAY_CALENDAR,SRC_OPEN_STATCAN_PED_POPULATION",modelled,ready
SITE_PROV_NETWORK,Provincial pediatric network,complex_care,Complex care,21,2026-11-02,721,656,808,71,87,0.722,"SRC_SYNTH_REFERRALS,SRC_SYNTH_REFERRAL_TRIAGE,SRC_SYNTH_WAITLIST_SNAPSHOTS,SRC_SYNTH_CLINIC_TEMPLATES,SRC_SYNTH_PROVIDER_AVAILABILITY,SRC_SYNTH_NO_SHOW_LATE_CANCEL,SRC_SYNTH_DIAGNOSTIC_READINESS,SRC_SYNTH_HR_SHIFT_ROSTER,SRC_SYNTH_FINANCE_RESOURCE_ENVELOPE,SRC_OPEN_RESPIRATORY_VIRUS_DASHBOARD,SRC_OPEN_AQHI_SMOKE_CONTEXT,SRC_OPEN_SCHOOL_HOLIDAY_CALENDAR,SRC_OPEN_STATCAN_PED_POPULATION",modelled,ready
SITE_PROV_NETWORK,Provincial pediatric network,complex_care,Complex care,22,2026-11-09,727,662,814,71,87,0.722,"SRC_SYNTH_REFERRALS,SRC_SYNTH_REFERRAL_TRIAGE,SRC_SYNTH_WAITLIST_SNAPSHOTS,SRC_SYNTH_CLINIC_TEMPLATES,SRC_SYNTH_PROVIDER_AVAILABILITY,SRC_SYNTH_NO_SHOW_LATE_CANCEL,SRC_SYNTH_DIAGNOSTIC_READINESS,SRC_SYNTH_HR_SHIFT_ROSTER,SRC_SYNTH_FINANCE_RESOURCE_ENVELOPE,SRC_OPEN_RESPIRATORY_VIRUS_DASHBOARD,SRC_OPEN_AQHI_SMOKE_CONTEXT,SRC_OPEN_SCHOOL_HOLIDAY_CALENDAR,SRC_OPEN_STATCAN_PED_POPULATION",modelled,ready
SITE_PROV_NETWORK,Provincial pediatric network,complex_care,Complex care,23,2026-11-16,735,669,823,72,88,0.722,"SRC_SYNTH_REFERRALS,SRC_SYNTH_REFERRAL_TRIAGE,SRC_SYNTH_WAITLIST_SNAPSHOTS,SRC_SYNTH_CLINIC_TEMPLATES,SRC_SYNTH_PROVIDER_AVAILABILITY,SRC_SYNTH_NO_SHOW_LATE_CANCEL,SRC_SYNTH_DIAGNOSTIC_READINESS,SRC_SYNTH_HR_SHIFT_ROSTER,SRC_SYNTH_FINANCE_RESOURCE_ENVELOPE,SRC_OPEN_RESPIRATORY_VIRUS_DASHBOARD,SRC_OPEN_AQHI_SMOKE_CONTEXT,SRC_OPEN_SCHOOL_HOLIDAY_CALENDAR,SRC_OPEN_STATCAN_PED_POPULATION",modelled,ready
SITE_PROV_NETWORK,Provincial pediatric network,complex_care,Complex care,24,2026-11-23,746,679,836,73,88,0.722,"SRC_SYNTH_REFERRALS,SRC_SYNTH_REFERRAL_TRIAGE,SRC_SYNTH_WAITLIST_SNAPSHOTS,SRC_SYNTH_CLINIC_TEMPLATES,SRC_SYNTH_PROVIDER_AVAILABILITY,SRC_SYNTH_NO_SHOW_LATE_CANCEL,SRC_SYNTH_DIAGNOSTIC_READINESS,SRC_SYNTH_HR_SHIFT_ROSTER,SRC_SYNTH_FINANCE_RESOURCE_ENVELOPE,SRC_OPEN_RESPIRATORY_VIRUS_DASHBOARD,SRC_OPEN_AQHI_SMOKE_CONTEXT,SRC_OPEN_SCHOOL_HOLIDAY_CALENDAR,SRC_OPEN_STATCAN_PED_POPULATION",modelled,ready
SITE_PROV_NETWORK,Provincial pediatric network,complex_care,Complex care,25,2026-11-30,757,689,848,74,89,0.722,"SRC_SYNTH_REFERRALS,SRC_SYNTH_REFERRAL_TRIAGE,SRC_SYNTH_WAITLIST_SNAPSHOTS,SRC_SYNTH_CLINIC_TEMPLATES,SRC_SYNTH_PROVIDER_AVAILABILITY,SRC_SYNTH_NO_SHOW_LATE_CANCEL,SRC_SYNTH_DIAGNOSTIC_READINESS,SRC_SYNTH_HR_SHIFT_ROSTER,SRC_SYNTH_FINANCE_RESOURCE_ENVELOPE,SRC_OPEN_RESPIRATORY_VIRUS_DASHBOARD,SRC_OPEN_AQHI_SMOKE_CONTEXT,SRC_OPEN_SCHOOL_HOLIDAY_CALENDAR,SRC_OPEN_STATCAN_PED_POPULATION",modelled,ready
SITE_PROV_NETWORK,Provincial pediatric network,complex_care,Complex care,26,2026-12-07,771,702,864,74,89,0.722,"SRC_SYNTH_REFERRALS,SRC_SYNTH_REFERRAL_TRIAGE,SRC_SYNTH_WAITLIST_SNAPSHOTS,SRC_SYNTH_CLINIC_TEMPLATES,SRC_SYNTH_PROVIDER_AVAILABILITY,SRC_SYNTH_NO_SHOW_LATE_CANCEL,SRC_SYNTH_DIAGNOSTIC_READINESS,SRC_SYNTH_HR_SHIFT_ROSTER,SRC_SYNTH_FINANCE_RESOURCE_ENVELOPE,SRC_OPEN_RESPIRATORY_VIRUS_DASHBOARD,SRC_OPEN_AQHI_SMOKE_CONTEXT,SRC_OPEN_SCHOOL_HOLIDAY_CALENDAR,SRC_OPEN_STATCAN_PED_POPULATION",modelled,ready
SITE_PROV_NETWORK,Provincial pediatric network,mental_health,Mental health,1,2026-06-15,1087,989,1217,71,106,0.707,"SRC_SYNTH_REFERRALS,SRC_SYNTH_REFERRAL_TRIAGE,SRC_SYNTH_WAITLIST_SNAPSHOTS,SRC_SYNTH_CLINIC_TEMPLATES,SRC_SYNTH_PROVIDER_AVAILABILITY,SRC_SYNTH_NO_SHOW_LATE_CANCEL,SRC_SYNTH_DIAGNOSTIC_READINESS,SRC_SYNTH_HR_SHIFT_ROSTER,SRC_SYNTH_FINANCE_RESOURCE_ENVELOPE,SRC_OPEN_RESPIRATORY_VIRUS_DASHBOARD,SRC_OPEN_AQHI_SMOKE_CONTEXT,SRC_OPEN_SCHOOL_HOLIDAY_CALENDAR,SRC_OPEN_STATCAN_PED_POPULATION",modelled,review
SITE_PROV_NETWORK,Provincial pediatric network,mental_health,Mental health,2,2026-06-22,1097,998,1229,72,107,0.707,"SRC_SYNTH_REFERRALS,SRC_SYNTH_REFERRAL_TRIAGE,SRC_SYNTH_WAITLIST_SNAPSHOTS,SRC_SYNTH_CLINIC_TEMPLATES,SRC_SYNTH_PROVIDER_AVAILABILITY,SRC_SYNTH_NO_SHOW_LATE_CANCEL,SRC_SYNTH_DIAGNOSTIC_READINESS,SRC_SYNTH_HR_SHIFT_ROSTER,SRC_SYNTH_FINANCE_RESOURCE_ENVELOPE,SRC_OPEN_RESPIRATORY_VIRUS_DASHBOARD,SRC_OPEN_AQHI_SMOKE_CONTEXT,SRC_OPEN_SCHOOL_HOLIDAY_CALENDAR,SRC_OPEN_STATCAN_PED_POPULATION",modelled,review
SITE_PROV_NETWORK,Provincial pediatric network,mental_health,Mental health,3,2026-06-29,1103,1004,1235,72,107,0.707,"SRC_SYNTH_REFERRALS,SRC_SYNTH_REFERRAL_TRIAGE,SRC_SYNTH_WAITLIST_SNAPSHOTS,SRC_SYNTH_CLINIC_TEMPLATES,SRC_SYNTH_PROVIDER_AVAILABILITY,SRC_SYNTH_NO_SHOW_LATE_CANCEL,SRC_SYNTH_DIAGNOSTIC_READINESS,SRC_SYNTH_HR_SHIFT_ROSTER,SRC_SYNTH_FINANCE_RESOURCE_ENVELOPE,SRC_OPEN_RESPIRATORY_VIRUS_DASHBOARD,SRC_OPEN_AQHI_SMOKE_CONTEXT,SRC_OPEN_SCHOOL_HOLIDAY_CALENDAR,SRC_OPEN_STATCAN_PED_POPULATION",modelled,review
SITE_PROV_NETWORK,Provincial pediatric network,mental_health,Mental health,4,2026-07-06,1107,1007,1240,72,108,0.707,"SRC_SYNTH_REFERRALS,SRC_SYNTH_REFERRAL_TRIAGE,SRC_SYNTH_WAITLIST_SNAPSHOTS,SRC_SYNTH_CLINIC_TEMPLATES,SRC_SYNTH_PROVIDER_AVAILABILITY,SRC_SYNTH_NO_SHOW_LATE_CANCEL,SRC_SYNTH_DIAGNOSTIC_READINESS,SRC_SYNTH_HR_SHIFT_ROSTER,SRC_SYNTH_FINANCE_RESOURCE_ENVELOPE,SRC_OPEN_RESPIRATORY_VIRUS_DASHBOARD,SRC_OPEN_AQHI_SMOKE_CONTEXT,SRC_OPEN_SCHOOL_HOLIDAY_CALENDAR,SRC_OPEN_STATCAN_PED_POPULATION",modelled,review
SITE_PROV_NETWORK,Provincial pediatric network,mental_health,Mental health,5,2026-07-13,1107,1007,1240,73,108,0.707,"SRC_SYNTH_REFERRALS,SRC_SYNTH_REFERRAL_TRIAGE,SRC_SYNTH_WAITLIST_SNAPSHOTS,SRC_SYNTH_CLINIC_TEMPLATES,SRC_SYNTH_PROVIDER_AVAILABILITY,SRC_SYNTH_NO_SHOW_LATE_CANCEL,SRC_SYNTH_DIAGNOSTIC_READINESS,SRC_SYNTH_HR_SHIFT_ROSTER,SRC_SYNTH_FINANCE_RESOURCE_ENVELOPE,SRC_OPEN_RESPIRATORY_VIRUS_DASHBOARD,SRC_OPEN_AQHI_SMOKE_CONTEXT,SRC_OPEN_SCHOOL_HOLIDAY_CALENDAR,SRC_OPEN_STATCAN_PED_POPULATION",modelled,review
SITE_PROV_NETWORK,Provincial pediatric network,mental_health,Mental health,6,2026-07-20,1106,1006,1239,73,109,0.707,"SRC_SYNTH_REFERRALS,SRC_SYNTH_REFERRAL_TRIAGE,SRC_SYNTH_WAITLIST_SNAPSHOTS,SRC_SYNTH_CLINIC_TEMPLATES,SRC_SYNTH_PROVIDER_AVAILABILITY,SRC_SYNTH_NO_SHOW_LATE_CANCEL,SRC_SYNTH_DIAGNOSTIC_READINESS,SRC_SYNTH_HR_SHIFT_ROSTER,SRC_SYNTH_FINANCE_RESOURCE_ENVELOPE,SRC_OPEN_RESPIRATORY_VIRUS_DASHBOARD,SRC_OPEN_AQHI_SMOKE_CONTEXT,SRC_OPEN_SCHOOL_HOLIDAY_CALENDAR,SRC_OPEN_STATCAN_PED_POPULATION",modelled,review
SITE_PROV_NETWORK,Provincial pediatric network,mental_health,Mental health,7,2026-07-27,1102,1003,1234,73,109,0.707,"SRC_SYNTH_REFERRALS,SRC_SYNTH_REFERRAL_TRIAGE,SRC_SYNTH_WAITLIST_SNAPSHOTS,SRC_SYNTH_CLINIC_TEMPLATES,SRC_SYNTH_PROVIDER_AVAILABILITY,SRC_SYNTH_NO_SHOW_LATE_CANCEL,SRC_SYNTH_DIAGNOSTIC_READINESS,SRC_SYNTH_HR_SHIFT_ROSTER,SRC_SYNTH_FINANCE_RESOURCE_ENVELOPE,SRC_OPEN_RESPIRATORY_VIRUS_DASHBOARD,SRC_OPEN_AQHI_SMOKE_CONTEXT,SRC_OPEN_SCHOOL_HOLIDAY_CALENDAR,SRC_OPEN_STATCAN_PED_POPULATION",modelled,review
SITE_PROV_NETWORK,Provincial pediatric network,mental_health,Mental health,8,2026-08-03,1095,996,1226,73,110,0.707,"SRC_SYNTH_REFERRALS,SRC_SYNTH_REFERRAL_TRIAGE,SRC_SYNTH_WAITLIST_SNAPSHOTS,SRC_SYNTH_CLINIC_TEMPLATES,SRC_SYNTH_PROVIDER_AVAILABILITY,SRC_SYNTH_NO_SHOW_LATE_CANCEL,SRC_SYNTH_DIAGNOSTIC_READINESS,SRC_SYNTH_HR_SHIFT_ROSTER,SRC_SYNTH_FINANCE_RESOURCE_ENVELOPE,SRC_OPEN_RESPIRATORY_VIRUS_DASHBOARD,SRC_OPEN_AQHI_SMOKE_CONTEXT,SRC_OPEN_SCHOOL_HOLIDAY_CALENDAR,SRC_OPEN_STATCAN_PED_POPULATION",modelled,review
SITE_PROV_NETWORK,Provincial pediatric network,mental_health,Mental health,9,2026-08-10,1088,990,1219,73,110,0.707,"SRC_SYNTH_REFERRALS,SRC_SYNTH_REFERRAL_TRIAGE,SRC_SYNTH_WAITLIST_SNAPSHOTS,SRC_SYNTH_CLINIC_TEMPLATES,SRC_SYNTH_PROVIDER_AVAILABILITY,SRC_SYNTH_NO_SHOW_LATE_CANCEL,SRC_SYNTH_DIAGNOSTIC_READINESS,SRC_SYNTH_HR_SHIFT_ROSTER,SRC_SYNTH_FINANCE_RESOURCE_ENVELOPE,SRC_OPEN_RESPIRATORY_VIRUS_DASHBOARD,SRC_OPEN_AQHI_SMOKE_CONTEXT,SRC_OPEN_SCHOOL_HOLIDAY_CALENDAR,SRC_OPEN_STATCAN_PED_POPULATION",modelled,review
SITE_PROV_NETWORK,Provincial pediatric network,mental_health,Mental health,10,2026-08-17,1079,982,1208,73,111,0.707,"SRC_SYNTH_REFERRALS,SRC_SYNTH_REFERRAL_TRIAGE,SRC_SYNTH_WAITLIST_SNAPSHOTS,SRC_SYNTH_CLINIC_TEMPLATES,SRC_SYNTH_PROVIDER_AVAILABILITY,SRC_SYNTH_NO_SHOW_LATE_CANCEL,SRC_SYNTH_DIAGNOSTIC_READINESS,SRC_SYNTH_HR_SHIFT_ROSTER,SRC_SYNTH_FINANCE_RESOURCE_ENVELOPE,SRC_OPEN_RESPIRATORY_VIRUS_DASHBOARD,SRC_OPEN_AQHI_SMOKE_CONTEXT,SRC_OPEN_SCHOOL_HOLIDAY_CALENDAR,SRC_OPEN_STATCAN_PED_POPULATION",modelled,review
SITE_PROV_NETWORK,Provincial pediatric network,mental_health,Mental health,11,2026-08-24,1069,973,1197,73,111,0.707,"SRC_SYNTH_REFERRALS,SRC_SYNTH_REFERRAL_TRIAGE,SRC_SYNTH_WAITLIST_SNAPSHOTS,SRC_SYNTH_CLINIC_TEMPLATES,SRC_SYNTH_PROVIDER_AVAILABILITY,SRC_SYNTH_NO_SHOW_LATE_CANCEL,SRC_SYNTH_DIAGNOSTIC_READINESS,SRC_SYNTH_HR_SHIFT_ROSTER,SRC_SYNTH_FINANCE_RESOURCE_ENVELOPE,SRC_OPEN_RESPIRATORY_VIRUS_DASHBOARD,SRC_OPEN_AQHI_SMOKE_CONTEXT,SRC_OPEN_SCHOOL_HOLIDAY_CALENDAR,SRC_OPEN_STATCAN_PED_POPULATION",modelled,review
SITE_PROV_NETWORK,Provincial pediatric network,mental_health,Mental health,12,2026-08-31,1059,964,1186,73,112,0.707,"SRC_SYNTH_REFERRALS,SRC_SYNTH_REFERRAL_TRIAGE,SRC_SYNTH_WAITLIST_SNAPSHOTS,SRC_SYNTH_CLINIC_TEMPLATES,SRC_SYNTH_PROVIDER_AVAILABILITY,SRC_SYNTH_NO_SHOW_LATE_CANCEL,SRC_SYNTH_DIAGNOSTIC_READINESS,SRC_SYNTH_HR_SHIFT_ROSTER,SRC_SYNTH_FINANCE_RESOURCE_ENVELOPE,SRC_OPEN_RESPIRATORY_VIRUS_DASHBOARD,SRC_OPEN_AQHI_SMOKE_CONTEXT,SRC_OPEN_SCHOOL_HOLIDAY_CALENDAR,SRC_OPEN_STATCAN_PED_POPULATION",modelled,review
SITE_PROV_NETWORK,Provincial pediatric network,mental_health,Mental health,13,2026-09-07,1050,956,1176,73,112,0.707,"SRC_SYNTH_REFERRALS,SRC_SYNTH_REFERRAL_TRIAGE,SRC_SYNTH_WAITLIST_SNAPSHOTS,SRC_SYNTH_CLINIC_TEMPLATES,SRC_SYNTH_PROVIDER_AVAILABILITY,SRC_SYNTH_NO_SHOW_LATE_CANCEL,SRC_SYNTH_DIAGNOSTIC_READINESS,SRC_SYNTH_HR_SHIFT_ROSTER,SRC_SYNTH_FINANCE_RESOURCE_ENVELOPE,SRC_OPEN_RESPIRATORY_VIRUS_DASHBOARD,SRC_OPEN_AQHI_SMOKE_CONTEXT,SRC_OPEN_SCHOOL_HOLIDAY_CALENDAR,SRC_OPEN_STATCAN_PED_POPULATION",modelled,review
SITE_PROV_NETWORK,Provincial pediatric network,mental_health,Mental health,14,2026-09-14,1041,947,1166,73,113,0.707,"SRC_SYNTH_REFERRALS,SRC_SYNTH_REFERRAL_TRIAGE,SRC_SYNTH_WAITLIST_SNAPSHOTS,SRC_SYNTH_CLINIC_TEMPLATES,SRC_SYNTH_PROVIDER_AVAILABILITY,SRC_SYNTH_NO_SHOW_LATE_CANCEL,SRC_SYNTH_DIAGNOSTIC_READINESS,SRC_SYNTH_HR_SHIFT_ROSTER,SRC_SYNTH_FINANCE_RESOURCE_ENVELOPE,SRC_OPEN_RESPIRATORY_VIRUS_DASHBOARD,SRC_OPEN_AQHI_SMOKE_CONTEXT,SRC_OPEN_SCHOOL_HOLIDAY_CALENDAR,SRC_OPEN_STATCAN_PED_POPULATION",modelled,review
SITE_PROV_NETWORK,Provincial pediatric network,mental_health,Mental health,15,2026-09-21,1034,941,1158,73,113,0.707,"SRC_SYNTH_REFERRALS,SRC_SYNTH_REFERRAL_TRIAGE,SRC_SYNTH_WAITLIST_SNAPSHOTS,SRC_SYNTH_CLINIC_TEMPLATES,SRC_SYNTH_PROVIDER_AVAILABILITY,SRC_SYNTH_NO_SHOW_LATE_CANCEL,SRC_SYNTH_DIAGNOSTIC_READINESS,SRC_SYNTH_HR_SHIFT_ROSTER,SRC_SYNTH_FINANCE_RESOURCE_ENVELOPE,SRC_OPEN_RESPIRATORY_VIRUS_DASHBOARD,SRC_OPEN_AQHI_SMOKE_CONTEXT,SRC_OPEN_SCHOOL_HOLIDAY_CALENDAR,SRC_OPEN_STATCAN_PED_POPULATION",modelled,review
SITE_PROV_NETWORK,Provincial pediatric network,mental_health,Mental health,16,2026-09-28,1029,936,1152,73,114,0.707,"SRC_SYNTH_REFERRALS,SRC_SYNTH_REFERRAL_TRIAGE,SRC_SYNTH_WAITLIST_SNAPSHOTS,SRC_SYNTH_CLINIC_TEMPLATES,SRC_SYNTH_PROVIDER_AVAILABILITY,SRC_SYNTH_NO_SHOW_LATE_CANCEL,SRC_SYNTH_DIAGNOSTIC_READINESS,SRC_SYNTH_HR_SHIFT_ROSTER,SRC_SYNTH_FINANCE_RESOURCE_ENVELOPE,SRC_OPEN_RESPIRATORY_VIRUS_DASHBOARD,SRC_OPEN_AQHI_SMOKE_CONTEXT,SRC_OPEN_SCHOOL_HOLIDAY_CALENDAR,SRC_OPEN_STATCAN_PED_POPULATION",modelled,review
SITE_PROV_NETWORK,Provincial pediatric network,mental_health,Mental health,17,2026-10-05,1026,934,1149,73,114,0.707,"SRC_SYNTH_REFERRALS,SRC_SYNTH_REFERRAL_TRIAGE,SRC_SYNTH_WAITLIST_SNAPSHOTS,SRC_SYNTH_CLINIC_TEMPLATES,SRC_SYNTH_PROVIDER_AVAILABILITY,SRC_SYNTH_NO_SHOW_LATE_CANCEL,SRC_SYNTH_DIAGNOSTIC_READINESS,SRC_SYNTH_HR_SHIFT_ROSTER,SRC_SYNTH_FINANCE_RESOURCE_ENVELOPE,SRC_OPEN_RESPIRATORY_VIRUS_DASHBOARD,SRC_OPEN_AQHI_SMOKE_CONTEXT,SRC_OPEN_SCHOOL_HOLIDAY_CALENDAR,SRC_OPEN_STATCAN_PED_POPULATION",modelled,review
SITE_PROV_NETWORK,Provincial pediatric network,mental_health,Mental health,18,2026-10-12,1026,934,1149,73,114,0.707,"SRC_SYNTH_REFERRALS,SRC_SYNTH_REFERRAL_TRIAGE,SRC_SYNTH_WAITLIST_SNAPSHOTS,SRC_SYNTH_CLINIC_TEMPLATES,SRC_SYNTH_PROVIDER_AVAILABILITY,SRC_SYNTH_NO_SHOW_LATE_CANCEL,SRC_SYNTH_DIAGNOSTIC_READINESS,SRC_SYNTH_HR_SHIFT_ROSTER,SRC_SYNTH_FINANCE_RESOURCE_ENVELOPE,SRC_OPEN_RESPIRATORY_VIRUS_DASHBOARD,SRC_OPEN_AQHI_SMOKE_CONTEXT,SRC_OPEN_SCHOOL_HOLIDAY_CALENDAR,SRC_OPEN_STATCAN_PED_POPULATION",modelled,review
SITE_PROV_NETWORK,Provincial pediatric network,mental_health,Mental health,19,2026-10-19,1028,935,1151,74,115,0.707,"SRC_SYNTH_REFERRALS,SRC_SYNTH_REFERRAL_TRIAGE,SRC_SYNTH_WAITLIST_SNAPSHOTS,SRC_SYNTH_CLINIC_TEMPLATES,SRC_SYNTH_PROVIDER_AVAILABILITY,SRC_SYNTH_NO_SHOW_LATE_CANCEL,SRC_SYNTH_DIAGNOSTIC_READINESS,SRC_SYNTH_HR_SHIFT_ROSTER,SRC_SYNTH_FINANCE_RESOURCE_ENVELOPE,SRC_OPEN_RESPIRATORY_VIRUS_DASHBOARD,SRC_OPEN_AQHI_SMOKE_CONTEXT,SRC_OPEN_SCHOOL_HOLIDAY_CALENDAR,SRC_OPEN_STATCAN_PED_POPULATION",modelled,review
SITE_PROV_NETWORK,Provincial pediatric network,mental_health,Mental health,20,2026-10-26,1034,941,1158,74,115,0.707,"SRC_SYNTH_REFERRALS,SRC_SYNTH_REFERRAL_TRIAGE,SRC_SYNTH_WAITLIST_SNAPSHOTS,SRC_SYNTH_CLINIC_TEMPLATES,SRC_SYNTH_PROVIDER_AVAILABILITY,SRC_SYNTH_NO_SHOW_LATE_CANCEL,SRC_SYNTH_DIAGNOSTIC_READINESS,SRC_SYNTH_HR_SHIFT_ROSTER,SRC_SYNTH_FINANCE_RESOURCE_ENVELOPE,SRC_OPEN_RESPIRATORY_VIRUS_DASHBOARD,SRC_OPEN_AQHI_SMOKE_CONTEXT,SRC_OPEN_SCHOOL_HOLIDAY_CALENDAR,SRC_OPEN_STATCAN_PED_POPULATION",modelled,review
SITE_PROV_NETWORK,Provincial pediatric network,mental_health,Mental health,21,2026-11-02,1043,949,1168,75,116,0.707,"SRC_SYNTH_REFERRALS,SRC_SYNTH_REFERRAL_TRIAGE,SRC_SYNTH_WAITLIST_SNAPSHOTS,SRC_SYNTH_CLINIC_TEMPLATES,SRC_SYNTH_PROVIDER_AVAILABILITY,SRC_SYNTH_NO_SHOW_LATE_CANCEL,SRC_SYNTH_DIAGNOSTIC_READINESS,SRC_SYNTH_HR_SHIFT_ROSTER,SRC_SYNTH_FINANCE_RESOURCE_ENVELOPE,SRC_OPEN_RESPIRATORY_VIRUS_DASHBOARD,SRC_OPEN_AQHI_SMOKE_CONTEXT,SRC_OPEN_SCHOOL_HOLIDAY_CALENDAR,SRC_OPEN_STATCAN_PED_POPULATION",modelled,review
SITE_PROV_NETWORK,Provincial pediatric network,mental_health,Mental health,22,2026-11-09,1055,960,1182,75,116,0.707,"SRC_SYNTH_REFERRALS,SRC_SYNTH_REFERRAL_TRIAGE,SRC_SYNTH_WAITLIST_SNAPSHOTS,SRC_SYNTH_CLINIC_TEMPLATES,SRC_SYNTH_PROVIDER_AVAILABILITY,SRC_SYNTH_NO_SHOW_LATE_CANCEL,SRC_SYNTH_DIAGNOSTIC_READINESS,SRC_SYNTH_HR_SHIFT_ROSTER,SRC_SYNTH_FINANCE_RESOURCE_ENVELOPE,SRC_OPEN_RESPIRATORY_VIRUS_DASHBOARD,SRC_OPEN_AQHI_SMOKE_CONTEXT,SRC_OPEN_SCHOOL_HOLIDAY_CALENDAR,SRC_OPEN_STATCAN_PED_POPULATION",modelled,review
SITE_PROV_NETWORK,Provincial pediatric network,mental_health,Mental health,23,2026-11-16,1069,973,1197,76,117,0.707,"SRC_SYNTH_REFERRALS,SRC_SYNTH_REFERRAL_TRIAGE,SRC_SYNTH_WAITLIST_SNAPSHOTS,SRC_SYNTH_CLINIC_TEMPLATES,SRC_SYNTH_PROVIDER_AVAILABILITY,SRC_SYNTH_NO_SHOW_LATE_CANCEL,SRC_SYNTH_DIAGNOSTIC_READINESS,SRC_SYNTH_HR_SHIFT_ROSTER,SRC_SYNTH_FINANCE_RESOURCE_ENVELOPE,SRC_OPEN_RESPIRATORY_VIRUS_DASHBOARD,SRC_OPEN_AQHI_SMOKE_CONTEXT,SRC_OPEN_SCHOOL_HOLIDAY_CALENDAR,SRC_OPEN_STATCAN_PED_POPULATION",modelled,review
SITE_PROV_NETWORK,Provincial pediatric network,mental_health,Mental health,24,2026-11-23,1086,988,1216,77,117,0.707,"SRC_SYNTH_REFERRALS,SRC_SYNTH_REFERRAL_TRIAGE,SRC_SYNTH_WAITLIST_SNAPSHOTS,SRC_SYNTH_CLINIC_TEMPLATES,SRC_SYNTH_PROVIDER_AVAILABILITY,SRC_SYNTH_NO_SHOW_LATE_CANCEL,SRC_SYNTH_DIAGNOSTIC_READINESS,SRC_SYNTH_HR_SHIFT_ROSTER,SRC_SYNTH_FINANCE_RESOURCE_ENVELOPE,SRC_OPEN_RESPIRATORY_VIRUS_DASHBOARD,SRC_OPEN_AQHI_SMOKE_CONTEXT,SRC_OPEN_SCHOOL_HOLIDAY_CALENDAR,SRC_OPEN_STATCAN_PED_POPULATION",modelled,review
SITE_PROV_NETWORK,Provincial pediatric network,mental_health,Mental health,25,2026-11-30,1106,1006,1239,78,118,0.707,"SRC_SYNTH_REFERRALS,SRC_SYNTH_REFERRAL_TRIAGE,SRC_SYNTH_WAITLIST_SNAPSHOTS,SRC_SYNTH_CLINIC_TEMPLATES,SRC_SYNTH_PROVIDER_AVAILABILITY,SRC_SYNTH_NO_SHOW_LATE_CANCEL,SRC_SYNTH_DIAGNOSTIC_READINESS,SRC_SYNTH_HR_SHIFT_ROSTER,SRC_SYNTH_FINANCE_RESOURCE_ENVELOPE,SRC_OPEN_RESPIRATORY_VIRUS_DASHBOARD,SRC_OPEN_AQHI_SMOKE_CONTEXT,SRC_OPEN_SCHOOL_HOLIDAY_CALENDAR,SRC_OPEN_STATCAN_PED_POPULATION",modelled,review
SITE_PROV_NETWORK,Provincial pediatric network,mental_health,Mental health,26,2026-12-07,1127,1026,1262,79,118,0.707,"SRC_SYNTH_REFERRALS,SRC_SYNTH_REFERRAL_TRIAGE,SRC_SYNTH_WAITLIST_SNAPSHOTS,SRC_SYNTH_CLINIC_TEMPLATES,SRC_SYNTH_PROVIDER_AVAILABILITY,SRC_SYNTH_NO_SHOW_LATE_CANCEL,SRC_SYNTH_DIAGNOSTIC_READINESS,SRC_SYNTH_HR_SHIFT_ROSTER,SRC_SYNTH_FINANCE_RESOURCE_ENVELOPE,SRC_OPEN_RESPIRATORY_VIRUS_DASHBOARD,SRC_OPEN_AQHI_SMOKE_CONTEXT,SRC_OPEN_SCHOOL_HOLIDAY_CALENDAR,SRC_OPEN_STATCAN_PED_POPULATION",modelled,review
SITE_PROV_NETWORK,Provincial pediatric network,diabetes_endocrinology,Diabetes/endocrinology,1,2026-06-15,704,641,788,63,69,0.732,"SRC_SYNTH_REFERRALS,SRC_SYNTH_REFERRAL_TRIAGE,SRC_SYNTH_WAITLIST_SNAPSHOTS,SRC_SYNTH_CLINIC_TEMPLATES,SRC_SYNTH_PROVIDER_AVAILABILITY,SRC_SYNTH_NO_SHOW_LATE_CANCEL,SRC_SYNTH_DIAGNOSTIC_READINESS,SRC_SYNTH_HR_SHIFT_ROSTER,SRC_SYNTH_FINANCE_RESOURCE_ENVELOPE,SRC_OPEN_RESPIRATORY_VIRUS_DASHBOARD,SRC_OPEN_AQHI_SMOKE_CONTEXT,SRC_OPEN_SCHOOL_HOLIDAY_CALENDAR,SRC_OPEN_STATCAN_PED_POPULATION",modelled,ready
SITE_PROV_NETWORK,Provincial pediatric network,diabetes_endocrinology,Diabetes/endocrinology,2,2026-06-22,708,644,793,63,70,0.732,"SRC_SYNTH_REFERRALS,SRC_SYNTH_REFERRAL_TRIAGE,SRC_SYNTH_WAITLIST_SNAPSHOTS,SRC_SYNTH_CLINIC_TEMPLATES,SRC_SYNTH_PROVIDER_AVAILABILITY,SRC_SYNTH_NO_SHOW_LATE_CANCEL,SRC_SYNTH_DIAGNOSTIC_READINESS,SRC_SYNTH_HR_SHIFT_ROSTER,SRC_SYNTH_FINANCE_RESOURCE_ENVELOPE,SRC_OPEN_RESPIRATORY_VIRUS_DASHBOARD,SRC_OPEN_AQHI_SMOKE_CONTEXT,SRC_OPEN_SCHOOL_HOLIDAY_CALENDAR,SRC_OPEN_STATCAN_PED_POPULATION",modelled,ready
SITE_PROV_NETWORK,Provincial pediatric network,diabetes_endocrinology,Diabetes/endocrinology,3,2026-06-29,710,646,795,64,70,0.732,"SRC_SYNTH_REFERRALS,SRC_SYNTH_REFERRAL_TRIAGE,SRC_SYNTH_WAITLIST_SNAPSHOTS,SRC_SYNTH_CLINIC_TEMPLATES,SRC_SYNTH_PROVIDER_AVAILABILITY,SRC_SYNTH_NO_SHOW_LATE_CANCEL,SRC_SYNTH_DIAGNOSTIC_READINESS,SRC_SYNTH_HR_SHIFT_ROSTER,SRC_SYNTH_FINANCE_RESOURCE_ENVELOPE,SRC_OPEN_RESPIRATORY_VIRUS_DASHBOARD,SRC_OPEN_AQHI_SMOKE_CONTEXT,SRC_OPEN_SCHOOL_HOLIDAY_CALENDAR,SRC_OPEN_STATCAN_PED_POPULATION",modelled,ready
SITE_PROV_NETWORK,Provincial pediatric network,diabetes_endocrinology,Diabetes/endocrinology,4,2026-07-06,711,647,796,64,70,0.732,"SRC_SYNTH_REFERRALS,SRC_SYNTH_REFERRAL_TRIAGE,SRC_SYNTH_WAITLIST_SNAPSHOTS,SRC_SYNTH_CLINIC_TEMPLATES,SRC_SYNTH_PROVIDER_AVAILABILITY,SRC_SYNTH_NO_SHOW_LATE_CANCEL,SRC_SYNTH_DIAGNOSTIC_READINESS,SRC_SYNTH_HR_SHIFT_ROSTER,SRC_SYNTH_FINANCE_RESOURCE_ENVELOPE,SRC_OPEN_RESPIRATORY_VIRUS_DASHBOARD,SRC_OPEN_AQHI_SMOKE_CONTEXT,SRC_OPEN_SCHOOL_HOLIDAY_CALENDAR,SRC_OPEN_STATCAN_PED_POPULATION",modelled,ready
SITE_PROV_NETWORK,Provincial pediatric network,diabetes_endocrinology,Diabetes/endocrinology,5,2026-07-13,710,646,795,64,70,0.732,"SRC_SYNTH_REFERRALS,SRC_SYNTH_REFERRAL_TRIAGE,SRC_SYNTH_WAITLIST_SNAPSHOTS,SRC_SYNTH_CLINIC_TEMPLATES,SRC_SYNTH_PROVIDER_AVAILABILITY,SRC_SYNTH_NO_SHOW_LATE_CANCEL,SRC_SYNTH_DIAGNOSTIC_READINESS,SRC_SYNTH_HR_SHIFT_ROSTER,SRC_SYNTH_FINANCE_RESOURCE_ENVELOPE,SRC_OPEN_RESPIRATORY_VIRUS_DASHBOARD,SRC_OPEN_AQHI_SMOKE_CONTEXT,SRC_OPEN_SCHOOL_HOLIDAY_CALENDAR,SRC_OPEN_STATCAN_PED_POPULATION",modelled,ready
SITE_PROV_NETWORK,Provincial pediatric network,diabetes_endocrinology,Diabetes/endocrinology,6,2026-07-20,707,643,792,64,71,0.732,"SRC_SYNTH_REFERRALS,SRC_SYNTH_REFERRAL_TRIAGE,SRC_SYNTH_WAITLIST_SNAPSHOTS,SRC_SYNTH_CLINIC_TEMPLATES,SRC_SYNTH_PROVIDER_AVAILABILITY,SRC_SYNTH_NO_SHOW_LATE_CANCEL,SRC_SYNTH_DIAGNOSTIC_READINESS,SRC_SYNTH_HR_SHIFT_ROSTER,SRC_SYNTH_FINANCE_RESOURCE_ENVELOPE,SRC_OPEN_RESPIRATORY_VIRUS_DASHBOARD,SRC_OPEN_AQHI_SMOKE_CONTEXT,SRC_OPEN_SCHOOL_HOLIDAY_CALENDAR,SRC_OPEN_STATCAN_PED_POPULATION",modelled,ready
SITE_PROV_NETWORK,Provincial pediatric network,diabetes_endocrinology,Diabetes/endocrinology,7,2026-07-27,703,640,787,64,71,0.732,"SRC_SYNTH_REFERRALS,SRC_SYNTH_REFERRAL_TRIAGE,SRC_SYNTH_WAITLIST_SNAPSHOTS,SRC_SYNTH_CLINIC_TEMPLATES,SRC_SYNTH_PROVIDER_AVAILABILITY,SRC_SYNTH_NO_SHOW_LATE_CANCEL,SRC_SYNTH_DIAGNOSTIC_READINESS,SRC_SYNTH_HR_SHIFT_ROSTER,SRC_SYNTH_FINANCE_RESOURCE_ENVELOPE,SRC_OPEN_RESPIRATORY_VIRUS_DASHBOARD,SRC_OPEN_AQHI_SMOKE_CONTEXT,SRC_OPEN_SCHOOL_HOLIDAY_CALENDAR,SRC_OPEN_STATCAN_PED_POPULATION",modelled,ready
SITE_PROV_NETWORK,Provincial pediatric network,diabetes_endocrinology,Diabetes/endocrinology,8,2026-08-03,698,635,782,64,71,0.732,"SRC_SYNTH_REFERRALS,SRC_SYNTH_REFERRAL_TRIAGE,SRC_SYNTH_WAITLIST_SNAPSHOTS,SRC_SYNTH_CLINIC_TEMPLATES,SRC_SYNTH_PROVIDER_AVAILABILITY,SRC_SYNTH_NO_SHOW_LATE_CANCEL,SRC_SYNTH_DIAGNOSTIC_READINESS,SRC_SYNTH_HR_SHIFT_ROSTER,SRC_SYNTH_FINANCE_RESOURCE_ENVELOPE,SRC_OPEN_RESPIRATORY_VIRUS_DASHBOARD,SRC_OPEN_AQHI_SMOKE_CONTEXT,SRC_OPEN_SCHOOL_HOLIDAY_CALENDAR,SRC_OPEN_STATCAN_PED_POPULATION",modelled,ready
SITE_PROV_NETWORK,Provincial pediatric network,diabetes_endocrinology,Diabetes/endocrinology,9,2026-08-10,693,631,776,64,71,0.732,"SRC_SYNTH_REFERRALS,SRC_SYNTH_REFERRAL_TRIAGE,SRC_SYNTH_WAITLIST_SNAPSHOTS,SRC_SYNTH_CLINIC_TEMPLATES,SRC_SYNTH_PROVIDER_AVAILABILITY,SRC_SYNTH_NO_SHOW_LATE_CANCEL,SRC_SYNTH_DIAGNOSTIC_READINESS,SRC_SYNTH_HR_SHIFT_ROSTER,SRC_SYNTH_FINANCE_RESOURCE_ENVELOPE,SRC_OPEN_RESPIRATORY_VIRUS_DASHBOARD,SRC_OPEN_AQHI_SMOKE_CONTEXT,SRC_OPEN_SCHOOL_HOLIDAY_CALENDAR,SRC_OPEN_STATCAN_PED_POPULATION",modelled,ready
SITE_PROV_NETWORK,Provincial pediatric network,diabetes_endocrinology,Diabetes/endocrinology,10,2026-08-17,686,624,768,64,72,0.732,"SRC_SYNTH_REFERRALS,SRC_SYNTH_REFERRAL_TRIAGE,SRC_SYNTH_WAITLIST_SNAPSHOTS,SRC_SYNTH_CLINIC_TEMPLATES,SRC_SYNTH_PROVIDER_AVAILABILITY,SRC_SYNTH_NO_SHOW_LATE_CANCEL,SRC_SYNTH_DIAGNOSTIC_READINESS,SRC_SYNTH_HR_SHIFT_ROSTER,SRC_SYNTH_FINANCE_RESOURCE_ENVELOPE,SRC_OPEN_RESPIRATORY_VIRUS_DASHBOARD,SRC_OPEN_AQHI_SMOKE_CONTEXT,SRC_OPEN_SCHOOL_HOLIDAY_CALENDAR,SRC_OPEN_STATCAN_PED_POPULATION",modelled,ready
SITE_PROV_NETWORK,Provincial pediatric network,diabetes_endocrinology,Diabetes/endocrinology,11,2026-08-24,680,619,762,64,72,0.732,"SRC_SYNTH_REFERRALS,SRC_SYNTH_REFERRAL_TRIAGE,SRC_SYNTH_WAITLIST_SNAPSHOTS,SRC_SYNTH_CLINIC_TEMPLATES,SRC_SYNTH_PROVIDER_AVAILABILITY,SRC_SYNTH_NO_SHOW_LATE_CANCEL,SRC_SYNTH_DIAGNOSTIC_READINESS,SRC_SYNTH_HR_SHIFT_ROSTER,SRC_SYNTH_FINANCE_RESOURCE_ENVELOPE,SRC_OPEN_RESPIRATORY_VIRUS_DASHBOARD,SRC_OPEN_AQHI_SMOKE_CONTEXT,SRC_OPEN_SCHOOL_HOLIDAY_CALENDAR,SRC_OPEN_STATCAN_PED_POPULATION",modelled,ready
SITE_PROV_NETWORK,Provincial pediatric network,diabetes_endocrinology,Diabetes/endocrinology,12,2026-08-31,674,613,755,65,72,0.732,"SRC_SYNTH_REFERRALS,SRC_SYNTH_REFERRAL_TRIAGE,SRC_SYNTH_WAITLIST_SNAPSHOTS,SRC_SYNTH_CLINIC_TEMPLATES,SRC_SYNTH_PROVIDER_AVAILABILITY,SRC_SYNTH_NO_SHOW_LATE_CANCEL,SRC_SYNTH_DIAGNOSTIC_READINESS,SRC_SYNTH_HR_SHIFT_ROSTER,SRC_SYNTH_FINANCE_RESOURCE_ENVELOPE,SRC_OPEN_RESPIRATORY_VIRUS_DASHBOARD,SRC_OPEN_AQHI_SMOKE_CONTEXT,SRC_OPEN_SCHOOL_HOLIDAY_CALENDAR,SRC_OPEN_STATCAN_PED_POPULATION",modelled,ready
SITE_PROV_NETWORK,Provincial pediatric network,diabetes_endocrinology,Diabetes/endocrinology,13,2026-09-07,669,609,749,65,72,0.732,"SRC_SYNTH_REFERRALS,SRC_SYNTH_REFERRAL_TRIAGE,SRC_SYNTH_WAITLIST_SNAPSHOTS,SRC_SYNTH_CLINIC_TEMPLATES,SRC_SYNTH_PROVIDER_AVAILABILITY,SRC_SYNTH_NO_SHOW_LATE_CANCEL,SRC_SYNTH_DIAGNOSTIC_READINESS,SRC_SYNTH_HR_SHIFT_ROSTER,SRC_SYNTH_FINANCE_RESOURCE_ENVELOPE,SRC_OPEN_RESPIRATORY_VIRUS_DASHBOARD,SRC_OPEN_AQHI_SMOKE_CONTEXT,SRC_OPEN_SCHOOL_HOLIDAY_CALENDAR,SRC_OPEN_STATCAN_PED_POPULATION",modelled,ready
SITE_PROV_NETWORK,Provincial pediatric network,diabetes_endocrinology,Diabetes/endocrinology,14,2026-09-14,664,604,744,65,73,0.732,"SRC_SYNTH_REFERRALS,SRC_SYNTH_REFERRAL_TRIAGE,SRC_SYNTH_WAITLIST_SNAPSHOTS,SRC_SYNTH_CLINIC_TEMPLATES,SRC_SYNTH_PROVIDER_AVAILABILITY,SRC_SYNTH_NO_SHOW_LATE_CANCEL,SRC_SYNTH_DIAGNOSTIC_READINESS,SRC_SYNTH_HR_SHIFT_ROSTER,SRC_SYNTH_FINANCE_RESOURCE_ENVELOPE,SRC_OPEN_RESPIRATORY_VIRUS_DASHBOARD,SRC_OPEN_AQHI_SMOKE_CONTEXT,SRC_OPEN_SCHOOL_HOLIDAY_CALENDAR,SRC_OPEN_STATCAN_PED_POPULATION",modelled,ready
SITE_PROV_NETWORK,Provincial pediatric network,diabetes_endocrinology,Diabetes/endocrinology,15,2026-09-21,661,602,740,65,73,0.732,"SRC_SYNTH_REFERRALS,SRC_SYNTH_REFERRAL_TRIAGE,SRC_SYNTH_WAITLIST_SNAPSHOTS,SRC_SYNTH_CLINIC_TEMPLATES,SRC_SYNTH_PROVIDER_AVAILABILITY,SRC_SYNTH_NO_SHOW_LATE_CANCEL,SRC_SYNTH_DIAGNOSTIC_READINESS,SRC_SYNTH_HR_SHIFT_ROSTER,SRC_SYNTH_FINANCE_RESOURCE_ENVELOPE,SRC_OPEN_RESPIRATORY_VIRUS_DASHBOARD,SRC_OPEN_AQHI_SMOKE_CONTEXT,SRC_OPEN_SCHOOL_HOLIDAY_CALENDAR,SRC_OPEN_STATCAN_PED_POPULATION",modelled,ready
SITE_PROV_NETWORK,Provincial pediatric network,diabetes_endocrinology,Diabetes/endocrinology,16,2026-09-28,659,600,738,65,73,0.732,"SRC_SYNTH_REFERRALS,SRC_SYNTH_REFERRAL_TRIAGE,SRC_SYNTH_WAITLIST_SNAPSHOTS,SRC_SYNTH_CLINIC_TEMPLATES,SRC_SYNTH_PROVIDER_AVAILABILITY,SRC_SYNTH_NO_SHOW_LATE_CANCEL,SRC_SYNTH_DIAGNOSTIC_READINESS,SRC_SYNTH_HR_SHIFT_ROSTER,SRC_SYNTH_FINANCE_RESOURCE_ENVELOPE,SRC_OPEN_RESPIRATORY_VIRUS_DASHBOARD,SRC_OPEN_AQHI_SMOKE_CONTEXT,SRC_OPEN_SCHOOL_HOLIDAY_CALENDAR,SRC_OPEN_STATCAN_PED_POPULATION",modelled,ready
SITE_PROV_NETWORK,Provincial pediatric network,diabetes_endocrinology,Diabetes/endocrinology,17,2026-10-05,659,600,738,65,73,0.732,"SRC_SYNTH_REFERRALS,SRC_SYNTH_REFERRAL_TRIAGE,SRC_SYNTH_WAITLIST_SNAPSHOTS,SRC_SYNTH_CLINIC_TEMPLATES,SRC_SYNTH_PROVIDER_AVAILABILITY,SRC_SYNTH_NO_SHOW_LATE_CANCEL,SRC_SYNTH_DIAGNOSTIC_READINESS,SRC_SYNTH_HR_SHIFT_ROSTER,SRC_SYNTH_FINANCE_RESOURCE_ENVELOPE,SRC_OPEN_RESPIRATORY_VIRUS_DASHBOARD,SRC_OPEN_AQHI_SMOKE_CONTEXT,SRC_OPEN_SCHOOL_HOLIDAY_CALENDAR,SRC_OPEN_STATCAN_PED_POPULATION",modelled,ready
SITE_PROV_NETWORK,Provincial pediatric network,diabetes_endocrinology,Diabetes/endocrinology,18,2026-10-12,661,602,740,66,74,0.732,"SRC_SYNTH_REFERRALS,SRC_SYNTH_REFERRAL_TRIAGE,SRC_SYNTH_WAITLIST_SNAPSHOTS,SRC_SYNTH_CLINIC_TEMPLATES,SRC_SYNTH_PROVIDER_AVAILABILITY,SRC_SYNTH_NO_SHOW_LATE_CANCEL,SRC_SYNTH_DIAGNOSTIC_READINESS,SRC_SYNTH_HR_SHIFT_ROSTER,SRC_SYNTH_FINANCE_RESOURCE_ENVELOPE,SRC_OPEN_RESPIRATORY_VIRUS_DASHBOARD,SRC_OPEN_AQHI_SMOKE_CONTEXT,SRC_OPEN_SCHOOL_HOLIDAY_CALENDAR,SRC_OPEN_STATCAN_PED_POPULATION",modelled,ready
SITE_PROV_NETWORK,Provincial pediatric network,diabetes_endocrinology,Diabetes/endocrinology,19,2026-10-19,664,604,744,66,74,0.732,"SRC_SYNTH_REFERRALS,SRC_SYNTH_REFERRAL_TRIAGE,SRC_SYNTH_WAITLIST_SNAPSHOTS,SRC_SYNTH_CLINIC_TEMPLATES,SRC_SYNTH_PROVIDER_AVAILABILITY,SRC_SYNTH_NO_SHOW_LATE_CANCEL,SRC_SYNTH_DIAGNOSTIC_READINESS,SRC_SYNTH_HR_SHIFT_ROSTER,SRC_SYNTH_FINANCE_RESOURCE_ENVELOPE,SRC_OPEN_RESPIRATORY_VIRUS_DASHBOARD,SRC_OPEN_AQHI_SMOKE_CONTEXT,SRC_OPEN_SCHOOL_HOLIDAY_CALENDAR,SRC_OPEN_STATCAN_PED_POPULATION",modelled,ready
SITE_PROV_NETWORK,Provincial pediatric network,diabetes_endocrinology,Diabetes/endocrinology,20,2026-10-26,670,610,750,67,74,0.732,"SRC_SYNTH_REFERRALS,SRC_SYNTH_REFERRAL_TRIAGE,SRC_SYNTH_WAITLIST_SNAPSHOTS,SRC_SYNTH_CLINIC_TEMPLATES,SRC_SYNTH_PROVIDER_AVAILABILITY,SRC_SYNTH_NO_SHOW_LATE_CANCEL,SRC_SYNTH_DIAGNOSTIC_READINESS,SRC_SYNTH_HR_SHIFT_ROSTER,SRC_SYNTH_FINANCE_RESOURCE_ENVELOPE,SRC_OPEN_RESPIRATORY_VIRUS_DASHBOARD,SRC_OPEN_AQHI_SMOKE_CONTEXT,SRC_OPEN_SCHOOL_HOLIDAY_CALENDAR,SRC_OPEN_STATCAN_PED_POPULATION",modelled,ready
SITE_PROV_NETWORK,Provincial pediatric network,diabetes_endocrinology,Diabetes/endocrinology,21,2026-11-02,677,616,758,67,74,0.732,"SRC_SYNTH_REFERRALS,SRC_SYNTH_REFERRAL_TRIAGE,SRC_SYNTH_WAITLIST_SNAPSHOTS,SRC_SYNTH_CLINIC_TEMPLATES,SRC_SYNTH_PROVIDER_AVAILABILITY,SRC_SYNTH_NO_SHOW_LATE_CANCEL,SRC_SYNTH_DIAGNOSTIC_READINESS,SRC_SYNTH_HR_SHIFT_ROSTER,SRC_SYNTH_FINANCE_RESOURCE_ENVELOPE,SRC_OPEN_RESPIRATORY_VIRUS_DASHBOARD,SRC_OPEN_AQHI_SMOKE_CONTEXT,SRC_OPEN_SCHOOL_HOLIDAY_CALENDAR,SRC_OPEN_STATCAN_PED_POPULATION",modelled,ready
SITE_PROV_NETWORK,Provincial pediatric network,diabetes_endocrinology,Diabetes/endocrinology,22,2026-11-09,687,625,769,68,75,0.732,"SRC_SYNTH_REFERRALS,SRC_SYNTH_REFERRAL_TRIAGE,SRC_SYNTH_WAITLIST_SNAPSHOTS,SRC_SYNTH_CLINIC_TEMPLATES,SRC_SYNTH_PROVIDER_AVAILABILITY,SRC_SYNTH_NO_SHOW_LATE_CANCEL,SRC_SYNTH_DIAGNOSTIC_READINESS,SRC_SYNTH_HR_SHIFT_ROSTER,SRC_SYNTH_FINANCE_RESOURCE_ENVELOPE,SRC_OPEN_RESPIRATORY_VIRUS_DASHBOARD,SRC_OPEN_AQHI_SMOKE_CONTEXT,SRC_OPEN_SCHOOL_HOLIDAY_CALENDAR,SRC_OPEN_STATCAN_PED_POPULATION",modelled,ready
SITE_PROV_NETWORK,Provincial pediatric network,diabetes_endocrinology,Diabetes/endocrinology,23,2026-11-16,698,635,782,69,75,0.732,"SRC_SYNTH_REFERRALS,SRC_SYNTH_REFERRAL_TRIAGE,SRC_SYNTH_WAITLIST_SNAPSHOTS,SRC_SYNTH_CLINIC_TEMPLATES,SRC_SYNTH_PROVIDER_AVAILABILITY,SRC_SYNTH_NO_SHOW_LATE_CANCEL,SRC_SYNTH_DIAGNOSTIC_READINESS,SRC_SYNTH_HR_SHIFT_ROSTER,SRC_SYNTH_FINANCE_RESOURCE_ENVELOPE,SRC_OPEN_RESPIRATORY_VIRUS_DASHBOARD,SRC_OPEN_AQHI_SMOKE_CONTEXT,SRC_OPEN_SCHOOL_HOLIDAY_CALENDAR,SRC_OPEN_STATCAN_PED_POPULATION",modelled,ready
SITE_PROV_NETWORK,Provincial pediatric network,diabetes_endocrinology,Diabetes/endocrinology,24,2026-11-23,710,646,795,70,75,0.732,"SRC_SYNTH_REFERRALS,SRC_SYNTH_REFERRAL_TRIAGE,SRC_SYNTH_WAITLIST_SNAPSHOTS,SRC_SYNTH_CLINIC_TEMPLATES,SRC_SYNTH_PROVIDER_AVAILABILITY,SRC_SYNTH_NO_SHOW_LATE_CANCEL,SRC_SYNTH_DIAGNOSTIC_READINESS,SRC_SYNTH_HR_SHIFT_ROSTER,SRC_SYNTH_FINANCE_RESOURCE_ENVELOPE,SRC_OPEN_RESPIRATORY_VIRUS_DASHBOARD,SRC_OPEN_AQHI_SMOKE_CONTEXT,SRC_OPEN_SCHOOL_HOLIDAY_CALENDAR,SRC_OPEN_STATCAN_PED_POPULATION",modelled,ready
SITE_PROV_NETWORK,Provincial pediatric network,diabetes_endocrinology,Diabetes/endocrinology,25,2026-11-30,724,659,811,70,76,0.732,"SRC_SYNTH_REFERRALS,SRC_SYNTH_REFERRAL_TRIAGE,SRC_SYNTH_WAITLIST_SNAPSHOTS,SRC_SYNTH_CLINIC_TEMPLATES,SRC_SYNTH_PROVIDER_AVAILABILITY,SRC_SYNTH_NO_SHOW_LATE_CANCEL,SRC_SYNTH_DIAGNOSTIC_READINESS,SRC_SYNTH_HR_SHIFT_ROSTER,SRC_SYNTH_FINANCE_RESOURCE_ENVELOPE,SRC_OPEN_RESPIRATORY_VIRUS_DASHBOARD,SRC_OPEN_AQHI_SMOKE_CONTEXT,SRC_OPEN_SCHOOL_HOLIDAY_CALENDAR,SRC_OPEN_STATCAN_PED_POPULATION",modelled,ready
SITE_PROV_NETWORK,Provincial pediatric network,diabetes_endocrinology,Diabetes/endocrinology,26,2026-12-07,738,672,827,71,76,0.732,"SRC_SYNTH_REFERRALS,SRC_SYNTH_REFERRAL_TRIAGE,SRC_SYNTH_WAITLIST_SNAPSHOTS,SRC_SYNTH_CLINIC_TEMPLATES,SRC_SYNTH_PROVIDER_AVAILABILITY,SRC_SYNTH_NO_SHOW_LATE_CANCEL,SRC_SYNTH_DIAGNOSTIC_READINESS,SRC_SYNTH_HR_SHIFT_ROSTER,SRC_SYNTH_FINANCE_RESOURCE_ENVELOPE,SRC_OPEN_RESPIRATORY_VIRUS_DASHBOARD,SRC_OPEN_AQHI_SMOKE_CONTEXT,SRC_OPEN_SCHOOL_HOLIDAY_CALENDAR,SRC_OPEN_STATCAN_PED_POPULATION",modelled,ready
SITE_PROV_NETWORK,Provincial pediatric network,gastroenterology,Gastroenterology,1,2026-06-15,591,538,662,61,58,0.74,"SRC_SYNTH_REFERRALS,SRC_SYNTH_REFERRAL_TRIAGE,SRC_SYNTH_WAITLIST_SNAPSHOTS,SRC_SYNTH_CLINIC_TEMPLATES,SRC_SYNTH_PROVIDER_AVAILABILITY,SRC_SYNTH_NO_SHOW_LATE_CANCEL,SRC_SYNTH_DIAGNOSTIC_READINESS,SRC_SYNTH_HR_SHIFT_ROSTER,SRC_SYNTH_FINANCE_RESOURCE_ENVELOPE,SRC_OPEN_RESPIRATORY_VIRUS_DASHBOARD,SRC_OPEN_AQHI_SMOKE_CONTEXT,SRC_OPEN_SCHOOL_HOLIDAY_CALENDAR,SRC_OPEN_STATCAN_PED_POPULATION",modelled,ready
SITE_PROV_NETWORK,Provincial pediatric network,gastroenterology,Gastroenterology,2,2026-06-22,593,540,664,61,59,0.74,"SRC_SYNTH_REFERRALS,SRC_SYNTH_REFERRAL_TRIAGE,SRC_SYNTH_WAITLIST_SNAPSHOTS,SRC_SYNTH_CLINIC_TEMPLATES,SRC_SYNTH_PROVIDER_AVAILABILITY,SRC_SYNTH_NO_SHOW_LATE_CANCEL,SRC_SYNTH_DIAGNOSTIC_READINESS,SRC_SYNTH_HR_SHIFT_ROSTER,SRC_SYNTH_FINANCE_RESOURCE_ENVELOPE,SRC_OPEN_RESPIRATORY_VIRUS_DASHBOARD,SRC_OPEN_AQHI_SMOKE_CONTEXT,SRC_OPEN_SCHOOL_HOLIDAY_CALENDAR,SRC_OPEN_STATCAN_PED_POPULATION",modelled,ready
SITE_PROV_NETWORK,Provincial pediatric network,gastroenterology,Gastroenterology,3,2026-06-29,593,540,664,61,59,0.74,"SRC_SYNTH_REFERRALS,SRC_SYNTH_REFERRAL_TRIAGE,SRC_SYNTH_WAITLIST_SNAPSHOTS,SRC_SYNTH_CLINIC_TEMPLATES,SRC_SYNTH_PROVIDER_AVAILABILITY,SRC_SYNTH_NO_SHOW_LATE_CANCEL,SRC_SYNTH_DIAGNOSTIC_READINESS,SRC_SYNTH_HR_SHIFT_ROSTER,SRC_SYNTH_FINANCE_RESOURCE_ENVELOPE,SRC_OPEN_RESPIRATORY_VIRUS_DASHBOARD,SRC_OPEN_AQHI_SMOKE_CONTEXT,SRC_OPEN_SCHOOL_HOLIDAY_CALENDAR,SRC_OPEN_STATCAN_PED_POPULATION",modelled,ready
SITE_PROV_NETWORK,Provincial pediatric network,gastroenterology,Gastroenterology,4,2026-07-06,592,539,663,62,59,0.74,"SRC_SYNTH_REFERRALS,SRC_SYNTH_REFERRAL_TRIAGE,SRC_SYNTH_WAITLIST_SNAPSHOTS,SRC_SYNTH_CLINIC_TEMPLATES,SRC_SYNTH_PROVIDER_AVAILABILITY,SRC_SYNTH_NO_SHOW_LATE_CANCEL,SRC_SYNTH_DIAGNOSTIC_READINESS,SRC_SYNTH_HR_SHIFT_ROSTER,SRC_SYNTH_FINANCE_RESOURCE_ENVELOPE,SRC_OPEN_RESPIRATORY_VIRUS_DASHBOARD,SRC_OPEN_AQHI_SMOKE_CONTEXT,SRC_OPEN_SCHOOL_HOLIDAY_CALENDAR,SRC_OPEN_STATCAN_PED_POPULATION",modelled,ready
SITE_PROV_NETWORK,Provincial pediatric network,gastroenterology,Gastroenterology,5,2026-07-13,590,537,661,62,59,0.74,"SRC_SYNTH_REFERRALS,SRC_SYNTH_REFERRAL_TRIAGE,SRC_SYNTH_WAITLIST_SNAPSHOTS,SRC_SYNTH_CLINIC_TEMPLATES,SRC_SYNTH_PROVIDER_AVAILABILITY,SRC_SYNTH_NO_SHOW_LATE_CANCEL,SRC_SYNTH_DIAGNOSTIC_READINESS,SRC_SYNTH_HR_SHIFT_ROSTER,SRC_SYNTH_FINANCE_RESOURCE_ENVELOPE,SRC_OPEN_RESPIRATORY_VIRUS_DASHBOARD,SRC_OPEN_AQHI_SMOKE_CONTEXT,SRC_OPEN_SCHOOL_HOLIDAY_CALENDAR,SRC_OPEN_STATCAN_PED_POPULATION",modelled,ready
SITE_PROV_NETWORK,Provincial pediatric network,gastroenterology,Gastroenterology,6,2026-07-20,587,534,657,62,60,0.74,"SRC_SYNTH_REFERRALS,SRC_SYNTH_REFERRAL_TRIAGE,SRC_SYNTH_WAITLIST_SNAPSHOTS,SRC_SYNTH_CLINIC_TEMPLATES,SRC_SYNTH_PROVIDER_AVAILABILITY,SRC_SYNTH_NO_SHOW_LATE_CANCEL,SRC_SYNTH_DIAGNOSTIC_READINESS,SRC_SYNTH_HR_SHIFT_ROSTER,SRC_SYNTH_FINANCE_RESOURCE_ENVELOPE,SRC_OPEN_RESPIRATORY_VIRUS_DASHBOARD,SRC_OPEN_AQHI_SMOKE_CONTEXT,SRC_OPEN_SCHOOL_HOLIDAY_CALENDAR,SRC_OPEN_STATCAN_PED_POPULATION",modelled,ready
SITE_PROV_NETWORK,Provincial pediatric network,gastroenterology,Gastroenterology,7,2026-07-27,583,531,653,62,60,0.74,"SRC_SYNTH_REFERRALS,SRC_SYNTH_REFERRAL_TRIAGE,SRC_SYNTH_WAITLIST_SNAPSHOTS,SRC_SYNTH_CLINIC_TEMPLATES,SRC_SYNTH_PROVIDER_AVAILABILITY,SRC_SYNTH_NO_SHOW_LATE_CANCEL,SRC_SYNTH_DIAGNOSTIC_READINESS,SRC_SYNTH_HR_SHIFT_ROSTER,SRC_SYNTH_FINANCE_RESOURCE_ENVELOPE,SRC_OPEN_RESPIRATORY_VIRUS_DASHBOARD,SRC_OPEN_AQHI_SMOKE_CONTEXT,SRC_OPEN_SCHOOL_HOLIDAY_CALENDAR,SRC_OPEN_STATCAN_PED_POPULATION",modelled,ready
SITE_PROV_NETWORK,Provincial pediatric network,gastroenterology,Gastroenterology,8,2026-08-03,578,526,647,62,60,0.74,"SRC_SYNTH_REFERRALS,SRC_SYNTH_REFERRAL_TRIAGE,SRC_SYNTH_WAITLIST_SNAPSHOTS,SRC_SYNTH_CLINIC_TEMPLATES,SRC_SYNTH_PROVIDER_AVAILABILITY,SRC_SYNTH_NO_SHOW_LATE_CANCEL,SRC_SYNTH_DIAGNOSTIC_READINESS,SRC_SYNTH_HR_SHIFT_ROSTER,SRC_SYNTH_FINANCE_RESOURCE_ENVELOPE,SRC_OPEN_RESPIRATORY_VIRUS_DASHBOARD,SRC_OPEN_AQHI_SMOKE_CONTEXT,SRC_OPEN_SCHOOL_HOLIDAY_CALENDAR,SRC_OPEN_STATCAN_PED_POPULATION",modelled,ready
SITE_PROV_NETWORK,Provincial pediatric network,gastroenterology,Gastroenterology,9,2026-08-10,573,521,642,62,60,0.74,"SRC_SYNTH_REFERRALS,SRC_SYNTH_REFERRAL_TRIAGE,SRC_SYNTH_WAITLIST_SNAPSHOTS,SRC_SYNTH_CLINIC_TEMPLATES,SRC_SYNTH_PROVIDER_AVAILABILITY,SRC_SYNTH_NO_SHOW_LATE_CANCEL,SRC_SYNTH_DIAGNOSTIC_READINESS,SRC_SYNTH_HR_SHIFT_ROSTER,SRC_SYNTH_FINANCE_RESOURCE_ENVELOPE,SRC_OPEN_RESPIRATORY_VIRUS_DASHBOARD,SRC_OPEN_AQHI_SMOKE_CONTEXT,SRC_OPEN_SCHOOL_HOLIDAY_CALENDAR,SRC_OPEN_STATCAN_PED_POPULATION",modelled,ready
SITE_PROV_NETWORK,Provincial pediatric network,gastroenterology,Gastroenterology,10,2026-08-17,568,517,636,62,61,0.74,"SRC_SYNTH_REFERRALS,SRC_SYNTH_REFERRAL_TRIAGE,SRC_SYNTH_WAITLIST_SNAPSHOTS,SRC_SYNTH_CLINIC_TEMPLATES,SRC_SYNTH_PROVIDER_AVAILABILITY,SRC_SYNTH_NO_SHOW_LATE_CANCEL,SRC_SYNTH_DIAGNOSTIC_READINESS,SRC_SYNTH_HR_SHIFT_ROSTER,SRC_SYNTH_FINANCE_RESOURCE_ENVELOPE,SRC_OPEN_RESPIRATORY_VIRUS_DASHBOARD,SRC_OPEN_AQHI_SMOKE_CONTEXT,SRC_OPEN_SCHOOL_HOLIDAY_CALENDAR,SRC_OPEN_STATCAN_PED_POPULATION",modelled,ready
SITE_PROV_NETWORK,Provincial pediatric network,gastroenterology,Gastroenterology,11,2026-08-24,563,512,631,62,61,0.74,"SRC_SYNTH_REFERRALS,SRC_SYNTH_REFERRAL_TRIAGE,SRC_SYNTH_WAITLIST_SNAPSHOTS,SRC_SYNTH_CLINIC_TEMPLATES,SRC_SYNTH_PROVIDER_AVAILABILITY,SRC_SYNTH_NO_SHOW_LATE_CANCEL,SRC_SYNTH_DIAGNOSTIC_READINESS,SRC_SYNTH_HR_SHIFT_ROSTER,SRC_SYNTH_FINANCE_RESOURCE_ENVELOPE,SRC_OPEN_RESPIRATORY_VIRUS_DASHBOARD,SRC_OPEN_AQHI_SMOKE_CONTEXT,SRC_OPEN_SCHOOL_HOLIDAY_CALENDAR,SRC_OPEN_STATCAN_PED_POPULATION",modelled,ready
SITE_PROV_NETWORK,Provincial pediatric network,gastroenterology,Gastroenterology,12,2026-08-31,558,508,625,62,61,0.74,"SRC_SYNTH_REFERRALS,SRC_SYNTH_REFERRAL_TRIAGE,SRC_SYNTH_WAITLIST_SNAPSHOTS,SRC_SYNTH_CLINIC_TEMPLATES,SRC_SYNTH_PROVIDER_AVAILABILITY,SRC_SYNTH_NO_SHOW_LATE_CANCEL,SRC_SYNTH_DIAGNOSTIC_READINESS,SRC_SYNTH_HR_SHIFT_ROSTER,SRC_SYNTH_FINANCE_RESOURCE_ENVELOPE,SRC_OPEN_RESPIRATORY_VIRUS_DASHBOARD,SRC_OPEN_AQHI_SMOKE_CONTEXT,SRC_OPEN_SCHOOL_HOLIDAY_CALENDAR,SRC_OPEN_STATCAN_PED_POPULATION",modelled,ready
SITE_PROV_NETWORK,Provincial pediatric network,gastroenterology,Gastroenterology,13,2026-09-07,554,504,620,62,61,0.74,"SRC_SYNTH_REFERRALS,SRC_SYNTH_REFERRAL_TRIAGE,SRC_SYNTH_WAITLIST_SNAPSHOTS,SRC_SYNTH_CLINIC_TEMPLATES,SRC_SYNTH_PROVIDER_AVAILABILITY,SRC_SYNTH_NO_SHOW_LATE_CANCEL,SRC_SYNTH_DIAGNOSTIC_READINESS,SRC_SYNTH_HR_SHIFT_ROSTER,SRC_SYNTH_FINANCE_RESOURCE_ENVELOPE,SRC_OPEN_RESPIRATORY_VIRUS_DASHBOARD,SRC_OPEN_AQHI_SMOKE_CONTEXT,SRC_OPEN_SCHOOL_HOLIDAY_CALENDAR,SRC_OPEN_STATCAN_PED_POPULATION",modelled,ready
SITE_PROV_NETWORK,Provincial pediatric network,gastroenterology,Gastroenterology,14,2026-09-14,552,502,618,62,62,0.74,"SRC_SYNTH_REFERRALS,SRC_SYNTH_REFERRAL_TRIAGE,SRC_SYNTH_WAITLIST_SNAPSHOTS,SRC_SYNTH_CLINIC_TEMPLATES,SRC_SYNTH_PROVIDER_AVAILABILITY,SRC_SYNTH_NO_SHOW_LATE_CANCEL,SRC_SYNTH_DIAGNOSTIC_READINESS,SRC_SYNTH_HR_SHIFT_ROSTER,SRC_SYNTH_FINANCE_RESOURCE_ENVELOPE,SRC_OPEN_RESPIRATORY_VIRUS_DASHBOARD,SRC_OPEN_AQHI_SMOKE_CONTEXT,SRC_OPEN_SCHOOL_HOLIDAY_CALENDAR,SRC_OPEN_STATCAN_PED_POPULATION",modelled,ready
SITE_PROV_NETWORK,Provincial pediatric network,gastroenterology,Gastroenterology,15,2026-09-21,550,500,616,63,62,0.74,"SRC_SYNTH_REFERRALS,SRC_SYNTH_REFERRAL_TRIAGE,SRC_SYNTH_WAITLIST_SNAPSHOTS,SRC_SYNTH_CLINIC_TEMPLATES,SRC_SYNTH_PROVIDER_AVAILABILITY,SRC_SYNTH_NO_SHOW_LATE_CANCEL,SRC_SYNTH_DIAGNOSTIC_READINESS,SRC_SYNTH_HR_SHIFT_ROSTER,SRC_SYNTH_FINANCE_RESOURCE_ENVELOPE,SRC_OPEN_RESPIRATORY_VIRUS_DASHBOARD,SRC_OPEN_AQHI_SMOKE_CONTEXT,SRC_OPEN_SCHOOL_HOLIDAY_CALENDAR,SRC_OPEN_STATCAN_PED_POPULATION",modelled,ready
SITE_PROV_NETWORK,Provincial pediatric network,gastroenterology,Gastroenterology,16,2026-09-28,550,500,616,63,62,0.74,"SRC_SYNTH_REFERRALS,SRC_SYNTH_REFERRAL_TRIAGE,SRC_SYNTH_WAITLIST_SNAPSHOTS,SRC_SYNTH_CLINIC_TEMPLATES,SRC_SYNTH_PROVIDER_AVAILABILITY,SRC_SYNTH_NO_SHOW_LATE_CANCEL,SRC_SYNTH_DIAGNOSTIC_READINESS,SRC_SYNTH_HR_SHIFT_ROSTER,SRC_SYNTH_FINANCE_RESOURCE_ENVELOPE,SRC_OPEN_RESPIRATORY_VIRUS_DASHBOARD,SRC_OPEN_AQHI_SMOKE_CONTEXT,SRC_OPEN_SCHOOL_HOLIDAY_CALENDAR,SRC_OPEN_STATCAN_PED_POPULATION",modelled,ready
SITE_PROV_NETWORK,Provincial pediatric network,gastroenterology,Gastroenterology,17,2026-10-05,551,501,617,63,62,0.74,"SRC_SYNTH_REFERRALS,SRC_SYNTH_REFERRAL_TRIAGE,SRC_SYNTH_WAITLIST_SNAPSHOTS,SRC_SYNTH_CLINIC_TEMPLATES,SRC_SYNTH_PROVIDER_AVAILABILITY,SRC_SYNTH_NO_SHOW_LATE_CANCEL,SRC_SYNTH_DIAGNOSTIC_READINESS,SRC_SYNTH_HR_SHIFT_ROSTER,SRC_SYNTH_FINANCE_RESOURCE_ENVELOPE,SRC_OPEN_RESPIRATORY_VIRUS_DASHBOARD,SRC_OPEN_AQHI_SMOKE_CONTEXT,SRC_OPEN_SCHOOL_HOLIDAY_CALENDAR,SRC_OPEN_STATCAN_PED_POPULATION",modelled,ready
SITE_PROV_NETWORK,Provincial pediatric network,gastroenterology,Gastroenterology,18,2026-10-12,554,504,620,64,63,0.74,"SRC_SYNTH_REFERRALS,SRC_SYNTH_REFERRAL_TRIAGE,SRC_SYNTH_WAITLIST_SNAPSHOTS,SRC_SYNTH_CLINIC_TEMPLATES,SRC_SYNTH_PROVIDER_AVAILABILITY,SRC_SYNTH_NO_SHOW_LATE_CANCEL,SRC_SYNTH_DIAGNOSTIC_READINESS,SRC_SYNTH_HR_SHIFT_ROSTER,SRC_SYNTH_FINANCE_RESOURCE_ENVELOPE,SRC_OPEN_RESPIRATORY_VIRUS_DASHBOARD,SRC_OPEN_AQHI_SMOKE_CONTEXT,SRC_OPEN_SCHOOL_HOLIDAY_CALENDAR,SRC_OPEN_STATCAN_PED_POPULATION",modelled,ready
SITE_PROV_NETWORK,Provincial pediatric network,gastroenterology,Gastroenterology,19,2026-10-19,559,509,626,64,63,0.74,"SRC_SYNTH_REFERRALS,SRC_SYNTH_REFERRAL_TRIAGE,SRC_SYNTH_WAITLIST_SNAPSHOTS,SRC_SYNTH_CLINIC_TEMPLATES,SRC_SYNTH_PROVIDER_AVAILABILITY,SRC_SYNTH_NO_SHOW_LATE_CANCEL,SRC_SYNTH_DIAGNOSTIC_READINESS,SRC_SYNTH_HR_SHIFT_ROSTER,SRC_SYNTH_FINANCE_RESOURCE_ENVELOPE,SRC_OPEN_RESPIRATORY_VIRUS_DASHBOARD,SRC_OPEN_AQHI_SMOKE_CONTEXT,SRC_OPEN_SCHOOL_HOLIDAY_CALENDAR,SRC_OPEN_STATCAN_PED_POPULATION",modelled,ready
SITE_PROV_NETWORK,Provincial pediatric network,gastroenterology,Gastroenterology,20,2026-10-26,566,515,634,65,63,0.74,"SRC_SYNTH_REFERRALS,SRC_SYNTH_REFERRAL_TRIAGE,SRC_SYNTH_WAITLIST_SNAPSHOTS,SRC_SYNTH_CLINIC_TEMPLATES,SRC_SYNTH_PROVIDER_AVAILABILITY,SRC_SYNTH_NO_SHOW_LATE_CANCEL,SRC_SYNTH_DIAGNOSTIC_READINESS,SRC_SYNTH_HR_SHIFT_ROSTER,SRC_SYNTH_FINANCE_RESOURCE_ENVELOPE,SRC_OPEN_RESPIRATORY_VIRUS_DASHBOARD,SRC_OPEN_AQHI_SMOKE_CONTEXT,SRC_OPEN_SCHOOL_HOLIDAY_CALENDAR,SRC_OPEN_STATCAN_PED_POPULATION",modelled,ready
SITE_PROV_NETWORK,Provincial pediatric network,gastroenterology,Gastroenterology,21,2026-11-02,573,521,642,66,63,0.74,"SRC_SYNTH_REFERRALS,SRC_SYNTH_REFERRAL_TRIAGE,SRC_SYNTH_WAITLIST_SNAPSHOTS,SRC_SYNTH_CLINIC_TEMPLATES,SRC_SYNTH_PROVIDER_AVAILABILITY,SRC_SYNTH_NO_SHOW_LATE_CANCEL,SRC_SYNTH_DIAGNOSTIC_READINESS,SRC_SYNTH_HR_SHIFT_ROSTER,SRC_SYNTH_FINANCE_RESOURCE_ENVELOPE,SRC_OPEN_RESPIRATORY_VIRUS_DASHBOARD,SRC_OPEN_AQHI_SMOKE_CONTEXT,SRC_OPEN_SCHOOL_HOLIDAY_CALENDAR,SRC_OPEN_STATCAN_PED_POPULATION",modelled,ready
SITE_PROV_NETWORK,Provincial pediatric network,gastroenterology,Gastroenterology,22,2026-11-09,583,531,653,66,64,0.74,"SRC_SYNTH_REFERRALS,SRC_SYNTH_REFERRAL_TRIAGE,SRC_SYNTH_WAITLIST_SNAPSHOTS,SRC_SYNTH_CLINIC_TEMPLATES,SRC_SYNTH_PROVIDER_AVAILABILITY,SRC_SYNTH_NO_SHOW_LATE_CANCEL,SRC_SYNTH_DIAGNOSTIC_READINESS,SRC_SYNTH_HR_SHIFT_ROSTER,SRC_SYNTH_FINANCE_RESOURCE_ENVELOPE,SRC_OPEN_RESPIRATORY_VIRUS_DASHBOARD,SRC_OPEN_AQHI_SMOKE_CONTEXT,SRC_OPEN_SCHOOL_HOLIDAY_CALENDAR,SRC_OPEN_STATCAN_PED_POPULATION",modelled,ready
SITE_PROV_NETWORK,Provincial pediatric network,gastroenterology,Gastroenterology,23,2026-11-16,593,540,664,67,64,0.74,"SRC_SYNTH_REFERRALS,SRC_SYNTH_REFERRAL_TRIAGE,SRC_SYNTH_WAITLIST_SNAPSHOTS,SRC_SYNTH_CLINIC_TEMPLATES,SRC_SYNTH_PROVIDER_AVAILABILITY,SRC_SYNTH_NO_SHOW_LATE_CANCEL,SRC_SYNTH_DIAGNOSTIC_READINESS,SRC_SYNTH_HR_SHIFT_ROSTER,SRC_SYNTH_FINANCE_RESOURCE_ENVELOPE,SRC_OPEN_RESPIRATORY_VIRUS_DASHBOARD,SRC_OPEN_AQHI_SMOKE_CONTEXT,SRC_OPEN_SCHOOL_HOLIDAY_CALENDAR,SRC_OPEN_STATCAN_PED_POPULATION",modelled,ready
SITE_PROV_NETWORK,Provincial pediatric network,gastroenterology,Gastroenterology,24,2026-11-23,605,551,678,68,64,0.74,"SRC_SYNTH_REFERRALS,SRC_SYNTH_REFERRAL_TRIAGE,SRC_SYNTH_WAITLIST_SNAPSHOTS,SRC_SYNTH_CLINIC_TEMPLATES,SRC_SYNTH_PROVIDER_AVAILABILITY,SRC_SYNTH_NO_SHOW_LATE_CANCEL,SRC_SYNTH_DIAGNOSTIC_READINESS,SRC_SYNTH_HR_SHIFT_ROSTER,SRC_SYNTH_FINANCE_RESOURCE_ENVELOPE,SRC_OPEN_RESPIRATORY_VIRUS_DASHBOARD,SRC_OPEN_AQHI_SMOKE_CONTEXT,SRC_OPEN_SCHOOL_HOLIDAY_CALENDAR,SRC_OPEN_STATCAN_PED_POPULATION",modelled,ready
SITE_PROV_NETWORK,Provincial pediatric network,gastroenterology,Gastroenterology,25,2026-11-30,617,561,691,69,64,0.74,"SRC_SYNTH_REFERRALS,SRC_SYNTH_REFERRAL_TRIAGE,SRC_SYNTH_WAITLIST_SNAPSHOTS,SRC_SYNTH_CLINIC_TEMPLATES,SRC_SYNTH_PROVIDER_AVAILABILITY,SRC_SYNTH_NO_SHOW_LATE_CANCEL,SRC_SYNTH_DIAGNOSTIC_READINESS,SRC_SYNTH_HR_SHIFT_ROSTER,SRC_SYNTH_FINANCE_RESOURCE_ENVELOPE,SRC_OPEN_RESPIRATORY_VIRUS_DASHBOARD,SRC_OPEN_AQHI_SMOKE_CONTEXT,SRC_OPEN_SCHOOL_HOLIDAY_CALENDAR,SRC_OPEN_STATCAN_PED_POPULATION",modelled,ready
SITE_PROV_NETWORK,Provincial pediatric network,gastroenterology,Gastroenterology,26,2026-12-07,629,572,704,70,65,0.74,"SRC_SYNTH_REFERRALS,SRC_SYNTH_REFERRAL_TRIAGE,SRC_SYNTH_WAITLIST_SNAPSHOTS,SRC_SYNTH_CLINIC_TEMPLATES,SRC_SYNTH_PROVIDER_AVAILABILITY,SRC_SYNTH_NO_SHOW_LATE_CANCEL,SRC_SYNTH_DIAGNOSTIC_READINESS,SRC_SYNTH_HR_SHIFT_ROSTER,SRC_SYNTH_FINANCE_RESOURCE_ENVELOPE,SRC_OPEN_RESPIRATORY_VIRUS_DASHBOARD,SRC_OPEN_AQHI_SMOKE_CONTEXT,SRC_OPEN_SCHOOL_HOLIDAY_CALENDAR,SRC_OPEN_STATCAN_PED_POPULATION",modelled,ready
SITE_PROV_NETWORK,Provincial pediatric network,nephrology,Nephrology,1,2026-06-15,324,295,363,48,32,0.776,"SRC_SYNTH_REFERRALS,SRC_SYNTH_REFERRAL_TRIAGE,SRC_SYNTH_WAITLIST_SNAPSHOTS,SRC_SYNTH_CLINIC_TEMPLATES,SRC_SYNTH_PROVIDER_AVAILABILITY,SRC_SYNTH_NO_SHOW_LATE_CANCEL,SRC_SYNTH_DIAGNOSTIC_READINESS,SRC_SYNTH_HR_SHIFT_ROSTER,SRC_SYNTH_FINANCE_RESOURCE_ENVELOPE,SRC_OPEN_RESPIRATORY_VIRUS_DASHBOARD,SRC_OPEN_AQHI_SMOKE_CONTEXT,SRC_OPEN_SCHOOL_HOLIDAY_CALENDAR,SRC_OPEN_STATCAN_PED_POPULATION",modelled,ready
SITE_PROV_NETWORK,Provincial pediatric network,nephrology,Nephrology,2,2026-06-22,324,295,363,49,32,0.776,"SRC_SYNTH_REFERRALS,SRC_SYNTH_REFERRAL_TRIAGE,SRC_SYNTH_WAITLIST_SNAPSHOTS,SRC_SYNTH_CLINIC_TEMPLATES,SRC_SYNTH_PROVIDER_AVAILABILITY,SRC_SYNTH_NO_SHOW_LATE_CANCEL,SRC_SYNTH_DIAGNOSTIC_READINESS,SRC_SYNTH_HR_SHIFT_ROSTER,SRC_SYNTH_FINANCE_RESOURCE_ENVELOPE,SRC_OPEN_RESPIRATORY_VIRUS_DASHBOARD,SRC_OPEN_AQHI_SMOKE_CONTEXT,SRC_OPEN_SCHOOL_HOLIDAY_CALENDAR,SRC_OPEN_STATCAN_PED_POPULATION",modelled,ready
SITE_PROV_NETWORK,Provincial pediatric network,nephrology,Nephrology,3,2026-06-29,324,295,363,49,32,0.776,"SRC_SYNTH_REFERRALS,SRC_SYNTH_REFERRAL_TRIAGE,SRC_SYNTH_WAITLIST_SNAPSHOTS,SRC_SYNTH_CLINIC_TEMPLATES,SRC_SYNTH_PROVIDER_AVAILABILITY,SRC_SYNTH_NO_SHOW_LATE_CANCEL,SRC_SYNTH_DIAGNOSTIC_READINESS,SRC_SYNTH_HR_SHIFT_ROSTER,SRC_SYNTH_FINANCE_RESOURCE_ENVELOPE,SRC_OPEN_RESPIRATORY_VIRUS_DASHBOARD,SRC_OPEN_AQHI_SMOKE_CONTEXT,SRC_OPEN_SCHOOL_HOLIDAY_CALENDAR,SRC_OPEN_STATCAN_PED_POPULATION",modelled,ready
SITE_PROV_NETWORK,Provincial pediatric network,nephrology,Nephrology,4,2026-07-06,323,294,362,49,32,0.776,"SRC_SYNTH_REFERRALS,SRC_SYNTH_REFERRAL_TRIAGE,SRC_SYNTH_WAITLIST_SNAPSHOTS,SRC_SYNTH_CLINIC_TEMPLATES,SRC_SYNTH_PROVIDER_AVAILABILITY,SRC_SYNTH_NO_SHOW_LATE_CANCEL,SRC_SYNTH_DIAGNOSTIC_READINESS,SRC_SYNTH_HR_SHIFT_ROSTER,SRC_SYNTH_FINANCE_RESOURCE_ENVELOPE,SRC_OPEN_RESPIRATORY_VIRUS_DASHBOARD,SRC_OPEN_AQHI_SMOKE_CONTEXT,SRC_OPEN_SCHOOL_HOLIDAY_CALENDAR,SRC_OPEN_STATCAN_PED_POPULATION",modelled,ready
SITE_PROV_NETWORK,Provincial pediatric network,nephrology,Nephrology,5,2026-07-13,321,292,360,49,32,0.776,"SRC_SYNTH_REFERRALS,SRC_SYNTH_REFERRAL_TRIAGE,SRC_SYNTH_WAITLIST_SNAPSHOTS,SRC_SYNTH_CLINIC_TEMPLATES,SRC_SYNTH_PROVIDER_AVAILABILITY,SRC_SYNTH_NO_SHOW_LATE_CANCEL,SRC_SYNTH_DIAGNOSTIC_READINESS,SRC_SYNTH_HR_SHIFT_ROSTER,SRC_SYNTH_FINANCE_RESOURCE_ENVELOPE,SRC_OPEN_RESPIRATORY_VIRUS_DASHBOARD,SRC_OPEN_AQHI_SMOKE_CONTEXT,SRC_OPEN_SCHOOL_HOLIDAY_CALENDAR,SRC_OPEN_STATCAN_PED_POPULATION",modelled,ready
SITE_PROV_NETWORK,Provincial pediatric network,nephrology,Nephrology,6,2026-07-20,319,290,357,49,33,0.776,"SRC_SYNTH_REFERRALS,SRC_SYNTH_REFERRAL_TRIAGE,SRC_SYNTH_WAITLIST_SNAPSHOTS,SRC_SYNTH_CLINIC_TEMPLATES,SRC_SYNTH_PROVIDER_AVAILABILITY,SRC_SYNTH_NO_SHOW_LATE_CANCEL,SRC_SYNTH_DIAGNOSTIC_READINESS,SRC_SYNTH_HR_SHIFT_ROSTER,SRC_SYNTH_FINANCE_RESOURCE_ENVELOPE,SRC_OPEN_RESPIRATORY_VIRUS_DASHBOARD,SRC_OPEN_AQHI_SMOKE_CONTEXT,SRC_OPEN_SCHOOL_HOLIDAY_CALENDAR,SRC_OPEN_STATCAN_PED_POPULATION",modelled,ready
SITE_PROV_NETWORK,Provincial pediatric network,nephrology,Nephrology,7,2026-07-27,316,288,354,49,33,0.776,"SRC_SYNTH_REFERRALS,SRC_SYNTH_REFERRAL_TRIAGE,SRC_SYNTH_WAITLIST_SNAPSHOTS,SRC_SYNTH_CLINIC_TEMPLATES,SRC_SYNTH_PROVIDER_AVAILABILITY,SRC_SYNTH_NO_SHOW_LATE_CANCEL,SRC_SYNTH_DIAGNOSTIC_READINESS,SRC_SYNTH_HR_SHIFT_ROSTER,SRC_SYNTH_FINANCE_RESOURCE_ENVELOPE,SRC_OPEN_RESPIRATORY_VIRUS_DASHBOARD,SRC_OPEN_AQHI_SMOKE_CONTEXT,SRC_OPEN_SCHOOL_HOLIDAY_CALENDAR,SRC_OPEN_STATCAN_PED_POPULATION",modelled,ready
SITE_PROV_NETWORK,Provincial pediatric network,nephrology,Nephrology,8,2026-08-03,313,285,351,50,33,0.776,"SRC_SYNTH_REFERRALS,SRC_SYNTH_REFERRAL_TRIAGE,SRC_SYNTH_WAITLIST_SNAPSHOTS,SRC_SYNTH_CLINIC_TEMPLATES,SRC_SYNTH_PROVIDER_AVAILABILITY,SRC_SYNTH_NO_SHOW_LATE_CANCEL,SRC_SYNTH_DIAGNOSTIC_READINESS,SRC_SYNTH_HR_SHIFT_ROSTER,SRC_SYNTH_FINANCE_RESOURCE_ENVELOPE,SRC_OPEN_RESPIRATORY_VIRUS_DASHBOARD,SRC_OPEN_AQHI_SMOKE_CONTEXT,SRC_OPEN_SCHOOL_HOLIDAY_CALENDAR,SRC_OPEN_STATCAN_PED_POPULATION",modelled,ready
SITE_PROV_NETWORK,Provincial pediatric network,nephrology,Nephrology,9,2026-08-10,310,282,347,50,33,0.776,"SRC_SYNTH_REFERRALS,SRC_SYNTH_REFERRAL_TRIAGE,SRC_SYNTH_WAITLIST_SNAPSHOTS,SRC_SYNTH_CLINIC_TEMPLATES,SRC_SYNTH_PROVIDER_AVAILABILITY,SRC_SYNTH_NO_SHOW_LATE_CANCEL,SRC_SYNTH_DIAGNOSTIC_READINESS,SRC_SYNTH_HR_SHIFT_ROSTER,SRC_SYNTH_FINANCE_RESOURCE_ENVELOPE,SRC_OPEN_RESPIRATORY_VIRUS_DASHBOARD,SRC_OPEN_AQHI_SMOKE_CONTEXT,SRC_OPEN_SCHOOL_HOLIDAY_CALENDAR,SRC_OPEN_STATCAN_PED_POPULATION",modelled,ready
SITE_PROV_NETWORK,Provincial pediatric network,nephrology,Nephrology,10,2026-08-17,308,280,345,50,33,0.776,"SRC_SYNTH_REFERRALS,SRC_SYNTH_REFERRAL_TRIAGE,SRC_SYNTH_WAITLIST_SNAPSHOTS,SRC_SYNTH_CLINIC_TEMPLATES,SRC_SYNTH_PROVIDER_AVAILABILITY,SRC_SYNTH_NO_SHOW_LATE_CANCEL,SRC_SYNTH_DIAGNOSTIC_READINESS,SRC_SYNTH_HR_SHIFT_ROSTER,SRC_SYNTH_FINANCE_RESOURCE_ENVELOPE,SRC_OPEN_RESPIRATORY_VIRUS_DASHBOARD,SRC_OPEN_AQHI_SMOKE_CONTEXT,SRC_OPEN_SCHOOL_HOLIDAY_CALENDAR,SRC_OPEN_STATCAN_PED_POPULATION",modelled,ready
SITE_PROV_NETWORK,Provincial pediatric network,nephrology,Nephrology,11,2026-08-24,305,278,342,50,33,0.776,"SRC_SYNTH_REFERRALS,SRC_SYNTH_REFERRAL_TRIAGE,SRC_SYNTH_WAITLIST_SNAPSHOTS,SRC_SYNTH_CLINIC_TEMPLATES,SRC_SYNTH_PROVIDER_AVAILABILITY,SRC_SYNTH_NO_SHOW_LATE_CANCEL,SRC_SYNTH_DIAGNOSTIC_READINESS,SRC_SYNTH_HR_SHIFT_ROSTER,SRC_SYNTH_FINANCE_RESOURCE_ENVELOPE,SRC_OPEN_RESPIRATORY_VIRUS_DASHBOARD,SRC_OPEN_AQHI_SMOKE_CONTEXT,SRC_OPEN_SCHOOL_HOLIDAY_CALENDAR,SRC_OPEN_STATCAN_PED_POPULATION",modelled,ready
SITE_PROV_NETWORK,Provincial pediatric network,nephrology,Nephrology,12,2026-08-31,303,276,339,50,33,0.776,"SRC_SYNTH_REFERRALS,SRC_SYNTH_REFERRAL_TRIAGE,SRC_SYNTH_WAITLIST_SNAPSHOTS,SRC_SYNTH_CLINIC_TEMPLATES,SRC_SYNTH_PROVIDER_AVAILABILITY,SRC_SYNTH_NO_SHOW_LATE_CANCEL,SRC_SYNTH_DIAGNOSTIC_READINESS,SRC_SYNTH_HR_SHIFT_ROSTER,SRC_SYNTH_FINANCE_RESOURCE_ENVELOPE,SRC_OPEN_RESPIRATORY_VIRUS_DASHBOARD,SRC_OPEN_AQHI_SMOKE_CONTEXT,SRC_OPEN_SCHOOL_HOLIDAY_CALENDAR,SRC_OPEN_STATCAN_PED_POPULATION",modelled,ready
SITE_PROV_NETWORK,Provincial pediatric network,nephrology,Nephrology,13,2026-09-07,302,275,338,50,33,0.776,"SRC_SYNTH_REFERRALS,SRC_SYNTH_REFERRAL_TRIAGE,SRC_SYNTH_WAITLIST_SNAPSHOTS,SRC_SYNTH_CLINIC_TEMPLATES,SRC_SYNTH_PROVIDER_AVAILABILITY,SRC_SYNTH_NO_SHOW_LATE_CANCEL,SRC_SYNTH_DIAGNOSTIC_READINESS,SRC_SYNTH_HR_SHIFT_ROSTER,SRC_SYNTH_FINANCE_RESOURCE_ENVELOPE,SRC_OPEN_RESPIRATORY_VIRUS_DASHBOARD,SRC_OPEN_AQHI_SMOKE_CONTEXT,SRC_OPEN_SCHOOL_HOLIDAY_CALENDAR,SRC_OPEN_STATCAN_PED_POPULATION",modelled,ready
SITE_PROV_NETWORK,Provincial pediatric network,nephrology,Nephrology,14,2026-09-14,301,274,337,51,33,0.776,"SRC_SYNTH_REFERRALS,SRC_SYNTH_REFERRAL_TRIAGE,SRC_SYNTH_WAITLIST_SNAPSHOTS,SRC_SYNTH_CLINIC_TEMPLATES,SRC_SYNTH_PROVIDER_AVAILABILITY,SRC_SYNTH_NO_SHOW_LATE_CANCEL,SRC_SYNTH_DIAGNOSTIC_READINESS,SRC_SYNTH_HR_SHIFT_ROSTER,SRC_SYNTH_FINANCE_RESOURCE_ENVELOPE,SRC_OPEN_RESPIRATORY_VIRUS_DASHBOARD,SRC_OPEN_AQHI_SMOKE_CONTEXT,SRC_OPEN_SCHOOL_HOLIDAY_CALENDAR,SRC_OPEN_STATCAN_PED_POPULATION",modelled,ready
SITE_PROV_NETWORK,Provincial pediatric network,nephrology,Nephrology,15,2026-09-21,301,274,337,51,33,0.776,"SRC_SYNTH_REFERRALS,SRC_SYNTH_REFERRAL_TRIAGE,SRC_SYNTH_WAITLIST_SNAPSHOTS,SRC_SYNTH_CLINIC_TEMPLATES,SRC_SYNTH_PROVIDER_AVAILABILITY,SRC_SYNTH_NO_SHOW_LATE_CANCEL,SRC_SYNTH_DIAGNOSTIC_READINESS,SRC_SYNTH_HR_SHIFT_ROSTER,SRC_SYNTH_FINANCE_RESOURCE_ENVELOPE,SRC_OPEN_RESPIRATORY_VIRUS_DASHBOARD,SRC_OPEN_AQHI_SMOKE_CONTEXT,SRC_OPEN_SCHOOL_HOLIDAY_CALENDAR,SRC_OPEN_STATCAN_PED_POPULATION",modelled,ready
SITE_PROV_NETWORK,Provincial pediatric network,nephrology,Nephrology,16,2026-09-28,302,275,338,51,33,0.776,"SRC_SYNTH_REFERRALS,SRC_SYNTH_REFERRAL_TRIAGE,SRC_SYNTH_WAITLIST_SNAPSHOTS,SRC_SYNTH_CLINIC_TEMPLATES,SRC_SYNTH_PROVIDER_AVAILABILITY,SRC_SYNTH_NO_SHOW_LATE_CANCEL,SRC_SYNTH_DIAGNOSTIC_READINESS,SRC_SYNTH_HR_SHIFT_ROSTER,SRC_SYNTH_FINANCE_RESOURCE_ENVELOPE,SRC_OPEN_RESPIRATORY_VIRUS_DASHBOARD,SRC_OPEN_AQHI_SMOKE_CONTEXT,SRC_OPEN_SCHOOL_HOLIDAY_CALENDAR,SRC_OPEN_STATCAN_PED_POPULATION",modelled,ready
SITE_PROV_NETWORK,Provincial pediatric network,nephrology,Nephrology,17,2026-10-05,303,276,339,52,34,0.776,"SRC_SYNTH_REFERRALS,SRC_SYNTH_REFERRAL_TRIAGE,SRC_SYNTH_WAITLIST_SNAPSHOTS,SRC_SYNTH_CLINIC_TEMPLATES,SRC_SYNTH_PROVIDER_AVAILABILITY,SRC_SYNTH_NO_SHOW_LATE_CANCEL,SRC_SYNTH_DIAGNOSTIC_READINESS,SRC_SYNTH_HR_SHIFT_ROSTER,SRC_SYNTH_FINANCE_RESOURCE_ENVELOPE,SRC_OPEN_RESPIRATORY_VIRUS_DASHBOARD,SRC_OPEN_AQHI_SMOKE_CONTEXT,SRC_OPEN_SCHOOL_HOLIDAY_CALENDAR,SRC_OPEN_STATCAN_PED_POPULATION",modelled,ready
SITE_PROV_NETWORK,Provincial pediatric network,nephrology,Nephrology,18,2026-10-12,306,278,343,52,34,0.776,"SRC_SYNTH_REFERRALS,SRC_SYNTH_REFERRAL_TRIAGE,SRC_SYNTH_WAITLIST_SNAPSHOTS,SRC_SYNTH_CLINIC_TEMPLATES,SRC_SYNTH_PROVIDER_AVAILABILITY,SRC_SYNTH_NO_SHOW_LATE_CANCEL,SRC_SYNTH_DIAGNOSTIC_READINESS,SRC_SYNTH_HR_SHIFT_ROSTER,SRC_SYNTH_FINANCE_RESOURCE_ENVELOPE,SRC_OPEN_RESPIRATORY_VIRUS_DASHBOARD,SRC_OPEN_AQHI_SMOKE_CONTEXT,SRC_OPEN_SCHOOL_HOLIDAY_CALENDAR,SRC_OPEN_STATCAN_PED_POPULATION",modelled,ready
SITE_PROV_NETWORK,Provincial pediatric network,nephrology,Nephrology,19,2026-10-19,309,281,346,53,34,0.776,"SRC_SYNTH_REFERRALS,SRC_SYNTH_REFERRAL_TRIAGE,SRC_SYNTH_WAITLIST_SNAPSHOTS,SRC_SYNTH_CLINIC_TEMPLATES,SRC_SYNTH_PROVIDER_AVAILABILITY,SRC_SYNTH_NO_SHOW_LATE_CANCEL,SRC_SYNTH_DIAGNOSTIC_READINESS,SRC_SYNTH_HR_SHIFT_ROSTER,SRC_SYNTH_FINANCE_RESOURCE_ENVELOPE,SRC_OPEN_RESPIRATORY_VIRUS_DASHBOARD,SRC_OPEN_AQHI_SMOKE_CONTEXT,SRC_OPEN_SCHOOL_HOLIDAY_CALENDAR,SRC_OPEN_STATCAN_PED_POPULATION",modelled,ready
SITE_PROV_NETWORK,Provincial pediatric network,nephrology,Nephrology,20,2026-10-26,314,286,352,54,34,0.776,"SRC_SYNTH_REFERRALS,SRC_SYNTH_REFERRAL_TRIAGE,SRC_SYNTH_WAITLIST_SNAPSHOTS,SRC_SYNTH_CLINIC_TEMPLATES,SRC_SYNTH_PROVIDER_AVAILABILITY,SRC_SYNTH_NO_SHOW_LATE_CANCEL,SRC_SYNTH_DIAGNOSTIC_READINESS,SRC_SYNTH_HR_SHIFT_ROSTER,SRC_SYNTH_FINANCE_RESOURCE_ENVELOPE,SRC_OPEN_RESPIRATORY_VIRUS_DASHBOARD,SRC_OPEN_AQHI_SMOKE_CONTEXT,SRC_OPEN_SCHOOL_HOLIDAY_CALENDAR,SRC_OPEN_STATCAN_PED_POPULATION",modelled,ready
SITE_PROV_NETWORK,Provincial pediatric network,nephrology,Nephrology,21,2026-11-02,319,290,357,54,34,0.776,"SRC_SYNTH_REFERRALS,SRC_SYNTH_REFERRAL_TRIAGE,SRC_SYNTH_WAITLIST_SNAPSHOTS,SRC_SYNTH_CLINIC_TEMPLATES,SRC_SYNTH_PROVIDER_AVAILABILITY,SRC_SYNTH_NO_SHOW_LATE_CANCEL,SRC_SYNTH_DIAGNOSTIC_READINESS,SRC_SYNTH_HR_SHIFT_ROSTER,SRC_SYNTH_FINANCE_RESOURCE_ENVELOPE,SRC_OPEN_RESPIRATORY_VIRUS_DASHBOARD,SRC_OPEN_AQHI_SMOKE_CONTEXT,SRC_OPEN_SCHOOL_HOLIDAY_CALENDAR,SRC_OPEN_STATCAN_PED_POPULATION",modelled,ready
SITE_PROV_NETWORK,Provincial pediatric network,nephrology,Nephrology,22,2026-11-09,324,295,363,55,34,0.776,"SRC_SYNTH_REFERRALS,SRC_SYNTH_REFERRAL_TRIAGE,SRC_SYNTH_WAITLIST_SNAPSHOTS,SRC_SYNTH_CLINIC_TEMPLATES,SRC_SYNTH_PROVIDER_AVAILABILITY,SRC_SYNTH_NO_SHOW_LATE_CANCEL,SRC_SYNTH_DIAGNOSTIC_READINESS,SRC_SYNTH_HR_SHIFT_ROSTER,SRC_SYNTH_FINANCE_RESOURCE_ENVELOPE,SRC_OPEN_RESPIRATORY_VIRUS_DASHBOARD,SRC_OPEN_AQHI_SMOKE_CONTEXT,SRC_OPEN_SCHOOL_HOLIDAY_CALENDAR,SRC_OPEN_STATCAN_PED_POPULATION",modelled,ready
SITE_PROV_NETWORK,Provincial pediatric network,nephrology,Nephrology,23,2026-11-16,331,301,371,56,34,0.776,"SRC_SYNTH_REFERRALS,SRC_SYNTH_REFERRAL_TRIAGE,SRC_SYNTH_WAITLIST_SNAPSHOTS,SRC_SYNTH_CLINIC_TEMPLATES,SRC_SYNTH_PROVIDER_AVAILABILITY,SRC_SYNTH_NO_SHOW_LATE_CANCEL,SRC_SYNTH_DIAGNOSTIC_READINESS,SRC_SYNTH_HR_SHIFT_ROSTER,SRC_SYNTH_FINANCE_RESOURCE_ENVELOPE,SRC_OPEN_RESPIRATORY_VIRUS_DASHBOARD,SRC_OPEN_AQHI_SMOKE_CONTEXT,SRC_OPEN_SCHOOL_HOLIDAY_CALENDAR,SRC_OPEN_STATCAN_PED_POPULATION",modelled,ready
SITE_PROV_NETWORK,Provincial pediatric network,nephrology,Nephrology,24,2026-11-23,337,307,377,56,34,0.776,"SRC_SYNTH_REFERRALS,SRC_SYNTH_REFERRAL_TRIAGE,SRC_SYNTH_WAITLIST_SNAPSHOTS,SRC_SYNTH_CLINIC_TEMPLATES,SRC_SYNTH_PROVIDER_AVAILABILITY,SRC_SYNTH_NO_SHOW_LATE_CANCEL,SRC_SYNTH_DIAGNOSTIC_READINESS,SRC_SYNTH_HR_SHIFT_ROSTER,SRC_SYNTH_FINANCE_RESOURCE_ENVELOPE,SRC_OPEN_RESPIRATORY_VIRUS_DASHBOARD,SRC_OPEN_AQHI_SMOKE_CONTEXT,SRC_OPEN_SCHOOL_HOLIDAY_CALENDAR,SRC_OPEN_STATCAN_PED_POPULATION",modelled,ready
SITE_PROV_NETWORK,Provincial pediatric network,nephrology,Nephrology,25,2026-11-30,344,313,385,57,34,0.776,"SRC_SYNTH_REFERRALS,SRC_SYNTH_REFERRAL_TRIAGE,SRC_SYNTH_WAITLIST_SNAPSHOTS,SRC_SYNTH_CLINIC_TEMPLATES,SRC_SYNTH_PROVIDER_AVAILABILITY,SRC_SYNTH_NO_SHOW_LATE_CANCEL,SRC_SYNTH_DIAGNOSTIC_READINESS,SRC_SYNTH_HR_SHIFT_ROSTER,SRC_SYNTH_FINANCE_RESOURCE_ENVELOPE,SRC_OPEN_RESPIRATORY_VIRUS_DASHBOARD,SRC_OPEN_AQHI_SMOKE_CONTEXT,SRC_OPEN_SCHOOL_HOLIDAY_CALENDAR,SRC_OPEN_STATCAN_PED_POPULATION",modelled,ready
SITE_PROV_NETWORK,Provincial pediatric network,nephrology,Nephrology,26,2026-12-07,351,319,393,58,34,0.776,"SRC_SYNTH_REFERRALS,SRC_SYNTH_REFERRAL_TRIAGE,SRC_SYNTH_WAITLIST_SNAPSHOTS,SRC_SYNTH_CLINIC_TEMPLATES,SRC_SYNTH_PROVIDER_AVAILABILITY,SRC_SYNTH_NO_SHOW_LATE_CANCEL,SRC_SYNTH_DIAGNOSTIC_READINESS,SRC_SYNTH_HR_SHIFT_ROSTER,SRC_SYNTH_FINANCE_RESOURCE_ENVELOPE,SRC_OPEN_RESPIRATORY_VIRUS_DASHBOARD,SRC_OPEN_AQHI_SMOKE_CONTEXT,SRC_OPEN_SCHOOL_HOLIDAY_CALENDAR,SRC_OPEN_STATCAN_PED_POPULATION",modelled,ready
SITE_PROV_NETWORK,Provincial pediatric network,rheumatology,Rheumatology,1,2026-06-15,380,346,426,53,37,0.759,"SRC_SYNTH_REFERRALS,SRC_SYNTH_REFERRAL_TRIAGE,SRC_SYNTH_WAITLIST_SNAPSHOTS,SRC_SYNTH_CLINIC_TEMPLATES,SRC_SYNTH_PROVIDER_AVAILABILITY,SRC_SYNTH_NO_SHOW_LATE_CANCEL,SRC_SYNTH_DIAGNOSTIC_READINESS,SRC_SYNTH_HR_SHIFT_ROSTER,SRC_SYNTH_FINANCE_RESOURCE_ENVELOPE,SRC_OPEN_RESPIRATORY_VIRUS_DASHBOARD,SRC_OPEN_AQHI_SMOKE_CONTEXT,SRC_OPEN_SCHOOL_HOLIDAY_CALENDAR,SRC_OPEN_STATCAN_PED_POPULATION",modelled,ready
SITE_PROV_NETWORK,Provincial pediatric network,rheumatology,Rheumatology,2,2026-06-22,379,345,424,54,37,0.759,"SRC_SYNTH_REFERRALS,SRC_SYNTH_REFERRAL_TRIAGE,SRC_SYNTH_WAITLIST_SNAPSHOTS,SRC_SYNTH_CLINIC_TEMPLATES,SRC_SYNTH_PROVIDER_AVAILABILITY,SRC_SYNTH_NO_SHOW_LATE_CANCEL,SRC_SYNTH_DIAGNOSTIC_READINESS,SRC_SYNTH_HR_SHIFT_ROSTER,SRC_SYNTH_FINANCE_RESOURCE_ENVELOPE,SRC_OPEN_RESPIRATORY_VIRUS_DASHBOARD,SRC_OPEN_AQHI_SMOKE_CONTEXT,SRC_OPEN_SCHOOL_HOLIDAY_CALENDAR,SRC_OPEN_STATCAN_PED_POPULATION",modelled,ready
SITE_PROV_NETWORK,Provincial pediatric network,rheumatology,Rheumatology,3,2026-06-29,378,344,423,54,37,0.759,"SRC_SYNTH_REFERRALS,SRC_SYNTH_REFERRAL_TRIAGE,SRC_SYNTH_WAITLIST_SNAPSHOTS,SRC_SYNTH_CLINIC_TEMPLATES,SRC_SYNTH_PROVIDER_AVAILABILITY,SRC_SYNTH_NO_SHOW_LATE_CANCEL,SRC_SYNTH_DIAGNOSTIC_READINESS,SRC_SYNTH_HR_SHIFT_ROSTER,SRC_SYNTH_FINANCE_RESOURCE_ENVELOPE,SRC_OPEN_RESPIRATORY_VIRUS_DASHBOARD,SRC_OPEN_AQHI_SMOKE_CONTEXT,SRC_OPEN_SCHOOL_HOLIDAY_CALENDAR,SRC_OPEN_STATCAN_PED_POPULATION",modelled,ready
SITE_PROV_NETWORK,Provincial pediatric network,rheumatology,Rheumatology,4,2026-07-06,376,342,421,54,37,0.759,"SRC_SYNTH_REFERRALS,SRC_SYNTH_REFERRAL_TRIAGE,SRC_SYNTH_WAITLIST_SNAPSHOTS,SRC_SYNTH_CLINIC_TEMPLATES,SRC_SYNTH_PROVIDER_AVAILABILITY,SRC_SYNTH_NO_SHOW_LATE_CANCEL,SRC_SYNTH_DIAGNOSTIC_READINESS,SRC_SYNTH_HR_SHIFT_ROSTER,SRC_SYNTH_FINANCE_RESOURCE_ENVELOPE,SRC_OPEN_RESPIRATORY_VIRUS_DASHBOARD,SRC_OPEN_AQHI_SMOKE_CONTEXT,SRC_OPEN_SCHOOL_HOLIDAY_CALENDAR,SRC_OPEN_STATCAN_PED_POPULATION",modelled,ready
SITE_PROV_NETWORK,Provincial pediatric network,rheumatology,Rheumatology,5,2026-07-13,373,339,418,54,38,0.759,"SRC_SYNTH_REFERRALS,SRC_SYNTH_REFERRAL_TRIAGE,SRC_SYNTH_WAITLIST_SNAPSHOTS,SRC_SYNTH_CLINIC_TEMPLATES,SRC_SYNTH_PROVIDER_AVAILABILITY,SRC_SYNTH_NO_SHOW_LATE_CANCEL,SRC_SYNTH_DIAGNOSTIC_READINESS,SRC_SYNTH_HR_SHIFT_ROSTER,SRC_SYNTH_FINANCE_RESOURCE_ENVELOPE,SRC_OPEN_RESPIRATORY_VIRUS_DASHBOARD,SRC_OPEN_AQHI_SMOKE_CONTEXT,SRC_OPEN_SCHOOL_HOLIDAY_CALENDAR,SRC_OPEN_STATCAN_PED_POPULATION",modelled,ready
SITE_PROV_NETWORK,Provincial pediatric network,rheumatology,Rheumatology,6,2026-07-20,370,337,414,54,38,0.759,"SRC_SYNTH_REFERRALS,SRC_SYNTH_REFERRAL_TRIAGE,SRC_SYNTH_WAITLIST_SNAPSHOTS,SRC_SYNTH_CLINIC_TEMPLATES,SRC_SYNTH_PROVIDER_AVAILABILITY,SRC_SYNTH_NO_SHOW_LATE_CANCEL,SRC_SYNTH_DIAGNOSTIC_READINESS,SRC_SYNTH_HR_SHIFT_ROSTER,SRC_SYNTH_FINANCE_RESOURCE_ENVELOPE,SRC_OPEN_RESPIRATORY_VIRUS_DASHBOARD,SRC_OPEN_AQHI_SMOKE_CONTEXT,SRC_OPEN_SCHOOL_HOLIDAY_CALENDAR,SRC_OPEN_STATCAN_PED_POPULATION",modelled,ready
SITE_PROV_NETWORK,Provincial pediatric network,rheumatology,Rheumatology,7,2026-07-27,367,334,411,54,38,0.759,"SRC_SYNTH_REFERRALS,SRC_SYNTH_REFERRAL_TRIAGE,SRC_SYNTH_WAITLIST_SNAPSHOTS,SRC_SYNTH_CLINIC_TEMPLATES,SRC_SYNTH_PROVIDER_AVAILABILITY,SRC_SYNTH_NO_SHOW_LATE_CANCEL,SRC_SYNTH_DIAGNOSTIC_READINESS,SRC_SYNTH_HR_SHIFT_ROSTER,SRC_SYNTH_FINANCE_RESOURCE_ENVELOPE,SRC_OPEN_RESPIRATORY_VIRUS_DASHBOARD,SRC_OPEN_AQHI_SMOKE_CONTEXT,SRC_OPEN_SCHOOL_HOLIDAY_CALENDAR,SRC_OPEN_STATCAN_PED_POPULATION",modelled,ready
SITE_PROV_NETWORK,Provincial pediatric network,rheumatology,Rheumatology,8,2026-08-03,364,331,408,54,38,0.759,"SRC_SYNTH_REFERRALS,SRC_SYNTH_REFERRAL_TRIAGE,SRC_SYNTH_WAITLIST_SNAPSHOTS,SRC_SYNTH_CLINIC_TEMPLATES,SRC_SYNTH_PROVIDER_AVAILABILITY,SRC_SYNTH_NO_SHOW_LATE_CANCEL,SRC_SYNTH_DIAGNOSTIC_READINESS,SRC_SYNTH_HR_SHIFT_ROSTER,SRC_SYNTH_FINANCE_RESOURCE_ENVELOPE,SRC_OPEN_RESPIRATORY_VIRUS_DASHBOARD,SRC_OPEN_AQHI_SMOKE_CONTEXT,SRC_OPEN_SCHOOL_HOLIDAY_CALENDAR,SRC_OPEN_STATCAN_PED_POPULATION",modelled,ready
SITE_PROV_NETWORK,Provincial pediatric network,rheumatology,Rheumatology,9,2026-08-10,360,328,403,54,38,0.759,"SRC_SYNTH_REFERRALS,SRC_SYNTH_REFERRAL_TRIAGE,SRC_SYNTH_WAITLIST_SNAPSHOTS,SRC_SYNTH_CLINIC_TEMPLATES,SRC_SYNTH_PROVIDER_AVAILABILITY,SRC_SYNTH_NO_SHOW_LATE_CANCEL,SRC_SYNTH_DIAGNOSTIC_READINESS,SRC_SYNTH_HR_SHIFT_ROSTER,SRC_SYNTH_FINANCE_RESOURCE_ENVELOPE,SRC_OPEN_RESPIRATORY_VIRUS_DASHBOARD,SRC_OPEN_AQHI_SMOKE_CONTEXT,SRC_OPEN_SCHOOL_HOLIDAY_CALENDAR,SRC_OPEN_STATCAN_PED_POPULATION",modelled,ready
SITE_PROV_NETWORK,Provincial pediatric network,rheumatology,Rheumatology,10,2026-08-17,357,325,400,54,38,0.759,"SRC_SYNTH_REFERRALS,SRC_SYNTH_REFERRAL_TRIAGE,SRC_SYNTH_WAITLIST_SNAPSHOTS,SRC_SYNTH_CLINIC_TEMPLATES,SRC_SYNTH_PROVIDER_AVAILABILITY,SRC_SYNTH_NO_SHOW_LATE_CANCEL,SRC_SYNTH_DIAGNOSTIC_READINESS,SRC_SYNTH_HR_SHIFT_ROSTER,SRC_SYNTH_FINANCE_RESOURCE_ENVELOPE,SRC_OPEN_RESPIRATORY_VIRUS_DASHBOARD,SRC_OPEN_AQHI_SMOKE_CONTEXT,SRC_OPEN_SCHOOL_HOLIDAY_CALENDAR,SRC_OPEN_STATCAN_PED_POPULATION",modelled,ready
SITE_PROV_NETWORK,Provincial pediatric network,rheumatology,Rheumatology,11,2026-08-24,355,323,398,55,38,0.759,"SRC_SYNTH_REFERRALS,SRC_SYNTH_REFERRAL_TRIAGE,SRC_SYNTH_WAITLIST_SNAPSHOTS,SRC_SYNTH_CLINIC_TEMPLATES,SRC_SYNTH_PROVIDER_AVAILABILITY,SRC_SYNTH_NO_SHOW_LATE_CANCEL,SRC_SYNTH_DIAGNOSTIC_READINESS,SRC_SYNTH_HR_SHIFT_ROSTER,SRC_SYNTH_FINANCE_RESOURCE_ENVELOPE,SRC_OPEN_RESPIRATORY_VIRUS_DASHBOARD,SRC_OPEN_AQHI_SMOKE_CONTEXT,SRC_OPEN_SCHOOL_HOLIDAY_CALENDAR,SRC_OPEN_STATCAN_PED_POPULATION",modelled,ready
SITE_PROV_NETWORK,Provincial pediatric network,rheumatology,Rheumatology,12,2026-08-31,353,321,395,55,38,0.759,"SRC_SYNTH_REFERRALS,SRC_SYNTH_REFERRAL_TRIAGE,SRC_SYNTH_WAITLIST_SNAPSHOTS,SRC_SYNTH_CLINIC_TEMPLATES,SRC_SYNTH_PROVIDER_AVAILABILITY,SRC_SYNTH_NO_SHOW_LATE_CANCEL,SRC_SYNTH_DIAGNOSTIC_READINESS,SRC_SYNTH_HR_SHIFT_ROSTER,SRC_SYNTH_FINANCE_RESOURCE_ENVELOPE,SRC_OPEN_RESPIRATORY_VIRUS_DASHBOARD,SRC_OPEN_AQHI_SMOKE_CONTEXT,SRC_OPEN_SCHOOL_HOLIDAY_CALENDAR,SRC_OPEN_STATCAN_PED_POPULATION",modelled,ready
SITE_PROV_NETWORK,Provincial pediatric network,rheumatology,Rheumatology,13,2026-09-07,352,320,394,55,38,0.759,"SRC_SYNTH_REFERRALS,SRC_SYNTH_REFERRAL_TRIAGE,SRC_SYNTH_WAITLIST_SNAPSHOTS,SRC_SYNTH_CLINIC_TEMPLATES,SRC_SYNTH_PROVIDER_AVAILABILITY,SRC_SYNTH_NO_SHOW_LATE_CANCEL,SRC_SYNTH_DIAGNOSTIC_READINESS,SRC_SYNTH_HR_SHIFT_ROSTER,SRC_SYNTH_FINANCE_RESOURCE_ENVELOPE,SRC_OPEN_RESPIRATORY_VIRUS_DASHBOARD,SRC_OPEN_AQHI_SMOKE_CONTEXT,SRC_OPEN_SCHOOL_HOLIDAY_CALENDAR,SRC_OPEN_STATCAN_PED_POPULATION",modelled,ready
SITE_PROV_NETWORK,Provincial pediatric network,rheumatology,Rheumatology,14,2026-09-14,352,320,394,55,39,0.759,"SRC_SYNTH_REFERRALS,SRC_SYNTH_REFERRAL_TRIAGE,SRC_SYNTH_WAITLIST_SNAPSHOTS,SRC_SYNTH_CLINIC_TEMPLATES,SRC_SYNTH_PROVIDER_AVAILABILITY,SRC_SYNTH_NO_SHOW_LATE_CANCEL,SRC_SYNTH_DIAGNOSTIC_READINESS,SRC_SYNTH_HR_SHIFT_ROSTER,SRC_SYNTH_FINANCE_RESOURCE_ENVELOPE,SRC_OPEN_RESPIRATORY_VIRUS_DASHBOARD,SRC_OPEN_AQHI_SMOKE_CONTEXT,SRC_OPEN_SCHOOL_HOLIDAY_CALENDAR,SRC_OPEN_STATCAN_PED_POPULATION",modelled,ready
SITE_PROV_NETWORK,Provincial pediatric network,rheumatology,Rheumatology,15,2026-09-21,353,321,395,56,39,0.759,"SRC_SYNTH_REFERRALS,SRC_SYNTH_REFERRAL_TRIAGE,SRC_SYNTH_WAITLIST_SNAPSHOTS,SRC_SYNTH_CLINIC_TEMPLATES,SRC_SYNTH_PROVIDER_AVAILABILITY,SRC_SYNTH_NO_SHOW_LATE_CANCEL,SRC_SYNTH_DIAGNOSTIC_READINESS,SRC_SYNTH_HR_SHIFT_ROSTER,SRC_SYNTH_FINANCE_RESOURCE_ENVELOPE,SRC_OPEN_RESPIRATORY_VIRUS_DASHBOARD,SRC_OPEN_AQHI_SMOKE_CONTEXT,SRC_OPEN_SCHOOL_HOLIDAY_CALENDAR,SRC_OPEN_STATCAN_PED_POPULATION",modelled,ready
SITE_PROV_NETWORK,Provincial pediatric network,rheumatology,Rheumatology,16,2026-09-28,355,323,398,56,39,0.759,"SRC_SYNTH_REFERRALS,SRC_SYNTH_REFERRAL_TRIAGE,SRC_SYNTH_WAITLIST_SNAPSHOTS,SRC_SYNTH_CLINIC_TEMPLATES,SRC_SYNTH_PROVIDER_AVAILABILITY,SRC_SYNTH_NO_SHOW_LATE_CANCEL,SRC_SYNTH_DIAGNOSTIC_READINESS,SRC_SYNTH_HR_SHIFT_ROSTER,SRC_SYNTH_FINANCE_RESOURCE_ENVELOPE,SRC_OPEN_RESPIRATORY_VIRUS_DASHBOARD,SRC_OPEN_AQHI_SMOKE_CONTEXT,SRC_OPEN_SCHOOL_HOLIDAY_CALENDAR,SRC_OPEN_STATCAN_PED_POPULATION",modelled,ready
SITE_PROV_NETWORK,Provincial pediatric network,rheumatology,Rheumatology,17,2026-10-05,358,326,401,57,39,0.759,"SRC_SYNTH_REFERRALS,SRC_SYNTH_REFERRAL_TRIAGE,SRC_SYNTH_WAITLIST_SNAPSHOTS,SRC_SYNTH_CLINIC_TEMPLATES,SRC_SYNTH_PROVIDER_AVAILABILITY,SRC_SYNTH_NO_SHOW_LATE_CANCEL,SRC_SYNTH_DIAGNOSTIC_READINESS,SRC_SYNTH_HR_SHIFT_ROSTER,SRC_SYNTH_FINANCE_RESOURCE_ENVELOPE,SRC_OPEN_RESPIRATORY_VIRUS_DASHBOARD,SRC_OPEN_AQHI_SMOKE_CONTEXT,SRC_OPEN_SCHOOL_HOLIDAY_CALENDAR,SRC_OPEN_STATCAN_PED_POPULATION",modelled,ready
SITE_PROV_NETWORK,Provincial pediatric network,rheumatology,Rheumatology,18,2026-10-12,362,329,405,57,39,0.759,"SRC_SYNTH_REFERRALS,SRC_SYNTH_REFERRAL_TRIAGE,SRC_SYNTH_WAITLIST_SNAPSHOTS,SRC_SYNTH_CLINIC_TEMPLATES,SRC_SYNTH_PROVIDER_AVAILABILITY,SRC_SYNTH_NO_SHOW_LATE_CANCEL,SRC_SYNTH_DIAGNOSTIC_READINESS,SRC_SYNTH_HR_SHIFT_ROSTER,SRC_SYNTH_FINANCE_RESOURCE_ENVELOPE,SRC_OPEN_RESPIRATORY_VIRUS_DASHBOARD,SRC_OPEN_AQHI_SMOKE_CONTEXT,SRC_OPEN_SCHOOL_HOLIDAY_CALENDAR,SRC_OPEN_STATCAN_PED_POPULATION",modelled,ready
SITE_PROV_NETWORK,Provincial pediatric network,rheumatology,Rheumatology,19,2026-10-19,368,335,412,58,39,0.759,"SRC_SYNTH_REFERRALS,SRC_SYNTH_REFERRAL_TRIAGE,SRC_SYNTH_WAITLIST_SNAPSHOTS,SRC_SYNTH_CLINIC_TEMPLATES,SRC_SYNTH_PROVIDER_AVAILABILITY,SRC_SYNTH_NO_SHOW_LATE_CANCEL,SRC_SYNTH_DIAGNOSTIC_READINESS,SRC_SYNTH_HR_SHIFT_ROSTER,SRC_SYNTH_FINANCE_RESOURCE_ENVELOPE,SRC_OPEN_RESPIRATORY_VIRUS_DASHBOARD,SRC_OPEN_AQHI_SMOKE_CONTEXT,SRC_OPEN_SCHOOL_HOLIDAY_CALENDAR,SRC_OPEN_STATCAN_PED_POPULATION",modelled,ready
SITE_PROV_NETWORK,Provincial pediatric network,rheumatology,Rheumatology,20,2026-10-26,373,339,418,59,39,0.759,"SRC_SYNTH_REFERRALS,SRC_SYNTH_REFERRAL_TRIAGE,SRC_SYNTH_WAITLIST_SNAPSHOTS,SRC_SYNTH_CLINIC_TEMPLATES,SRC_SYNTH_PROVIDER_AVAILABILITY,SRC_SYNTH_NO_SHOW_LATE_CANCEL,SRC_SYNTH_DIAGNOSTIC_READINESS,SRC_SYNTH_HR_SHIFT_ROSTER,SRC_SYNTH_FINANCE_RESOURCE_ENVELOPE,SRC_OPEN_RESPIRATORY_VIRUS_DASHBOARD,SRC_OPEN_AQHI_SMOKE_CONTEXT,SRC_OPEN_SCHOOL_HOLIDAY_CALENDAR,SRC_OPEN_STATCAN_PED_POPULATION",modelled,ready
SITE_PROV_NETWORK,Provincial pediatric network,rheumatology,Rheumatology,21,2026-11-02,380,346,426,59,39,0.759,"SRC_SYNTH_REFERRALS,SRC_SYNTH_REFERRAL_TRIAGE,SRC_SYNTH_WAITLIST_SNAPSHOTS,SRC_SYNTH_CLINIC_TEMPLATES,SRC_SYNTH_PROVIDER_AVAILABILITY,SRC_SYNTH_NO_SHOW_LATE_CANCEL,SRC_SYNTH_DIAGNOSTIC_READINESS,SRC_SYNTH_HR_SHIFT_ROSTER,SRC_SYNTH_FINANCE_RESOURCE_ENVELOPE,SRC_OPEN_RESPIRATORY_VIRUS_DASHBOARD,SRC_OPEN_AQHI_SMOKE_CONTEXT,SRC_OPEN_SCHOOL_HOLIDAY_CALENDAR,SRC_OPEN_STATCAN_PED_POPULATION",modelled,ready
SITE_PROV_NETWORK,Provincial pediatric network,rheumatology,Rheumatology,22,2026-11-09,388,353,435,60,39,0.759,"SRC_SYNTH_REFERRALS,SRC_SYNTH_REFERRAL_TRIAGE,SRC_SYNTH_WAITLIST_SNAPSHOTS,SRC_SYNTH_CLINIC_TEMPLATES,SRC_SYNTH_PROVIDER_AVAILABILITY,SRC_SYNTH_NO_SHOW_LATE_CANCEL,SRC_SYNTH_DIAGNOSTIC_READINESS,SRC_SYNTH_HR_SHIFT_ROSTER,SRC_SYNTH_FINANCE_RESOURCE_ENVELOPE,SRC_OPEN_RESPIRATORY_VIRUS_DASHBOARD,SRC_OPEN_AQHI_SMOKE_CONTEXT,SRC_OPEN_SCHOOL_HOLIDAY_CALENDAR,SRC_OPEN_STATCAN_PED_POPULATION",modelled,ready
SITE_PROV_NETWORK,Provincial pediatric network,rheumatology,Rheumatology,23,2026-11-16,395,359,442,61,40,0.759,"SRC_SYNTH_REFERRALS,SRC_SYNTH_REFERRAL_TRIAGE,SRC_SYNTH_WAITLIST_SNAPSHOTS,SRC_SYNTH_CLINIC_TEMPLATES,SRC_SYNTH_PROVIDER_AVAILABILITY,SRC_SYNTH_NO_SHOW_LATE_CANCEL,SRC_SYNTH_DIAGNOSTIC_READINESS,SRC_SYNTH_HR_SHIFT_ROSTER,SRC_SYNTH_FINANCE_RESOURCE_ENVELOPE,SRC_OPEN_RESPIRATORY_VIRUS_DASHBOARD,SRC_OPEN_AQHI_SMOKE_CONTEXT,SRC_OPEN_SCHOOL_HOLIDAY_CALENDAR,SRC_OPEN_STATCAN_PED_POPULATION",modelled,ready
SITE_PROV_NETWORK,Provincial pediatric network,rheumatology,Rheumatology,24,2026-11-23,403,367,451,62,40,0.759,"SRC_SYNTH_REFERRALS,SRC_SYNTH_REFERRAL_TRIAGE,SRC_SYNTH_WAITLIST_SNAPSHOTS,SRC_SYNTH_CLINIC_TEMPLATES,SRC_SYNTH_PROVIDER_AVAILABILITY,SRC_SYNTH_NO_SHOW_LATE_CANCEL,SRC_SYNTH_DIAGNOSTIC_READINESS,SRC_SYNTH_HR_SHIFT_ROSTER,SRC_SYNTH_FINANCE_RESOURCE_ENVELOPE,SRC_OPEN_RESPIRATORY_VIRUS_DASHBOARD,SRC_OPEN_AQHI_SMOKE_CONTEXT,SRC_OPEN_SCHOOL_HOLIDAY_CALENDAR,SRC_OPEN_STATCAN_PED_POPULATION",modelled,ready
SITE_PROV_NETWORK,Provincial pediatric network,rheumatology,Rheumatology,25,2026-11-30,411,374,460,63,40,0.759,"SRC_SYNTH_REFERRALS,SRC_SYNTH_REFERRAL_TRIAGE,SRC_SYNTH_WAITLIST_SNAPSHOTS,SRC_SYNTH_CLINIC_TEMPLATES,SRC_SYNTH_PROVIDER_AVAILABILITY,SRC_SYNTH_NO_SHOW_LATE_CANCEL,SRC_SYNTH_DIAGNOSTIC_READINESS,SRC_SYNTH_HR_SHIFT_ROSTER,SRC_SYNTH_FINANCE_RESOURCE_ENVELOPE,SRC_OPEN_RESPIRATORY_VIRUS_DASHBOARD,SRC_OPEN_AQHI_SMOKE_CONTEXT,SRC_OPEN_SCHOOL_HOLIDAY_CALENDAR,SRC_OPEN_STATCAN_PED_POPULATION",modelled,ready
SITE_PROV_NETWORK,Provincial pediatric network,rheumatology,Rheumatology,26,2026-12-07,419,381,469,63,40,0.759,"SRC_SYNTH_REFERRALS,SRC_SYNTH_REFERRAL_TRIAGE,SRC_SYNTH_WAITLIST_SNAPSHOTS,SRC_SYNTH_CLINIC_TEMPLATES,SRC_SYNTH_PROVIDER_AVAILABILITY,SRC_SYNTH_NO_SHOW_LATE_CANCEL,SRC_SYNTH_DIAGNOSTIC_READINESS,SRC_SYNTH_HR_SHIFT_ROSTER,SRC_SYNTH_FINANCE_RESOURCE_ENVELOPE,SRC_OPEN_RESPIRATORY_VIRUS_DASHBOARD,SRC_OPEN_AQHI_SMOKE_CONTEXT,SRC_OPEN_SCHOOL_HOLIDAY_CALENDAR,SRC_OPEN_STATCAN_PED_POPULATION",modelled,ready
SITE_PROV_NETWORK,Provincial pediatric network,diagnostics,Diagnostics,1,2026-06-15,835,760,935,64,84,0.725,"SRC_SYNTH_REFERRALS,SRC_SYNTH_REFERRAL_TRIAGE,SRC_SYNTH_WAITLIST_SNAPSHOTS,SRC_SYNTH_CLINIC_TEMPLATES,SRC_SYNTH_PROVIDER_AVAILABILITY,SRC_SYNTH_NO_SHOW_LATE_CANCEL,SRC_SYNTH_DIAGNOSTIC_READINESS,SRC_SYNTH_HR_SHIFT_ROSTER,SRC_SYNTH_FINANCE_RESOURCE_ENVELOPE,SRC_OPEN_RESPIRATORY_VIRUS_DASHBOARD,SRC_OPEN_AQHI_SMOKE_CONTEXT,SRC_OPEN_SCHOOL_HOLIDAY_CALENDAR,SRC_OPEN_STATCAN_PED_POPULATION",modelled,review
SITE_PROV_NETWORK,Provincial pediatric network,diagnostics,Diagnostics,2,2026-06-22,832,757,932,65,85,0.725,"SRC_SYNTH_REFERRALS,SRC_SYNTH_REFERRAL_TRIAGE,SRC_SYNTH_WAITLIST_SNAPSHOTS,SRC_SYNTH_CLINIC_TEMPLATES,SRC_SYNTH_PROVIDER_AVAILABILITY,SRC_SYNTH_NO_SHOW_LATE_CANCEL,SRC_SYNTH_DIAGNOSTIC_READINESS,SRC_SYNTH_HR_SHIFT_ROSTER,SRC_SYNTH_FINANCE_RESOURCE_ENVELOPE,SRC_OPEN_RESPIRATORY_VIRUS_DASHBOARD,SRC_OPEN_AQHI_SMOKE_CONTEXT,SRC_OPEN_SCHOOL_HOLIDAY_CALENDAR,SRC_OPEN_STATCAN_PED_POPULATION",modelled,review
SITE_PROV_NETWORK,Provincial pediatric network,diagnostics,Diagnostics,3,2026-06-29,827,753,926,65,85,0.725,"SRC_SYNTH_REFERRALS,SRC_SYNTH_REFERRAL_TRIAGE,SRC_SYNTH_WAITLIST_SNAPSHOTS,SRC_SYNTH_CLINIC_TEMPLATES,SRC_SYNTH_PROVIDER_AVAILABILITY,SRC_SYNTH_NO_SHOW_LATE_CANCEL,SRC_SYNTH_DIAGNOSTIC_READINESS,SRC_SYNTH_HR_SHIFT_ROSTER,SRC_SYNTH_FINANCE_RESOURCE_ENVELOPE,SRC_OPEN_RESPIRATORY_VIRUS_DASHBOARD,SRC_OPEN_AQHI_SMOKE_CONTEXT,SRC_OPEN_SCHOOL_HOLIDAY_CALENDAR,SRC_OPEN_STATCAN_PED_POPULATION",modelled,review
SITE_PROV_NETWORK,Provincial pediatric network,diagnostics,Diagnostics,4,2026-07-06,821,747,920,65,86,0.725,"SRC_SYNTH_REFERRALS,SRC_SYNTH_REFERRAL_TRIAGE,SRC_SYNTH_WAITLIST_SNAPSHOTS,SRC_SYNTH_CLINIC_TEMPLATES,SRC_SYNTH_PROVIDER_AVAILABILITY,SRC_SYNTH_NO_SHOW_LATE_CANCEL,SRC_SYNTH_DIAGNOSTIC_READINESS,SRC_SYNTH_HR_SHIFT_ROSTER,SRC_SYNTH_FINANCE_RESOURCE_ENVELOPE,SRC_OPEN_RESPIRATORY_VIRUS_DASHBOARD,SRC_OPEN_AQHI_SMOKE_CONTEXT,SRC_OPEN_SCHOOL_HOLIDAY_CALENDAR,SRC_OPEN_STATCAN_PED_POPULATION",modelled,review
SITE_PROV_NETWORK,Provincial pediatric network,diagnostics,Diagnostics,5,2026-07-13,815,742,913,65,86,0.725,"SRC_SYNTH_REFERRALS,SRC_SYNTH_REFERRAL_TRIAGE,SRC_SYNTH_WAITLIST_SNAPSHOTS,SRC_SYNTH_CLINIC_TEMPLATES,SRC_SYNTH_PROVIDER_AVAILABILITY,SRC_SYNTH_NO_SHOW_LATE_CANCEL,SRC_SYNTH_DIAGNOSTIC_READINESS,SRC_SYNTH_HR_SHIFT_ROSTER,SRC_SYNTH_FINANCE_RESOURCE_ENVELOPE,SRC_OPEN_RESPIRATORY_VIRUS_DASHBOARD,SRC_OPEN_AQHI_SMOKE_CONTEXT,SRC_OPEN_SCHOOL_HOLIDAY_CALENDAR,SRC_OPEN_STATCAN_PED_POPULATION",modelled,review
SITE_PROV_NETWORK,Provincial pediatric network,diagnostics,Diagnostics,6,2026-07-20,807,734,904,65,87,0.725,"SRC_SYNTH_REFERRALS,SRC_SYNTH_REFERRAL_TRIAGE,SRC_SYNTH_WAITLIST_SNAPSHOTS,SRC_SYNTH_CLINIC_TEMPLATES,SRC_SYNTH_PROVIDER_AVAILABILITY,SRC_SYNTH_NO_SHOW_LATE_CANCEL,SRC_SYNTH_DIAGNOSTIC_READINESS,SRC_SYNTH_HR_SHIFT_ROSTER,SRC_SYNTH_FINANCE_RESOURCE_ENVELOPE,SRC_OPEN_RESPIRATORY_VIRUS_DASHBOARD,SRC_OPEN_AQHI_SMOKE_CONTEXT,SRC_OPEN_SCHOOL_HOLIDAY_CALENDAR,SRC_OPEN_STATCAN_PED_POPULATION",modelled,review
SITE_PROV_NETWORK,Provincial pediatric network,diagnostics,Diagnostics,7,2026-07-27,800,728,896,65,87,0.725,"SRC_SYNTH_REFERRALS,SRC_SYNTH_REFERRAL_TRIAGE,SRC_SYNTH_WAITLIST_SNAPSHOTS,SRC_SYNTH_CLINIC_TEMPLATES,SRC_SYNTH_PROVIDER_AVAILABILITY,SRC_SYNTH_NO_SHOW_LATE_CANCEL,SRC_SYNTH_DIAGNOSTIC_READINESS,SRC_SYNTH_HR_SHIFT_ROSTER,SRC_SYNTH_FINANCE_RESOURCE_ENVELOPE,SRC_OPEN_RESPIRATORY_VIRUS_DASHBOARD,SRC_OPEN_AQHI_SMOKE_CONTEXT,SRC_OPEN_SCHOOL_HOLIDAY_CALENDAR,SRC_OPEN_STATCAN_PED_POPULATION",modelled,review
SITE_PROV_NETWORK,Provincial pediatric network,diagnostics,Diagnostics,8,2026-08-03,793,722,888,65,87,0.725,"SRC_SYNTH_REFERRALS,SRC_SYNTH_REFERRAL_TRIAGE,SRC_SYNTH_WAITLIST_SNAPSHOTS,SRC_SYNTH_CLINIC_TEMPLATES,SRC_SYNTH_PROVIDER_AVAILABILITY,SRC_SYNTH_NO_SHOW_LATE_CANCEL,SRC_SYNTH_DIAGNOSTIC_READINESS,SRC_SYNTH_HR_SHIFT_ROSTER,SRC_SYNTH_FINANCE_RESOURCE_ENVELOPE,SRC_OPEN_RESPIRATORY_VIRUS_DASHBOARD,SRC_OPEN_AQHI_SMOKE_CONTEXT,SRC_OPEN_SCHOOL_HOLIDAY_CALENDAR,SRC_OPEN_STATCAN_PED_POPULATION",modelled,review
SITE_PROV_NETWORK,Provincial pediatric network,diagnostics,Diagnostics,9,2026-08-10,787,716,881,65,88,0.725,"SRC_SYNTH_REFERRALS,SRC_SYNTH_REFERRAL_TRIAGE,SRC_SYNTH_WAITLIST_SNAPSHOTS,SRC_SYNTH_CLINIC_TEMPLATES,SRC_SYNTH_PROVIDER_AVAILABILITY,SRC_SYNTH_NO_SHOW_LATE_CANCEL,SRC_SYNTH_DIAGNOSTIC_READINESS,SRC_SYNTH_HR_SHIFT_ROSTER,SRC_SYNTH_FINANCE_RESOURCE_ENVELOPE,SRC_OPEN_RESPIRATORY_VIRUS_DASHBOARD,SRC_OPEN_AQHI_SMOKE_CONTEXT,SRC_OPEN_SCHOOL_HOLIDAY_CALENDAR,SRC_OPEN_STATCAN_PED_POPULATION",modelled,review
SITE_PROV_NETWORK,Provincial pediatric network,diagnostics,Diagnostics,10,2026-08-17,782,712,876,65,88,0.725,"SRC_SYNTH_REFERRALS,SRC_SYNTH_REFERRAL_TRIAGE,SRC_SYNTH_WAITLIST_SNAPSHOTS,SRC_SYNTH_CLINIC_TEMPLATES,SRC_SYNTH_PROVIDER_AVAILABILITY,SRC_SYNTH_NO_SHOW_LATE_CANCEL,SRC_SYNTH_DIAGNOSTIC_READINESS,SRC_SYNTH_HR_SHIFT_ROSTER,SRC_SYNTH_FINANCE_RESOURCE_ENVELOPE,SRC_OPEN_RESPIRATORY_VIRUS_DASHBOARD,SRC_OPEN_AQHI_SMOKE_CONTEXT,SRC_OPEN_SCHOOL_HOLIDAY_CALENDAR,SRC_OPEN_STATCAN_PED_POPULATION",modelled,review
SITE_PROV_NETWORK,Provincial pediatric network,diagnostics,Diagnostics,11,2026-08-24,778,708,871,65,89,0.725,"SRC_SYNTH_REFERRALS,SRC_SYNTH_REFERRAL_TRIAGE,SRC_SYNTH_WAITLIST_SNAPSHOTS,SRC_SYNTH_CLINIC_TEMPLATES,SRC_SYNTH_PROVIDER_AVAILABILITY,SRC_SYNTH_NO_SHOW_LATE_CANCEL,SRC_SYNTH_DIAGNOSTIC_READINESS,SRC_SYNTH_HR_SHIFT_ROSTER,SRC_SYNTH_FINANCE_RESOURCE_ENVELOPE,SRC_OPEN_RESPIRATORY_VIRUS_DASHBOARD,SRC_OPEN_AQHI_SMOKE_CONTEXT,SRC_OPEN_SCHOOL_HOLIDAY_CALENDAR,SRC_OPEN_STATCAN_PED_POPULATION",modelled,review
SITE_PROV_NETWORK,Provincial pediatric network,diagnostics,Diagnostics,12,2026-08-31,776,706,869,65,89,0.725,"SRC_SYNTH_REFERRALS,SRC_SYNTH_REFERRAL_TRIAGE,SRC_SYNTH_WAITLIST_SNAPSHOTS,SRC_SYNTH_CLINIC_TEMPLATES,SRC_SYNTH_PROVIDER_AVAILABILITY,SRC_SYNTH_NO_SHOW_LATE_CANCEL,SRC_SYNTH_DIAGNOSTIC_READINESS,SRC_SYNTH_HR_SHIFT_ROSTER,SRC_SYNTH_FINANCE_RESOURCE_ENVELOPE,SRC_OPEN_RESPIRATORY_VIRUS_DASHBOARD,SRC_OPEN_AQHI_SMOKE_CONTEXT,SRC_OPEN_SCHOOL_HOLIDAY_CALENDAR,SRC_OPEN_STATCAN_PED_POPULATION",modelled,review
SITE_PROV_NETWORK,Provincial pediatric network,diagnostics,Diagnostics,13,2026-09-07,776,706,869,65,89,0.725,"SRC_SYNTH_REFERRALS,SRC_SYNTH_REFERRAL_TRIAGE,SRC_SYNTH_WAITLIST_SNAPSHOTS,SRC_SYNTH_CLINIC_TEMPLATES,SRC_SYNTH_PROVIDER_AVAILABILITY,SRC_SYNTH_NO_SHOW_LATE_CANCEL,SRC_SYNTH_DIAGNOSTIC_READINESS,SRC_SYNTH_HR_SHIFT_ROSTER,SRC_SYNTH_FINANCE_RESOURCE_ENVELOPE,SRC_OPEN_RESPIRATORY_VIRUS_DASHBOARD,SRC_OPEN_AQHI_SMOKE_CONTEXT,SRC_OPEN_SCHOOL_HOLIDAY_CALENDAR,SRC_OPEN_STATCAN_PED_POPULATION",modelled,review
SITE_PROV_NETWORK,Provincial pediatric network,diagnostics,Diagnostics,14,2026-09-14,778,708,871,66,90,0.725,"SRC_SYNTH_REFERRALS,SRC_SYNTH_REFERRAL_TRIAGE,SRC_SYNTH_WAITLIST_SNAPSHOTS,SRC_SYNTH_CLINIC_TEMPLATES,SRC_SYNTH_PROVIDER_AVAILABILITY,SRC_SYNTH_NO_SHOW_LATE_CANCEL,SRC_SYNTH_DIAGNOSTIC_READINESS,SRC_SYNTH_HR_SHIFT_ROSTER,SRC_SYNTH_FINANCE_RESOURCE_ENVELOPE,SRC_OPEN_RESPIRATORY_VIRUS_DASHBOARD,SRC_OPEN_AQHI_SMOKE_CONTEXT,SRC_OPEN_SCHOOL_HOLIDAY_CALENDAR,SRC_OPEN_STATCAN_PED_POPULATION",modelled,review
SITE_PROV_NETWORK,Provincial pediatric network,diagnostics,Diagnostics,15,2026-09-21,782,712,876,66,90,0.725,"SRC_SYNTH_REFERRALS,SRC_SYNTH_REFERRAL_TRIAGE,SRC_SYNTH_WAITLIST_SNAPSHOTS,SRC_SYNTH_CLINIC_TEMPLATES,SRC_SYNTH_PROVIDER_AVAILABILITY,SRC_SYNTH_NO_SHOW_LATE_CANCEL,SRC_SYNTH_DIAGNOSTIC_READINESS,SRC_SYNTH_HR_SHIFT_ROSTER,SRC_SYNTH_FINANCE_RESOURCE_ENVELOPE,SRC_OPEN_RESPIRATORY_VIRUS_DASHBOARD,SRC_OPEN_AQHI_SMOKE_CONTEXT,SRC_OPEN_SCHOOL_HOLIDAY_CALENDAR,SRC_OPEN_STATCAN_PED_POPULATION",modelled,review
SITE_PROV_NETWORK,Provincial pediatric network,diagnostics,Diagnostics,16,2026-09-28,789,718,884,67,91,0.725,"SRC_SYNTH_REFERRALS,SRC_SYNTH_REFERRAL_TRIAGE,SRC_SYNTH_WAITLIST_SNAPSHOTS,SRC_SYNTH_CLINIC_TEMPLATES,SRC_SYNTH_PROVIDER_AVAILABILITY,SRC_SYNTH_NO_SHOW_LATE_CANCEL,SRC_SYNTH_DIAGNOSTIC_READINESS,SRC_SYNTH_HR_SHIFT_ROSTER,SRC_SYNTH_FINANCE_RESOURCE_ENVELOPE,SRC_OPEN_RESPIRATORY_VIRUS_DASHBOARD,SRC_OPEN_AQHI_SMOKE_CONTEXT,SRC_OPEN_SCHOOL_HOLIDAY_CALENDAR,SRC_OPEN_STATCAN_PED_POPULATION",modelled,review
SITE_PROV_NETWORK,Provincial pediatric network,diagnostics,Diagnostics,17,2026-10-05,798,726,894,67,91,0.725,"SRC_SYNTH_REFERRALS,SRC_SYNTH_REFERRAL_TRIAGE,SRC_SYNTH_WAITLIST_SNAPSHOTS,SRC_SYNTH_CLINIC_TEMPLATES,SRC_SYNTH_PROVIDER_AVAILABILITY,SRC_SYNTH_NO_SHOW_LATE_CANCEL,SRC_SYNTH_DIAGNOSTIC_READINESS,SRC_SYNTH_HR_SHIFT_ROSTER,SRC_SYNTH_FINANCE_RESOURCE_ENVELOPE,SRC_OPEN_RESPIRATORY_VIRUS_DASHBOARD,SRC_OPEN_AQHI_SMOKE_CONTEXT,SRC_OPEN_SCHOOL_HOLIDAY_CALENDAR,SRC_OPEN_STATCAN_PED_POPULATION",modelled,review
SITE_PROV_NETWORK,Provincial pediatric network,diagnostics,Diagnostics,18,2026-10-12,809,736,906,68,92,0.725,"SRC_SYNTH_REFERRALS,SRC_SYNTH_REFERRAL_TRIAGE,SRC_SYNTH_WAITLIST_SNAPSHOTS,SRC_SYNTH_CLINIC_TEMPLATES,SRC_SYNTH_PROVIDER_AVAILABILITY,SRC_SYNTH_NO_SHOW_LATE_CANCEL,SRC_SYNTH_DIAGNOSTIC_READINESS,SRC_SYNTH_HR_SHIFT_ROSTER,SRC_SYNTH_FINANCE_RESOURCE_ENVELOPE,SRC_OPEN_RESPIRATORY_VIRUS_DASHBOARD,SRC_OPEN_AQHI_SMOKE_CONTEXT,SRC_OPEN_SCHOOL_HOLIDAY_CALENDAR,SRC_OPEN_STATCAN_PED_POPULATION",modelled,review
SITE_PROV_NETWORK,Provincial pediatric network,diagnostics,Diagnostics,19,2026-10-19,822,748,921,69,92,0.725,"SRC_SYNTH_REFERRALS,SRC_SYNTH_REFERRAL_TRIAGE,SRC_SYNTH_WAITLIST_SNAPSHOTS,SRC_SYNTH_CLINIC_TEMPLATES,SRC_SYNTH_PROVIDER_AVAILABILITY,SRC_SYNTH_NO_SHOW_LATE_CANCEL,SRC_SYNTH_DIAGNOSTIC_READINESS,SRC_SYNTH_HR_SHIFT_ROSTER,SRC_SYNTH_FINANCE_RESOURCE_ENVELOPE,SRC_OPEN_RESPIRATORY_VIRUS_DASHBOARD,SRC_OPEN_AQHI_SMOKE_CONTEXT,SRC_OPEN_SCHOOL_HOLIDAY_CALENDAR,SRC_OPEN_STATCAN_PED_POPULATION",modelled,review
SITE_PROV_NETWORK,Provincial pediatric network,diagnostics,Diagnostics,20,2026-10-26,837,762,937,70,92,0.725,"SRC_SYNTH_REFERRALS,SRC_SYNTH_REFERRAL_TRIAGE,SRC_SYNTH_WAITLIST_SNAPSHOTS,SRC_SYNTH_CLINIC_TEMPLATES,SRC_SYNTH_PROVIDER_AVAILABILITY,SRC_SYNTH_NO_SHOW_LATE_CANCEL,SRC_SYNTH_DIAGNOSTIC_READINESS,SRC_SYNTH_HR_SHIFT_ROSTER,SRC_SYNTH_FINANCE_RESOURCE_ENVELOPE,SRC_OPEN_RESPIRATORY_VIRUS_DASHBOARD,SRC_OPEN_AQHI_SMOKE_CONTEXT,SRC_OPEN_SCHOOL_HOLIDAY_CALENDAR,SRC_OPEN_STATCAN_PED_POPULATION",modelled,review
SITE_PROV_NETWORK,Provincial pediatric network,diagnostics,Diagnostics,21,2026-11-02,853,776,955,71,93,0.725,"SRC_SYNTH_REFERRALS,SRC_SYNTH_REFERRAL_TRIAGE,SRC_SYNTH_WAITLIST_SNAPSHOTS,SRC_SYNTH_CLINIC_TEMPLATES,SRC_SYNTH_PROVIDER_AVAILABILITY,SRC_SYNTH_NO_SHOW_LATE_CANCEL,SRC_SYNTH_DIAGNOSTIC_READINESS,SRC_SYNTH_HR_SHIFT_ROSTER,SRC_SYNTH_FINANCE_RESOURCE_ENVELOPE,SRC_OPEN_RESPIRATORY_VIRUS_DASHBOARD,SRC_OPEN_AQHI_SMOKE_CONTEXT,SRC_OPEN_SCHOOL_HOLIDAY_CALENDAR,SRC_OPEN_STATCAN_PED_POPULATION",modelled,review
SITE_PROV_NETWORK,Provincial pediatric network,diagnostics,Diagnostics,22,2026-11-09,870,792,974,71,93,0.725,"SRC_SYNTH_REFERRALS,SRC_SYNTH_REFERRAL_TRIAGE,SRC_SYNTH_WAITLIST_SNAPSHOTS,SRC_SYNTH_CLINIC_TEMPLATES,SRC_SYNTH_PROVIDER_AVAILABILITY,SRC_SYNTH_NO_SHOW_LATE_CANCEL,SRC_SYNTH_DIAGNOSTIC_READINESS,SRC_SYNTH_HR_SHIFT_ROSTER,SRC_SYNTH_FINANCE_RESOURCE_ENVELOPE,SRC_OPEN_RESPIRATORY_VIRUS_DASHBOARD,SRC_OPEN_AQHI_SMOKE_CONTEXT,SRC_OPEN_SCHOOL_HOLIDAY_CALENDAR,SRC_OPEN_STATCAN_PED_POPULATION",modelled,review
SITE_PROV_NETWORK,Provincial pediatric network,diagnostics,Diagnostics,23,2026-11-16,888,808,995,72,94,0.725,"SRC_SYNTH_REFERRALS,SRC_SYNTH_REFERRAL_TRIAGE,SRC_SYNTH_WAITLIST_SNAPSHOTS,SRC_SYNTH_CLINIC_TEMPLATES,SRC_SYNTH_PROVIDER_AVAILABILITY,SRC_SYNTH_NO_SHOW_LATE_CANCEL,SRC_SYNTH_DIAGNOSTIC_READINESS,SRC_SYNTH_HR_SHIFT_ROSTER,SRC_SYNTH_FINANCE_RESOURCE_ENVELOPE,SRC_OPEN_RESPIRATORY_VIRUS_DASHBOARD,SRC_OPEN_AQHI_SMOKE_CONTEXT,SRC_OPEN_SCHOOL_HOLIDAY_CALENDAR,SRC_OPEN_STATCAN_PED_POPULATION",modelled,review
SITE_PROV_NETWORK,Provincial pediatric network,diagnostics,Diagnostics,24,2026-11-23,906,824,1015,73,94,0.725,"SRC_SYNTH_REFERRALS,SRC_SYNTH_REFERRAL_TRIAGE,SRC_SYNTH_WAITLIST_SNAPSHOTS,SRC_SYNTH_CLINIC_TEMPLATES,SRC_SYNTH_PROVIDER_AVAILABILITY,SRC_SYNTH_NO_SHOW_LATE_CANCEL,SRC_SYNTH_DIAGNOSTIC_READINESS,SRC_SYNTH_HR_SHIFT_ROSTER,SRC_SYNTH_FINANCE_RESOURCE_ENVELOPE,SRC_OPEN_RESPIRATORY_VIRUS_DASHBOARD,SRC_OPEN_AQHI_SMOKE_CONTEXT,SRC_OPEN_SCHOOL_HOLIDAY_CALENDAR,SRC_OPEN_STATCAN_PED_POPULATION",modelled,review
SITE_PROV_NETWORK,Provincial pediatric network,diagnostics,Diagnostics,25,2026-11-30,923,840,1034,74,94,0.725,"SRC_SYNTH_REFERRALS,SRC_SYNTH_REFERRAL_TRIAGE,SRC_SYNTH_WAITLIST_SNAPSHOTS,SRC_SYNTH_CLINIC_TEMPLATES,SRC_SYNTH_PROVIDER_AVAILABILITY,SRC_SYNTH_NO_SHOW_LATE_CANCEL,SRC_SYNTH_DIAGNOSTIC_READINESS,SRC_SYNTH_HR_SHIFT_ROSTER,SRC_SYNTH_FINANCE_RESOURCE_ENVELOPE,SRC_OPEN_RESPIRATORY_VIRUS_DASHBOARD,SRC_OPEN_AQHI_SMOKE_CONTEXT,SRC_OPEN_SCHOOL_HOLIDAY_CALENDAR,SRC_OPEN_STATCAN_PED_POPULATION",modelled,review
SITE_PROV_NETWORK,Provincial pediatric network,diagnostics,Diagnostics,26,2026-12-07,940,855,1053,75,95,0.725,"SRC_SYNTH_REFERRALS,SRC_SYNTH_REFERRAL_TRIAGE,SRC_SYNTH_WAITLIST_SNAPSHOTS,SRC_SYNTH_CLINIC_TEMPLATES,SRC_SYNTH_PROVIDER_AVAILABILITY,SRC_SYNTH_NO_SHOW_LATE_CANCEL,SRC_SYNTH_DIAGNOSTIC_READINESS,SRC_SYNTH_HR_SHIFT_ROSTER,SRC_SYNTH_FINANCE_RESOURCE_ENVELOPE,SRC_OPEN_RESPIRATORY_VIRUS_DASHBOARD,SRC_OPEN_AQHI_SMOKE_CONTEXT,SRC_OPEN_SCHOOL_HOLIDAY_CALENDAR,SRC_OPEN_STATCAN_PED_POPULATION",modelled,review
SITE_PROV_NETWORK,Provincial pediatric network,post_discharge_follow_up,Post-discharge follow-up,1,2026-06-15,466,424,522,57,49,0.82,"SRC_SYNTH_REFERRALS,SRC_SYNTH_REFERRAL_TRIAGE,SRC_SYNTH_WAITLIST_SNAPSHOTS,SRC_SYNTH_CLINIC_TEMPLATES,SRC_SYNTH_PROVIDER_AVAILABILITY,SRC_SYNTH_NO_SHOW_LATE_CANCEL,SRC_SYNTH_DIAGNOSTIC_READINESS,SRC_SYNTH_HR_SHIFT_ROSTER,SRC_SYNTH_FINANCE_RESOURCE_ENVELOPE,SRC_OPEN_RESPIRATORY_VIRUS_DASHBOARD,SRC_OPEN_AQHI_SMOKE_CONTEXT,SRC_OPEN_SCHOOL_HOLIDAY_CALENDAR,SRC_OPEN_STATCAN_PED_POPULATION",modelled,ready
SITE_PROV_NETWORK,Provincial pediatric network,post_discharge_follow_up,Post-discharge follow-up,2,2026-06-22,464,422,520,57,50,0.82,"SRC_SYNTH_REFERRALS,SRC_SYNTH_REFERRAL_TRIAGE,SRC_SYNTH_WAITLIST_SNAPSHOTS,SRC_SYNTH_CLINIC_TEMPLATES,SRC_SYNTH_PROVIDER_AVAILABILITY,SRC_SYNTH_NO_SHOW_LATE_CANCEL,SRC_SYNTH_DIAGNOSTIC_READINESS,SRC_SYNTH_HR_SHIFT_ROSTER,SRC_SYNTH_FINANCE_RESOURCE_ENVELOPE,SRC_OPEN_RESPIRATORY_VIRUS_DASHBOARD,SRC_OPEN_AQHI_SMOKE_CONTEXT,SRC_OPEN_SCHOOL_HOLIDAY_CALENDAR,SRC_OPEN_STATCAN_PED_POPULATION",modelled,ready
SITE_PROV_NETWORK,Provincial pediatric network,post_discharge_follow_up,Post-discharge follow-up,3,2026-06-29,461,420,516,57,50,0.82,"SRC_SYNTH_REFERRALS,SRC_SYNTH_REFERRAL_TRIAGE,SRC_SYNTH_WAITLIST_SNAPSHOTS,SRC_SYNTH_CLINIC_TEMPLATES,SRC_SYNTH_PROVIDER_AVAILABILITY,SRC_SYNTH_NO_SHOW_LATE_CANCEL,SRC_SYNTH_DIAGNOSTIC_READINESS,SRC_SYNTH_HR_SHIFT_ROSTER,SRC_SYNTH_FINANCE_RESOURCE_ENVELOPE,SRC_OPEN_RESPIRATORY_VIRUS_DASHBOARD,SRC_OPEN_AQHI_SMOKE_CONTEXT,SRC_OPEN_SCHOOL_HOLIDAY_CALENDAR,SRC_OPEN_STATCAN_PED_POPULATION",modelled,ready
SITE_PROV_NETWORK,Provincial pediatric network,post_discharge_follow_up,Post-discharge follow-up,4,2026-07-06,457,416,512,57,50,0.82,"SRC_SYNTH_REFERRALS,SRC_SYNTH_REFERRAL_TRIAGE,SRC_SYNTH_WAITLIST_SNAPSHOTS,SRC_SYNTH_CLINIC_TEMPLATES,SRC_SYNTH_PROVIDER_AVAILABILITY,SRC_SYNTH_NO_SHOW_LATE_CANCEL,SRC_SYNTH_DIAGNOSTIC_READINESS,SRC_SYNTH_HR_SHIFT_ROSTER,SRC_SYNTH_FINANCE_RESOURCE_ENVELOPE,SRC_OPEN_RESPIRATORY_VIRUS_DASHBOARD,SRC_OPEN_AQHI_SMOKE_CONTEXT,SRC_OPEN_SCHOOL_HOLIDAY_CALENDAR,SRC_OPEN_STATCAN_PED_POPULATION",modelled,ready
SITE_PROV_NETWORK,Provincial pediatric network,post_discharge_follow_up,Post-discharge follow-up,5,2026-07-13,453,412,507,57,50,0.82,"SRC_SYNTH_REFERRALS,SRC_SYNTH_REFERRAL_TRIAGE,SRC_SYNTH_WAITLIST_SNAPSHOTS,SRC_SYNTH_CLINIC_TEMPLATES,SRC_SYNTH_PROVIDER_AVAILABILITY,SRC_SYNTH_NO_SHOW_LATE_CANCEL,SRC_SYNTH_DIAGNOSTIC_READINESS,SRC_SYNTH_HR_SHIFT_ROSTER,SRC_SYNTH_FINANCE_RESOURCE_ENVELOPE,SRC_OPEN_RESPIRATORY_VIRUS_DASHBOARD,SRC_OPEN_AQHI_SMOKE_CONTEXT,SRC_OPEN_SCHOOL_HOLIDAY_CALENDAR,SRC_OPEN_STATCAN_PED_POPULATION",modelled,ready
SITE_PROV_NETWORK,Provincial pediatric network,post_discharge_follow_up,Post-discharge follow-up,6,2026-07-20,449,409,503,57,51,0.82,"SRC_SYNTH_REFERRALS,SRC_SYNTH_REFERRAL_TRIAGE,SRC_SYNTH_WAITLIST_SNAPSHOTS,SRC_SYNTH_CLINIC_TEMPLATES,SRC_SYNTH_PROVIDER_AVAILABILITY,SRC_SYNTH_NO_SHOW_LATE_CANCEL,SRC_SYNTH_DIAGNOSTIC_READINESS,SRC_SYNTH_HR_SHIFT_ROSTER,SRC_SYNTH_FINANCE_RESOURCE_ENVELOPE,SRC_OPEN_RESPIRATORY_VIRUS_DASHBOARD,SRC_OPEN_AQHI_SMOKE_CONTEXT,SRC_OPEN_SCHOOL_HOLIDAY_CALENDAR,SRC_OPEN_STATCAN_PED_POPULATION",modelled,ready
SITE_PROV_NETWORK,Provincial pediatric network,post_discharge_follow_up,Post-discharge follow-up,7,2026-07-27,445,405,498,57,51,0.82,"SRC_SYNTH_REFERRALS,SRC_SYNTH_REFERRAL_TRIAGE,SRC_SYNTH_WAITLIST_SNAPSHOTS,SRC_SYNTH_CLINIC_TEMPLATES,SRC_SYNTH_PROVIDER_AVAILABILITY,SRC_SYNTH_NO_SHOW_LATE_CANCEL,SRC_SYNTH_DIAGNOSTIC_READINESS,SRC_SYNTH_HR_SHIFT_ROSTER,SRC_SYNTH_FINANCE_RESOURCE_ENVELOPE,SRC_OPEN_RESPIRATORY_VIRUS_DASHBOARD,SRC_OPEN_AQHI_SMOKE_CONTEXT,SRC_OPEN_SCHOOL_HOLIDAY_CALENDAR,SRC_OPEN_STATCAN_PED_POPULATION",modelled,ready
SITE_PROV_NETWORK,Provincial pediatric network,post_discharge_follow_up,Post-discharge follow-up,8,2026-08-03,441,401,494,57,51,0.82,"SRC_SYNTH_REFERRALS,SRC_SYNTH_REFERRAL_TRIAGE,SRC_SYNTH_WAITLIST_SNAPSHOTS,SRC_SYNTH_CLINIC_TEMPLATES,SRC_SYNTH_PROVIDER_AVAILABILITY,SRC_SYNTH_NO_SHOW_LATE_CANCEL,SRC_SYNTH_DIAGNOSTIC_READINESS,SRC_SYNTH_HR_SHIFT_ROSTER,SRC_SYNTH_FINANCE_RESOURCE_ENVELOPE,SRC_OPEN_RESPIRATORY_VIRUS_DASHBOARD,SRC_OPEN_AQHI_SMOKE_CONTEXT,SRC_OPEN_SCHOOL_HOLIDAY_CALENDAR,SRC_OPEN_STATCAN_PED_POPULATION",modelled,ready
SITE_PROV_NETWORK,Provincial pediatric network,post_discharge_follow_up,Post-discharge follow-up,9,2026-08-10,438,399,491,58,51,0.82,"SRC_SYNTH_REFERRALS,SRC_SYNTH_REFERRAL_TRIAGE,SRC_SYNTH_WAITLIST_SNAPSHOTS,SRC_SYNTH_CLINIC_TEMPLATES,SRC_SYNTH_PROVIDER_AVAILABILITY,SRC_SYNTH_NO_SHOW_LATE_CANCEL,SRC_SYNTH_DIAGNOSTIC_READINESS,SRC_SYNTH_HR_SHIFT_ROSTER,SRC_SYNTH_FINANCE_RESOURCE_ENVELOPE,SRC_OPEN_RESPIRATORY_VIRUS_DASHBOARD,SRC_OPEN_AQHI_SMOKE_CONTEXT,SRC_OPEN_SCHOOL_HOLIDAY_CALENDAR,SRC_OPEN_STATCAN_PED_POPULATION",modelled,ready
SITE_PROV_NETWORK,Provincial pediatric network,post_discharge_follow_up,Post-discharge follow-up,10,2026-08-17,436,397,488,58,52,0.82,"SRC_SYNTH_REFERRALS,SRC_SYNTH_REFERRAL_TRIAGE,SRC_SYNTH_WAITLIST_SNAPSHOTS,SRC_SYNTH_CLINIC_TEMPLATES,SRC_SYNTH_PROVIDER_AVAILABILITY,SRC_SYNTH_NO_SHOW_LATE_CANCEL,SRC_SYNTH_DIAGNOSTIC_READINESS,SRC_SYNTH_HR_SHIFT_ROSTER,SRC_SYNTH_FINANCE_RESOURCE_ENVELOPE,SRC_OPEN_RESPIRATORY_VIRUS_DASHBOARD,SRC_OPEN_AQHI_SMOKE_CONTEXT,SRC_OPEN_SCHOOL_HOLIDAY_CALENDAR,SRC_OPEN_STATCAN_PED_POPULATION",modelled,ready
SITE_PROV_NETWORK,Provincial pediatric network,post_discharge_follow_up,Post-discharge follow-up,11,2026-08-24,435,396,487,58,52,0.82,"SRC_SYNTH_REFERRALS,SRC_SYNTH_REFERRAL_TRIAGE,SRC_SYNTH_WAITLIST_SNAPSHOTS,SRC_SYNTH_CLINIC_TEMPLATES,SRC_SYNTH_PROVIDER_AVAILABILITY,SRC_SYNTH_NO_SHOW_LATE_CANCEL,SRC_SYNTH_DIAGNOSTIC_READINESS,SRC_SYNTH_HR_SHIFT_ROSTER,SRC_SYNTH_FINANCE_RESOURCE_ENVELOPE,SRC_OPEN_RESPIRATORY_VIRUS_DASHBOARD,SRC_OPEN_AQHI_SMOKE_CONTEXT,SRC_OPEN_SCHOOL_HOLIDAY_CALENDAR,SRC_OPEN_STATCAN_PED_POPULATION",modelled,ready
SITE_PROV_NETWORK,Provincial pediatric network,post_discharge_follow_up,Post-discharge follow-up,12,2026-08-31,435,396,487,58,52,0.82,"SRC_SYNTH_REFERRALS,SRC_SYNTH_REFERRAL_TRIAGE,SRC_SYNTH_WAITLIST_SNAPSHOTS,SRC_SYNTH_CLINIC_TEMPLATES,SRC_SYNTH_PROVIDER_AVAILABILITY,SRC_SYNTH_NO_SHOW_LATE_CANCEL,SRC_SYNTH_DIAGNOSTIC_READINESS,SRC_SYNTH_HR_SHIFT_ROSTER,SRC_SYNTH_FINANCE_RESOURCE_ENVELOPE,SRC_OPEN_RESPIRATORY_VIRUS_DASHBOARD,SRC_OPEN_AQHI_SMOKE_CONTEXT,SRC_OPEN_SCHOOL_HOLIDAY_CALENDAR,SRC_OPEN_STATCAN_PED_POPULATION",modelled,ready
SITE_PROV_NETWORK,Provincial pediatric network,post_discharge_follow_up,Post-discharge follow-up,13,2026-09-07,436,397,488,59,53,0.82,"SRC_SYNTH_REFERRALS,SRC_SYNTH_REFERRAL_TRIAGE,SRC_SYNTH_WAITLIST_SNAPSHOTS,SRC_SYNTH_CLINIC_TEMPLATES,SRC_SYNTH_PROVIDER_AVAILABILITY,SRC_SYNTH_NO_SHOW_LATE_CANCEL,SRC_SYNTH_DIAGNOSTIC_READINESS,SRC_SYNTH_HR_SHIFT_ROSTER,SRC_SYNTH_FINANCE_RESOURCE_ENVELOPE,SRC_OPEN_RESPIRATORY_VIRUS_DASHBOARD,SRC_OPEN_AQHI_SMOKE_CONTEXT,SRC_OPEN_SCHOOL_HOLIDAY_CALENDAR,SRC_OPEN_STATCAN_PED_POPULATION",modelled,ready
SITE_PROV_NETWORK,Provincial pediatric network,post_discharge_follow_up,Post-discharge follow-up,14,2026-09-14,439,399,492,59,53,0.82,"SRC_SYNTH_REFERRALS,SRC_SYNTH_REFERRAL_TRIAGE,SRC_SYNTH_WAITLIST_SNAPSHOTS,SRC_SYNTH_CLINIC_TEMPLATES,SRC_SYNTH_PROVIDER_AVAILABILITY,SRC_SYNTH_NO_SHOW_LATE_CANCEL,SRC_SYNTH_DIAGNOSTIC_READINESS,SRC_SYNTH_HR_SHIFT_ROSTER,SRC_SYNTH_FINANCE_RESOURCE_ENVELOPE,SRC_OPEN_RESPIRATORY_VIRUS_DASHBOARD,SRC_OPEN_AQHI_SMOKE_CONTEXT,SRC_OPEN_SCHOOL_HOLIDAY_CALENDAR,SRC_OPEN_STATCAN_PED_POPULATION",modelled,ready
SITE_PROV_NETWORK,Provincial pediatric network,post_discharge_follow_up,Post-discharge follow-up,15,2026-09-21,443,403,496,60,53,0.82,"SRC_SYNTH_REFERRALS,SRC_SYNTH_REFERRAL_TRIAGE,SRC_SYNTH_WAITLIST_SNAPSHOTS,SRC_SYNTH_CLINIC_TEMPLATES,SRC_SYNTH_PROVIDER_AVAILABILITY,SRC_SYNTH_NO_SHOW_LATE_CANCEL,SRC_SYNTH_DIAGNOSTIC_READINESS,SRC_SYNTH_HR_SHIFT_ROSTER,SRC_SYNTH_FINANCE_RESOURCE_ENVELOPE,SRC_OPEN_RESPIRATORY_VIRUS_DASHBOARD,SRC_OPEN_AQHI_SMOKE_CONTEXT,SRC_OPEN_SCHOOL_HOLIDAY_CALENDAR,SRC_OPEN_STATCAN_PED_POPULATION",modelled,ready
SITE_PROV_NETWORK,Provincial pediatric network,post_discharge_follow_up,Post-discharge follow-up,16,2026-09-28,448,408,502,60,53,0.82,"SRC_SYNTH_REFERRALS,SRC_SYNTH_REFERRAL_TRIAGE,SRC_SYNTH_WAITLIST_SNAPSHOTS,SRC_SYNTH_CLINIC_TEMPLATES,SRC_SYNTH_PROVIDER_AVAILABILITY,SRC_SYNTH_NO_SHOW_LATE_CANCEL,SRC_SYNTH_DIAGNOSTIC_READINESS,SRC_SYNTH_HR_SHIFT_ROSTER,SRC_SYNTH_FINANCE_RESOURCE_ENVELOPE,SRC_OPEN_RESPIRATORY_VIRUS_DASHBOARD,SRC_OPEN_AQHI_SMOKE_CONTEXT,SRC_OPEN_SCHOOL_HOLIDAY_CALENDAR,SRC_OPEN_STATCAN_PED_POPULATION",modelled,ready
SITE_PROV_NETWORK,Provincial pediatric network,post_discharge_follow_up,Post-discharge follow-up,17,2026-10-05,454,413,508,61,54,0.82,"SRC_SYNTH_REFERRALS,SRC_SYNTH_REFERRAL_TRIAGE,SRC_SYNTH_WAITLIST_SNAPSHOTS,SRC_SYNTH_CLINIC_TEMPLATES,SRC_SYNTH_PROVIDER_AVAILABILITY,SRC_SYNTH_NO_SHOW_LATE_CANCEL,SRC_SYNTH_DIAGNOSTIC_READINESS,SRC_SYNTH_HR_SHIFT_ROSTER,SRC_SYNTH_FINANCE_RESOURCE_ENVELOPE,SRC_OPEN_RESPIRATORY_VIRUS_DASHBOARD,SRC_OPEN_AQHI_SMOKE_CONTEXT,SRC_OPEN_SCHOOL_HOLIDAY_CALENDAR,SRC_OPEN_STATCAN_PED_POPULATION",modelled,ready
SITE_PROV_NETWORK,Provincial pediatric network,post_discharge_follow_up,Post-discharge follow-up,18,2026-10-12,461,420,516,62,54,0.82,"SRC_SYNTH_REFERRALS,SRC_SYNTH_REFERRAL_TRIAGE,SRC_SYNTH_WAITLIST_SNAPSHOTS,SRC_SYNTH_CLINIC_TEMPLATES,SRC_SYNTH_PROVIDER_AVAILABILITY,SRC_SYNTH_NO_SHOW_LATE_CANCEL,SRC_SYNTH_DIAGNOSTIC_READINESS,SRC_SYNTH_HR_SHIFT_ROSTER,SRC_SYNTH_FINANCE_RESOURCE_ENVELOPE,SRC_OPEN_RESPIRATORY_VIRUS_DASHBOARD,SRC_OPEN_AQHI_SMOKE_CONTEXT,SRC_OPEN_SCHOOL_HOLIDAY_CALENDAR,SRC_OPEN_STATCAN_PED_POPULATION",modelled,ready
SITE_PROV_NETWORK,Provincial pediatric network,post_discharge_follow_up,Post-discharge follow-up,19,2026-10-19,470,428,526,62,54,0.82,"SRC_SYNTH_REFERRALS,SRC_SYNTH_REFERRAL_TRIAGE,SRC_SYNTH_WAITLIST_SNAPSHOTS,SRC_SYNTH_CLINIC_TEMPLATES,SRC_SYNTH_PROVIDER_AVAILABILITY,SRC_SYNTH_NO_SHOW_LATE_CANCEL,SRC_SYNTH_DIAGNOSTIC_READINESS,SRC_SYNTH_HR_SHIFT_ROSTER,SRC_SYNTH_FINANCE_RESOURCE_ENVELOPE,SRC_OPEN_RESPIRATORY_VIRUS_DASHBOARD,SRC_OPEN_AQHI_SMOKE_CONTEXT,SRC_OPEN_SCHOOL_HOLIDAY_CALENDAR,SRC_OPEN_STATCAN_PED_POPULATION",modelled,ready
SITE_PROV_NETWORK,Provincial pediatric network,post_discharge_follow_up,Post-discharge follow-up,20,2026-10-26,479,436,536,63,54,0.82,"SRC_SYNTH_REFERRALS,SRC_SYNTH_REFERRAL_TRIAGE,SRC_SYNTH_WAITLIST_SNAPSHOTS,SRC_SYNTH_CLINIC_TEMPLATES,SRC_SYNTH_PROVIDER_AVAILABILITY,SRC_SYNTH_NO_SHOW_LATE_CANCEL,SRC_SYNTH_DIAGNOSTIC_READINESS,SRC_SYNTH_HR_SHIFT_ROSTER,SRC_SYNTH_FINANCE_RESOURCE_ENVELOPE,SRC_OPEN_RESPIRATORY_VIRUS_DASHBOARD,SRC_OPEN_AQHI_SMOKE_CONTEXT,SRC_OPEN_SCHOOL_HOLIDAY_CALENDAR,SRC_OPEN_STATCAN_PED_POPULATION",modelled,ready
SITE_PROV_NETWORK,Provincial pediatric network,post_discharge_follow_up,Post-discharge follow-up,21,2026-11-02,488,444,547,64,55,0.82,"SRC_SYNTH_REFERRALS,SRC_SYNTH_REFERRAL_TRIAGE,SRC_SYNTH_WAITLIST_SNAPSHOTS,SRC_SYNTH_CLINIC_TEMPLATES,SRC_SYNTH_PROVIDER_AVAILABILITY,SRC_SYNTH_NO_SHOW_LATE_CANCEL,SRC_SYNTH_DIAGNOSTIC_READINESS,SRC_SYNTH_HR_SHIFT_ROSTER,SRC_SYNTH_FINANCE_RESOURCE_ENVELOPE,SRC_OPEN_RESPIRATORY_VIRUS_DASHBOARD,SRC_OPEN_AQHI_SMOKE_CONTEXT,SRC_OPEN_SCHOOL_HOLIDAY_CALENDAR,SRC_OPEN_STATCAN_PED_POPULATION",modelled,ready
SITE_PROV_NETWORK,Provincial pediatric network,post_discharge_follow_up,Post-discharge follow-up,22,2026-11-09,498,453,558,65,55,0.82,"SRC_SYNTH_REFERRALS,SRC_SYNTH_REFERRAL_TRIAGE,SRC_SYNTH_WAITLIST_SNAPSHOTS,SRC_SYNTH_CLINIC_TEMPLATES,SRC_SYNTH_PROVIDER_AVAILABILITY,SRC_SYNTH_NO_SHOW_LATE_CANCEL,SRC_SYNTH_DIAGNOSTIC_READINESS,SRC_SYNTH_HR_SHIFT_ROSTER,SRC_SYNTH_FINANCE_RESOURCE_ENVELOPE,SRC_OPEN_RESPIRATORY_VIRUS_DASHBOARD,SRC_OPEN_AQHI_SMOKE_CONTEXT,SRC_OPEN_SCHOOL_HOLIDAY_CALENDAR,SRC_OPEN_STATCAN_PED_POPULATION",modelled,ready
SITE_PROV_NETWORK,Provincial pediatric network,post_discharge_follow_up,Post-discharge follow-up,23,2026-11-16,508,462,569,66,55,0.82,"SRC_SYNTH_REFERRALS,SRC_SYNTH_REFERRAL_TRIAGE,SRC_SYNTH_WAITLIST_SNAPSHOTS,SRC_SYNTH_CLINIC_TEMPLATES,SRC_SYNTH_PROVIDER_AVAILABILITY,SRC_SYNTH_NO_SHOW_LATE_CANCEL,SRC_SYNTH_DIAGNOSTIC_READINESS,SRC_SYNTH_HR_SHIFT_ROSTER,SRC_SYNTH_FINANCE_RESOURCE_ENVELOPE,SRC_OPEN_RESPIRATORY_VIRUS_DASHBOARD,SRC_OPEN_AQHI_SMOKE_CONTEXT,SRC_OPEN_SCHOOL_HOLIDAY_CALENDAR,SRC_OPEN_STATCAN_PED_POPULATION",modelled,ready
SITE_PROV_NETWORK,Provincial pediatric network,post_discharge_follow_up,Post-discharge follow-up,24,2026-11-23,518,471,580,67,56,0.82,"SRC_SYNTH_REFERRALS,SRC_SYNTH_REFERRAL_TRIAGE,SRC_SYNTH_WAITLIST_SNAPSHOTS,SRC_SYNTH_CLINIC_TEMPLATES,SRC_SYNTH_PROVIDER_AVAILABILITY,SRC_SYNTH_NO_SHOW_LATE_CANCEL,SRC_SYNTH_DIAGNOSTIC_READINESS,SRC_SYNTH_HR_SHIFT_ROSTER,SRC_SYNTH_FINANCE_RESOURCE_ENVELOPE,SRC_OPEN_RESPIRATORY_VIRUS_DASHBOARD,SRC_OPEN_AQHI_SMOKE_CONTEXT,SRC_OPEN_SCHOOL_HOLIDAY_CALENDAR,SRC_OPEN_STATCAN_PED_POPULATION",modelled,ready
SITE_PROV_NETWORK,Provincial pediatric network,post_discharge_follow_up,Post-discharge follow-up,25,2026-11-30,527,480,590,67,56,0.82,"SRC_SYNTH_REFERRALS,SRC_SYNTH_REFERRAL_TRIAGE,SRC_SYNTH_WAITLIST_SNAPSHOTS,SRC_SYNTH_CLINIC_TEMPLATES,SRC_SYNTH_PROVIDER_AVAILABILITY,SRC_SYNTH_NO_SHOW_LATE_CANCEL,SRC_SYNTH_DIAGNOSTIC_READINESS,SRC_SYNTH_HR_SHIFT_ROSTER,SRC_SYNTH_FINANCE_RESOURCE_ENVELOPE,SRC_OPEN_RESPIRATORY_VIRUS_DASHBOARD,SRC_OPEN_AQHI_SMOKE_CONTEXT,SRC_OPEN_SCHOOL_HOLIDAY_CALENDAR,SRC_OPEN_STATCAN_PED_POPULATION",modelled,ready
SITE_PROV_NETWORK,Provincial pediatric network,post_discharge_follow_up,Post-discharge follow-up,26,2026-12-07,536,488,600,68,56,0.82,"SRC_SYNTH_REFERRALS,SRC_SYNTH_REFERRAL_TRIAGE,SRC_SYNTH_WAITLIST_SNAPSHOTS,SRC_SYNTH_CLINIC_TEMPLATES,SRC_SYNTH_PROVIDER_AVAILABILITY,SRC_SYNTH_NO_SHOW_LATE_CANCEL,SRC_SYNTH_DIAGNOSTIC_READINESS,SRC_SYNTH_HR_SHIFT_ROSTER,SRC_SYNTH_FINANCE_RESOURCE_ENVELOPE,SRC_OPEN_RESPIRATORY_VIRUS_DASHBOARD,SRC_OPEN_AQHI_SMOKE_CONTEXT,SRC_OPEN_SCHOOL_HOLIDAY_CALENDAR,SRC_OPEN_STATCAN_PED_POPULATION",modelled,ready
SITE_PROV_NETWORK,Provincial pediatric network,virtual_outreach,Virtual/outreach,1,2026-06-15,403,367,451,51,41,0.835,"SRC_SYNTH_REFERRALS,SRC_SYNTH_REFERRAL_TRIAGE,SRC_SYNTH_WAITLIST_SNAPSHOTS,SRC_SYNTH_CLINIC_TEMPLATES,SRC_SYNTH_PROVIDER_AVAILABILITY,SRC_SYNTH_NO_SHOW_LATE_CANCEL,SRC_SYNTH_DIAGNOSTIC_READINESS,SRC_SYNTH_HR_SHIFT_ROSTER,SRC_SYNTH_FINANCE_RESOURCE_ENVELOPE,SRC_OPEN_RESPIRATORY_VIRUS_DASHBOARD,SRC_OPEN_AQHI_SMOKE_CONTEXT,SRC_OPEN_SCHOOL_HOLIDAY_CALENDAR,SRC_OPEN_STATCAN_PED_POPULATION",modelled,review
SITE_PROV_NETWORK,Provincial pediatric network,virtual_outreach,Virtual/outreach,2,2026-06-22,400,364,448,52,41,0.835,"SRC_SYNTH_REFERRALS,SRC_SYNTH_REFERRAL_TRIAGE,SRC_SYNTH_WAITLIST_SNAPSHOTS,SRC_SYNTH_CLINIC_TEMPLATES,SRC_SYNTH_PROVIDER_AVAILABILITY,SRC_SYNTH_NO_SHOW_LATE_CANCEL,SRC_SYNTH_DIAGNOSTIC_READINESS,SRC_SYNTH_HR_SHIFT_ROSTER,SRC_SYNTH_FINANCE_RESOURCE_ENVELOPE,SRC_OPEN_RESPIRATORY_VIRUS_DASHBOARD,SRC_OPEN_AQHI_SMOKE_CONTEXT,SRC_OPEN_SCHOOL_HOLIDAY_CALENDAR,SRC_OPEN_STATCAN_PED_POPULATION",modelled,review
SITE_PROV_NETWORK,Provincial pediatric network,virtual_outreach,Virtual/outreach,3,2026-06-29,397,361,445,52,41,0.835,"SRC_SYNTH_REFERRALS,SRC_SYNTH_REFERRAL_TRIAGE,SRC_SYNTH_WAITLIST_SNAPSHOTS,SRC_SYNTH_CLINIC_TEMPLATES,SRC_SYNTH_PROVIDER_AVAILABILITY,SRC_SYNTH_NO_SHOW_LATE_CANCEL,SRC_SYNTH_DIAGNOSTIC_READINESS,SRC_SYNTH_HR_SHIFT_ROSTER,SRC_SYNTH_FINANCE_RESOURCE_ENVELOPE,SRC_OPEN_RESPIRATORY_VIRUS_DASHBOARD,SRC_OPEN_AQHI_SMOKE_CONTEXT,SRC_OPEN_SCHOOL_HOLIDAY_CALENDAR,SRC_OPEN_STATCAN_PED_POPULATION",modelled,review
SITE_PROV_NETWORK,Provincial pediatric network,virtual_outreach,Virtual/outreach,4,2026-07-06,394,359,441,52,42,0.835,"SRC_SYNTH_REFERRALS,SRC_SYNTH_REFERRAL_TRIAGE,SRC_SYNTH_WAITLIST_SNAPSHOTS,SRC_SYNTH_CLINIC_TEMPLATES,SRC_SYNTH_PROVIDER_AVAILABILITY,SRC_SYNTH_NO_SHOW_LATE_CANCEL,SRC_SYNTH_DIAGNOSTIC_READINESS,SRC_SYNTH_HR_SHIFT_ROSTER,SRC_SYNTH_FINANCE_RESOURCE_ENVELOPE,SRC_OPEN_RESPIRATORY_VIRUS_DASHBOARD,SRC_OPEN_AQHI_SMOKE_CONTEXT,SRC_OPEN_SCHOOL_HOLIDAY_CALENDAR,SRC_OPEN_STATCAN_PED_POPULATION",modelled,review
SITE_PROV_NETWORK,Provincial pediatric network,virtual_outreach,Virtual/outreach,5,2026-07-13,390,355,437,52,42,0.835,"SRC_SYNTH_REFERRALS,SRC_SYNTH_REFERRAL_TRIAGE,SRC_SYNTH_WAITLIST_SNAPSHOTS,SRC_SYNTH_CLINIC_TEMPLATES,SRC_SYNTH_PROVIDER_AVAILABILITY,SRC_SYNTH_NO_SHOW_LATE_CANCEL,SRC_SYNTH_DIAGNOSTIC_READINESS,SRC_SYNTH_HR_SHIFT_ROSTER,SRC_SYNTH_FINANCE_RESOURCE_ENVELOPE,SRC_OPEN_RESPIRATORY_VIRUS_DASHBOARD,SRC_OPEN_AQHI_SMOKE_CONTEXT,SRC_OPEN_SCHOOL_HOLIDAY_CALENDAR,SRC_OPEN_STATCAN_PED_POPULATION",modelled,review
SITE_PROV_NETWORK,Provincial pediatric network,virtual_outreach,Virtual/outreach,6,2026-07-20,387,352,433,52,42,0.835,"SRC_SYNTH_REFERRALS,SRC_SYNTH_REFERRAL_TRIAGE,SRC_SYNTH_WAITLIST_SNAPSHOTS,SRC_SYNTH_CLINIC_TEMPLATES,SRC_SYNTH_PROVIDER_AVAILABILITY,SRC_SYNTH_NO_SHOW_LATE_CANCEL,SRC_SYNTH_DIAGNOSTIC_READINESS,SRC_SYNTH_HR_SHIFT_ROSTER,SRC_SYNTH_FINANCE_RESOURCE_ENVELOPE,SRC_OPEN_RESPIRATORY_VIRUS_DASHBOARD,SRC_OPEN_AQHI_SMOKE_CONTEXT,SRC_OPEN_SCHOOL_HOLIDAY_CALENDAR,SRC_OPEN_STATCAN_PED_POPULATION",modelled,review
SITE_PROV_NETWORK,Provincial pediatric network,virtual_outreach,Virtual/outreach,7,2026-07-27,384,349,430,52,42,0.835,"SRC_SYNTH_REFERRALS,SRC_SYNTH_REFERRAL_TRIAGE,SRC_SYNTH_WAITLIST_SNAPSHOTS,SRC_SYNTH_CLINIC_TEMPLATES,SRC_SYNTH_PROVIDER_AVAILABILITY,SRC_SYNTH_NO_SHOW_LATE_CANCEL,SRC_SYNTH_DIAGNOSTIC_READINESS,SRC_SYNTH_HR_SHIFT_ROSTER,SRC_SYNTH_FINANCE_RESOURCE_ENVELOPE,SRC_OPEN_RESPIRATORY_VIRUS_DASHBOARD,SRC_OPEN_AQHI_SMOKE_CONTEXT,SRC_OPEN_SCHOOL_HOLIDAY_CALENDAR,SRC_OPEN_STATCAN_PED_POPULATION",modelled,review
SITE_PROV_NETWORK,Provincial pediatric network,virtual_outreach,Virtual/outreach,8,2026-08-03,381,347,427,52,42,0.835,"SRC_SYNTH_REFERRALS,SRC_SYNTH_REFERRAL_TRIAGE,SRC_SYNTH_WAITLIST_SNAPSHOTS,SRC_SYNTH_CLINIC_TEMPLATES,SRC_SYNTH_PROVIDER_AVAILABILITY,SRC_SYNTH_NO_SHOW_LATE_CANCEL,SRC_SYNTH_DIAGNOSTIC_READINESS,SRC_SYNTH_HR_SHIFT_ROSTER,SRC_SYNTH_FINANCE_RESOURCE_ENVELOPE,SRC_OPEN_RESPIRATORY_VIRUS_DASHBOARD,SRC_OPEN_AQHI_SMOKE_CONTEXT,SRC_OPEN_SCHOOL_HOLIDAY_CALENDAR,SRC_OPEN_STATCAN_PED_POPULATION",modelled,review
SITE_PROV_NETWORK,Provincial pediatric network,virtual_outreach,Virtual/outreach,9,2026-08-10,379,345,424,52,42,0.835,"SRC_SYNTH_REFERRALS,SRC_SYNTH_REFERRAL_TRIAGE,SRC_SYNTH_WAITLIST_SNAPSHOTS,SRC_SYNTH_CLINIC_TEMPLATES,SRC_SYNTH_PROVIDER_AVAILABILITY,SRC_SYNTH_NO_SHOW_LATE_CANCEL,SRC_SYNTH_DIAGNOSTIC_READINESS,SRC_SYNTH_HR_SHIFT_ROSTER,SRC_SYNTH_FINANCE_RESOURCE_ENVELOPE,SRC_OPEN_RESPIRATORY_VIRUS_DASHBOARD,SRC_OPEN_AQHI_SMOKE_CONTEXT,SRC_OPEN_SCHOOL_HOLIDAY_CALENDAR,SRC_OPEN_STATCAN_PED_POPULATION",modelled,review
SITE_PROV_NETWORK,Provincial pediatric network,virtual_outreach,Virtual/outreach,10,2026-08-17,378,344,423,53,43,0.835,"SRC_SYNTH_REFERRALS,SRC_SYNTH_REFERRAL_TRIAGE,SRC_SYNTH_WAITLIST_SNAPSHOTS,SRC_SYNTH_CLINIC_TEMPLATES,SRC_SYNTH_PROVIDER_AVAILABILITY,SRC_SYNTH_NO_SHOW_LATE_CANCEL,SRC_SYNTH_DIAGNOSTIC_READINESS,SRC_SYNTH_HR_SHIFT_ROSTER,SRC_SYNTH_FINANCE_RESOURCE_ENVELOPE,SRC_OPEN_RESPIRATORY_VIRUS_DASHBOARD,SRC_OPEN_AQHI_SMOKE_CONTEXT,SRC_OPEN_SCHOOL_HOLIDAY_CALENDAR,SRC_OPEN_STATCAN_PED_POPULATION",modelled,review
SITE_PROV_NETWORK,Provincial pediatric network,virtual_outreach,Virtual/outreach,11,2026-08-24,378,344,423,53,43,0.835,"SRC_SYNTH_REFERRALS,SRC_SYNTH_REFERRAL_TRIAGE,SRC_SYNTH_WAITLIST_SNAPSHOTS,SRC_SYNTH_CLINIC_TEMPLATES,SRC_SYNTH_PROVIDER_AVAILABILITY,SRC_SYNTH_NO_SHOW_LATE_CANCEL,SRC_SYNTH_DIAGNOSTIC_READINESS,SRC_SYNTH_HR_SHIFT_ROSTER,SRC_SYNTH_FINANCE_RESOURCE_ENVELOPE,SRC_OPEN_RESPIRATORY_VIRUS_DASHBOARD,SRC_OPEN_AQHI_SMOKE_CONTEXT,SRC_OPEN_SCHOOL_HOLIDAY_CALENDAR,SRC_OPEN_STATCAN_PED_POPULATION",modelled,review
SITE_PROV_NETWORK,Provincial pediatric network,virtual_outreach,Virtual/outreach,12,2026-08-31,379,345,424,53,43,0.835,"SRC_SYNTH_REFERRALS,SRC_SYNTH_REFERRAL_TRIAGE,SRC_SYNTH_WAITLIST_SNAPSHOTS,SRC_SYNTH_CLINIC_TEMPLATES,SRC_SYNTH_PROVIDER_AVAILABILITY,SRC_SYNTH_NO_SHOW_LATE_CANCEL,SRC_SYNTH_DIAGNOSTIC_READINESS,SRC_SYNTH_HR_SHIFT_ROSTER,SRC_SYNTH_FINANCE_RESOURCE_ENVELOPE,SRC_OPEN_RESPIRATORY_VIRUS_DASHBOARD,SRC_OPEN_AQHI_SMOKE_CONTEXT,SRC_OPEN_SCHOOL_HOLIDAY_CALENDAR,SRC_OPEN_STATCAN_PED_POPULATION",modelled,review
SITE_PROV_NETWORK,Provincial pediatric network,virtual_outreach,Virtual/outreach,13,2026-09-07,382,348,428,54,43,0.835,"SRC_SYNTH_REFERRALS,SRC_SYNTH_REFERRAL_TRIAGE,SRC_SYNTH_WAITLIST_SNAPSHOTS,SRC_SYNTH_CLINIC_TEMPLATES,SRC_SYNTH_PROVIDER_AVAILABILITY,SRC_SYNTH_NO_SHOW_LATE_CANCEL,SRC_SYNTH_DIAGNOSTIC_READINESS,SRC_SYNTH_HR_SHIFT_ROSTER,SRC_SYNTH_FINANCE_RESOURCE_ENVELOPE,SRC_OPEN_RESPIRATORY_VIRUS_DASHBOARD,SRC_OPEN_AQHI_SMOKE_CONTEXT,SRC_OPEN_SCHOOL_HOLIDAY_CALENDAR,SRC_OPEN_STATCAN_PED_POPULATION",modelled,review
SITE_PROV_NETWORK,Provincial pediatric network,virtual_outreach,Virtual/outreach,14,2026-09-14,385,350,431,54,43,0.835,"SRC_SYNTH_REFERRALS,SRC_SYNTH_REFERRAL_TRIAGE,SRC_SYNTH_WAITLIST_SNAPSHOTS,SRC_SYNTH_CLINIC_TEMPLATES,SRC_SYNTH_PROVIDER_AVAILABILITY,SRC_SYNTH_NO_SHOW_LATE_CANCEL,SRC_SYNTH_DIAGNOSTIC_READINESS,SRC_SYNTH_HR_SHIFT_ROSTER,SRC_SYNTH_FINANCE_RESOURCE_ENVELOPE,SRC_OPEN_RESPIRATORY_VIRUS_DASHBOARD,SRC_OPEN_AQHI_SMOKE_CONTEXT,SRC_OPEN_SCHOOL_HOLIDAY_CALENDAR,SRC_OPEN_STATCAN_PED_POPULATION",modelled,review
SITE_PROV_NETWORK,Provincial pediatric network,virtual_outreach,Virtual/outreach,15,2026-09-21,389,354,436,55,43,0.835,"SRC_SYNTH_REFERRALS,SRC_SYNTH_REFERRAL_TRIAGE,SRC_SYNTH_WAITLIST_SNAPSHOTS,SRC_SYNTH_CLINIC_TEMPLATES,SRC_SYNTH_PROVIDER_AVAILABILITY,SRC_SYNTH_NO_SHOW_LATE_CANCEL,SRC_SYNTH_DIAGNOSTIC_READINESS,SRC_SYNTH_HR_SHIFT_ROSTER,SRC_SYNTH_FINANCE_RESOURCE_ENVELOPE,SRC_OPEN_RESPIRATORY_VIRUS_DASHBOARD,SRC_OPEN_AQHI_SMOKE_CONTEXT,SRC_OPEN_SCHOOL_HOLIDAY_CALENDAR,SRC_OPEN_STATCAN_PED_POPULATION",modelled,review
SITE_PROV_NETWORK,Provincial pediatric network,virtual_outreach,Virtual/outreach,16,2026-09-28,395,359,442,56,43,0.835,"SRC_SYNTH_REFERRALS,SRC_SYNTH_REFERRAL_TRIAGE,SRC_SYNTH_WAITLIST_SNAPSHOTS,SRC_SYNTH_CLINIC_TEMPLATES,SRC_SYNTH_PROVIDER_AVAILABILITY,SRC_SYNTH_NO_SHOW_LATE_CANCEL,SRC_SYNTH_DIAGNOSTIC_READINESS,SRC_SYNTH_HR_SHIFT_ROSTER,SRC_SYNTH_FINANCE_RESOURCE_ENVELOPE,SRC_OPEN_RESPIRATORY_VIRUS_DASHBOARD,SRC_OPEN_AQHI_SMOKE_CONTEXT,SRC_OPEN_SCHOOL_HOLIDAY_CALENDAR,SRC_OPEN_STATCAN_PED_POPULATION",modelled,review
SITE_PROV_NETWORK,Provincial pediatric network,virtual_outreach,Virtual/outreach,17,2026-10-05,401,365,449,56,44,0.835,"SRC_SYNTH_REFERRALS,SRC_SYNTH_REFERRAL_TRIAGE,SRC_SYNTH_WAITLIST_SNAPSHOTS,SRC_SYNTH_CLINIC_TEMPLATES,SRC_SYNTH_PROVIDER_AVAILABILITY,SRC_SYNTH_NO_SHOW_LATE_CANCEL,SRC_SYNTH_DIAGNOSTIC_READINESS,SRC_SYNTH_HR_SHIFT_ROSTER,SRC_SYNTH_FINANCE_RESOURCE_ENVELOPE,SRC_OPEN_RESPIRATORY_VIRUS_DASHBOARD,SRC_OPEN_AQHI_SMOKE_CONTEXT,SRC_OPEN_SCHOOL_HOLIDAY_CALENDAR,SRC_OPEN_STATCAN_PED_POPULATION",modelled,review
SITE_PROV_NETWORK,Provincial pediatric network,virtual_outreach,Virtual/outreach,18,2026-10-12,409,372,458,57,44,0.835,"SRC_SYNTH_REFERRALS,SRC_SYNTH_REFERRAL_TRIAGE,SRC_SYNTH_WAITLIST_SNAPSHOTS,SRC_SYNTH_CLINIC_TEMPLATES,SRC_SYNTH_PROVIDER_AVAILABILITY,SRC_SYNTH_NO_SHOW_LATE_CANCEL,SRC_SYNTH_DIAGNOSTIC_READINESS,SRC_SYNTH_HR_SHIFT_ROSTER,SRC_SYNTH_FINANCE_RESOURCE_ENVELOPE,SRC_OPEN_RESPIRATORY_VIRUS_DASHBOARD,SRC_OPEN_AQHI_SMOKE_CONTEXT,SRC_OPEN_SCHOOL_HOLIDAY_CALENDAR,SRC_OPEN_STATCAN_PED_POPULATION",modelled,review
SITE_PROV_NETWORK,Provincial pediatric network,virtual_outreach,Virtual/outreach,19,2026-10-19,416,379,466,58,44,0.835,"SRC_SYNTH_REFERRALS,SRC_SYNTH_REFERRAL_TRIAGE,SRC_SYNTH_WAITLIST_SNAPSHOTS,SRC_SYNTH_CLINIC_TEMPLATES,SRC_SYNTH_PROVIDER_AVAILABILITY,SRC_SYNTH_NO_SHOW_LATE_CANCEL,SRC_SYNTH_DIAGNOSTIC_READINESS,SRC_SYNTH_HR_SHIFT_ROSTER,SRC_SYNTH_FINANCE_RESOURCE_ENVELOPE,SRC_OPEN_RESPIRATORY_VIRUS_DASHBOARD,SRC_OPEN_AQHI_SMOKE_CONTEXT,SRC_OPEN_SCHOOL_HOLIDAY_CALENDAR,SRC_OPEN_STATCAN_PED_POPULATION",modelled,review
SITE_PROV_NETWORK,Provincial pediatric network,virtual_outreach,Virtual/outreach,20,2026-10-26,425,387,476,59,44,0.835,"SRC_SYNTH_REFERRALS,SRC_SYNTH_REFERRAL_TRIAGE,SRC_SYNTH_WAITLIST_SNAPSHOTS,SRC_SYNTH_CLINIC_TEMPLATES,SRC_SYNTH_PROVIDER_AVAILABILITY,SRC_SYNTH_NO_SHOW_LATE_CANCEL,SRC_SYNTH_DIAGNOSTIC_READINESS,SRC_SYNTH_HR_SHIFT_ROSTER,SRC_SYNTH_FINANCE_RESOURCE_ENVELOPE,SRC_OPEN_RESPIRATORY_VIRUS_DASHBOARD,SRC_OPEN_AQHI_SMOKE_CONTEXT,SRC_OPEN_SCHOOL_HOLIDAY_CALENDAR,SRC_OPEN_STATCAN_PED_POPULATION",modelled,review
SITE_PROV_NETWORK,Provincial pediatric network,virtual_outreach,Virtual/outreach,21,2026-11-02,434,395,486,59,44,0.835,"SRC_SYNTH_REFERRALS,SRC_SYNTH_REFERRAL_TRIAGE,SRC_SYNTH_WAITLIST_SNAPSHOTS,SRC_SYNTH_CLINIC_TEMPLATES,SRC_SYNTH_PROVIDER_AVAILABILITY,SRC_SYNTH_NO_SHOW_LATE_CANCEL,SRC_SYNTH_DIAGNOSTIC_READINESS,SRC_SYNTH_HR_SHIFT_ROSTER,SRC_SYNTH_FINANCE_RESOURCE_ENVELOPE,SRC_OPEN_RESPIRATORY_VIRUS_DASHBOARD,SRC_OPEN_AQHI_SMOKE_CONTEXT,SRC_OPEN_SCHOOL_HOLIDAY_CALENDAR,SRC_OPEN_STATCAN_PED_POPULATION",modelled,review
SITE_PROV_NETWORK,Provincial pediatric network,virtual_outreach,Virtual/outreach,22,2026-11-09,442,402,495,60,44,0.835,"SRC_SYNTH_REFERRALS,SRC_SYNTH_REFERRAL_TRIAGE,SRC_SYNTH_WAITLIST_SNAPSHOTS,SRC_SYNTH_CLINIC_TEMPLATES,SRC_SYNTH_PROVIDER_AVAILABILITY,SRC_SYNTH_NO_SHOW_LATE_CANCEL,SRC_SYNTH_DIAGNOSTIC_READINESS,SRC_SYNTH_HR_SHIFT_ROSTER,SRC_SYNTH_FINANCE_RESOURCE_ENVELOPE,SRC_OPEN_RESPIRATORY_VIRUS_DASHBOARD,SRC_OPEN_AQHI_SMOKE_CONTEXT,SRC_OPEN_SCHOOL_HOLIDAY_CALENDAR,SRC_OPEN_STATCAN_PED_POPULATION",modelled,review
SITE_PROV_NETWORK,Provincial pediatric network,virtual_outreach,Virtual/outreach,23,2026-11-16,451,410,505,61,44,0.835,"SRC_SYNTH_REFERRALS,SRC_SYNTH_REFERRAL_TRIAGE,SRC_SYNTH_WAITLIST_SNAPSHOTS,SRC_SYNTH_CLINIC_TEMPLATES,SRC_SYNTH_PROVIDER_AVAILABILITY,SRC_SYNTH_NO_SHOW_LATE_CANCEL,SRC_SYNTH_DIAGNOSTIC_READINESS,SRC_SYNTH_HR_SHIFT_ROSTER,SRC_SYNTH_FINANCE_RESOURCE_ENVELOPE,SRC_OPEN_RESPIRATORY_VIRUS_DASHBOARD,SRC_OPEN_AQHI_SMOKE_CONTEXT,SRC_OPEN_SCHOOL_HOLIDAY_CALENDAR,SRC_OPEN_STATCAN_PED_POPULATION",modelled,review
SITE_PROV_NETWORK,Provincial pediatric network,virtual_outreach,Virtual/outreach,24,2026-11-23,459,418,514,62,45,0.835,"SRC_SYNTH_REFERRALS,SRC_SYNTH_REFERRAL_TRIAGE,SRC_SYNTH_WAITLIST_SNAPSHOTS,SRC_SYNTH_CLINIC_TEMPLATES,SRC_SYNTH_PROVIDER_AVAILABILITY,SRC_SYNTH_NO_SHOW_LATE_CANCEL,SRC_SYNTH_DIAGNOSTIC_READINESS,SRC_SYNTH_HR_SHIFT_ROSTER,SRC_SYNTH_FINANCE_RESOURCE_ENVELOPE,SRC_OPEN_RESPIRATORY_VIRUS_DASHBOARD,SRC_OPEN_AQHI_SMOKE_CONTEXT,SRC_OPEN_SCHOOL_HOLIDAY_CALENDAR,SRC_OPEN_STATCAN_PED_POPULATION",modelled,review
SITE_PROV_NETWORK,Provincial pediatric network,virtual_outreach,Virtual/outreach,25,2026-11-30,466,424,522,63,45,0.835,"SRC_SYNTH_REFERRALS,SRC_SYNTH_REFERRAL_TRIAGE,SRC_SYNTH_WAITLIST_SNAPSHOTS,SRC_SYNTH_CLINIC_TEMPLATES,SRC_SYNTH_PROVIDER_AVAILABILITY,SRC_SYNTH_NO_SHOW_LATE_CANCEL,SRC_SYNTH_DIAGNOSTIC_READINESS,SRC_SYNTH_HR_SHIFT_ROSTER,SRC_SYNTH_FINANCE_RESOURCE_ENVELOPE,SRC_OPEN_RESPIRATORY_VIRUS_DASHBOARD,SRC_OPEN_AQHI_SMOKE_CONTEXT,SRC_OPEN_SCHOOL_HOLIDAY_CALENDAR,SRC_OPEN_STATCAN_PED_POPULATION",modelled,review
SITE_PROV_NETWORK,Provincial pediatric network,virtual_outreach,Virtual/outreach,26,2026-12-07,473,430,530,63,45,0.835,"SRC_SYNTH_REFERRALS,SRC_SYNTH_REFERRAL_TRIAGE,SRC_SYNTH_WAITLIST_SNAPSHOTS,SRC_SYNTH_CLINIC_TEMPLATES,SRC_SYNTH_PROVIDER_AVAILABILITY,SRC_SYNTH_NO_SHOW_LATE_CANCEL,SRC_SYNTH_DIAGNOSTIC_READINESS,SRC_SYNTH_HR_SHIFT_ROSTER,SRC_SYNTH_FINANCE_RESOURCE_ENVELOPE,SRC_OPEN_RESPIRATORY_VIRUS_DASHBOARD,SRC_OPEN_AQHI_SMOKE_CONTEXT,SRC_OPEN_SCHOOL_HOLIDAY_CALENDAR,SRC_OPEN_STATCAN_PED_POPULATION",modelled,review
