site_id,service_id,service_line,unit_id,unit_name,hour,predicted_occupancy,lower,upper,predicted_admissions,predicted_discharges,staffing_gap_hours,source_ids,classification,source_readiness
SITE_STOLLERY_INSPIRED,general_pediatrics,General pediatrics,SITE_STOLLERY_INSPIRED_GENERAL_PEDIATRICS,General pediatrics unit,0,0.968,0.913,1.033,0,0,22.6,"SRC_SYNTH_UNIT_CENSUS_HOURLY,SRC_SYNTH_BED_STATUS,SRC_SYNTH_ED_VISITS,SRC_SYNTH_TRANSFER_REQUESTS,SRC_SYNTH_DISCHARGE_BARRIERS,SRC_SYNTH_HR_SHIFT_ROSTER,SRC_SYNTH_FINANCE_COST_CENTER,SRC_OPEN_RESPIRATORY_VIRUS_DASHBOARD,SRC_OPEN_AQHI_SMOKE_CONTEXT,SRC_OPEN_SCHOOL_HOLIDAY_CALENDAR,SRC_OPEN_STATCAN_PED_POPULATION",modelled,ready
SITE_STOLLERY_INSPIRED,general_pediatrics,General pediatrics,SITE_STOLLERY_INSPIRED_GENERAL_PEDIATRICS,General pediatrics unit,3,0.973,0.917,1.04,1,0,23.0,"SRC_SYNTH_UNIT_CENSUS_HOURLY,SRC_SYNTH_BED_STATUS,SRC_SYNTH_ED_VISITS,SRC_SYNTH_TRANSFER_REQUESTS,SRC_SYNTH_DISCHARGE_BARRIERS,SRC_SYNTH_HR_SHIFT_ROSTER,SRC_SYNTH_FINANCE_COST_CENTER,SRC_OPEN_RESPIRATORY_VIRUS_DASHBOARD,SRC_OPEN_AQHI_SMOKE_CONTEXT,SRC_OPEN_SCHOOL_HOLIDAY_CALENDAR,SRC_OPEN_STATCAN_PED_POPULATION",modelled,ready
SITE_STOLLERY_INSPIRED,general_pediatrics,General pediatrics,SITE_STOLLERY_INSPIRED_GENERAL_PEDIATRICS,General pediatrics unit,6,0.978,0.92,1.046,2,1,23.4,"SRC_SYNTH_UNIT_CENSUS_HOURLY,SRC_SYNTH_BED_STATUS,SRC_SYNTH_ED_VISITS,SRC_SYNTH_TRANSFER_REQUESTS,SRC_SYNTH_DISCHARGE_BARRIERS,SRC_SYNTH_HR_SHIFT_ROSTER,SRC_SYNTH_FINANCE_COST_CENTER,SRC_OPEN_RESPIRATORY_VIRUS_DASHBOARD,SRC_OPEN_AQHI_SMOKE_CONTEXT,SRC_OPEN_SCHOOL_HOLIDAY_CALENDAR,SRC_OPEN_STATCAN_PED_POPULATION",modelled,ready
SITE_STOLLERY_INSPIRED,general_pediatrics,General pediatrics,SITE_STOLLERY_INSPIRED_GENERAL_PEDIATRICS,General pediatrics unit,12,0.985,0.925,1.057,4,2,24.1,"SRC_SYNTH_UNIT_CENSUS_HOURLY,SRC_SYNTH_BED_STATUS,SRC_SYNTH_ED_VISITS,SRC_SYNTH_TRANSFER_REQUESTS,SRC_SYNTH_DISCHARGE_BARRIERS,SRC_SYNTH_HR_SHIFT_ROSTER,SRC_SYNTH_FINANCE_COST_CENTER,SRC_OPEN_RESPIRATORY_VIRUS_DASHBOARD,SRC_OPEN_AQHI_SMOKE_CONTEXT,SRC_OPEN_SCHOOL_HOLIDAY_CALENDAR,SRC_OPEN_STATCAN_PED_POPULATION",modelled,ready
SITE_STOLLERY_INSPIRED,general_pediatrics,General pediatrics,SITE_STOLLERY_INSPIRED_GENERAL_PEDIATRICS,General pediatrics unit,18,0.989,0.926,1.064,5,2,24.9,"SRC_SYNTH_UNIT_CENSUS_HOURLY,SRC_SYNTH_BED_STATUS,SRC_SYNTH_ED_VISITS,SRC_SYNTH_TRANSFER_REQUESTS,SRC_SYNTH_DISCHARGE_BARRIERS,SRC_SYNTH_HR_SHIFT_ROSTER,SRC_SYNTH_FINANCE_COST_CENTER,SRC_OPEN_RESPIRATORY_VIRUS_DASHBOARD,SRC_OPEN_AQHI_SMOKE_CONTEXT,SRC_OPEN_SCHOOL_HOLIDAY_CALENDAR,SRC_OPEN_STATCAN_PED_POPULATION",modelled,ready
SITE_STOLLERY_INSPIRED,general_pediatrics,General pediatrics,SITE_STOLLERY_INSPIRED_GENERAL_PEDIATRICS,General pediatrics unit,24,0.989,0.923,1.066,7,3,25.6,"SRC_SYNTH_UNIT_CENSUS_HOURLY,SRC_SYNTH_BED_STATUS,SRC_SYNTH_ED_VISITS,SRC_SYNTH_TRANSFER_REQUESTS,SRC_SYNTH_DISCHARGE_BARRIERS,SRC_SYNTH_HR_SHIFT_ROSTER,SRC_SYNTH_FINANCE_COST_CENTER,SRC_OPEN_RESPIRATORY_VIRUS_DASHBOARD,SRC_OPEN_AQHI_SMOKE_CONTEXT,SRC_OPEN_SCHOOL_HOLIDAY_CALENDAR,SRC_OPEN_STATCAN_PED_POPULATION",modelled,ready
SITE_STOLLERY_INSPIRED,general_pediatrics,General pediatrics,SITE_STOLLERY_INSPIRED_GENERAL_PEDIATRICS,General pediatrics unit,48,0.97,0.894,1.061,14,6,28.6,"SRC_SYNTH_UNIT_CENSUS_HOURLY,SRC_SYNTH_BED_STATUS,SRC_SYNTH_ED_VISITS,SRC_SYNTH_TRANSFER_REQUESTS,SRC_SYNTH_DISCHARGE_BARRIERS,SRC_SYNTH_HR_SHIFT_ROSTER,SRC_SYNTH_FINANCE_COST_CENTER,SRC_OPEN_RESPIRATORY_VIRUS_DASHBOARD,SRC_OPEN_AQHI_SMOKE_CONTEXT,SRC_OPEN_SCHOOL_HOLIDAY_CALENDAR,SRC_OPEN_STATCAN_PED_POPULATION",modelled,ready
SITE_STOLLERY_INSPIRED,general_pediatrics,General pediatrics,SITE_STOLLERY_INSPIRED_GENERAL_PEDIATRICS,General pediatrics unit,72,0.997,0.909,1.1,21,9,31.6,"SRC_SYNTH_UNIT_CENSUS_HOURLY,SRC_SYNTH_BED_STATUS,SRC_SYNTH_ED_VISITS,SRC_SYNTH_TRANSFER_REQUESTS,SRC_SYNTH_DISCHARGE_BARRIERS,SRC_SYNTH_HR_SHIFT_ROSTER,SRC_SYNTH_FINANCE_COST_CENTER,SRC_OPEN_RESPIRATORY_VIRUS_DASHBOARD,SRC_OPEN_AQHI_SMOKE_CONTEXT,SRC_OPEN_SCHOOL_HOLIDAY_CALENDAR,SRC_OPEN_STATCAN_PED_POPULATION",modelled,ready
SITE_STOLLERY_INSPIRED,respiratory,Respiratory,SITE_STOLLERY_INSPIRED_RESPIRATORY,Respiratory unit,0,1.041,0.986,1.106,0,0,36.0,"SRC_SYNTH_UNIT_CENSUS_HOURLY,SRC_SYNTH_BED_STATUS,SRC_SYNTH_ED_VISITS,SRC_SYNTH_TRANSFER_REQUESTS,SRC_SYNTH_DISCHARGE_BARRIERS,SRC_SYNTH_HR_SHIFT_ROSTER,SRC_SYNTH_FINANCE_COST_CENTER,SRC_OPEN_RESPIRATORY_VIRUS_DASHBOARD,SRC_OPEN_AQHI_SMOKE_CONTEXT,SRC_OPEN_SCHOOL_HOLIDAY_CALENDAR,SRC_OPEN_STATCAN_PED_POPULATION",modelled,review
SITE_STOLLERY_INSPIRED,respiratory,Respiratory,SITE_STOLLERY_INSPIRED_RESPIRATORY,Respiratory unit,3,1.046,0.99,1.113,1,0,36.6,"SRC_SYNTH_UNIT_CENSUS_HOURLY,SRC_SYNTH_BED_STATUS,SRC_SYNTH_ED_VISITS,SRC_SYNTH_TRANSFER_REQUESTS,SRC_SYNTH_DISCHARGE_BARRIERS,SRC_SYNTH_HR_SHIFT_ROSTER,SRC_SYNTH_FINANCE_COST_CENTER,SRC_OPEN_RESPIRATORY_VIRUS_DASHBOARD,SRC_OPEN_AQHI_SMOKE_CONTEXT,SRC_OPEN_SCHOOL_HOLIDAY_CALENDAR,SRC_OPEN_STATCAN_PED_POPULATION",modelled,review
SITE_STOLLERY_INSPIRED,respiratory,Respiratory,SITE_STOLLERY_INSPIRED_RESPIRATORY,Respiratory unit,6,1.051,0.993,1.119,2,1,37.2,"SRC_SYNTH_UNIT_CENSUS_HOURLY,SRC_SYNTH_BED_STATUS,SRC_SYNTH_ED_VISITS,SRC_SYNTH_TRANSFER_REQUESTS,SRC_SYNTH_DISCHARGE_BARRIERS,SRC_SYNTH_HR_SHIFT_ROSTER,SRC_SYNTH_FINANCE_COST_CENTER,SRC_OPEN_RESPIRATORY_VIRUS_DASHBOARD,SRC_OPEN_AQHI_SMOKE_CONTEXT,SRC_OPEN_SCHOOL_HOLIDAY_CALENDAR,SRC_OPEN_STATCAN_PED_POPULATION",modelled,review
SITE_STOLLERY_INSPIRED,respiratory,Respiratory,SITE_STOLLERY_INSPIRED_RESPIRATORY,Respiratory unit,12,1.058,0.997,1.129,4,2,38.4,"SRC_SYNTH_UNIT_CENSUS_HOURLY,SRC_SYNTH_BED_STATUS,SRC_SYNTH_ED_VISITS,SRC_SYNTH_TRANSFER_REQUESTS,SRC_SYNTH_DISCHARGE_BARRIERS,SRC_SYNTH_HR_SHIFT_ROSTER,SRC_SYNTH_FINANCE_COST_CENTER,SRC_OPEN_RESPIRATORY_VIRUS_DASHBOARD,SRC_OPEN_AQHI_SMOKE_CONTEXT,SRC_OPEN_SCHOOL_HOLIDAY_CALENDAR,SRC_OPEN_STATCAN_PED_POPULATION",modelled,review
SITE_STOLLERY_INSPIRED,respiratory,Respiratory,SITE_STOLLERY_INSPIRED_RESPIRATORY,Respiratory unit,18,1.06,0.997,1.135,5,2,39.6,"SRC_SYNTH_UNIT_CENSUS_HOURLY,SRC_SYNTH_BED_STATUS,SRC_SYNTH_ED_VISITS,SRC_SYNTH_TRANSFER_REQUESTS,SRC_SYNTH_DISCHARGE_BARRIERS,SRC_SYNTH_HR_SHIFT_ROSTER,SRC_SYNTH_FINANCE_COST_CENTER,SRC_OPEN_RESPIRATORY_VIRUS_DASHBOARD,SRC_OPEN_AQHI_SMOKE_CONTEXT,SRC_OPEN_SCHOOL_HOLIDAY_CALENDAR,SRC_OPEN_STATCAN_PED_POPULATION",modelled,review
SITE_STOLLERY_INSPIRED,respiratory,Respiratory,SITE_STOLLERY_INSPIRED_RESPIRATORY,Respiratory unit,24,1.059,0.993,1.136,7,3,40.8,"SRC_SYNTH_UNIT_CENSUS_HOURLY,SRC_SYNTH_BED_STATUS,SRC_SYNTH_ED_VISITS,SRC_SYNTH_TRANSFER_REQUESTS,SRC_SYNTH_DISCHARGE_BARRIERS,SRC_SYNTH_HR_SHIFT_ROSTER,SRC_SYNTH_FINANCE_COST_CENTER,SRC_OPEN_RESPIRATORY_VIRUS_DASHBOARD,SRC_OPEN_AQHI_SMOKE_CONTEXT,SRC_OPEN_SCHOOL_HOLIDAY_CALENDAR,SRC_OPEN_STATCAN_PED_POPULATION",modelled,review
SITE_STOLLERY_INSPIRED,respiratory,Respiratory,SITE_STOLLERY_INSPIRED_RESPIRATORY,Respiratory unit,48,1.046,0.969,1.137,14,6,45.6,"SRC_SYNTH_UNIT_CENSUS_HOURLY,SRC_SYNTH_BED_STATUS,SRC_SYNTH_ED_VISITS,SRC_SYNTH_TRANSFER_REQUESTS,SRC_SYNTH_DISCHARGE_BARRIERS,SRC_SYNTH_HR_SHIFT_ROSTER,SRC_SYNTH_FINANCE_COST_CENTER,SRC_OPEN_RESPIRATORY_VIRUS_DASHBOARD,SRC_OPEN_AQHI_SMOKE_CONTEXT,SRC_OPEN_SCHOOL_HOLIDAY_CALENDAR,SRC_OPEN_STATCAN_PED_POPULATION",modelled,review
SITE_STOLLERY_INSPIRED,respiratory,Respiratory,SITE_STOLLERY_INSPIRED_RESPIRATORY,Respiratory unit,72,1.081,0.993,1.184,21,9,50.4,"SRC_SYNTH_UNIT_CENSUS_HOURLY,SRC_SYNTH_BED_STATUS,SRC_SYNTH_ED_VISITS,SRC_SYNTH_TRANSFER_REQUESTS,SRC_SYNTH_DISCHARGE_BARRIERS,SRC_SYNTH_HR_SHIFT_ROSTER,SRC_SYNTH_FINANCE_COST_CENTER,SRC_OPEN_RESPIRATORY_VIRUS_DASHBOARD,SRC_OPEN_AQHI_SMOKE_CONTEXT,SRC_OPEN_SCHOOL_HOLIDAY_CALENDAR,SRC_OPEN_STATCAN_PED_POPULATION",modelled,review
SITE_STOLLERY_INSPIRED,surgery,Surgery,SITE_STOLLERY_INSPIRED_SURGERY,Surgery unit,0,0.883,0.828,0.948,0,0,14.5,"SRC_SYNTH_UNIT_CENSUS_HOURLY,SRC_SYNTH_BED_STATUS,SRC_SYNTH_ED_VISITS,SRC_SYNTH_TRANSFER_REQUESTS,SRC_SYNTH_DISCHARGE_BARRIERS,SRC_SYNTH_HR_SHIFT_ROSTER,SRC_SYNTH_FINANCE_COST_CENTER,SRC_OPEN_RESPIRATORY_VIRUS_DASHBOARD,SRC_OPEN_AQHI_SMOKE_CONTEXT,SRC_OPEN_SCHOOL_HOLIDAY_CALENDAR,SRC_OPEN_STATCAN_PED_POPULATION",modelled,ready
SITE_STOLLERY_INSPIRED,surgery,Surgery,SITE_STOLLERY_INSPIRED_SURGERY,Surgery unit,3,0.887,0.83,0.953,1,0,14.7,"SRC_SYNTH_UNIT_CENSUS_HOURLY,SRC_SYNTH_BED_STATUS,SRC_SYNTH_ED_VISITS,SRC_SYNTH_TRANSFER_REQUESTS,SRC_SYNTH_DISCHARGE_BARRIERS,SRC_SYNTH_HR_SHIFT_ROSTER,SRC_SYNTH_FINANCE_COST_CENTER,SRC_OPEN_RESPIRATORY_VIRUS_DASHBOARD,SRC_OPEN_AQHI_SMOKE_CONTEXT,SRC_OPEN_SCHOOL_HOLIDAY_CALENDAR,SRC_OPEN_STATCAN_PED_POPULATION",modelled,ready
SITE_STOLLERY_INSPIRED,surgery,Surgery,SITE_STOLLERY_INSPIRED_SURGERY,Surgery unit,6,0.89,0.832,0.958,1,0,15.0,"SRC_SYNTH_UNIT_CENSUS_HOURLY,SRC_SYNTH_BED_STATUS,SRC_SYNTH_ED_VISITS,SRC_SYNTH_TRANSFER_REQUESTS,SRC_SYNTH_DISCHARGE_BARRIERS,SRC_SYNTH_HR_SHIFT_ROSTER,SRC_SYNTH_FINANCE_COST_CENTER,SRC_OPEN_RESPIRATORY_VIRUS_DASHBOARD,SRC_OPEN_AQHI_SMOKE_CONTEXT,SRC_OPEN_SCHOOL_HOLIDAY_CALENDAR,SRC_OPEN_STATCAN_PED_POPULATION",modelled,ready
SITE_STOLLERY_INSPIRED,surgery,Surgery,SITE_STOLLERY_INSPIRED_SURGERY,Surgery unit,12,0.893,0.832,0.964,2,1,15.5,"SRC_SYNTH_UNIT_CENSUS_HOURLY,SRC_SYNTH_BED_STATUS,SRC_SYNTH_ED_VISITS,SRC_SYNTH_TRANSFER_REQUESTS,SRC_SYNTH_DISCHARGE_BARRIERS,SRC_SYNTH_HR_SHIFT_ROSTER,SRC_SYNTH_FINANCE_COST_CENTER,SRC_OPEN_RESPIRATORY_VIRUS_DASHBOARD,SRC_OPEN_AQHI_SMOKE_CONTEXT,SRC_OPEN_SCHOOL_HOLIDAY_CALENDAR,SRC_OPEN_STATCAN_PED_POPULATION",modelled,ready
SITE_STOLLERY_INSPIRED,surgery,Surgery,SITE_STOLLERY_INSPIRED_SURGERY,Surgery unit,18,0.891,0.828,0.966,4,2,16.0,"SRC_SYNTH_UNIT_CENSUS_HOURLY,SRC_SYNTH_BED_STATUS,SRC_SYNTH_ED_VISITS,SRC_SYNTH_TRANSFER_REQUESTS,SRC_SYNTH_DISCHARGE_BARRIERS,SRC_SYNTH_HR_SHIFT_ROSTER,SRC_SYNTH_FINANCE_COST_CENTER,SRC_OPEN_RESPIRATORY_VIRUS_DASHBOARD,SRC_OPEN_AQHI_SMOKE_CONTEXT,SRC_OPEN_SCHOOL_HOLIDAY_CALENDAR,SRC_OPEN_STATCAN_PED_POPULATION",modelled,ready
SITE_STOLLERY_INSPIRED,surgery,Surgery,SITE_STOLLERY_INSPIRED_SURGERY,Surgery unit,24,0.887,0.821,0.964,5,2,16.4,"SRC_SYNTH_UNIT_CENSUS_HOURLY,SRC_SYNTH_BED_STATUS,SRC_SYNTH_ED_VISITS,SRC_SYNTH_TRANSFER_REQUESTS,SRC_SYNTH_DISCHARGE_BARRIERS,SRC_SYNTH_HR_SHIFT_ROSTER,SRC_SYNTH_FINANCE_COST_CENTER,SRC_OPEN_RESPIRATORY_VIRUS_DASHBOARD,SRC_OPEN_AQHI_SMOKE_CONTEXT,SRC_OPEN_SCHOOL_HOLIDAY_CALENDAR,SRC_OPEN_STATCAN_PED_POPULATION",modelled,ready
SITE_STOLLERY_INSPIRED,surgery,Surgery,SITE_STOLLERY_INSPIRED_SURGERY,Surgery unit,48,0.871,0.795,0.962,10,4,18.4,"SRC_SYNTH_UNIT_CENSUS_HOURLY,SRC_SYNTH_BED_STATUS,SRC_SYNTH_ED_VISITS,SRC_SYNTH_TRANSFER_REQUESTS,SRC_SYNTH_DISCHARGE_BARRIERS,SRC_SYNTH_HR_SHIFT_ROSTER,SRC_SYNTH_FINANCE_COST_CENTER,SRC_OPEN_RESPIRATORY_VIRUS_DASHBOARD,SRC_OPEN_AQHI_SMOKE_CONTEXT,SRC_OPEN_SCHOOL_HOLIDAY_CALENDAR,SRC_OPEN_STATCAN_PED_POPULATION",modelled,ready
SITE_STOLLERY_INSPIRED,surgery,Surgery,SITE_STOLLERY_INSPIRED_SURGERY,Surgery unit,72,0.903,0.815,1.006,15,6,20.3,"SRC_SYNTH_UNIT_CENSUS_HOURLY,SRC_SYNTH_BED_STATUS,SRC_SYNTH_ED_VISITS,SRC_SYNTH_TRANSFER_REQUESTS,SRC_SYNTH_DISCHARGE_BARRIERS,SRC_SYNTH_HR_SHIFT_ROSTER,SRC_SYNTH_FINANCE_COST_CENTER,SRC_OPEN_RESPIRATORY_VIRUS_DASHBOARD,SRC_OPEN_AQHI_SMOKE_CONTEXT,SRC_OPEN_SCHOOL_HOLIDAY_CALENDAR,SRC_OPEN_STATCAN_PED_POPULATION",modelled,ready
SITE_STOLLERY_INSPIRED,picu,PICU,SITE_STOLLERY_INSPIRED_PICU,PICU unit,0,1.078,1.023,1.143,0,0,19.3,"SRC_SYNTH_UNIT_CENSUS_HOURLY,SRC_SYNTH_BED_STATUS,SRC_SYNTH_ED_VISITS,SRC_SYNTH_TRANSFER_REQUESTS,SRC_SYNTH_DISCHARGE_BARRIERS,SRC_SYNTH_HR_SHIFT_ROSTER,SRC_SYNTH_FINANCE_COST_CENTER,SRC_OPEN_RESPIRATORY_VIRUS_DASHBOARD,SRC_OPEN_AQHI_SMOKE_CONTEXT,SRC_OPEN_SCHOOL_HOLIDAY_CALENDAR,SRC_OPEN_STATCAN_PED_POPULATION",modelled,review
SITE_STOLLERY_INSPIRED,picu,PICU,SITE_STOLLERY_INSPIRED_PICU,PICU unit,3,1.081,1.025,1.148,1,0,19.6,"SRC_SYNTH_UNIT_CENSUS_HOURLY,SRC_SYNTH_BED_STATUS,SRC_SYNTH_ED_VISITS,SRC_SYNTH_TRANSFER_REQUESTS,SRC_SYNTH_DISCHARGE_BARRIERS,SRC_SYNTH_HR_SHIFT_ROSTER,SRC_SYNTH_FINANCE_COST_CENTER,SRC_OPEN_RESPIRATORY_VIRUS_DASHBOARD,SRC_OPEN_AQHI_SMOKE_CONTEXT,SRC_OPEN_SCHOOL_HOLIDAY_CALENDAR,SRC_OPEN_STATCAN_PED_POPULATION",modelled,review
SITE_STOLLERY_INSPIRED,picu,PICU,SITE_STOLLERY_INSPIRED_PICU,PICU unit,6,1.083,1.026,1.152,1,0,19.9,"SRC_SYNTH_UNIT_CENSUS_HOURLY,SRC_SYNTH_BED_STATUS,SRC_SYNTH_ED_VISITS,SRC_SYNTH_TRANSFER_REQUESTS,SRC_SYNTH_DISCHARGE_BARRIERS,SRC_SYNTH_HR_SHIFT_ROSTER,SRC_SYNTH_FINANCE_COST_CENTER,SRC_OPEN_RESPIRATORY_VIRUS_DASHBOARD,SRC_OPEN_AQHI_SMOKE_CONTEXT,SRC_OPEN_SCHOOL_HOLIDAY_CALENDAR,SRC_OPEN_STATCAN_PED_POPULATION",modelled,review
SITE_STOLLERY_INSPIRED,picu,PICU,SITE_STOLLERY_INSPIRED_PICU,PICU unit,12,1.085,1.024,1.156,2,1,20.6,"SRC_SYNTH_UNIT_CENSUS_HOURLY,SRC_SYNTH_BED_STATUS,SRC_SYNTH_ED_VISITS,SRC_SYNTH_TRANSFER_REQUESTS,SRC_SYNTH_DISCHARGE_BARRIERS,SRC_SYNTH_HR_SHIFT_ROSTER,SRC_SYNTH_FINANCE_COST_CENTER,SRC_OPEN_RESPIRATORY_VIRUS_DASHBOARD,SRC_OPEN_AQHI_SMOKE_CONTEXT,SRC_OPEN_SCHOOL_HOLIDAY_CALENDAR,SRC_OPEN_STATCAN_PED_POPULATION",modelled,review
SITE_STOLLERY_INSPIRED,picu,PICU,SITE_STOLLERY_INSPIRED_PICU,PICU unit,18,1.082,1.019,1.156,4,2,21.2,"SRC_SYNTH_UNIT_CENSUS_HOURLY,SRC_SYNTH_BED_STATUS,SRC_SYNTH_ED_VISITS,SRC_SYNTH_TRANSFER_REQUESTS,SRC_SYNTH_DISCHARGE_BARRIERS,SRC_SYNTH_HR_SHIFT_ROSTER,SRC_SYNTH_FINANCE_COST_CENTER,SRC_OPEN_RESPIRATORY_VIRUS_DASHBOARD,SRC_OPEN_AQHI_SMOKE_CONTEXT,SRC_OPEN_SCHOOL_HOLIDAY_CALENDAR,SRC_OPEN_STATCAN_PED_POPULATION",modelled,review
SITE_STOLLERY_INSPIRED,picu,PICU,SITE_STOLLERY_INSPIRED_PICU,PICU unit,24,1.076,1.01,1.154,5,2,21.9,"SRC_SYNTH_UNIT_CENSUS_HOURLY,SRC_SYNTH_BED_STATUS,SRC_SYNTH_ED_VISITS,SRC_SYNTH_TRANSFER_REQUESTS,SRC_SYNTH_DISCHARGE_BARRIERS,SRC_SYNTH_HR_SHIFT_ROSTER,SRC_SYNTH_FINANCE_COST_CENTER,SRC_OPEN_RESPIRATORY_VIRUS_DASHBOARD,SRC_OPEN_AQHI_SMOKE_CONTEXT,SRC_OPEN_SCHOOL_HOLIDAY_CALENDAR,SRC_OPEN_STATCAN_PED_POPULATION",modelled,review
SITE_STOLLERY_INSPIRED,picu,PICU,SITE_STOLLERY_INSPIRED_PICU,PICU unit,48,1.067,0.991,1.158,10,4,24.4,"SRC_SYNTH_UNIT_CENSUS_HOURLY,SRC_SYNTH_BED_STATUS,SRC_SYNTH_ED_VISITS,SRC_SYNTH_TRANSFER_REQUESTS,SRC_SYNTH_DISCHARGE_BARRIERS,SRC_SYNTH_HR_SHIFT_ROSTER,SRC_SYNTH_FINANCE_COST_CENTER,SRC_OPEN_RESPIRATORY_VIRUS_DASHBOARD,SRC_OPEN_AQHI_SMOKE_CONTEXT,SRC_OPEN_SCHOOL_HOLIDAY_CALENDAR,SRC_OPEN_STATCAN_PED_POPULATION",modelled,review
SITE_STOLLERY_INSPIRED,picu,PICU,SITE_STOLLERY_INSPIRED_PICU,PICU unit,72,1.101,1.013,1.204,15,6,27.0,"SRC_SYNTH_UNIT_CENSUS_HOURLY,SRC_SYNTH_BED_STATUS,SRC_SYNTH_ED_VISITS,SRC_SYNTH_TRANSFER_REQUESTS,SRC_SYNTH_DISCHARGE_BARRIERS,SRC_SYNTH_HR_SHIFT_ROSTER,SRC_SYNTH_FINANCE_COST_CENTER,SRC_OPEN_RESPIRATORY_VIRUS_DASHBOARD,SRC_OPEN_AQHI_SMOKE_CONTEXT,SRC_OPEN_SCHOOL_HOLIDAY_CALENDAR,SRC_OPEN_STATCAN_PED_POPULATION",modelled,review
SITE_STOLLERY_INSPIRED,nicu,NICU,SITE_STOLLERY_INSPIRED_NICU,NICU unit,0,0.963,0.908,1.028,0,0,18.5,"SRC_SYNTH_UNIT_CENSUS_HOURLY,SRC_SYNTH_BED_STATUS,SRC_SYNTH_ED_VISITS,SRC_SYNTH_TRANSFER_REQUESTS,SRC_SYNTH_DISCHARGE_BARRIERS,SRC_SYNTH_HR_SHIFT_ROSTER,SRC_SYNTH_FINANCE_COST_CENTER,SRC_OPEN_RESPIRATORY_VIRUS_DASHBOARD,SRC_OPEN_AQHI_SMOKE_CONTEXT,SRC_OPEN_SCHOOL_HOLIDAY_CALENDAR,SRC_OPEN_STATCAN_PED_POPULATION",modelled,ready
SITE_STOLLERY_INSPIRED,nicu,NICU,SITE_STOLLERY_INSPIRED_NICU,NICU unit,3,0.965,0.909,1.032,1,0,18.8,"SRC_SYNTH_UNIT_CENSUS_HOURLY,SRC_SYNTH_BED_STATUS,SRC_SYNTH_ED_VISITS,SRC_SYNTH_TRANSFER_REQUESTS,SRC_SYNTH_DISCHARGE_BARRIERS,SRC_SYNTH_HR_SHIFT_ROSTER,SRC_SYNTH_FINANCE_COST_CENTER,SRC_OPEN_RESPIRATORY_VIRUS_DASHBOARD,SRC_OPEN_AQHI_SMOKE_CONTEXT,SRC_OPEN_SCHOOL_HOLIDAY_CALENDAR,SRC_OPEN_STATCAN_PED_POPULATION",modelled,ready
SITE_STOLLERY_INSPIRED,nicu,NICU,SITE_STOLLERY_INSPIRED_NICU,NICU unit,6,0.966,0.908,1.034,1,0,19.1,"SRC_SYNTH_UNIT_CENSUS_HOURLY,SRC_SYNTH_BED_STATUS,SRC_SYNTH_ED_VISITS,SRC_SYNTH_TRANSFER_REQUESTS,SRC_SYNTH_DISCHARGE_BARRIERS,SRC_SYNTH_HR_SHIFT_ROSTER,SRC_SYNTH_FINANCE_COST_CENTER,SRC_OPEN_RESPIRATORY_VIRUS_DASHBOARD,SRC_OPEN_AQHI_SMOKE_CONTEXT,SRC_OPEN_SCHOOL_HOLIDAY_CALENDAR,SRC_OPEN_STATCAN_PED_POPULATION",modelled,ready
SITE_STOLLERY_INSPIRED,nicu,NICU,SITE_STOLLERY_INSPIRED_NICU,NICU unit,12,0.965,0.904,1.036,2,1,19.7,"SRC_SYNTH_UNIT_CENSUS_HOURLY,SRC_SYNTH_BED_STATUS,SRC_SYNTH_ED_VISITS,SRC_SYNTH_TRANSFER_REQUESTS,SRC_SYNTH_DISCHARGE_BARRIERS,SRC_SYNTH_HR_SHIFT_ROSTER,SRC_SYNTH_FINANCE_COST_CENTER,SRC_OPEN_RESPIRATORY_VIRUS_DASHBOARD,SRC_OPEN_AQHI_SMOKE_CONTEXT,SRC_OPEN_SCHOOL_HOLIDAY_CALENDAR,SRC_OPEN_STATCAN_PED_POPULATION",modelled,ready
SITE_STOLLERY_INSPIRED,nicu,NICU,SITE_STOLLERY_INSPIRED_NICU,NICU unit,18,0.96,0.896,1.034,4,2,20.4,"SRC_SYNTH_UNIT_CENSUS_HOURLY,SRC_SYNTH_BED_STATUS,SRC_SYNTH_ED_VISITS,SRC_SYNTH_TRANSFER_REQUESTS,SRC_SYNTH_DISCHARGE_BARRIERS,SRC_SYNTH_HR_SHIFT_ROSTER,SRC_SYNTH_FINANCE_COST_CENTER,SRC_OPEN_RESPIRATORY_VIRUS_DASHBOARD,SRC_OPEN_AQHI_SMOKE_CONTEXT,SRC_OPEN_SCHOOL_HOLIDAY_CALENDAR,SRC_OPEN_STATCAN_PED_POPULATION",modelled,ready
SITE_STOLLERY_INSPIRED,nicu,NICU,SITE_STOLLERY_INSPIRED_NICU,NICU unit,24,0.953,0.887,1.03,5,2,21.0,"SRC_SYNTH_UNIT_CENSUS_HOURLY,SRC_SYNTH_BED_STATUS,SRC_SYNTH_ED_VISITS,SRC_SYNTH_TRANSFER_REQUESTS,SRC_SYNTH_DISCHARGE_BARRIERS,SRC_SYNTH_HR_SHIFT_ROSTER,SRC_SYNTH_FINANCE_COST_CENTER,SRC_OPEN_RESPIRATORY_VIRUS_DASHBOARD,SRC_OPEN_AQHI_SMOKE_CONTEXT,SRC_OPEN_SCHOOL_HOLIDAY_CALENDAR,SRC_OPEN_STATCAN_PED_POPULATION",modelled,ready
SITE_STOLLERY_INSPIRED,nicu,NICU,SITE_STOLLERY_INSPIRED_NICU,NICU unit,48,0.949,0.872,1.039,10,4,23.4,"SRC_SYNTH_UNIT_CENSUS_HOURLY,SRC_SYNTH_BED_STATUS,SRC_SYNTH_ED_VISITS,SRC_SYNTH_TRANSFER_REQUESTS,SRC_SYNTH_DISCHARGE_BARRIERS,SRC_SYNTH_HR_SHIFT_ROSTER,SRC_SYNTH_FINANCE_COST_CENTER,SRC_OPEN_RESPIRATORY_VIRUS_DASHBOARD,SRC_OPEN_AQHI_SMOKE_CONTEXT,SRC_OPEN_SCHOOL_HOLIDAY_CALENDAR,SRC_OPEN_STATCAN_PED_POPULATION",modelled,ready
SITE_STOLLERY_INSPIRED,nicu,NICU,SITE_STOLLERY_INSPIRED_NICU,NICU unit,72,0.979,0.891,1.082,15,6,25.9,"SRC_SYNTH_UNIT_CENSUS_HOURLY,SRC_SYNTH_BED_STATUS,SRC_SYNTH_ED_VISITS,SRC_SYNTH_TRANSFER_REQUESTS,SRC_SYNTH_DISCHARGE_BARRIERS,SRC_SYNTH_HR_SHIFT_ROSTER,SRC_SYNTH_FINANCE_COST_CENTER,SRC_OPEN_RESPIRATORY_VIRUS_DASHBOARD,SRC_OPEN_AQHI_SMOKE_CONTEXT,SRC_OPEN_SCHOOL_HOLIDAY_CALENDAR,SRC_OPEN_STATCAN_PED_POPULATION",modelled,ready
SITE_STOLLERY_INSPIRED,cardiology,Cardiology,SITE_STOLLERY_INSPIRED_CARDIOLOGY,Cardiology unit,0,0.89,0.835,0.955,0,0,8.0,"SRC_SYNTH_UNIT_CENSUS_HOURLY,SRC_SYNTH_BED_STATUS,SRC_SYNTH_ED_VISITS,SRC_SYNTH_TRANSFER_REQUESTS,SRC_SYNTH_DISCHARGE_BARRIERS,SRC_SYNTH_HR_SHIFT_ROSTER,SRC_SYNTH_FINANCE_COST_CENTER,SRC_OPEN_RESPIRATORY_VIRUS_DASHBOARD,SRC_OPEN_AQHI_SMOKE_CONTEXT,SRC_OPEN_SCHOOL_HOLIDAY_CALENDAR,SRC_OPEN_STATCAN_PED_POPULATION",modelled,ready
SITE_STOLLERY_INSPIRED,cardiology,Cardiology,SITE_STOLLERY_INSPIRED_CARDIOLOGY,Cardiology unit,3,0.891,0.834,0.957,0,0,8.1,"SRC_SYNTH_UNIT_CENSUS_HOURLY,SRC_SYNTH_BED_STATUS,SRC_SYNTH_ED_VISITS,SRC_SYNTH_TRANSFER_REQUESTS,SRC_SYNTH_DISCHARGE_BARRIERS,SRC_SYNTH_HR_SHIFT_ROSTER,SRC_SYNTH_FINANCE_COST_CENTER,SRC_OPEN_RESPIRATORY_VIRUS_DASHBOARD,SRC_OPEN_AQHI_SMOKE_CONTEXT,SRC_OPEN_SCHOOL_HOLIDAY_CALENDAR,SRC_OPEN_STATCAN_PED_POPULATION",modelled,ready
SITE_STOLLERY_INSPIRED,cardiology,Cardiology,SITE_STOLLERY_INSPIRED_CARDIOLOGY,Cardiology unit,6,0.89,0.833,0.959,1,0,8.3,"SRC_SYNTH_UNIT_CENSUS_HOURLY,SRC_SYNTH_BED_STATUS,SRC_SYNTH_ED_VISITS,SRC_SYNTH_TRANSFER_REQUESTS,SRC_SYNTH_DISCHARGE_BARRIERS,SRC_SYNTH_HR_SHIFT_ROSTER,SRC_SYNTH_FINANCE_COST_CENTER,SRC_OPEN_RESPIRATORY_VIRUS_DASHBOARD,SRC_OPEN_AQHI_SMOKE_CONTEXT,SRC_OPEN_SCHOOL_HOLIDAY_CALENDAR,SRC_OPEN_STATCAN_PED_POPULATION",modelled,ready
SITE_STOLLERY_INSPIRED,cardiology,Cardiology,SITE_STOLLERY_INSPIRED_CARDIOLOGY,Cardiology unit,12,0.887,0.827,0.958,2,1,8.5,"SRC_SYNTH_UNIT_CENSUS_HOURLY,SRC_SYNTH_BED_STATUS,SRC_SYNTH_ED_VISITS,SRC_SYNTH_TRANSFER_REQUESTS,SRC_SYNTH_DISCHARGE_BARRIERS,SRC_SYNTH_HR_SHIFT_ROSTER,SRC_SYNTH_FINANCE_COST_CENTER,SRC_OPEN_RESPIRATORY_VIRUS_DASHBOARD,SRC_OPEN_AQHI_SMOKE_CONTEXT,SRC_OPEN_SCHOOL_HOLIDAY_CALENDAR,SRC_OPEN_STATCAN_PED_POPULATION",modelled,ready
SITE_STOLLERY_INSPIRED,cardiology,Cardiology,SITE_STOLLERY_INSPIRED_CARDIOLOGY,Cardiology unit,18,0.881,0.818,0.955,3,2,8.8,"SRC_SYNTH_UNIT_CENSUS_HOURLY,SRC_SYNTH_BED_STATUS,SRC_SYNTH_ED_VISITS,SRC_SYNTH_TRANSFER_REQUESTS,SRC_SYNTH_DISCHARGE_BARRIERS,SRC_SYNTH_HR_SHIFT_ROSTER,SRC_SYNTH_FINANCE_COST_CENTER,SRC_OPEN_RESPIRATORY_VIRUS_DASHBOARD,SRC_OPEN_AQHI_SMOKE_CONTEXT,SRC_OPEN_SCHOOL_HOLIDAY_CALENDAR,SRC_OPEN_STATCAN_PED_POPULATION",modelled,ready
SITE_STOLLERY_INSPIRED,cardiology,Cardiology,SITE_STOLLERY_INSPIRED_CARDIOLOGY,Cardiology unit,24,0.874,0.808,0.952,4,2,9.1,"SRC_SYNTH_UNIT_CENSUS_HOURLY,SRC_SYNTH_BED_STATUS,SRC_SYNTH_ED_VISITS,SRC_SYNTH_TRANSFER_REQUESTS,SRC_SYNTH_DISCHARGE_BARRIERS,SRC_SYNTH_HR_SHIFT_ROSTER,SRC_SYNTH_FINANCE_COST_CENTER,SRC_OPEN_RESPIRATORY_VIRUS_DASHBOARD,SRC_OPEN_AQHI_SMOKE_CONTEXT,SRC_OPEN_SCHOOL_HOLIDAY_CALENDAR,SRC_OPEN_STATCAN_PED_POPULATION",modelled,ready
SITE_STOLLERY_INSPIRED,cardiology,Cardiology,SITE_STOLLERY_INSPIRED_CARDIOLOGY,Cardiology unit,48,0.877,0.8,0.967,8,4,10.1,"SRC_SYNTH_UNIT_CENSUS_HOURLY,SRC_SYNTH_BED_STATUS,SRC_SYNTH_ED_VISITS,SRC_SYNTH_TRANSFER_REQUESTS,SRC_SYNTH_DISCHARGE_BARRIERS,SRC_SYNTH_HR_SHIFT_ROSTER,SRC_SYNTH_FINANCE_COST_CENTER,SRC_OPEN_RESPIRATORY_VIRUS_DASHBOARD,SRC_OPEN_AQHI_SMOKE_CONTEXT,SRC_OPEN_SCHOOL_HOLIDAY_CALENDAR,SRC_OPEN_STATCAN_PED_POPULATION",modelled,ready
SITE_STOLLERY_INSPIRED,cardiology,Cardiology,SITE_STOLLERY_INSPIRED_CARDIOLOGY,Cardiology unit,72,0.905,0.817,1.008,12,6,11.2,"SRC_SYNTH_UNIT_CENSUS_HOURLY,SRC_SYNTH_BED_STATUS,SRC_SYNTH_ED_VISITS,SRC_SYNTH_TRANSFER_REQUESTS,SRC_SYNTH_DISCHARGE_BARRIERS,SRC_SYNTH_HR_SHIFT_ROSTER,SRC_SYNTH_FINANCE_COST_CENTER,SRC_OPEN_RESPIRATORY_VIRUS_DASHBOARD,SRC_OPEN_AQHI_SMOKE_CONTEXT,SRC_OPEN_SCHOOL_HOLIDAY_CALENDAR,SRC_OPEN_STATCAN_PED_POPULATION",modelled,ready
SITE_STOLLERY_INSPIRED,oncology,Oncology,SITE_STOLLERY_INSPIRED_ONCOLOGY,Oncology unit,0,0.904,0.849,0.969,0,0,13.1,"SRC_SYNTH_UNIT_CENSUS_HOURLY,SRC_SYNTH_BED_STATUS,SRC_SYNTH_ED_VISITS,SRC_SYNTH_TRANSFER_REQUESTS,SRC_SYNTH_DISCHARGE_BARRIERS,SRC_SYNTH_HR_SHIFT_ROSTER,SRC_SYNTH_FINANCE_COST_CENTER,SRC_OPEN_RESPIRATORY_VIRUS_DASHBOARD,SRC_OPEN_AQHI_SMOKE_CONTEXT,SRC_OPEN_SCHOOL_HOLIDAY_CALENDAR,SRC_OPEN_STATCAN_PED_POPULATION",modelled,ready
SITE_STOLLERY_INSPIRED,oncology,Oncology,SITE_STOLLERY_INSPIRED_ONCOLOGY,Oncology unit,3,0.904,0.847,0.97,0,0,13.3,"SRC_SYNTH_UNIT_CENSUS_HOURLY,SRC_SYNTH_BED_STATUS,SRC_SYNTH_ED_VISITS,SRC_SYNTH_TRANSFER_REQUESTS,SRC_SYNTH_DISCHARGE_BARRIERS,SRC_SYNTH_HR_SHIFT_ROSTER,SRC_SYNTH_FINANCE_COST_CENTER,SRC_OPEN_RESPIRATORY_VIRUS_DASHBOARD,SRC_OPEN_AQHI_SMOKE_CONTEXT,SRC_OPEN_SCHOOL_HOLIDAY_CALENDAR,SRC_OPEN_STATCAN_PED_POPULATION",modelled,ready
SITE_STOLLERY_INSPIRED,oncology,Oncology,SITE_STOLLERY_INSPIRED_ONCOLOGY,Oncology unit,6,0.902,0.845,0.971,1,0,13.5,"SRC_SYNTH_UNIT_CENSUS_HOURLY,SRC_SYNTH_BED_STATUS,SRC_SYNTH_ED_VISITS,SRC_SYNTH_TRANSFER_REQUESTS,SRC_SYNTH_DISCHARGE_BARRIERS,SRC_SYNTH_HR_SHIFT_ROSTER,SRC_SYNTH_FINANCE_COST_CENTER,SRC_OPEN_RESPIRATORY_VIRUS_DASHBOARD,SRC_OPEN_AQHI_SMOKE_CONTEXT,SRC_OPEN_SCHOOL_HOLIDAY_CALENDAR,SRC_OPEN_STATCAN_PED_POPULATION",modelled,ready
SITE_STOLLERY_INSPIRED,oncology,Oncology,SITE_STOLLERY_INSPIRED_ONCOLOGY,Oncology unit,12,0.897,0.837,0.968,2,1,14.0,"SRC_SYNTH_UNIT_CENSUS_HOURLY,SRC_SYNTH_BED_STATUS,SRC_SYNTH_ED_VISITS,SRC_SYNTH_TRANSFER_REQUESTS,SRC_SYNTH_DISCHARGE_BARRIERS,SRC_SYNTH_HR_SHIFT_ROSTER,SRC_SYNTH_FINANCE_COST_CENTER,SRC_OPEN_RESPIRATORY_VIRUS_DASHBOARD,SRC_OPEN_AQHI_SMOKE_CONTEXT,SRC_OPEN_SCHOOL_HOLIDAY_CALENDAR,SRC_OPEN_STATCAN_PED_POPULATION",modelled,ready
SITE_STOLLERY_INSPIRED,oncology,Oncology,SITE_STOLLERY_INSPIRED_ONCOLOGY,Oncology unit,18,0.89,0.827,0.965,3,2,14.4,"SRC_SYNTH_UNIT_CENSUS_HOURLY,SRC_SYNTH_BED_STATUS,SRC_SYNTH_ED_VISITS,SRC_SYNTH_TRANSFER_REQUESTS,SRC_SYNTH_DISCHARGE_BARRIERS,SRC_SYNTH_HR_SHIFT_ROSTER,SRC_SYNTH_FINANCE_COST_CENTER,SRC_OPEN_RESPIRATORY_VIRUS_DASHBOARD,SRC_OPEN_AQHI_SMOKE_CONTEXT,SRC_OPEN_SCHOOL_HOLIDAY_CALENDAR,SRC_OPEN_STATCAN_PED_POPULATION",modelled,ready
SITE_STOLLERY_INSPIRED,oncology,Oncology,SITE_STOLLERY_INSPIRED_ONCOLOGY,Oncology unit,24,0.884,0.818,0.962,4,2,14.8,"SRC_SYNTH_UNIT_CENSUS_HOURLY,SRC_SYNTH_BED_STATUS,SRC_SYNTH_ED_VISITS,SRC_SYNTH_TRANSFER_REQUESTS,SRC_SYNTH_DISCHARGE_BARRIERS,SRC_SYNTH_HR_SHIFT_ROSTER,SRC_SYNTH_FINANCE_COST_CENTER,SRC_OPEN_RESPIRATORY_VIRUS_DASHBOARD,SRC_OPEN_AQHI_SMOKE_CONTEXT,SRC_OPEN_SCHOOL_HOLIDAY_CALENDAR,SRC_OPEN_STATCAN_PED_POPULATION",modelled,ready
SITE_STOLLERY_INSPIRED,oncology,Oncology,SITE_STOLLERY_INSPIRED_ONCOLOGY,Oncology unit,48,0.893,0.817,0.984,8,4,16.6,"SRC_SYNTH_UNIT_CENSUS_HOURLY,SRC_SYNTH_BED_STATUS,SRC_SYNTH_ED_VISITS,SRC_SYNTH_TRANSFER_REQUESTS,SRC_SYNTH_DISCHARGE_BARRIERS,SRC_SYNTH_HR_SHIFT_ROSTER,SRC_SYNTH_FINANCE_COST_CENTER,SRC_OPEN_RESPIRATORY_VIRUS_DASHBOARD,SRC_OPEN_AQHI_SMOKE_CONTEXT,SRC_OPEN_SCHOOL_HOLIDAY_CALENDAR,SRC_OPEN_STATCAN_PED_POPULATION",modelled,ready
SITE_STOLLERY_INSPIRED,oncology,Oncology,SITE_STOLLERY_INSPIRED_ONCOLOGY,Oncology unit,72,0.916,0.828,1.019,12,6,18.3,"SRC_SYNTH_UNIT_CENSUS_HOURLY,SRC_SYNTH_BED_STATUS,SRC_SYNTH_ED_VISITS,SRC_SYNTH_TRANSFER_REQUESTS,SRC_SYNTH_DISCHARGE_BARRIERS,SRC_SYNTH_HR_SHIFT_ROSTER,SRC_SYNTH_FINANCE_COST_CENTER,SRC_OPEN_RESPIRATORY_VIRUS_DASHBOARD,SRC_OPEN_AQHI_SMOKE_CONTEXT,SRC_OPEN_SCHOOL_HOLIDAY_CALENDAR,SRC_OPEN_STATCAN_PED_POPULATION",modelled,ready
SITE_STOLLERY_INSPIRED,neurology,Neurology,SITE_STOLLERY_INSPIRED_NEUROLOGY,Neurology unit,0,0.889,0.834,0.954,0,0,2.0,"SRC_SYNTH_UNIT_CENSUS_HOURLY,SRC_SYNTH_BED_STATUS,SRC_SYNTH_ED_VISITS,SRC_SYNTH_TRANSFER_REQUESTS,SRC_SYNTH_DISCHARGE_BARRIERS,SRC_SYNTH_HR_SHIFT_ROSTER,SRC_SYNTH_FINANCE_COST_CENTER,SRC_OPEN_RESPIRATORY_VIRUS_DASHBOARD,SRC_OPEN_AQHI_SMOKE_CONTEXT,SRC_OPEN_SCHOOL_HOLIDAY_CALENDAR,SRC_OPEN_STATCAN_PED_POPULATION",modelled,ready
SITE_STOLLERY_INSPIRED,neurology,Neurology,SITE_STOLLERY_INSPIRED_NEUROLOGY,Neurology unit,3,0.888,0.832,0.955,0,0,2.0,"SRC_SYNTH_UNIT_CENSUS_HOURLY,SRC_SYNTH_BED_STATUS,SRC_SYNTH_ED_VISITS,SRC_SYNTH_TRANSFER_REQUESTS,SRC_SYNTH_DISCHARGE_BARRIERS,SRC_SYNTH_HR_SHIFT_ROSTER,SRC_SYNTH_FINANCE_COST_CENTER,SRC_OPEN_RESPIRATORY_VIRUS_DASHBOARD,SRC_OPEN_AQHI_SMOKE_CONTEXT,SRC_OPEN_SCHOOL_HOLIDAY_CALENDAR,SRC_OPEN_STATCAN_PED_POPULATION",modelled,ready
SITE_STOLLERY_INSPIRED,neurology,Neurology,SITE_STOLLERY_INSPIRED_NEUROLOGY,Neurology unit,6,0.886,0.828,0.954,1,0,2.1,"SRC_SYNTH_UNIT_CENSUS_HOURLY,SRC_SYNTH_BED_STATUS,SRC_SYNTH_ED_VISITS,SRC_SYNTH_TRANSFER_REQUESTS,SRC_SYNTH_DISCHARGE_BARRIERS,SRC_SYNTH_HR_SHIFT_ROSTER,SRC_SYNTH_FINANCE_COST_CENTER,SRC_OPEN_RESPIRATORY_VIRUS_DASHBOARD,SRC_OPEN_AQHI_SMOKE_CONTEXT,SRC_OPEN_SCHOOL_HOLIDAY_CALENDAR,SRC_OPEN_STATCAN_PED_POPULATION",modelled,ready
SITE_STOLLERY_INSPIRED,neurology,Neurology,SITE_STOLLERY_INSPIRED_NEUROLOGY,Neurology unit,12,0.88,0.819,0.951,2,1,2.1,"SRC_SYNTH_UNIT_CENSUS_HOURLY,SRC_SYNTH_BED_STATUS,SRC_SYNTH_ED_VISITS,SRC_SYNTH_TRANSFER_REQUESTS,SRC_SYNTH_DISCHARGE_BARRIERS,SRC_SYNTH_HR_SHIFT_ROSTER,SRC_SYNTH_FINANCE_COST_CENTER,SRC_OPEN_RESPIRATORY_VIRUS_DASHBOARD,SRC_OPEN_AQHI_SMOKE_CONTEXT,SRC_OPEN_SCHOOL_HOLIDAY_CALENDAR,SRC_OPEN_STATCAN_PED_POPULATION",modelled,ready
SITE_STOLLERY_INSPIRED,neurology,Neurology,SITE_STOLLERY_INSPIRED_NEUROLOGY,Neurology unit,18,0.873,0.81,0.948,3,2,2.2,"SRC_SYNTH_UNIT_CENSUS_HOURLY,SRC_SYNTH_BED_STATUS,SRC_SYNTH_ED_VISITS,SRC_SYNTH_TRANSFER_REQUESTS,SRC_SYNTH_DISCHARGE_BARRIERS,SRC_SYNTH_HR_SHIFT_ROSTER,SRC_SYNTH_FINANCE_COST_CENTER,SRC_OPEN_RESPIRATORY_VIRUS_DASHBOARD,SRC_OPEN_AQHI_SMOKE_CONTEXT,SRC_OPEN_SCHOOL_HOLIDAY_CALENDAR,SRC_OPEN_STATCAN_PED_POPULATION",modelled,ready
SITE_STOLLERY_INSPIRED,neurology,Neurology,SITE_STOLLERY_INSPIRED_NEUROLOGY,Neurology unit,24,0.868,0.802,0.946,4,2,2.3,"SRC_SYNTH_UNIT_CENSUS_HOURLY,SRC_SYNTH_BED_STATUS,SRC_SYNTH_ED_VISITS,SRC_SYNTH_TRANSFER_REQUESTS,SRC_SYNTH_DISCHARGE_BARRIERS,SRC_SYNTH_HR_SHIFT_ROSTER,SRC_SYNTH_FINANCE_COST_CENTER,SRC_OPEN_RESPIRATORY_VIRUS_DASHBOARD,SRC_OPEN_AQHI_SMOKE_CONTEXT,SRC_OPEN_SCHOOL_HOLIDAY_CALENDAR,SRC_OPEN_STATCAN_PED_POPULATION",modelled,ready
SITE_STOLLERY_INSPIRED,neurology,Neurology,SITE_STOLLERY_INSPIRED_NEUROLOGY,Neurology unit,48,0.886,0.809,0.976,8,4,2.5,"SRC_SYNTH_UNIT_CENSUS_HOURLY,SRC_SYNTH_BED_STATUS,SRC_SYNTH_ED_VISITS,SRC_SYNTH_TRANSFER_REQUESTS,SRC_SYNTH_DISCHARGE_BARRIERS,SRC_SYNTH_HR_SHIFT_ROSTER,SRC_SYNTH_FINANCE_COST_CENTER,SRC_OPEN_RESPIRATORY_VIRUS_DASHBOARD,SRC_OPEN_AQHI_SMOKE_CONTEXT,SRC_OPEN_SCHOOL_HOLIDAY_CALENDAR,SRC_OPEN_STATCAN_PED_POPULATION",modelled,ready
SITE_STOLLERY_INSPIRED,neurology,Neurology,SITE_STOLLERY_INSPIRED_NEUROLOGY,Neurology unit,72,0.904,0.816,1.007,12,6,2.8,"SRC_SYNTH_UNIT_CENSUS_HOURLY,SRC_SYNTH_BED_STATUS,SRC_SYNTH_ED_VISITS,SRC_SYNTH_TRANSFER_REQUESTS,SRC_SYNTH_DISCHARGE_BARRIERS,SRC_SYNTH_HR_SHIFT_ROSTER,SRC_SYNTH_FINANCE_COST_CENTER,SRC_OPEN_RESPIRATORY_VIRUS_DASHBOARD,SRC_OPEN_AQHI_SMOKE_CONTEXT,SRC_OPEN_SCHOOL_HOLIDAY_CALENDAR,SRC_OPEN_STATCAN_PED_POPULATION",modelled,ready
SITE_STOLLERY_INSPIRED,mental_health,Mental health,SITE_STOLLERY_INSPIRED_MENTAL_HEALTH,Mental health unit,0,0.959,0.904,1.024,0,0,11.5,"SRC_SYNTH_UNIT_CENSUS_HOURLY,SRC_SYNTH_BED_STATUS,SRC_SYNTH_ED_VISITS,SRC_SYNTH_TRANSFER_REQUESTS,SRC_SYNTH_DISCHARGE_BARRIERS,SRC_SYNTH_HR_SHIFT_ROSTER,SRC_SYNTH_FINANCE_COST_CENTER,SRC_OPEN_RESPIRATORY_VIRUS_DASHBOARD,SRC_OPEN_AQHI_SMOKE_CONTEXT,SRC_OPEN_SCHOOL_HOLIDAY_CALENDAR,SRC_OPEN_STATCAN_PED_POPULATION",modelled,ready
SITE_STOLLERY_INSPIRED,mental_health,Mental health,SITE_STOLLERY_INSPIRED_MENTAL_HEALTH,Mental health unit,3,0.957,0.901,1.024,1,0,11.7,"SRC_SYNTH_UNIT_CENSUS_HOURLY,SRC_SYNTH_BED_STATUS,SRC_SYNTH_ED_VISITS,SRC_SYNTH_TRANSFER_REQUESTS,SRC_SYNTH_DISCHARGE_BARRIERS,SRC_SYNTH_HR_SHIFT_ROSTER,SRC_SYNTH_FINANCE_COST_CENTER,SRC_OPEN_RESPIRATORY_VIRUS_DASHBOARD,SRC_OPEN_AQHI_SMOKE_CONTEXT,SRC_OPEN_SCHOOL_HOLIDAY_CALENDAR,SRC_OPEN_STATCAN_PED_POPULATION",modelled,ready
SITE_STOLLERY_INSPIRED,mental_health,Mental health,SITE_STOLLERY_INSPIRED_MENTAL_HEALTH,Mental health unit,6,0.954,0.896,1.022,1,0,11.9,"SRC_SYNTH_UNIT_CENSUS_HOURLY,SRC_SYNTH_BED_STATUS,SRC_SYNTH_ED_VISITS,SRC_SYNTH_TRANSFER_REQUESTS,SRC_SYNTH_DISCHARGE_BARRIERS,SRC_SYNTH_HR_SHIFT_ROSTER,SRC_SYNTH_FINANCE_COST_CENTER,SRC_OPEN_RESPIRATORY_VIRUS_DASHBOARD,SRC_OPEN_AQHI_SMOKE_CONTEXT,SRC_OPEN_SCHOOL_HOLIDAY_CALENDAR,SRC_OPEN_STATCAN_PED_POPULATION",modelled,ready
SITE_STOLLERY_INSPIRED,mental_health,Mental health,SITE_STOLLERY_INSPIRED_MENTAL_HEALTH,Mental health unit,12,0.947,0.886,1.018,2,1,12.3,"SRC_SYNTH_UNIT_CENSUS_HOURLY,SRC_SYNTH_BED_STATUS,SRC_SYNTH_ED_VISITS,SRC_SYNTH_TRANSFER_REQUESTS,SRC_SYNTH_DISCHARGE_BARRIERS,SRC_SYNTH_HR_SHIFT_ROSTER,SRC_SYNTH_FINANCE_COST_CENTER,SRC_OPEN_RESPIRATORY_VIRUS_DASHBOARD,SRC_OPEN_AQHI_SMOKE_CONTEXT,SRC_OPEN_SCHOOL_HOLIDAY_CALENDAR,SRC_OPEN_STATCAN_PED_POPULATION",modelled,ready
SITE_STOLLERY_INSPIRED,mental_health,Mental health,SITE_STOLLERY_INSPIRED_MENTAL_HEALTH,Mental health unit,18,0.94,0.877,1.015,4,2,12.7,"SRC_SYNTH_UNIT_CENSUS_HOURLY,SRC_SYNTH_BED_STATUS,SRC_SYNTH_ED_VISITS,SRC_SYNTH_TRANSFER_REQUESTS,SRC_SYNTH_DISCHARGE_BARRIERS,SRC_SYNTH_HR_SHIFT_ROSTER,SRC_SYNTH_FINANCE_COST_CENTER,SRC_OPEN_RESPIRATORY_VIRUS_DASHBOARD,SRC_OPEN_AQHI_SMOKE_CONTEXT,SRC_OPEN_SCHOOL_HOLIDAY_CALENDAR,SRC_OPEN_STATCAN_PED_POPULATION",modelled,ready
SITE_STOLLERY_INSPIRED,mental_health,Mental health,SITE_STOLLERY_INSPIRED_MENTAL_HEALTH,Mental health unit,24,0.937,0.871,1.014,5,2,13.0,"SRC_SYNTH_UNIT_CENSUS_HOURLY,SRC_SYNTH_BED_STATUS,SRC_SYNTH_ED_VISITS,SRC_SYNTH_TRANSFER_REQUESTS,SRC_SYNTH_DISCHARGE_BARRIERS,SRC_SYNTH_HR_SHIFT_ROSTER,SRC_SYNTH_FINANCE_COST_CENTER,SRC_OPEN_RESPIRATORY_VIRUS_DASHBOARD,SRC_OPEN_AQHI_SMOKE_CONTEXT,SRC_OPEN_SCHOOL_HOLIDAY_CALENDAR,SRC_OPEN_STATCAN_PED_POPULATION",modelled,ready
SITE_STOLLERY_INSPIRED,mental_health,Mental health,SITE_STOLLERY_INSPIRED_MENTAL_HEALTH,Mental health unit,48,0.958,0.882,1.049,10,4,14.6,"SRC_SYNTH_UNIT_CENSUS_HOURLY,SRC_SYNTH_BED_STATUS,SRC_SYNTH_ED_VISITS,SRC_SYNTH_TRANSFER_REQUESTS,SRC_SYNTH_DISCHARGE_BARRIERS,SRC_SYNTH_HR_SHIFT_ROSTER,SRC_SYNTH_FINANCE_COST_CENTER,SRC_OPEN_RESPIRATORY_VIRUS_DASHBOARD,SRC_OPEN_AQHI_SMOKE_CONTEXT,SRC_OPEN_SCHOOL_HOLIDAY_CALENDAR,SRC_OPEN_STATCAN_PED_POPULATION",modelled,ready
SITE_STOLLERY_INSPIRED,mental_health,Mental health,SITE_STOLLERY_INSPIRED_MENTAL_HEALTH,Mental health unit,72,0.968,0.88,1.071,15,6,16.1,"SRC_SYNTH_UNIT_CENSUS_HOURLY,SRC_SYNTH_BED_STATUS,SRC_SYNTH_ED_VISITS,SRC_SYNTH_TRANSFER_REQUESTS,SRC_SYNTH_DISCHARGE_BARRIERS,SRC_SYNTH_HR_SHIFT_ROSTER,SRC_SYNTH_FINANCE_COST_CENTER,SRC_OPEN_RESPIRATORY_VIRUS_DASHBOARD,SRC_OPEN_AQHI_SMOKE_CONTEXT,SRC_OPEN_SCHOOL_HOLIDAY_CALENDAR,SRC_OPEN_STATCAN_PED_POPULATION",modelled,ready
SITE_STOLLERY_INSPIRED,complex_care,Complex care,SITE_STOLLERY_INSPIRED_COMPLEX_CARE,Complex care unit,0,0.954,0.899,1.019,0,0,13.7,"SRC_SYNTH_UNIT_CENSUS_HOURLY,SRC_SYNTH_BED_STATUS,SRC_SYNTH_ED_VISITS,SRC_SYNTH_TRANSFER_REQUESTS,SRC_SYNTH_DISCHARGE_BARRIERS,SRC_SYNTH_HR_SHIFT_ROSTER,SRC_SYNTH_FINANCE_COST_CENTER,SRC_OPEN_RESPIRATORY_VIRUS_DASHBOARD,SRC_OPEN_AQHI_SMOKE_CONTEXT,SRC_OPEN_SCHOOL_HOLIDAY_CALENDAR,SRC_OPEN_STATCAN_PED_POPULATION",modelled,ready
SITE_STOLLERY_INSPIRED,complex_care,Complex care,SITE_STOLLERY_INSPIRED_COMPLEX_CARE,Complex care unit,3,0.951,0.895,1.018,1,0,13.9,"SRC_SYNTH_UNIT_CENSUS_HOURLY,SRC_SYNTH_BED_STATUS,SRC_SYNTH_ED_VISITS,SRC_SYNTH_TRANSFER_REQUESTS,SRC_SYNTH_DISCHARGE_BARRIERS,SRC_SYNTH_HR_SHIFT_ROSTER,SRC_SYNTH_FINANCE_COST_CENTER,SRC_OPEN_RESPIRATORY_VIRUS_DASHBOARD,SRC_OPEN_AQHI_SMOKE_CONTEXT,SRC_OPEN_SCHOOL_HOLIDAY_CALENDAR,SRC_OPEN_STATCAN_PED_POPULATION",modelled,ready
SITE_STOLLERY_INSPIRED,complex_care,Complex care,SITE_STOLLERY_INSPIRED_COMPLEX_CARE,Complex care unit,6,0.948,0.89,1.016,1,0,14.2,"SRC_SYNTH_UNIT_CENSUS_HOURLY,SRC_SYNTH_BED_STATUS,SRC_SYNTH_ED_VISITS,SRC_SYNTH_TRANSFER_REQUESTS,SRC_SYNTH_DISCHARGE_BARRIERS,SRC_SYNTH_HR_SHIFT_ROSTER,SRC_SYNTH_FINANCE_COST_CENTER,SRC_OPEN_RESPIRATORY_VIRUS_DASHBOARD,SRC_OPEN_AQHI_SMOKE_CONTEXT,SRC_OPEN_SCHOOL_HOLIDAY_CALENDAR,SRC_OPEN_STATCAN_PED_POPULATION",modelled,ready
SITE_STOLLERY_INSPIRED,complex_care,Complex care,SITE_STOLLERY_INSPIRED_COMPLEX_CARE,Complex care unit,12,0.942,0.881,1.013,2,1,14.6,"SRC_SYNTH_UNIT_CENSUS_HOURLY,SRC_SYNTH_BED_STATUS,SRC_SYNTH_ED_VISITS,SRC_SYNTH_TRANSFER_REQUESTS,SRC_SYNTH_DISCHARGE_BARRIERS,SRC_SYNTH_HR_SHIFT_ROSTER,SRC_SYNTH_FINANCE_COST_CENTER,SRC_OPEN_RESPIRATORY_VIRUS_DASHBOARD,SRC_OPEN_AQHI_SMOKE_CONTEXT,SRC_OPEN_SCHOOL_HOLIDAY_CALENDAR,SRC_OPEN_STATCAN_PED_POPULATION",modelled,ready
SITE_STOLLERY_INSPIRED,complex_care,Complex care,SITE_STOLLERY_INSPIRED_COMPLEX_CARE,Complex care unit,18,0.937,0.874,1.012,4,2,15.1,"SRC_SYNTH_UNIT_CENSUS_HOURLY,SRC_SYNTH_BED_STATUS,SRC_SYNTH_ED_VISITS,SRC_SYNTH_TRANSFER_REQUESTS,SRC_SYNTH_DISCHARGE_BARRIERS,SRC_SYNTH_HR_SHIFT_ROSTER,SRC_SYNTH_FINANCE_COST_CENTER,SRC_OPEN_RESPIRATORY_VIRUS_DASHBOARD,SRC_OPEN_AQHI_SMOKE_CONTEXT,SRC_OPEN_SCHOOL_HOLIDAY_CALENDAR,SRC_OPEN_STATCAN_PED_POPULATION",modelled,ready
SITE_STOLLERY_INSPIRED,complex_care,Complex care,SITE_STOLLERY_INSPIRED_COMPLEX_CARE,Complex care unit,24,0.937,0.871,1.014,5,2,15.5,"SRC_SYNTH_UNIT_CENSUS_HOURLY,SRC_SYNTH_BED_STATUS,SRC_SYNTH_ED_VISITS,SRC_SYNTH_TRANSFER_REQUESTS,SRC_SYNTH_DISCHARGE_BARRIERS,SRC_SYNTH_HR_SHIFT_ROSTER,SRC_SYNTH_FINANCE_COST_CENTER,SRC_OPEN_RESPIRATORY_VIRUS_DASHBOARD,SRC_OPEN_AQHI_SMOKE_CONTEXT,SRC_OPEN_SCHOOL_HOLIDAY_CALENDAR,SRC_OPEN_STATCAN_PED_POPULATION",modelled,ready
SITE_STOLLERY_INSPIRED,complex_care,Complex care,SITE_STOLLERY_INSPIRED_COMPLEX_CARE,Complex care unit,48,0.967,0.89,1.057,10,4,17.4,"SRC_SYNTH_UNIT_CENSUS_HOURLY,SRC_SYNTH_BED_STATUS,SRC_SYNTH_ED_VISITS,SRC_SYNTH_TRANSFER_REQUESTS,SRC_SYNTH_DISCHARGE_BARRIERS,SRC_SYNTH_HR_SHIFT_ROSTER,SRC_SYNTH_FINANCE_COST_CENTER,SRC_OPEN_RESPIRATORY_VIRUS_DASHBOARD,SRC_OPEN_AQHI_SMOKE_CONTEXT,SRC_OPEN_SCHOOL_HOLIDAY_CALENDAR,SRC_OPEN_STATCAN_PED_POPULATION",modelled,ready
SITE_STOLLERY_INSPIRED,complex_care,Complex care,SITE_STOLLERY_INSPIRED_COMPLEX_CARE,Complex care unit,72,0.973,0.885,1.075,15,6,19.2,"SRC_SYNTH_UNIT_CENSUS_HOURLY,SRC_SYNTH_BED_STATUS,SRC_SYNTH_ED_VISITS,SRC_SYNTH_TRANSFER_REQUESTS,SRC_SYNTH_DISCHARGE_BARRIERS,SRC_SYNTH_HR_SHIFT_ROSTER,SRC_SYNTH_FINANCE_COST_CENTER,SRC_OPEN_RESPIRATORY_VIRUS_DASHBOARD,SRC_OPEN_AQHI_SMOKE_CONTEXT,SRC_OPEN_SCHOOL_HOLIDAY_CALENDAR,SRC_OPEN_STATCAN_PED_POPULATION",modelled,ready
SITE_STOLLERY_INSPIRED,short_stay,Short stay,SITE_STOLLERY_INSPIRED_SHORT_STAY,Short stay unit,0,0.839,0.784,0.904,0,0,3.4,"SRC_SYNTH_UNIT_CENSUS_HOURLY,SRC_SYNTH_BED_STATUS,SRC_SYNTH_ED_VISITS,SRC_SYNTH_TRANSFER_REQUESTS,SRC_SYNTH_DISCHARGE_BARRIERS,SRC_SYNTH_HR_SHIFT_ROSTER,SRC_SYNTH_FINANCE_COST_CENTER,SRC_OPEN_RESPIRATORY_VIRUS_DASHBOARD,SRC_OPEN_AQHI_SMOKE_CONTEXT,SRC_OPEN_SCHOOL_HOLIDAY_CALENDAR,SRC_OPEN_STATCAN_PED_POPULATION",modelled,ready
SITE_STOLLERY_INSPIRED,short_stay,Short stay,SITE_STOLLERY_INSPIRED_SHORT_STAY,Short stay unit,3,0.836,0.78,0.902,0,0,3.5,"SRC_SYNTH_UNIT_CENSUS_HOURLY,SRC_SYNTH_BED_STATUS,SRC_SYNTH_ED_VISITS,SRC_SYNTH_TRANSFER_REQUESTS,SRC_SYNTH_DISCHARGE_BARRIERS,SRC_SYNTH_HR_SHIFT_ROSTER,SRC_SYNTH_FINANCE_COST_CENTER,SRC_OPEN_RESPIRATORY_VIRUS_DASHBOARD,SRC_OPEN_AQHI_SMOKE_CONTEXT,SRC_OPEN_SCHOOL_HOLIDAY_CALENDAR,SRC_OPEN_STATCAN_PED_POPULATION",modelled,ready
SITE_STOLLERY_INSPIRED,short_stay,Short stay,SITE_STOLLERY_INSPIRED_SHORT_STAY,Short stay unit,6,0.833,0.775,0.901,1,0,3.5,"SRC_SYNTH_UNIT_CENSUS_HOURLY,SRC_SYNTH_BED_STATUS,SRC_SYNTH_ED_VISITS,SRC_SYNTH_TRANSFER_REQUESTS,SRC_SYNTH_DISCHARGE_BARRIERS,SRC_SYNTH_HR_SHIFT_ROSTER,SRC_SYNTH_FINANCE_COST_CENTER,SRC_OPEN_RESPIRATORY_VIRUS_DASHBOARD,SRC_OPEN_AQHI_SMOKE_CONTEXT,SRC_OPEN_SCHOOL_HOLIDAY_CALENDAR,SRC_OPEN_STATCAN_PED_POPULATION",modelled,ready
SITE_STOLLERY_INSPIRED,short_stay,Short stay,SITE_STOLLERY_INSPIRED_SHORT_STAY,Short stay unit,12,0.827,0.766,0.898,2,1,3.6,"SRC_SYNTH_UNIT_CENSUS_HOURLY,SRC_SYNTH_BED_STATUS,SRC_SYNTH_ED_VISITS,SRC_SYNTH_TRANSFER_REQUESTS,SRC_SYNTH_DISCHARGE_BARRIERS,SRC_SYNTH_HR_SHIFT_ROSTER,SRC_SYNTH_FINANCE_COST_CENTER,SRC_OPEN_RESPIRATORY_VIRUS_DASHBOARD,SRC_OPEN_AQHI_SMOKE_CONTEXT,SRC_OPEN_SCHOOL_HOLIDAY_CALENDAR,SRC_OPEN_STATCAN_PED_POPULATION",modelled,ready
SITE_STOLLERY_INSPIRED,short_stay,Short stay,SITE_STOLLERY_INSPIRED_SHORT_STAY,Short stay unit,18,0.824,0.761,0.898,3,2,3.7,"SRC_SYNTH_UNIT_CENSUS_HOURLY,SRC_SYNTH_BED_STATUS,SRC_SYNTH_ED_VISITS,SRC_SYNTH_TRANSFER_REQUESTS,SRC_SYNTH_DISCHARGE_BARRIERS,SRC_SYNTH_HR_SHIFT_ROSTER,SRC_SYNTH_FINANCE_COST_CENTER,SRC_OPEN_RESPIRATORY_VIRUS_DASHBOARD,SRC_OPEN_AQHI_SMOKE_CONTEXT,SRC_OPEN_SCHOOL_HOLIDAY_CALENDAR,SRC_OPEN_STATCAN_PED_POPULATION",modelled,ready
SITE_STOLLERY_INSPIRED,short_stay,Short stay,SITE_STOLLERY_INSPIRED_SHORT_STAY,Short stay unit,24,0.825,0.759,0.902,4,2,3.9,"SRC_SYNTH_UNIT_CENSUS_HOURLY,SRC_SYNTH_BED_STATUS,SRC_SYNTH_ED_VISITS,SRC_SYNTH_TRANSFER_REQUESTS,SRC_SYNTH_DISCHARGE_BARRIERS,SRC_SYNTH_HR_SHIFT_ROSTER,SRC_SYNTH_FINANCE_COST_CENTER,SRC_OPEN_RESPIRATORY_VIRUS_DASHBOARD,SRC_OPEN_AQHI_SMOKE_CONTEXT,SRC_OPEN_SCHOOL_HOLIDAY_CALENDAR,SRC_OPEN_STATCAN_PED_POPULATION",modelled,ready
SITE_STOLLERY_INSPIRED,short_stay,Short stay,SITE_STOLLERY_INSPIRED_SHORT_STAY,Short stay unit,48,0.857,0.78,0.947,8,4,4.3,"SRC_SYNTH_UNIT_CENSUS_HOURLY,SRC_SYNTH_BED_STATUS,SRC_SYNTH_ED_VISITS,SRC_SYNTH_TRANSFER_REQUESTS,SRC_SYNTH_DISCHARGE_BARRIERS,SRC_SYNTH_HR_SHIFT_ROSTER,SRC_SYNTH_FINANCE_COST_CENTER,SRC_OPEN_RESPIRATORY_VIRUS_DASHBOARD,SRC_OPEN_AQHI_SMOKE_CONTEXT,SRC_OPEN_SCHOOL_HOLIDAY_CALENDAR,SRC_OPEN_STATCAN_PED_POPULATION",modelled,ready
SITE_STOLLERY_INSPIRED,short_stay,Short stay,SITE_STOLLERY_INSPIRED_SHORT_STAY,Short stay unit,72,0.854,0.767,0.957,12,6,4.8,"SRC_SYNTH_UNIT_CENSUS_HOURLY,SRC_SYNTH_BED_STATUS,SRC_SYNTH_ED_VISITS,SRC_SYNTH_TRANSFER_REQUESTS,SRC_SYNTH_DISCHARGE_BARRIERS,SRC_SYNTH_HR_SHIFT_ROSTER,SRC_SYNTH_FINANCE_COST_CENTER,SRC_OPEN_RESPIRATORY_VIRUS_DASHBOARD,SRC_OPEN_AQHI_SMOKE_CONTEXT,SRC_OPEN_SCHOOL_HOLIDAY_CALENDAR,SRC_OPEN_STATCAN_PED_POPULATION",modelled,ready
SITE_STOLLERY_INSPIRED,procedural_recovery,Procedural recovery,SITE_STOLLERY_INSPIRED_PROCEDURAL_RECOVERY,Procedural recovery unit,0,0.752,0.697,0.817,0,0,2.0,"SRC_SYNTH_UNIT_CENSUS_HOURLY,SRC_SYNTH_BED_STATUS,SRC_SYNTH_ED_VISITS,SRC_SYNTH_TRANSFER_REQUESTS,SRC_SYNTH_DISCHARGE_BARRIERS,SRC_SYNTH_HR_SHIFT_ROSTER,SRC_SYNTH_FINANCE_COST_CENTER,SRC_OPEN_RESPIRATORY_VIRUS_DASHBOARD,SRC_OPEN_AQHI_SMOKE_CONTEXT,SRC_OPEN_SCHOOL_HOLIDAY_CALENDAR,SRC_OPEN_STATCAN_PED_POPULATION",modelled,review
SITE_STOLLERY_INSPIRED,procedural_recovery,Procedural recovery,SITE_STOLLERY_INSPIRED_PROCEDURAL_RECOVERY,Procedural recovery unit,3,0.749,0.692,0.815,0,0,2.0,"SRC_SYNTH_UNIT_CENSUS_HOURLY,SRC_SYNTH_BED_STATUS,SRC_SYNTH_ED_VISITS,SRC_SYNTH_TRANSFER_REQUESTS,SRC_SYNTH_DISCHARGE_BARRIERS,SRC_SYNTH_HR_SHIFT_ROSTER,SRC_SYNTH_FINANCE_COST_CENTER,SRC_OPEN_RESPIRATORY_VIRUS_DASHBOARD,SRC_OPEN_AQHI_SMOKE_CONTEXT,SRC_OPEN_SCHOOL_HOLIDAY_CALENDAR,SRC_OPEN_STATCAN_PED_POPULATION",modelled,review
SITE_STOLLERY_INSPIRED,procedural_recovery,Procedural recovery,SITE_STOLLERY_INSPIRED_PROCEDURAL_RECOVERY,Procedural recovery unit,6,0.745,0.688,0.813,1,0,2.1,"SRC_SYNTH_UNIT_CENSUS_HOURLY,SRC_SYNTH_BED_STATUS,SRC_SYNTH_ED_VISITS,SRC_SYNTH_TRANSFER_REQUESTS,SRC_SYNTH_DISCHARGE_BARRIERS,SRC_SYNTH_HR_SHIFT_ROSTER,SRC_SYNTH_FINANCE_COST_CENTER,SRC_OPEN_RESPIRATORY_VIRUS_DASHBOARD,SRC_OPEN_AQHI_SMOKE_CONTEXT,SRC_OPEN_SCHOOL_HOLIDAY_CALENDAR,SRC_OPEN_STATCAN_PED_POPULATION",modelled,review
SITE_STOLLERY_INSPIRED,procedural_recovery,Procedural recovery,SITE_STOLLERY_INSPIRED_PROCEDURAL_RECOVERY,Procedural recovery unit,12,0.74,0.68,0.811,2,1,2.1,"SRC_SYNTH_UNIT_CENSUS_HOURLY,SRC_SYNTH_BED_STATUS,SRC_SYNTH_ED_VISITS,SRC_SYNTH_TRANSFER_REQUESTS,SRC_SYNTH_DISCHARGE_BARRIERS,SRC_SYNTH_HR_SHIFT_ROSTER,SRC_SYNTH_FINANCE_COST_CENTER,SRC_OPEN_RESPIRATORY_VIRUS_DASHBOARD,SRC_OPEN_AQHI_SMOKE_CONTEXT,SRC_OPEN_SCHOOL_HOLIDAY_CALENDAR,SRC_OPEN_STATCAN_PED_POPULATION",modelled,review
SITE_STOLLERY_INSPIRED,procedural_recovery,Procedural recovery,SITE_STOLLERY_INSPIRED_PROCEDURAL_RECOVERY,Procedural recovery unit,18,0.739,0.675,0.813,3,2,2.2,"SRC_SYNTH_UNIT_CENSUS_HOURLY,SRC_SYNTH_BED_STATUS,SRC_SYNTH_ED_VISITS,SRC_SYNTH_TRANSFER_REQUESTS,SRC_SYNTH_DISCHARGE_BARRIERS,SRC_SYNTH_HR_SHIFT_ROSTER,SRC_SYNTH_FINANCE_COST_CENTER,SRC_OPEN_RESPIRATORY_VIRUS_DASHBOARD,SRC_OPEN_AQHI_SMOKE_CONTEXT,SRC_OPEN_SCHOOL_HOLIDAY_CALENDAR,SRC_OPEN_STATCAN_PED_POPULATION",modelled,review
SITE_STOLLERY_INSPIRED,procedural_recovery,Procedural recovery,SITE_STOLLERY_INSPIRED_PROCEDURAL_RECOVERY,Procedural recovery unit,24,0.741,0.675,0.819,4,2,2.3,"SRC_SYNTH_UNIT_CENSUS_HOURLY,SRC_SYNTH_BED_STATUS,SRC_SYNTH_ED_VISITS,SRC_SYNTH_TRANSFER_REQUESTS,SRC_SYNTH_DISCHARGE_BARRIERS,SRC_SYNTH_HR_SHIFT_ROSTER,SRC_SYNTH_FINANCE_COST_CENTER,SRC_OPEN_RESPIRATORY_VIRUS_DASHBOARD,SRC_OPEN_AQHI_SMOKE_CONTEXT,SRC_OPEN_SCHOOL_HOLIDAY_CALENDAR,SRC_OPEN_STATCAN_PED_POPULATION",modelled,review
SITE_STOLLERY_INSPIRED,procedural_recovery,Procedural recovery,SITE_STOLLERY_INSPIRED_PROCEDURAL_RECOVERY,Procedural recovery unit,48,0.773,0.696,0.863,8,4,2.5,"SRC_SYNTH_UNIT_CENSUS_HOURLY,SRC_SYNTH_BED_STATUS,SRC_SYNTH_ED_VISITS,SRC_SYNTH_TRANSFER_REQUESTS,SRC_SYNTH_DISCHARGE_BARRIERS,SRC_SYNTH_HR_SHIFT_ROSTER,SRC_SYNTH_FINANCE_COST_CENTER,SRC_OPEN_RESPIRATORY_VIRUS_DASHBOARD,SRC_OPEN_AQHI_SMOKE_CONTEXT,SRC_OPEN_SCHOOL_HOLIDAY_CALENDAR,SRC_OPEN_STATCAN_PED_POPULATION",modelled,review
SITE_STOLLERY_INSPIRED,procedural_recovery,Procedural recovery,SITE_STOLLERY_INSPIRED_PROCEDURAL_RECOVERY,Procedural recovery unit,72,0.762,0.674,0.865,12,6,2.8,"SRC_SYNTH_UNIT_CENSUS_HOURLY,SRC_SYNTH_BED_STATUS,SRC_SYNTH_ED_VISITS,SRC_SYNTH_TRANSFER_REQUESTS,SRC_SYNTH_DISCHARGE_BARRIERS,SRC_SYNTH_HR_SHIFT_ROSTER,SRC_SYNTH_FINANCE_COST_CENTER,SRC_OPEN_RESPIRATORY_VIRUS_DASHBOARD,SRC_OPEN_AQHI_SMOKE_CONTEXT,SRC_OPEN_SCHOOL_HOLIDAY_CALENDAR,SRC_OPEN_STATCAN_PED_POPULATION",modelled,review
SITE_ACH_INSPIRED,general_pediatrics,General pediatrics,SITE_ACH_INSPIRED_GENERAL_PEDIATRICS,General pediatrics unit,0,0.964,0.909,1.029,0,0,23.4,"SRC_SYNTH_UNIT_CENSUS_HOURLY,SRC_SYNTH_BED_STATUS,SRC_SYNTH_ED_VISITS,SRC_SYNTH_TRANSFER_REQUESTS,SRC_SYNTH_DISCHARGE_BARRIERS,SRC_SYNTH_HR_SHIFT_ROSTER,SRC_SYNTH_FINANCE_COST_CENTER,SRC_OPEN_RESPIRATORY_VIRUS_DASHBOARD,SRC_OPEN_AQHI_SMOKE_CONTEXT,SRC_OPEN_SCHOOL_HOLIDAY_CALENDAR,SRC_OPEN_STATCAN_PED_POPULATION",modelled,ready
SITE_ACH_INSPIRED,general_pediatrics,General pediatrics,SITE_ACH_INSPIRED_GENERAL_PEDIATRICS,General pediatrics unit,3,0.969,0.913,1.036,1,0,23.8,"SRC_SYNTH_UNIT_CENSUS_HOURLY,SRC_SYNTH_BED_STATUS,SRC_SYNTH_ED_VISITS,SRC_SYNTH_TRANSFER_REQUESTS,SRC_SYNTH_DISCHARGE_BARRIERS,SRC_SYNTH_HR_SHIFT_ROSTER,SRC_SYNTH_FINANCE_COST_CENTER,SRC_OPEN_RESPIRATORY_VIRUS_DASHBOARD,SRC_OPEN_AQHI_SMOKE_CONTEXT,SRC_OPEN_SCHOOL_HOLIDAY_CALENDAR,SRC_OPEN_STATCAN_PED_POPULATION",modelled,ready
SITE_ACH_INSPIRED,general_pediatrics,General pediatrics,SITE_ACH_INSPIRED_GENERAL_PEDIATRICS,General pediatrics unit,6,0.974,0.916,1.042,2,1,24.2,"SRC_SYNTH_UNIT_CENSUS_HOURLY,SRC_SYNTH_BED_STATUS,SRC_SYNTH_ED_VISITS,SRC_SYNTH_TRANSFER_REQUESTS,SRC_SYNTH_DISCHARGE_BARRIERS,SRC_SYNTH_HR_SHIFT_ROSTER,SRC_SYNTH_FINANCE_COST_CENTER,SRC_OPEN_RESPIRATORY_VIRUS_DASHBOARD,SRC_OPEN_AQHI_SMOKE_CONTEXT,SRC_OPEN_SCHOOL_HOLIDAY_CALENDAR,SRC_OPEN_STATCAN_PED_POPULATION",modelled,ready
SITE_ACH_INSPIRED,general_pediatrics,General pediatrics,SITE_ACH_INSPIRED_GENERAL_PEDIATRICS,General pediatrics unit,12,0.981,0.921,1.053,4,2,25.0,"SRC_SYNTH_UNIT_CENSUS_HOURLY,SRC_SYNTH_BED_STATUS,SRC_SYNTH_ED_VISITS,SRC_SYNTH_TRANSFER_REQUESTS,SRC_SYNTH_DISCHARGE_BARRIERS,SRC_SYNTH_HR_SHIFT_ROSTER,SRC_SYNTH_FINANCE_COST_CENTER,SRC_OPEN_RESPIRATORY_VIRUS_DASHBOARD,SRC_OPEN_AQHI_SMOKE_CONTEXT,SRC_OPEN_SCHOOL_HOLIDAY_CALENDAR,SRC_OPEN_STATCAN_PED_POPULATION",modelled,ready
SITE_ACH_INSPIRED,general_pediatrics,General pediatrics,SITE_ACH_INSPIRED_GENERAL_PEDIATRICS,General pediatrics unit,18,0.985,0.922,1.06,5,2,25.7,"SRC_SYNTH_UNIT_CENSUS_HOURLY,SRC_SYNTH_BED_STATUS,SRC_SYNTH_ED_VISITS,SRC_SYNTH_TRANSFER_REQUESTS,SRC_SYNTH_DISCHARGE_BARRIERS,SRC_SYNTH_HR_SHIFT_ROSTER,SRC_SYNTH_FINANCE_COST_CENTER,SRC_OPEN_RESPIRATORY_VIRUS_DASHBOARD,SRC_OPEN_AQHI_SMOKE_CONTEXT,SRC_OPEN_SCHOOL_HOLIDAY_CALENDAR,SRC_OPEN_STATCAN_PED_POPULATION",modelled,ready
SITE_ACH_INSPIRED,general_pediatrics,General pediatrics,SITE_ACH_INSPIRED_GENERAL_PEDIATRICS,General pediatrics unit,24,0.985,0.919,1.062,7,3,26.5,"SRC_SYNTH_UNIT_CENSUS_HOURLY,SRC_SYNTH_BED_STATUS,SRC_SYNTH_ED_VISITS,SRC_SYNTH_TRANSFER_REQUESTS,SRC_SYNTH_DISCHARGE_BARRIERS,SRC_SYNTH_HR_SHIFT_ROSTER,SRC_SYNTH_FINANCE_COST_CENTER,SRC_OPEN_RESPIRATORY_VIRUS_DASHBOARD,SRC_OPEN_AQHI_SMOKE_CONTEXT,SRC_OPEN_SCHOOL_HOLIDAY_CALENDAR,SRC_OPEN_STATCAN_PED_POPULATION",modelled,ready
SITE_ACH_INSPIRED,general_pediatrics,General pediatrics,SITE_ACH_INSPIRED_GENERAL_PEDIATRICS,General pediatrics unit,48,0.966,0.89,1.057,14,6,29.6,"SRC_SYNTH_UNIT_CENSUS_HOURLY,SRC_SYNTH_BED_STATUS,SRC_SYNTH_ED_VISITS,SRC_SYNTH_TRANSFER_REQUESTS,SRC_SYNTH_DISCHARGE_BARRIERS,SRC_SYNTH_HR_SHIFT_ROSTER,SRC_SYNTH_FINANCE_COST_CENTER,SRC_OPEN_RESPIRATORY_VIRUS_DASHBOARD,SRC_OPEN_AQHI_SMOKE_CONTEXT,SRC_OPEN_SCHOOL_HOLIDAY_CALENDAR,SRC_OPEN_STATCAN_PED_POPULATION",modelled,ready
SITE_ACH_INSPIRED,general_pediatrics,General pediatrics,SITE_ACH_INSPIRED_GENERAL_PEDIATRICS,General pediatrics unit,72,0.993,0.905,1.096,21,9,32.8,"SRC_SYNTH_UNIT_CENSUS_HOURLY,SRC_SYNTH_BED_STATUS,SRC_SYNTH_ED_VISITS,SRC_SYNTH_TRANSFER_REQUESTS,SRC_SYNTH_DISCHARGE_BARRIERS,SRC_SYNTH_HR_SHIFT_ROSTER,SRC_SYNTH_FINANCE_COST_CENTER,SRC_OPEN_RESPIRATORY_VIRUS_DASHBOARD,SRC_OPEN_AQHI_SMOKE_CONTEXT,SRC_OPEN_SCHOOL_HOLIDAY_CALENDAR,SRC_OPEN_STATCAN_PED_POPULATION",modelled,ready
SITE_ACH_INSPIRED,respiratory,Respiratory,SITE_ACH_INSPIRED_RESPIRATORY,Respiratory unit,0,1.046,0.991,1.111,0,0,34.1,"SRC_SYNTH_UNIT_CENSUS_HOURLY,SRC_SYNTH_BED_STATUS,SRC_SYNTH_ED_VISITS,SRC_SYNTH_TRANSFER_REQUESTS,SRC_SYNTH_DISCHARGE_BARRIERS,SRC_SYNTH_HR_SHIFT_ROSTER,SRC_SYNTH_FINANCE_COST_CENTER,SRC_OPEN_RESPIRATORY_VIRUS_DASHBOARD,SRC_OPEN_AQHI_SMOKE_CONTEXT,SRC_OPEN_SCHOOL_HOLIDAY_CALENDAR,SRC_OPEN_STATCAN_PED_POPULATION",modelled,review
SITE_ACH_INSPIRED,respiratory,Respiratory,SITE_ACH_INSPIRED_RESPIRATORY,Respiratory unit,3,1.051,0.995,1.118,1,0,34.7,"SRC_SYNTH_UNIT_CENSUS_HOURLY,SRC_SYNTH_BED_STATUS,SRC_SYNTH_ED_VISITS,SRC_SYNTH_TRANSFER_REQUESTS,SRC_SYNTH_DISCHARGE_BARRIERS,SRC_SYNTH_HR_SHIFT_ROSTER,SRC_SYNTH_FINANCE_COST_CENTER,SRC_OPEN_RESPIRATORY_VIRUS_DASHBOARD,SRC_OPEN_AQHI_SMOKE_CONTEXT,SRC_OPEN_SCHOOL_HOLIDAY_CALENDAR,SRC_OPEN_STATCAN_PED_POPULATION",modelled,review
SITE_ACH_INSPIRED,respiratory,Respiratory,SITE_ACH_INSPIRED_RESPIRATORY,Respiratory unit,6,1.056,0.998,1.124,2,1,35.2,"SRC_SYNTH_UNIT_CENSUS_HOURLY,SRC_SYNTH_BED_STATUS,SRC_SYNTH_ED_VISITS,SRC_SYNTH_TRANSFER_REQUESTS,SRC_SYNTH_DISCHARGE_BARRIERS,SRC_SYNTH_HR_SHIFT_ROSTER,SRC_SYNTH_FINANCE_COST_CENTER,SRC_OPEN_RESPIRATORY_VIRUS_DASHBOARD,SRC_OPEN_AQHI_SMOKE_CONTEXT,SRC_OPEN_SCHOOL_HOLIDAY_CALENDAR,SRC_OPEN_STATCAN_PED_POPULATION",modelled,review
SITE_ACH_INSPIRED,respiratory,Respiratory,SITE_ACH_INSPIRED_RESPIRATORY,Respiratory unit,12,1.063,1.002,1.134,4,2,36.4,"SRC_SYNTH_UNIT_CENSUS_HOURLY,SRC_SYNTH_BED_STATUS,SRC_SYNTH_ED_VISITS,SRC_SYNTH_TRANSFER_REQUESTS,SRC_SYNTH_DISCHARGE_BARRIERS,SRC_SYNTH_HR_SHIFT_ROSTER,SRC_SYNTH_FINANCE_COST_CENTER,SRC_OPEN_RESPIRATORY_VIRUS_DASHBOARD,SRC_OPEN_AQHI_SMOKE_CONTEXT,SRC_OPEN_SCHOOL_HOLIDAY_CALENDAR,SRC_OPEN_STATCAN_PED_POPULATION",modelled,review
SITE_ACH_INSPIRED,respiratory,Respiratory,SITE_ACH_INSPIRED_RESPIRATORY,Respiratory unit,18,1.065,1.002,1.14,5,2,37.5,"SRC_SYNTH_UNIT_CENSUS_HOURLY,SRC_SYNTH_BED_STATUS,SRC_SYNTH_ED_VISITS,SRC_SYNTH_TRANSFER_REQUESTS,SRC_SYNTH_DISCHARGE_BARRIERS,SRC_SYNTH_HR_SHIFT_ROSTER,SRC_SYNTH_FINANCE_COST_CENTER,SRC_OPEN_RESPIRATORY_VIRUS_DASHBOARD,SRC_OPEN_AQHI_SMOKE_CONTEXT,SRC_OPEN_SCHOOL_HOLIDAY_CALENDAR,SRC_OPEN_STATCAN_PED_POPULATION",modelled,review
SITE_ACH_INSPIRED,respiratory,Respiratory,SITE_ACH_INSPIRED_RESPIRATORY,Respiratory unit,24,1.064,0.998,1.141,7,3,38.6,"SRC_SYNTH_UNIT_CENSUS_HOURLY,SRC_SYNTH_BED_STATUS,SRC_SYNTH_ED_VISITS,SRC_SYNTH_TRANSFER_REQUESTS,SRC_SYNTH_DISCHARGE_BARRIERS,SRC_SYNTH_HR_SHIFT_ROSTER,SRC_SYNTH_FINANCE_COST_CENTER,SRC_OPEN_RESPIRATORY_VIRUS_DASHBOARD,SRC_OPEN_AQHI_SMOKE_CONTEXT,SRC_OPEN_SCHOOL_HOLIDAY_CALENDAR,SRC_OPEN_STATCAN_PED_POPULATION",modelled,review
SITE_ACH_INSPIRED,respiratory,Respiratory,SITE_ACH_INSPIRED_RESPIRATORY,Respiratory unit,48,1.051,0.974,1.142,14,6,43.2,"SRC_SYNTH_UNIT_CENSUS_HOURLY,SRC_SYNTH_BED_STATUS,SRC_SYNTH_ED_VISITS,SRC_SYNTH_TRANSFER_REQUESTS,SRC_SYNTH_DISCHARGE_BARRIERS,SRC_SYNTH_HR_SHIFT_ROSTER,SRC_SYNTH_FINANCE_COST_CENTER,SRC_OPEN_RESPIRATORY_VIRUS_DASHBOARD,SRC_OPEN_AQHI_SMOKE_CONTEXT,SRC_OPEN_SCHOOL_HOLIDAY_CALENDAR,SRC_OPEN_STATCAN_PED_POPULATION",modelled,review
SITE_ACH_INSPIRED,respiratory,Respiratory,SITE_ACH_INSPIRED_RESPIRATORY,Respiratory unit,72,1.086,0.998,1.189,21,9,47.7,"SRC_SYNTH_UNIT_CENSUS_HOURLY,SRC_SYNTH_BED_STATUS,SRC_SYNTH_ED_VISITS,SRC_SYNTH_TRANSFER_REQUESTS,SRC_SYNTH_DISCHARGE_BARRIERS,SRC_SYNTH_HR_SHIFT_ROSTER,SRC_SYNTH_FINANCE_COST_CENTER,SRC_OPEN_RESPIRATORY_VIRUS_DASHBOARD,SRC_OPEN_AQHI_SMOKE_CONTEXT,SRC_OPEN_SCHOOL_HOLIDAY_CALENDAR,SRC_OPEN_STATCAN_PED_POPULATION",modelled,review
SITE_ACH_INSPIRED,surgery,Surgery,SITE_ACH_INSPIRED_SURGERY,Surgery unit,0,0.921,0.866,0.986,0,0,15.6,"SRC_SYNTH_UNIT_CENSUS_HOURLY,SRC_SYNTH_BED_STATUS,SRC_SYNTH_ED_VISITS,SRC_SYNTH_TRANSFER_REQUESTS,SRC_SYNTH_DISCHARGE_BARRIERS,SRC_SYNTH_HR_SHIFT_ROSTER,SRC_SYNTH_FINANCE_COST_CENTER,SRC_OPEN_RESPIRATORY_VIRUS_DASHBOARD,SRC_OPEN_AQHI_SMOKE_CONTEXT,SRC_OPEN_SCHOOL_HOLIDAY_CALENDAR,SRC_OPEN_STATCAN_PED_POPULATION",modelled,ready
SITE_ACH_INSPIRED,surgery,Surgery,SITE_ACH_INSPIRED_SURGERY,Surgery unit,3,0.925,0.868,0.991,1,0,15.9,"SRC_SYNTH_UNIT_CENSUS_HOURLY,SRC_SYNTH_BED_STATUS,SRC_SYNTH_ED_VISITS,SRC_SYNTH_TRANSFER_REQUESTS,SRC_SYNTH_DISCHARGE_BARRIERS,SRC_SYNTH_HR_SHIFT_ROSTER,SRC_SYNTH_FINANCE_COST_CENTER,SRC_OPEN_RESPIRATORY_VIRUS_DASHBOARD,SRC_OPEN_AQHI_SMOKE_CONTEXT,SRC_OPEN_SCHOOL_HOLIDAY_CALENDAR,SRC_OPEN_STATCAN_PED_POPULATION",modelled,ready
SITE_ACH_INSPIRED,surgery,Surgery,SITE_ACH_INSPIRED_SURGERY,Surgery unit,6,0.928,0.87,0.996,1,0,16.1,"SRC_SYNTH_UNIT_CENSUS_HOURLY,SRC_SYNTH_BED_STATUS,SRC_SYNTH_ED_VISITS,SRC_SYNTH_TRANSFER_REQUESTS,SRC_SYNTH_DISCHARGE_BARRIERS,SRC_SYNTH_HR_SHIFT_ROSTER,SRC_SYNTH_FINANCE_COST_CENTER,SRC_OPEN_RESPIRATORY_VIRUS_DASHBOARD,SRC_OPEN_AQHI_SMOKE_CONTEXT,SRC_OPEN_SCHOOL_HOLIDAY_CALENDAR,SRC_OPEN_STATCAN_PED_POPULATION",modelled,ready
SITE_ACH_INSPIRED,surgery,Surgery,SITE_ACH_INSPIRED_SURGERY,Surgery unit,12,0.931,0.87,1.002,2,1,16.6,"SRC_SYNTH_UNIT_CENSUS_HOURLY,SRC_SYNTH_BED_STATUS,SRC_SYNTH_ED_VISITS,SRC_SYNTH_TRANSFER_REQUESTS,SRC_SYNTH_DISCHARGE_BARRIERS,SRC_SYNTH_HR_SHIFT_ROSTER,SRC_SYNTH_FINANCE_COST_CENTER,SRC_OPEN_RESPIRATORY_VIRUS_DASHBOARD,SRC_OPEN_AQHI_SMOKE_CONTEXT,SRC_OPEN_SCHOOL_HOLIDAY_CALENDAR,SRC_OPEN_STATCAN_PED_POPULATION",modelled,ready
SITE_ACH_INSPIRED,surgery,Surgery,SITE_ACH_INSPIRED_SURGERY,Surgery unit,18,0.929,0.866,1.004,4,2,17.2,"SRC_SYNTH_UNIT_CENSUS_HOURLY,SRC_SYNTH_BED_STATUS,SRC_SYNTH_ED_VISITS,SRC_SYNTH_TRANSFER_REQUESTS,SRC_SYNTH_DISCHARGE_BARRIERS,SRC_SYNTH_HR_SHIFT_ROSTER,SRC_SYNTH_FINANCE_COST_CENTER,SRC_OPEN_RESPIRATORY_VIRUS_DASHBOARD,SRC_OPEN_AQHI_SMOKE_CONTEXT,SRC_OPEN_SCHOOL_HOLIDAY_CALENDAR,SRC_OPEN_STATCAN_PED_POPULATION",modelled,ready
SITE_ACH_INSPIRED,surgery,Surgery,SITE_ACH_INSPIRED_SURGERY,Surgery unit,24,0.925,0.859,1.002,5,2,17.7,"SRC_SYNTH_UNIT_CENSUS_HOURLY,SRC_SYNTH_BED_STATUS,SRC_SYNTH_ED_VISITS,SRC_SYNTH_TRANSFER_REQUESTS,SRC_SYNTH_DISCHARGE_BARRIERS,SRC_SYNTH_HR_SHIFT_ROSTER,SRC_SYNTH_FINANCE_COST_CENTER,SRC_OPEN_RESPIRATORY_VIRUS_DASHBOARD,SRC_OPEN_AQHI_SMOKE_CONTEXT,SRC_OPEN_SCHOOL_HOLIDAY_CALENDAR,SRC_OPEN_STATCAN_PED_POPULATION",modelled,ready
SITE_ACH_INSPIRED,surgery,Surgery,SITE_ACH_INSPIRED_SURGERY,Surgery unit,48,0.909,0.833,1.0,10,4,19.8,"SRC_SYNTH_UNIT_CENSUS_HOURLY,SRC_SYNTH_BED_STATUS,SRC_SYNTH_ED_VISITS,SRC_SYNTH_TRANSFER_REQUESTS,SRC_SYNTH_DISCHARGE_BARRIERS,SRC_SYNTH_HR_SHIFT_ROSTER,SRC_SYNTH_FINANCE_COST_CENTER,SRC_OPEN_RESPIRATORY_VIRUS_DASHBOARD,SRC_OPEN_AQHI_SMOKE_CONTEXT,SRC_OPEN_SCHOOL_HOLIDAY_CALENDAR,SRC_OPEN_STATCAN_PED_POPULATION",modelled,ready
SITE_ACH_INSPIRED,surgery,Surgery,SITE_ACH_INSPIRED_SURGERY,Surgery unit,72,0.941,0.853,1.044,15,6,21.8,"SRC_SYNTH_UNIT_CENSUS_HOURLY,SRC_SYNTH_BED_STATUS,SRC_SYNTH_ED_VISITS,SRC_SYNTH_TRANSFER_REQUESTS,SRC_SYNTH_DISCHARGE_BARRIERS,SRC_SYNTH_HR_SHIFT_ROSTER,SRC_SYNTH_FINANCE_COST_CENTER,SRC_OPEN_RESPIRATORY_VIRUS_DASHBOARD,SRC_OPEN_AQHI_SMOKE_CONTEXT,SRC_OPEN_SCHOOL_HOLIDAY_CALENDAR,SRC_OPEN_STATCAN_PED_POPULATION",modelled,ready
SITE_ACH_INSPIRED,picu,PICU,SITE_ACH_INSPIRED_PICU,PICU unit,0,1.088,1.033,1.153,0,0,18.1,"SRC_SYNTH_UNIT_CENSUS_HOURLY,SRC_SYNTH_BED_STATUS,SRC_SYNTH_ED_VISITS,SRC_SYNTH_TRANSFER_REQUESTS,SRC_SYNTH_DISCHARGE_BARRIERS,SRC_SYNTH_HR_SHIFT_ROSTER,SRC_SYNTH_FINANCE_COST_CENTER,SRC_OPEN_RESPIRATORY_VIRUS_DASHBOARD,SRC_OPEN_AQHI_SMOKE_CONTEXT,SRC_OPEN_SCHOOL_HOLIDAY_CALENDAR,SRC_OPEN_STATCAN_PED_POPULATION",modelled,review
SITE_ACH_INSPIRED,picu,PICU,SITE_ACH_INSPIRED_PICU,PICU unit,3,1.091,1.035,1.158,0,0,18.4,"SRC_SYNTH_UNIT_CENSUS_HOURLY,SRC_SYNTH_BED_STATUS,SRC_SYNTH_ED_VISITS,SRC_SYNTH_TRANSFER_REQUESTS,SRC_SYNTH_DISCHARGE_BARRIERS,SRC_SYNTH_HR_SHIFT_ROSTER,SRC_SYNTH_FINANCE_COST_CENTER,SRC_OPEN_RESPIRATORY_VIRUS_DASHBOARD,SRC_OPEN_AQHI_SMOKE_CONTEXT,SRC_OPEN_SCHOOL_HOLIDAY_CALENDAR,SRC_OPEN_STATCAN_PED_POPULATION",modelled,review
SITE_ACH_INSPIRED,picu,PICU,SITE_ACH_INSPIRED_PICU,PICU unit,6,1.093,1.036,1.162,1,0,18.7,"SRC_SYNTH_UNIT_CENSUS_HOURLY,SRC_SYNTH_BED_STATUS,SRC_SYNTH_ED_VISITS,SRC_SYNTH_TRANSFER_REQUESTS,SRC_SYNTH_DISCHARGE_BARRIERS,SRC_SYNTH_HR_SHIFT_ROSTER,SRC_SYNTH_FINANCE_COST_CENTER,SRC_OPEN_RESPIRATORY_VIRUS_DASHBOARD,SRC_OPEN_AQHI_SMOKE_CONTEXT,SRC_OPEN_SCHOOL_HOLIDAY_CALENDAR,SRC_OPEN_STATCAN_PED_POPULATION",modelled,review
SITE_ACH_INSPIRED,picu,PICU,SITE_ACH_INSPIRED_PICU,PICU unit,12,1.095,1.034,1.166,2,1,19.3,"SRC_SYNTH_UNIT_CENSUS_HOURLY,SRC_SYNTH_BED_STATUS,SRC_SYNTH_ED_VISITS,SRC_SYNTH_TRANSFER_REQUESTS,SRC_SYNTH_DISCHARGE_BARRIERS,SRC_SYNTH_HR_SHIFT_ROSTER,SRC_SYNTH_FINANCE_COST_CENTER,SRC_OPEN_RESPIRATORY_VIRUS_DASHBOARD,SRC_OPEN_AQHI_SMOKE_CONTEXT,SRC_OPEN_SCHOOL_HOLIDAY_CALENDAR,SRC_OPEN_STATCAN_PED_POPULATION",modelled,review
SITE_ACH_INSPIRED,picu,PICU,SITE_ACH_INSPIRED_PICU,PICU unit,18,1.092,1.029,1.166,3,2,19.9,"SRC_SYNTH_UNIT_CENSUS_HOURLY,SRC_SYNTH_BED_STATUS,SRC_SYNTH_ED_VISITS,SRC_SYNTH_TRANSFER_REQUESTS,SRC_SYNTH_DISCHARGE_BARRIERS,SRC_SYNTH_HR_SHIFT_ROSTER,SRC_SYNTH_FINANCE_COST_CENTER,SRC_OPEN_RESPIRATORY_VIRUS_DASHBOARD,SRC_OPEN_AQHI_SMOKE_CONTEXT,SRC_OPEN_SCHOOL_HOLIDAY_CALENDAR,SRC_OPEN_STATCAN_PED_POPULATION",modelled,review
SITE_ACH_INSPIRED,picu,PICU,SITE_ACH_INSPIRED_PICU,PICU unit,24,1.086,1.02,1.164,4,2,20.5,"SRC_SYNTH_UNIT_CENSUS_HOURLY,SRC_SYNTH_BED_STATUS,SRC_SYNTH_ED_VISITS,SRC_SYNTH_TRANSFER_REQUESTS,SRC_SYNTH_DISCHARGE_BARRIERS,SRC_SYNTH_HR_SHIFT_ROSTER,SRC_SYNTH_FINANCE_COST_CENTER,SRC_OPEN_RESPIRATORY_VIRUS_DASHBOARD,SRC_OPEN_AQHI_SMOKE_CONTEXT,SRC_OPEN_SCHOOL_HOLIDAY_CALENDAR,SRC_OPEN_STATCAN_PED_POPULATION",modelled,review
SITE_ACH_INSPIRED,picu,PICU,SITE_ACH_INSPIRED_PICU,PICU unit,48,1.077,1.001,1.168,8,4,22.9,"SRC_SYNTH_UNIT_CENSUS_HOURLY,SRC_SYNTH_BED_STATUS,SRC_SYNTH_ED_VISITS,SRC_SYNTH_TRANSFER_REQUESTS,SRC_SYNTH_DISCHARGE_BARRIERS,SRC_SYNTH_HR_SHIFT_ROSTER,SRC_SYNTH_FINANCE_COST_CENTER,SRC_OPEN_RESPIRATORY_VIRUS_DASHBOARD,SRC_OPEN_AQHI_SMOKE_CONTEXT,SRC_OPEN_SCHOOL_HOLIDAY_CALENDAR,SRC_OPEN_STATCAN_PED_POPULATION",modelled,review
SITE_ACH_INSPIRED,picu,PICU,SITE_ACH_INSPIRED_PICU,PICU unit,72,1.111,1.023,1.214,12,6,25.3,"SRC_SYNTH_UNIT_CENSUS_HOURLY,SRC_SYNTH_BED_STATUS,SRC_SYNTH_ED_VISITS,SRC_SYNTH_TRANSFER_REQUESTS,SRC_SYNTH_DISCHARGE_BARRIERS,SRC_SYNTH_HR_SHIFT_ROSTER,SRC_SYNTH_FINANCE_COST_CENTER,SRC_OPEN_RESPIRATORY_VIRUS_DASHBOARD,SRC_OPEN_AQHI_SMOKE_CONTEXT,SRC_OPEN_SCHOOL_HOLIDAY_CALENDAR,SRC_OPEN_STATCAN_PED_POPULATION",modelled,review
SITE_ACH_INSPIRED,nicu,NICU,SITE_ACH_INSPIRED_NICU,NICU unit,0,1.013,0.958,1.078,0,0,19.2,"SRC_SYNTH_UNIT_CENSUS_HOURLY,SRC_SYNTH_BED_STATUS,SRC_SYNTH_ED_VISITS,SRC_SYNTH_TRANSFER_REQUESTS,SRC_SYNTH_DISCHARGE_BARRIERS,SRC_SYNTH_HR_SHIFT_ROSTER,SRC_SYNTH_FINANCE_COST_CENTER,SRC_OPEN_RESPIRATORY_VIRUS_DASHBOARD,SRC_OPEN_AQHI_SMOKE_CONTEXT,SRC_OPEN_SCHOOL_HOLIDAY_CALENDAR,SRC_OPEN_STATCAN_PED_POPULATION",modelled,ready
SITE_ACH_INSPIRED,nicu,NICU,SITE_ACH_INSPIRED_NICU,NICU unit,3,1.015,0.959,1.082,1,0,19.5,"SRC_SYNTH_UNIT_CENSUS_HOURLY,SRC_SYNTH_BED_STATUS,SRC_SYNTH_ED_VISITS,SRC_SYNTH_TRANSFER_REQUESTS,SRC_SYNTH_DISCHARGE_BARRIERS,SRC_SYNTH_HR_SHIFT_ROSTER,SRC_SYNTH_FINANCE_COST_CENTER,SRC_OPEN_RESPIRATORY_VIRUS_DASHBOARD,SRC_OPEN_AQHI_SMOKE_CONTEXT,SRC_OPEN_SCHOOL_HOLIDAY_CALENDAR,SRC_OPEN_STATCAN_PED_POPULATION",modelled,ready
SITE_ACH_INSPIRED,nicu,NICU,SITE_ACH_INSPIRED_NICU,NICU unit,6,1.016,0.958,1.084,1,0,19.8,"SRC_SYNTH_UNIT_CENSUS_HOURLY,SRC_SYNTH_BED_STATUS,SRC_SYNTH_ED_VISITS,SRC_SYNTH_TRANSFER_REQUESTS,SRC_SYNTH_DISCHARGE_BARRIERS,SRC_SYNTH_HR_SHIFT_ROSTER,SRC_SYNTH_FINANCE_COST_CENTER,SRC_OPEN_RESPIRATORY_VIRUS_DASHBOARD,SRC_OPEN_AQHI_SMOKE_CONTEXT,SRC_OPEN_SCHOOL_HOLIDAY_CALENDAR,SRC_OPEN_STATCAN_PED_POPULATION",modelled,ready
SITE_ACH_INSPIRED,nicu,NICU,SITE_ACH_INSPIRED_NICU,NICU unit,12,1.015,0.954,1.086,2,1,20.5,"SRC_SYNTH_UNIT_CENSUS_HOURLY,SRC_SYNTH_BED_STATUS,SRC_SYNTH_ED_VISITS,SRC_SYNTH_TRANSFER_REQUESTS,SRC_SYNTH_DISCHARGE_BARRIERS,SRC_SYNTH_HR_SHIFT_ROSTER,SRC_SYNTH_FINANCE_COST_CENTER,SRC_OPEN_RESPIRATORY_VIRUS_DASHBOARD,SRC_OPEN_AQHI_SMOKE_CONTEXT,SRC_OPEN_SCHOOL_HOLIDAY_CALENDAR,SRC_OPEN_STATCAN_PED_POPULATION",modelled,ready
SITE_ACH_INSPIRED,nicu,NICU,SITE_ACH_INSPIRED_NICU,NICU unit,18,1.01,0.946,1.084,4,2,21.1,"SRC_SYNTH_UNIT_CENSUS_HOURLY,SRC_SYNTH_BED_STATUS,SRC_SYNTH_ED_VISITS,SRC_SYNTH_TRANSFER_REQUESTS,SRC_SYNTH_DISCHARGE_BARRIERS,SRC_SYNTH_HR_SHIFT_ROSTER,SRC_SYNTH_FINANCE_COST_CENTER,SRC_OPEN_RESPIRATORY_VIRUS_DASHBOARD,SRC_OPEN_AQHI_SMOKE_CONTEXT,SRC_OPEN_SCHOOL_HOLIDAY_CALENDAR,SRC_OPEN_STATCAN_PED_POPULATION",modelled,ready
SITE_ACH_INSPIRED,nicu,NICU,SITE_ACH_INSPIRED_NICU,NICU unit,24,1.003,0.937,1.08,5,2,21.8,"SRC_SYNTH_UNIT_CENSUS_HOURLY,SRC_SYNTH_BED_STATUS,SRC_SYNTH_ED_VISITS,SRC_SYNTH_TRANSFER_REQUESTS,SRC_SYNTH_DISCHARGE_BARRIERS,SRC_SYNTH_HR_SHIFT_ROSTER,SRC_SYNTH_FINANCE_COST_CENTER,SRC_OPEN_RESPIRATORY_VIRUS_DASHBOARD,SRC_OPEN_AQHI_SMOKE_CONTEXT,SRC_OPEN_SCHOOL_HOLIDAY_CALENDAR,SRC_OPEN_STATCAN_PED_POPULATION",modelled,ready
SITE_ACH_INSPIRED,nicu,NICU,SITE_ACH_INSPIRED_NICU,NICU unit,48,0.999,0.922,1.089,10,4,24.3,"SRC_SYNTH_UNIT_CENSUS_HOURLY,SRC_SYNTH_BED_STATUS,SRC_SYNTH_ED_VISITS,SRC_SYNTH_TRANSFER_REQUESTS,SRC_SYNTH_DISCHARGE_BARRIERS,SRC_SYNTH_HR_SHIFT_ROSTER,SRC_SYNTH_FINANCE_COST_CENTER,SRC_OPEN_RESPIRATORY_VIRUS_DASHBOARD,SRC_OPEN_AQHI_SMOKE_CONTEXT,SRC_OPEN_SCHOOL_HOLIDAY_CALENDAR,SRC_OPEN_STATCAN_PED_POPULATION",modelled,ready
SITE_ACH_INSPIRED,nicu,NICU,SITE_ACH_INSPIRED_NICU,NICU unit,72,1.029,0.941,1.132,15,6,26.9,"SRC_SYNTH_UNIT_CENSUS_HOURLY,SRC_SYNTH_BED_STATUS,SRC_SYNTH_ED_VISITS,SRC_SYNTH_TRANSFER_REQUESTS,SRC_SYNTH_DISCHARGE_BARRIERS,SRC_SYNTH_HR_SHIFT_ROSTER,SRC_SYNTH_FINANCE_COST_CENTER,SRC_OPEN_RESPIRATORY_VIRUS_DASHBOARD,SRC_OPEN_AQHI_SMOKE_CONTEXT,SRC_OPEN_SCHOOL_HOLIDAY_CALENDAR,SRC_OPEN_STATCAN_PED_POPULATION",modelled,ready
SITE_ACH_INSPIRED,cardiology,Cardiology,SITE_ACH_INSPIRED_CARDIOLOGY,Cardiology unit,0,0.89,0.835,0.955,0,0,9.2,"SRC_SYNTH_UNIT_CENSUS_HOURLY,SRC_SYNTH_BED_STATUS,SRC_SYNTH_ED_VISITS,SRC_SYNTH_TRANSFER_REQUESTS,SRC_SYNTH_DISCHARGE_BARRIERS,SRC_SYNTH_HR_SHIFT_ROSTER,SRC_SYNTH_FINANCE_COST_CENTER,SRC_OPEN_RESPIRATORY_VIRUS_DASHBOARD,SRC_OPEN_AQHI_SMOKE_CONTEXT,SRC_OPEN_SCHOOL_HOLIDAY_CALENDAR,SRC_OPEN_STATCAN_PED_POPULATION",modelled,ready
SITE_ACH_INSPIRED,cardiology,Cardiology,SITE_ACH_INSPIRED_CARDIOLOGY,Cardiology unit,3,0.891,0.834,0.957,0,0,9.4,"SRC_SYNTH_UNIT_CENSUS_HOURLY,SRC_SYNTH_BED_STATUS,SRC_SYNTH_ED_VISITS,SRC_SYNTH_TRANSFER_REQUESTS,SRC_SYNTH_DISCHARGE_BARRIERS,SRC_SYNTH_HR_SHIFT_ROSTER,SRC_SYNTH_FINANCE_COST_CENTER,SRC_OPEN_RESPIRATORY_VIRUS_DASHBOARD,SRC_OPEN_AQHI_SMOKE_CONTEXT,SRC_OPEN_SCHOOL_HOLIDAY_CALENDAR,SRC_OPEN_STATCAN_PED_POPULATION",modelled,ready
SITE_ACH_INSPIRED,cardiology,Cardiology,SITE_ACH_INSPIRED_CARDIOLOGY,Cardiology unit,6,0.89,0.833,0.959,1,0,9.5,"SRC_SYNTH_UNIT_CENSUS_HOURLY,SRC_SYNTH_BED_STATUS,SRC_SYNTH_ED_VISITS,SRC_SYNTH_TRANSFER_REQUESTS,SRC_SYNTH_DISCHARGE_BARRIERS,SRC_SYNTH_HR_SHIFT_ROSTER,SRC_SYNTH_FINANCE_COST_CENTER,SRC_OPEN_RESPIRATORY_VIRUS_DASHBOARD,SRC_OPEN_AQHI_SMOKE_CONTEXT,SRC_OPEN_SCHOOL_HOLIDAY_CALENDAR,SRC_OPEN_STATCAN_PED_POPULATION",modelled,ready
SITE_ACH_INSPIRED,cardiology,Cardiology,SITE_ACH_INSPIRED_CARDIOLOGY,Cardiology unit,12,0.887,0.827,0.958,2,1,9.8,"SRC_SYNTH_UNIT_CENSUS_HOURLY,SRC_SYNTH_BED_STATUS,SRC_SYNTH_ED_VISITS,SRC_SYNTH_TRANSFER_REQUESTS,SRC_SYNTH_DISCHARGE_BARRIERS,SRC_SYNTH_HR_SHIFT_ROSTER,SRC_SYNTH_FINANCE_COST_CENTER,SRC_OPEN_RESPIRATORY_VIRUS_DASHBOARD,SRC_OPEN_AQHI_SMOKE_CONTEXT,SRC_OPEN_SCHOOL_HOLIDAY_CALENDAR,SRC_OPEN_STATCAN_PED_POPULATION",modelled,ready
SITE_ACH_INSPIRED,cardiology,Cardiology,SITE_ACH_INSPIRED_CARDIOLOGY,Cardiology unit,18,0.881,0.818,0.955,3,2,10.1,"SRC_SYNTH_UNIT_CENSUS_HOURLY,SRC_SYNTH_BED_STATUS,SRC_SYNTH_ED_VISITS,SRC_SYNTH_TRANSFER_REQUESTS,SRC_SYNTH_DISCHARGE_BARRIERS,SRC_SYNTH_HR_SHIFT_ROSTER,SRC_SYNTH_FINANCE_COST_CENTER,SRC_OPEN_RESPIRATORY_VIRUS_DASHBOARD,SRC_OPEN_AQHI_SMOKE_CONTEXT,SRC_OPEN_SCHOOL_HOLIDAY_CALENDAR,SRC_OPEN_STATCAN_PED_POPULATION",modelled,ready
SITE_ACH_INSPIRED,cardiology,Cardiology,SITE_ACH_INSPIRED_CARDIOLOGY,Cardiology unit,24,0.874,0.808,0.952,4,2,10.4,"SRC_SYNTH_UNIT_CENSUS_HOURLY,SRC_SYNTH_BED_STATUS,SRC_SYNTH_ED_VISITS,SRC_SYNTH_TRANSFER_REQUESTS,SRC_SYNTH_DISCHARGE_BARRIERS,SRC_SYNTH_HR_SHIFT_ROSTER,SRC_SYNTH_FINANCE_COST_CENTER,SRC_OPEN_RESPIRATORY_VIRUS_DASHBOARD,SRC_OPEN_AQHI_SMOKE_CONTEXT,SRC_OPEN_SCHOOL_HOLIDAY_CALENDAR,SRC_OPEN_STATCAN_PED_POPULATION",modelled,ready
SITE_ACH_INSPIRED,cardiology,Cardiology,SITE_ACH_INSPIRED_CARDIOLOGY,Cardiology unit,48,0.877,0.8,0.967,8,4,11.7,"SRC_SYNTH_UNIT_CENSUS_HOURLY,SRC_SYNTH_BED_STATUS,SRC_SYNTH_ED_VISITS,SRC_SYNTH_TRANSFER_REQUESTS,SRC_SYNTH_DISCHARGE_BARRIERS,SRC_SYNTH_HR_SHIFT_ROSTER,SRC_SYNTH_FINANCE_COST_CENTER,SRC_OPEN_RESPIRATORY_VIRUS_DASHBOARD,SRC_OPEN_AQHI_SMOKE_CONTEXT,SRC_OPEN_SCHOOL_HOLIDAY_CALENDAR,SRC_OPEN_STATCAN_PED_POPULATION",modelled,ready
SITE_ACH_INSPIRED,cardiology,Cardiology,SITE_ACH_INSPIRED_CARDIOLOGY,Cardiology unit,72,0.905,0.817,1.008,12,6,12.9,"SRC_SYNTH_UNIT_CENSUS_HOURLY,SRC_SYNTH_BED_STATUS,SRC_SYNTH_ED_VISITS,SRC_SYNTH_TRANSFER_REQUESTS,SRC_SYNTH_DISCHARGE_BARRIERS,SRC_SYNTH_HR_SHIFT_ROSTER,SRC_SYNTH_FINANCE_COST_CENTER,SRC_OPEN_RESPIRATORY_VIRUS_DASHBOARD,SRC_OPEN_AQHI_SMOKE_CONTEXT,SRC_OPEN_SCHOOL_HOLIDAY_CALENDAR,SRC_OPEN_STATCAN_PED_POPULATION",modelled,ready
SITE_ACH_INSPIRED,oncology,Oncology,SITE_ACH_INSPIRED_ONCOLOGY,Oncology unit,0,0.956,0.901,1.021,0,0,13.7,"SRC_SYNTH_UNIT_CENSUS_HOURLY,SRC_SYNTH_BED_STATUS,SRC_SYNTH_ED_VISITS,SRC_SYNTH_TRANSFER_REQUESTS,SRC_SYNTH_DISCHARGE_BARRIERS,SRC_SYNTH_HR_SHIFT_ROSTER,SRC_SYNTH_FINANCE_COST_CENTER,SRC_OPEN_RESPIRATORY_VIRUS_DASHBOARD,SRC_OPEN_AQHI_SMOKE_CONTEXT,SRC_OPEN_SCHOOL_HOLIDAY_CALENDAR,SRC_OPEN_STATCAN_PED_POPULATION",modelled,ready
SITE_ACH_INSPIRED,oncology,Oncology,SITE_ACH_INSPIRED_ONCOLOGY,Oncology unit,3,0.956,0.899,1.022,0,0,13.9,"SRC_SYNTH_UNIT_CENSUS_HOURLY,SRC_SYNTH_BED_STATUS,SRC_SYNTH_ED_VISITS,SRC_SYNTH_TRANSFER_REQUESTS,SRC_SYNTH_DISCHARGE_BARRIERS,SRC_SYNTH_HR_SHIFT_ROSTER,SRC_SYNTH_FINANCE_COST_CENTER,SRC_OPEN_RESPIRATORY_VIRUS_DASHBOARD,SRC_OPEN_AQHI_SMOKE_CONTEXT,SRC_OPEN_SCHOOL_HOLIDAY_CALENDAR,SRC_OPEN_STATCAN_PED_POPULATION",modelled,ready
SITE_ACH_INSPIRED,oncology,Oncology,SITE_ACH_INSPIRED_ONCOLOGY,Oncology unit,6,0.954,0.897,1.023,1,0,14.2,"SRC_SYNTH_UNIT_CENSUS_HOURLY,SRC_SYNTH_BED_STATUS,SRC_SYNTH_ED_VISITS,SRC_SYNTH_TRANSFER_REQUESTS,SRC_SYNTH_DISCHARGE_BARRIERS,SRC_SYNTH_HR_SHIFT_ROSTER,SRC_SYNTH_FINANCE_COST_CENTER,SRC_OPEN_RESPIRATORY_VIRUS_DASHBOARD,SRC_OPEN_AQHI_SMOKE_CONTEXT,SRC_OPEN_SCHOOL_HOLIDAY_CALENDAR,SRC_OPEN_STATCAN_PED_POPULATION",modelled,ready
SITE_ACH_INSPIRED,oncology,Oncology,SITE_ACH_INSPIRED_ONCOLOGY,Oncology unit,12,0.949,0.889,1.02,2,1,14.6,"SRC_SYNTH_UNIT_CENSUS_HOURLY,SRC_SYNTH_BED_STATUS,SRC_SYNTH_ED_VISITS,SRC_SYNTH_TRANSFER_REQUESTS,SRC_SYNTH_DISCHARGE_BARRIERS,SRC_SYNTH_HR_SHIFT_ROSTER,SRC_SYNTH_FINANCE_COST_CENTER,SRC_OPEN_RESPIRATORY_VIRUS_DASHBOARD,SRC_OPEN_AQHI_SMOKE_CONTEXT,SRC_OPEN_SCHOOL_HOLIDAY_CALENDAR,SRC_OPEN_STATCAN_PED_POPULATION",modelled,ready
SITE_ACH_INSPIRED,oncology,Oncology,SITE_ACH_INSPIRED_ONCOLOGY,Oncology unit,18,0.942,0.879,1.017,3,2,15.1,"SRC_SYNTH_UNIT_CENSUS_HOURLY,SRC_SYNTH_BED_STATUS,SRC_SYNTH_ED_VISITS,SRC_SYNTH_TRANSFER_REQUESTS,SRC_SYNTH_DISCHARGE_BARRIERS,SRC_SYNTH_HR_SHIFT_ROSTER,SRC_SYNTH_FINANCE_COST_CENTER,SRC_OPEN_RESPIRATORY_VIRUS_DASHBOARD,SRC_OPEN_AQHI_SMOKE_CONTEXT,SRC_OPEN_SCHOOL_HOLIDAY_CALENDAR,SRC_OPEN_STATCAN_PED_POPULATION",modelled,ready
SITE_ACH_INSPIRED,oncology,Oncology,SITE_ACH_INSPIRED_ONCOLOGY,Oncology unit,24,0.936,0.87,1.014,4,2,15.5,"SRC_SYNTH_UNIT_CENSUS_HOURLY,SRC_SYNTH_BED_STATUS,SRC_SYNTH_ED_VISITS,SRC_SYNTH_TRANSFER_REQUESTS,SRC_SYNTH_DISCHARGE_BARRIERS,SRC_SYNTH_HR_SHIFT_ROSTER,SRC_SYNTH_FINANCE_COST_CENTER,SRC_OPEN_RESPIRATORY_VIRUS_DASHBOARD,SRC_OPEN_AQHI_SMOKE_CONTEXT,SRC_OPEN_SCHOOL_HOLIDAY_CALENDAR,SRC_OPEN_STATCAN_PED_POPULATION",modelled,ready
SITE_ACH_INSPIRED,oncology,Oncology,SITE_ACH_INSPIRED_ONCOLOGY,Oncology unit,48,0.945,0.869,1.036,8,4,17.4,"SRC_SYNTH_UNIT_CENSUS_HOURLY,SRC_SYNTH_BED_STATUS,SRC_SYNTH_ED_VISITS,SRC_SYNTH_TRANSFER_REQUESTS,SRC_SYNTH_DISCHARGE_BARRIERS,SRC_SYNTH_HR_SHIFT_ROSTER,SRC_SYNTH_FINANCE_COST_CENTER,SRC_OPEN_RESPIRATORY_VIRUS_DASHBOARD,SRC_OPEN_AQHI_SMOKE_CONTEXT,SRC_OPEN_SCHOOL_HOLIDAY_CALENDAR,SRC_OPEN_STATCAN_PED_POPULATION",modelled,ready
SITE_ACH_INSPIRED,oncology,Oncology,SITE_ACH_INSPIRED_ONCOLOGY,Oncology unit,72,0.968,0.88,1.071,12,6,19.2,"SRC_SYNTH_UNIT_CENSUS_HOURLY,SRC_SYNTH_BED_STATUS,SRC_SYNTH_ED_VISITS,SRC_SYNTH_TRANSFER_REQUESTS,SRC_SYNTH_DISCHARGE_BARRIERS,SRC_SYNTH_HR_SHIFT_ROSTER,SRC_SYNTH_FINANCE_COST_CENTER,SRC_OPEN_RESPIRATORY_VIRUS_DASHBOARD,SRC_OPEN_AQHI_SMOKE_CONTEXT,SRC_OPEN_SCHOOL_HOLIDAY_CALENDAR,SRC_OPEN_STATCAN_PED_POPULATION",modelled,ready
SITE_ACH_INSPIRED,neurology,Neurology,SITE_ACH_INSPIRED_NEUROLOGY,Neurology unit,0,0.881,0.826,0.946,0,0,2.5,"SRC_SYNTH_UNIT_CENSUS_HOURLY,SRC_SYNTH_BED_STATUS,SRC_SYNTH_ED_VISITS,SRC_SYNTH_TRANSFER_REQUESTS,SRC_SYNTH_DISCHARGE_BARRIERS,SRC_SYNTH_HR_SHIFT_ROSTER,SRC_SYNTH_FINANCE_COST_CENTER,SRC_OPEN_RESPIRATORY_VIRUS_DASHBOARD,SRC_OPEN_AQHI_SMOKE_CONTEXT,SRC_OPEN_SCHOOL_HOLIDAY_CALENDAR,SRC_OPEN_STATCAN_PED_POPULATION",modelled,ready
SITE_ACH_INSPIRED,neurology,Neurology,SITE_ACH_INSPIRED_NEUROLOGY,Neurology unit,3,0.88,0.824,0.947,0,0,2.5,"SRC_SYNTH_UNIT_CENSUS_HOURLY,SRC_SYNTH_BED_STATUS,SRC_SYNTH_ED_VISITS,SRC_SYNTH_TRANSFER_REQUESTS,SRC_SYNTH_DISCHARGE_BARRIERS,SRC_SYNTH_HR_SHIFT_ROSTER,SRC_SYNTH_FINANCE_COST_CENTER,SRC_OPEN_RESPIRATORY_VIRUS_DASHBOARD,SRC_OPEN_AQHI_SMOKE_CONTEXT,SRC_OPEN_SCHOOL_HOLIDAY_CALENDAR,SRC_OPEN_STATCAN_PED_POPULATION",modelled,ready
SITE_ACH_INSPIRED,neurology,Neurology,SITE_ACH_INSPIRED_NEUROLOGY,Neurology unit,6,0.878,0.82,0.946,1,0,2.6,"SRC_SYNTH_UNIT_CENSUS_HOURLY,SRC_SYNTH_BED_STATUS,SRC_SYNTH_ED_VISITS,SRC_SYNTH_TRANSFER_REQUESTS,SRC_SYNTH_DISCHARGE_BARRIERS,SRC_SYNTH_HR_SHIFT_ROSTER,SRC_SYNTH_FINANCE_COST_CENTER,SRC_OPEN_RESPIRATORY_VIRUS_DASHBOARD,SRC_OPEN_AQHI_SMOKE_CONTEXT,SRC_OPEN_SCHOOL_HOLIDAY_CALENDAR,SRC_OPEN_STATCAN_PED_POPULATION",modelled,ready
SITE_ACH_INSPIRED,neurology,Neurology,SITE_ACH_INSPIRED_NEUROLOGY,Neurology unit,12,0.872,0.811,0.943,2,0,2.7,"SRC_SYNTH_UNIT_CENSUS_HOURLY,SRC_SYNTH_BED_STATUS,SRC_SYNTH_ED_VISITS,SRC_SYNTH_TRANSFER_REQUESTS,SRC_SYNTH_DISCHARGE_BARRIERS,SRC_SYNTH_HR_SHIFT_ROSTER,SRC_SYNTH_FINANCE_COST_CENTER,SRC_OPEN_RESPIRATORY_VIRUS_DASHBOARD,SRC_OPEN_AQHI_SMOKE_CONTEXT,SRC_OPEN_SCHOOL_HOLIDAY_CALENDAR,SRC_OPEN_STATCAN_PED_POPULATION",modelled,ready
SITE_ACH_INSPIRED,neurology,Neurology,SITE_ACH_INSPIRED_NEUROLOGY,Neurology unit,18,0.865,0.802,0.94,3,1,2.8,"SRC_SYNTH_UNIT_CENSUS_HOURLY,SRC_SYNTH_BED_STATUS,SRC_SYNTH_ED_VISITS,SRC_SYNTH_TRANSFER_REQUESTS,SRC_SYNTH_DISCHARGE_BARRIERS,SRC_SYNTH_HR_SHIFT_ROSTER,SRC_SYNTH_FINANCE_COST_CENTER,SRC_OPEN_RESPIRATORY_VIRUS_DASHBOARD,SRC_OPEN_AQHI_SMOKE_CONTEXT,SRC_OPEN_SCHOOL_HOLIDAY_CALENDAR,SRC_OPEN_STATCAN_PED_POPULATION",modelled,ready
SITE_ACH_INSPIRED,neurology,Neurology,SITE_ACH_INSPIRED_NEUROLOGY,Neurology unit,24,0.86,0.794,0.938,4,1,2.8,"SRC_SYNTH_UNIT_CENSUS_HOURLY,SRC_SYNTH_BED_STATUS,SRC_SYNTH_ED_VISITS,SRC_SYNTH_TRANSFER_REQUESTS,SRC_SYNTH_DISCHARGE_BARRIERS,SRC_SYNTH_HR_SHIFT_ROSTER,SRC_SYNTH_FINANCE_COST_CENTER,SRC_OPEN_RESPIRATORY_VIRUS_DASHBOARD,SRC_OPEN_AQHI_SMOKE_CONTEXT,SRC_OPEN_SCHOOL_HOLIDAY_CALENDAR,SRC_OPEN_STATCAN_PED_POPULATION",modelled,ready
SITE_ACH_INSPIRED,neurology,Neurology,SITE_ACH_INSPIRED_NEUROLOGY,Neurology unit,48,0.878,0.801,0.968,8,2,3.2,"SRC_SYNTH_UNIT_CENSUS_HOURLY,SRC_SYNTH_BED_STATUS,SRC_SYNTH_ED_VISITS,SRC_SYNTH_TRANSFER_REQUESTS,SRC_SYNTH_DISCHARGE_BARRIERS,SRC_SYNTH_HR_SHIFT_ROSTER,SRC_SYNTH_FINANCE_COST_CENTER,SRC_OPEN_RESPIRATORY_VIRUS_DASHBOARD,SRC_OPEN_AQHI_SMOKE_CONTEXT,SRC_OPEN_SCHOOL_HOLIDAY_CALENDAR,SRC_OPEN_STATCAN_PED_POPULATION",modelled,ready
SITE_ACH_INSPIRED,neurology,Neurology,SITE_ACH_INSPIRED_NEUROLOGY,Neurology unit,72,0.896,0.808,0.999,12,3,3.5,"SRC_SYNTH_UNIT_CENSUS_HOURLY,SRC_SYNTH_BED_STATUS,SRC_SYNTH_ED_VISITS,SRC_SYNTH_TRANSFER_REQUESTS,SRC_SYNTH_DISCHARGE_BARRIERS,SRC_SYNTH_HR_SHIFT_ROSTER,SRC_SYNTH_FINANCE_COST_CENTER,SRC_OPEN_RESPIRATORY_VIRUS_DASHBOARD,SRC_OPEN_AQHI_SMOKE_CONTEXT,SRC_OPEN_SCHOOL_HOLIDAY_CALENDAR,SRC_OPEN_STATCAN_PED_POPULATION",modelled,ready
SITE_ACH_INSPIRED,mental_health,Mental health,SITE_ACH_INSPIRED_MENTAL_HEALTH,Mental health unit,0,0.959,0.904,1.024,0,0,12.9,"SRC_SYNTH_UNIT_CENSUS_HOURLY,SRC_SYNTH_BED_STATUS,SRC_SYNTH_ED_VISITS,SRC_SYNTH_TRANSFER_REQUESTS,SRC_SYNTH_DISCHARGE_BARRIERS,SRC_SYNTH_HR_SHIFT_ROSTER,SRC_SYNTH_FINANCE_COST_CENTER,SRC_OPEN_RESPIRATORY_VIRUS_DASHBOARD,SRC_OPEN_AQHI_SMOKE_CONTEXT,SRC_OPEN_SCHOOL_HOLIDAY_CALENDAR,SRC_OPEN_STATCAN_PED_POPULATION",modelled,ready
SITE_ACH_INSPIRED,mental_health,Mental health,SITE_ACH_INSPIRED_MENTAL_HEALTH,Mental health unit,3,0.957,0.901,1.024,1,0,13.1,"SRC_SYNTH_UNIT_CENSUS_HOURLY,SRC_SYNTH_BED_STATUS,SRC_SYNTH_ED_VISITS,SRC_SYNTH_TRANSFER_REQUESTS,SRC_SYNTH_DISCHARGE_BARRIERS,SRC_SYNTH_HR_SHIFT_ROSTER,SRC_SYNTH_FINANCE_COST_CENTER,SRC_OPEN_RESPIRATORY_VIRUS_DASHBOARD,SRC_OPEN_AQHI_SMOKE_CONTEXT,SRC_OPEN_SCHOOL_HOLIDAY_CALENDAR,SRC_OPEN_STATCAN_PED_POPULATION",modelled,ready
SITE_ACH_INSPIRED,mental_health,Mental health,SITE_ACH_INSPIRED_MENTAL_HEALTH,Mental health unit,6,0.954,0.896,1.022,1,0,13.3,"SRC_SYNTH_UNIT_CENSUS_HOURLY,SRC_SYNTH_BED_STATUS,SRC_SYNTH_ED_VISITS,SRC_SYNTH_TRANSFER_REQUESTS,SRC_SYNTH_DISCHARGE_BARRIERS,SRC_SYNTH_HR_SHIFT_ROSTER,SRC_SYNTH_FINANCE_COST_CENTER,SRC_OPEN_RESPIRATORY_VIRUS_DASHBOARD,SRC_OPEN_AQHI_SMOKE_CONTEXT,SRC_OPEN_SCHOOL_HOLIDAY_CALENDAR,SRC_OPEN_STATCAN_PED_POPULATION",modelled,ready
SITE_ACH_INSPIRED,mental_health,Mental health,SITE_ACH_INSPIRED_MENTAL_HEALTH,Mental health unit,12,0.947,0.886,1.018,2,1,13.8,"SRC_SYNTH_UNIT_CENSUS_HOURLY,SRC_SYNTH_BED_STATUS,SRC_SYNTH_ED_VISITS,SRC_SYNTH_TRANSFER_REQUESTS,SRC_SYNTH_DISCHARGE_BARRIERS,SRC_SYNTH_HR_SHIFT_ROSTER,SRC_SYNTH_FINANCE_COST_CENTER,SRC_OPEN_RESPIRATORY_VIRUS_DASHBOARD,SRC_OPEN_AQHI_SMOKE_CONTEXT,SRC_OPEN_SCHOOL_HOLIDAY_CALENDAR,SRC_OPEN_STATCAN_PED_POPULATION",modelled,ready
SITE_ACH_INSPIRED,mental_health,Mental health,SITE_ACH_INSPIRED_MENTAL_HEALTH,Mental health unit,18,0.94,0.877,1.015,4,2,14.2,"SRC_SYNTH_UNIT_CENSUS_HOURLY,SRC_SYNTH_BED_STATUS,SRC_SYNTH_ED_VISITS,SRC_SYNTH_TRANSFER_REQUESTS,SRC_SYNTH_DISCHARGE_BARRIERS,SRC_SYNTH_HR_SHIFT_ROSTER,SRC_SYNTH_FINANCE_COST_CENTER,SRC_OPEN_RESPIRATORY_VIRUS_DASHBOARD,SRC_OPEN_AQHI_SMOKE_CONTEXT,SRC_OPEN_SCHOOL_HOLIDAY_CALENDAR,SRC_OPEN_STATCAN_PED_POPULATION",modelled,ready
SITE_ACH_INSPIRED,mental_health,Mental health,SITE_ACH_INSPIRED_MENTAL_HEALTH,Mental health unit,24,0.937,0.871,1.014,5,2,14.6,"SRC_SYNTH_UNIT_CENSUS_HOURLY,SRC_SYNTH_BED_STATUS,SRC_SYNTH_ED_VISITS,SRC_SYNTH_TRANSFER_REQUESTS,SRC_SYNTH_DISCHARGE_BARRIERS,SRC_SYNTH_HR_SHIFT_ROSTER,SRC_SYNTH_FINANCE_COST_CENTER,SRC_OPEN_RESPIRATORY_VIRUS_DASHBOARD,SRC_OPEN_AQHI_SMOKE_CONTEXT,SRC_OPEN_SCHOOL_HOLIDAY_CALENDAR,SRC_OPEN_STATCAN_PED_POPULATION",modelled,ready
SITE_ACH_INSPIRED,mental_health,Mental health,SITE_ACH_INSPIRED_MENTAL_HEALTH,Mental health unit,48,0.958,0.882,1.049,10,4,16.3,"SRC_SYNTH_UNIT_CENSUS_HOURLY,SRC_SYNTH_BED_STATUS,SRC_SYNTH_ED_VISITS,SRC_SYNTH_TRANSFER_REQUESTS,SRC_SYNTH_DISCHARGE_BARRIERS,SRC_SYNTH_HR_SHIFT_ROSTER,SRC_SYNTH_FINANCE_COST_CENTER,SRC_OPEN_RESPIRATORY_VIRUS_DASHBOARD,SRC_OPEN_AQHI_SMOKE_CONTEXT,SRC_OPEN_SCHOOL_HOLIDAY_CALENDAR,SRC_OPEN_STATCAN_PED_POPULATION",modelled,ready
SITE_ACH_INSPIRED,mental_health,Mental health,SITE_ACH_INSPIRED_MENTAL_HEALTH,Mental health unit,72,0.968,0.88,1.071,15,6,18.1,"SRC_SYNTH_UNIT_CENSUS_HOURLY,SRC_SYNTH_BED_STATUS,SRC_SYNTH_ED_VISITS,SRC_SYNTH_TRANSFER_REQUESTS,SRC_SYNTH_DISCHARGE_BARRIERS,SRC_SYNTH_HR_SHIFT_ROSTER,SRC_SYNTH_FINANCE_COST_CENTER,SRC_OPEN_RESPIRATORY_VIRUS_DASHBOARD,SRC_OPEN_AQHI_SMOKE_CONTEXT,SRC_OPEN_SCHOOL_HOLIDAY_CALENDAR,SRC_OPEN_STATCAN_PED_POPULATION",modelled,ready
SITE_ACH_INSPIRED,complex_care,Complex care,SITE_ACH_INSPIRED_COMPLEX_CARE,Complex care unit,0,0.951,0.896,1.016,0,0,14.2,"SRC_SYNTH_UNIT_CENSUS_HOURLY,SRC_SYNTH_BED_STATUS,SRC_SYNTH_ED_VISITS,SRC_SYNTH_TRANSFER_REQUESTS,SRC_SYNTH_DISCHARGE_BARRIERS,SRC_SYNTH_HR_SHIFT_ROSTER,SRC_SYNTH_FINANCE_COST_CENTER,SRC_OPEN_RESPIRATORY_VIRUS_DASHBOARD,SRC_OPEN_AQHI_SMOKE_CONTEXT,SRC_OPEN_SCHOOL_HOLIDAY_CALENDAR,SRC_OPEN_STATCAN_PED_POPULATION",modelled,ready
SITE_ACH_INSPIRED,complex_care,Complex care,SITE_ACH_INSPIRED_COMPLEX_CARE,Complex care unit,3,0.948,0.892,1.015,1,0,14.4,"SRC_SYNTH_UNIT_CENSUS_HOURLY,SRC_SYNTH_BED_STATUS,SRC_SYNTH_ED_VISITS,SRC_SYNTH_TRANSFER_REQUESTS,SRC_SYNTH_DISCHARGE_BARRIERS,SRC_SYNTH_HR_SHIFT_ROSTER,SRC_SYNTH_FINANCE_COST_CENTER,SRC_OPEN_RESPIRATORY_VIRUS_DASHBOARD,SRC_OPEN_AQHI_SMOKE_CONTEXT,SRC_OPEN_SCHOOL_HOLIDAY_CALENDAR,SRC_OPEN_STATCAN_PED_POPULATION",modelled,ready
SITE_ACH_INSPIRED,complex_care,Complex care,SITE_ACH_INSPIRED_COMPLEX_CARE,Complex care unit,6,0.945,0.887,1.013,1,0,14.7,"SRC_SYNTH_UNIT_CENSUS_HOURLY,SRC_SYNTH_BED_STATUS,SRC_SYNTH_ED_VISITS,SRC_SYNTH_TRANSFER_REQUESTS,SRC_SYNTH_DISCHARGE_BARRIERS,SRC_SYNTH_HR_SHIFT_ROSTER,SRC_SYNTH_FINANCE_COST_CENTER,SRC_OPEN_RESPIRATORY_VIRUS_DASHBOARD,SRC_OPEN_AQHI_SMOKE_CONTEXT,SRC_OPEN_SCHOOL_HOLIDAY_CALENDAR,SRC_OPEN_STATCAN_PED_POPULATION",modelled,ready
SITE_ACH_INSPIRED,complex_care,Complex care,SITE_ACH_INSPIRED_COMPLEX_CARE,Complex care unit,12,0.939,0.878,1.01,2,1,15.1,"SRC_SYNTH_UNIT_CENSUS_HOURLY,SRC_SYNTH_BED_STATUS,SRC_SYNTH_ED_VISITS,SRC_SYNTH_TRANSFER_REQUESTS,SRC_SYNTH_DISCHARGE_BARRIERS,SRC_SYNTH_HR_SHIFT_ROSTER,SRC_SYNTH_FINANCE_COST_CENTER,SRC_OPEN_RESPIRATORY_VIRUS_DASHBOARD,SRC_OPEN_AQHI_SMOKE_CONTEXT,SRC_OPEN_SCHOOL_HOLIDAY_CALENDAR,SRC_OPEN_STATCAN_PED_POPULATION",modelled,ready
SITE_ACH_INSPIRED,complex_care,Complex care,SITE_ACH_INSPIRED_COMPLEX_CARE,Complex care unit,18,0.934,0.871,1.009,4,2,15.6,"SRC_SYNTH_UNIT_CENSUS_HOURLY,SRC_SYNTH_BED_STATUS,SRC_SYNTH_ED_VISITS,SRC_SYNTH_TRANSFER_REQUESTS,SRC_SYNTH_DISCHARGE_BARRIERS,SRC_SYNTH_HR_SHIFT_ROSTER,SRC_SYNTH_FINANCE_COST_CENTER,SRC_OPEN_RESPIRATORY_VIRUS_DASHBOARD,SRC_OPEN_AQHI_SMOKE_CONTEXT,SRC_OPEN_SCHOOL_HOLIDAY_CALENDAR,SRC_OPEN_STATCAN_PED_POPULATION",modelled,ready
SITE_ACH_INSPIRED,complex_care,Complex care,SITE_ACH_INSPIRED_COMPLEX_CARE,Complex care unit,24,0.934,0.868,1.011,5,2,16.1,"SRC_SYNTH_UNIT_CENSUS_HOURLY,SRC_SYNTH_BED_STATUS,SRC_SYNTH_ED_VISITS,SRC_SYNTH_TRANSFER_REQUESTS,SRC_SYNTH_DISCHARGE_BARRIERS,SRC_SYNTH_HR_SHIFT_ROSTER,SRC_SYNTH_FINANCE_COST_CENTER,SRC_OPEN_RESPIRATORY_VIRUS_DASHBOARD,SRC_OPEN_AQHI_SMOKE_CONTEXT,SRC_OPEN_SCHOOL_HOLIDAY_CALENDAR,SRC_OPEN_STATCAN_PED_POPULATION",modelled,ready
SITE_ACH_INSPIRED,complex_care,Complex care,SITE_ACH_INSPIRED_COMPLEX_CARE,Complex care unit,48,0.964,0.887,1.054,10,4,18.0,"SRC_SYNTH_UNIT_CENSUS_HOURLY,SRC_SYNTH_BED_STATUS,SRC_SYNTH_ED_VISITS,SRC_SYNTH_TRANSFER_REQUESTS,SRC_SYNTH_DISCHARGE_BARRIERS,SRC_SYNTH_HR_SHIFT_ROSTER,SRC_SYNTH_FINANCE_COST_CENTER,SRC_OPEN_RESPIRATORY_VIRUS_DASHBOARD,SRC_OPEN_AQHI_SMOKE_CONTEXT,SRC_OPEN_SCHOOL_HOLIDAY_CALENDAR,SRC_OPEN_STATCAN_PED_POPULATION",modelled,ready
SITE_ACH_INSPIRED,complex_care,Complex care,SITE_ACH_INSPIRED_COMPLEX_CARE,Complex care unit,72,0.97,0.882,1.072,15,6,19.9,"SRC_SYNTH_UNIT_CENSUS_HOURLY,SRC_SYNTH_BED_STATUS,SRC_SYNTH_ED_VISITS,SRC_SYNTH_TRANSFER_REQUESTS,SRC_SYNTH_DISCHARGE_BARRIERS,SRC_SYNTH_HR_SHIFT_ROSTER,SRC_SYNTH_FINANCE_COST_CENTER,SRC_OPEN_RESPIRATORY_VIRUS_DASHBOARD,SRC_OPEN_AQHI_SMOKE_CONTEXT,SRC_OPEN_SCHOOL_HOLIDAY_CALENDAR,SRC_OPEN_STATCAN_PED_POPULATION",modelled,ready
SITE_ACH_INSPIRED,short_stay,Short stay,SITE_ACH_INSPIRED_SHORT_STAY,Short stay unit,0,0.83,0.775,0.895,0,0,4.5,"SRC_SYNTH_UNIT_CENSUS_HOURLY,SRC_SYNTH_BED_STATUS,SRC_SYNTH_ED_VISITS,SRC_SYNTH_TRANSFER_REQUESTS,SRC_SYNTH_DISCHARGE_BARRIERS,SRC_SYNTH_HR_SHIFT_ROSTER,SRC_SYNTH_FINANCE_COST_CENTER,SRC_OPEN_RESPIRATORY_VIRUS_DASHBOARD,SRC_OPEN_AQHI_SMOKE_CONTEXT,SRC_OPEN_SCHOOL_HOLIDAY_CALENDAR,SRC_OPEN_STATCAN_PED_POPULATION",modelled,ready
SITE_ACH_INSPIRED,short_stay,Short stay,SITE_ACH_INSPIRED_SHORT_STAY,Short stay unit,3,0.827,0.771,0.893,0,0,4.6,"SRC_SYNTH_UNIT_CENSUS_HOURLY,SRC_SYNTH_BED_STATUS,SRC_SYNTH_ED_VISITS,SRC_SYNTH_TRANSFER_REQUESTS,SRC_SYNTH_DISCHARGE_BARRIERS,SRC_SYNTH_HR_SHIFT_ROSTER,SRC_SYNTH_FINANCE_COST_CENTER,SRC_OPEN_RESPIRATORY_VIRUS_DASHBOARD,SRC_OPEN_AQHI_SMOKE_CONTEXT,SRC_OPEN_SCHOOL_HOLIDAY_CALENDAR,SRC_OPEN_STATCAN_PED_POPULATION",modelled,ready
SITE_ACH_INSPIRED,short_stay,Short stay,SITE_ACH_INSPIRED_SHORT_STAY,Short stay unit,6,0.824,0.766,0.892,1,0,4.7,"SRC_SYNTH_UNIT_CENSUS_HOURLY,SRC_SYNTH_BED_STATUS,SRC_SYNTH_ED_VISITS,SRC_SYNTH_TRANSFER_REQUESTS,SRC_SYNTH_DISCHARGE_BARRIERS,SRC_SYNTH_HR_SHIFT_ROSTER,SRC_SYNTH_FINANCE_COST_CENTER,SRC_OPEN_RESPIRATORY_VIRUS_DASHBOARD,SRC_OPEN_AQHI_SMOKE_CONTEXT,SRC_OPEN_SCHOOL_HOLIDAY_CALENDAR,SRC_OPEN_STATCAN_PED_POPULATION",modelled,ready
SITE_ACH_INSPIRED,short_stay,Short stay,SITE_ACH_INSPIRED_SHORT_STAY,Short stay unit,12,0.818,0.757,0.889,2,1,4.8,"SRC_SYNTH_UNIT_CENSUS_HOURLY,SRC_SYNTH_BED_STATUS,SRC_SYNTH_ED_VISITS,SRC_SYNTH_TRANSFER_REQUESTS,SRC_SYNTH_DISCHARGE_BARRIERS,SRC_SYNTH_HR_SHIFT_ROSTER,SRC_SYNTH_FINANCE_COST_CENTER,SRC_OPEN_RESPIRATORY_VIRUS_DASHBOARD,SRC_OPEN_AQHI_SMOKE_CONTEXT,SRC_OPEN_SCHOOL_HOLIDAY_CALENDAR,SRC_OPEN_STATCAN_PED_POPULATION",modelled,ready
SITE_ACH_INSPIRED,short_stay,Short stay,SITE_ACH_INSPIRED_SHORT_STAY,Short stay unit,18,0.815,0.752,0.889,3,2,5.0,"SRC_SYNTH_UNIT_CENSUS_HOURLY,SRC_SYNTH_BED_STATUS,SRC_SYNTH_ED_VISITS,SRC_SYNTH_TRANSFER_REQUESTS,SRC_SYNTH_DISCHARGE_BARRIERS,SRC_SYNTH_HR_SHIFT_ROSTER,SRC_SYNTH_FINANCE_COST_CENTER,SRC_OPEN_RESPIRATORY_VIRUS_DASHBOARD,SRC_OPEN_AQHI_SMOKE_CONTEXT,SRC_OPEN_SCHOOL_HOLIDAY_CALENDAR,SRC_OPEN_STATCAN_PED_POPULATION",modelled,ready
SITE_ACH_INSPIRED,short_stay,Short stay,SITE_ACH_INSPIRED_SHORT_STAY,Short stay unit,24,0.816,0.75,0.893,4,2,5.1,"SRC_SYNTH_UNIT_CENSUS_HOURLY,SRC_SYNTH_BED_STATUS,SRC_SYNTH_ED_VISITS,SRC_SYNTH_TRANSFER_REQUESTS,SRC_SYNTH_DISCHARGE_BARRIERS,SRC_SYNTH_HR_SHIFT_ROSTER,SRC_SYNTH_FINANCE_COST_CENTER,SRC_OPEN_RESPIRATORY_VIRUS_DASHBOARD,SRC_OPEN_AQHI_SMOKE_CONTEXT,SRC_OPEN_SCHOOL_HOLIDAY_CALENDAR,SRC_OPEN_STATCAN_PED_POPULATION",modelled,ready
SITE_ACH_INSPIRED,short_stay,Short stay,SITE_ACH_INSPIRED_SHORT_STAY,Short stay unit,48,0.848,0.771,0.938,8,4,5.7,"SRC_SYNTH_UNIT_CENSUS_HOURLY,SRC_SYNTH_BED_STATUS,SRC_SYNTH_ED_VISITS,SRC_SYNTH_TRANSFER_REQUESTS,SRC_SYNTH_DISCHARGE_BARRIERS,SRC_SYNTH_HR_SHIFT_ROSTER,SRC_SYNTH_FINANCE_COST_CENTER,SRC_OPEN_RESPIRATORY_VIRUS_DASHBOARD,SRC_OPEN_AQHI_SMOKE_CONTEXT,SRC_OPEN_SCHOOL_HOLIDAY_CALENDAR,SRC_OPEN_STATCAN_PED_POPULATION",modelled,ready
SITE_ACH_INSPIRED,short_stay,Short stay,SITE_ACH_INSPIRED_SHORT_STAY,Short stay unit,72,0.845,0.758,0.948,12,6,6.3,"SRC_SYNTH_UNIT_CENSUS_HOURLY,SRC_SYNTH_BED_STATUS,SRC_SYNTH_ED_VISITS,SRC_SYNTH_TRANSFER_REQUESTS,SRC_SYNTH_DISCHARGE_BARRIERS,SRC_SYNTH_HR_SHIFT_ROSTER,SRC_SYNTH_FINANCE_COST_CENTER,SRC_OPEN_RESPIRATORY_VIRUS_DASHBOARD,SRC_OPEN_AQHI_SMOKE_CONTEXT,SRC_OPEN_SCHOOL_HOLIDAY_CALENDAR,SRC_OPEN_STATCAN_PED_POPULATION",modelled,ready
SITE_ACH_INSPIRED,procedural_recovery,Procedural recovery,SITE_ACH_INSPIRED_PROCEDURAL_RECOVERY,Procedural recovery unit,0,0.814,0.759,0.879,0,0,2.0,"SRC_SYNTH_UNIT_CENSUS_HOURLY,SRC_SYNTH_BED_STATUS,SRC_SYNTH_ED_VISITS,SRC_SYNTH_TRANSFER_REQUESTS,SRC_SYNTH_DISCHARGE_BARRIERS,SRC_SYNTH_HR_SHIFT_ROSTER,SRC_SYNTH_FINANCE_COST_CENTER,SRC_OPEN_RESPIRATORY_VIRUS_DASHBOARD,SRC_OPEN_AQHI_SMOKE_CONTEXT,SRC_OPEN_SCHOOL_HOLIDAY_CALENDAR,SRC_OPEN_STATCAN_PED_POPULATION",modelled,review
SITE_ACH_INSPIRED,procedural_recovery,Procedural recovery,SITE_ACH_INSPIRED_PROCEDURAL_RECOVERY,Procedural recovery unit,3,0.811,0.754,0.877,0,0,2.0,"SRC_SYNTH_UNIT_CENSUS_HOURLY,SRC_SYNTH_BED_STATUS,SRC_SYNTH_ED_VISITS,SRC_SYNTH_TRANSFER_REQUESTS,SRC_SYNTH_DISCHARGE_BARRIERS,SRC_SYNTH_HR_SHIFT_ROSTER,SRC_SYNTH_FINANCE_COST_CENTER,SRC_OPEN_RESPIRATORY_VIRUS_DASHBOARD,SRC_OPEN_AQHI_SMOKE_CONTEXT,SRC_OPEN_SCHOOL_HOLIDAY_CALENDAR,SRC_OPEN_STATCAN_PED_POPULATION",modelled,review
SITE_ACH_INSPIRED,procedural_recovery,Procedural recovery,SITE_ACH_INSPIRED_PROCEDURAL_RECOVERY,Procedural recovery unit,6,0.807,0.75,0.875,1,0,2.1,"SRC_SYNTH_UNIT_CENSUS_HOURLY,SRC_SYNTH_BED_STATUS,SRC_SYNTH_ED_VISITS,SRC_SYNTH_TRANSFER_REQUESTS,SRC_SYNTH_DISCHARGE_BARRIERS,SRC_SYNTH_HR_SHIFT_ROSTER,SRC_SYNTH_FINANCE_COST_CENTER,SRC_OPEN_RESPIRATORY_VIRUS_DASHBOARD,SRC_OPEN_AQHI_SMOKE_CONTEXT,SRC_OPEN_SCHOOL_HOLIDAY_CALENDAR,SRC_OPEN_STATCAN_PED_POPULATION",modelled,review
SITE_ACH_INSPIRED,procedural_recovery,Procedural recovery,SITE_ACH_INSPIRED_PROCEDURAL_RECOVERY,Procedural recovery unit,12,0.802,0.742,0.873,2,1,2.1,"SRC_SYNTH_UNIT_CENSUS_HOURLY,SRC_SYNTH_BED_STATUS,SRC_SYNTH_ED_VISITS,SRC_SYNTH_TRANSFER_REQUESTS,SRC_SYNTH_DISCHARGE_BARRIERS,SRC_SYNTH_HR_SHIFT_ROSTER,SRC_SYNTH_FINANCE_COST_CENTER,SRC_OPEN_RESPIRATORY_VIRUS_DASHBOARD,SRC_OPEN_AQHI_SMOKE_CONTEXT,SRC_OPEN_SCHOOL_HOLIDAY_CALENDAR,SRC_OPEN_STATCAN_PED_POPULATION",modelled,review
SITE_ACH_INSPIRED,procedural_recovery,Procedural recovery,SITE_ACH_INSPIRED_PROCEDURAL_RECOVERY,Procedural recovery unit,18,0.801,0.737,0.875,3,2,2.2,"SRC_SYNTH_UNIT_CENSUS_HOURLY,SRC_SYNTH_BED_STATUS,SRC_SYNTH_ED_VISITS,SRC_SYNTH_TRANSFER_REQUESTS,SRC_SYNTH_DISCHARGE_BARRIERS,SRC_SYNTH_HR_SHIFT_ROSTER,SRC_SYNTH_FINANCE_COST_CENTER,SRC_OPEN_RESPIRATORY_VIRUS_DASHBOARD,SRC_OPEN_AQHI_SMOKE_CONTEXT,SRC_OPEN_SCHOOL_HOLIDAY_CALENDAR,SRC_OPEN_STATCAN_PED_POPULATION",modelled,review
SITE_ACH_INSPIRED,procedural_recovery,Procedural recovery,SITE_ACH_INSPIRED_PROCEDURAL_RECOVERY,Procedural recovery unit,24,0.803,0.737,0.881,4,2,2.3,"SRC_SYNTH_UNIT_CENSUS_HOURLY,SRC_SYNTH_BED_STATUS,SRC_SYNTH_ED_VISITS,SRC_SYNTH_TRANSFER_REQUESTS,SRC_SYNTH_DISCHARGE_BARRIERS,SRC_SYNTH_HR_SHIFT_ROSTER,SRC_SYNTH_FINANCE_COST_CENTER,SRC_OPEN_RESPIRATORY_VIRUS_DASHBOARD,SRC_OPEN_AQHI_SMOKE_CONTEXT,SRC_OPEN_SCHOOL_HOLIDAY_CALENDAR,SRC_OPEN_STATCAN_PED_POPULATION",modelled,review
SITE_ACH_INSPIRED,procedural_recovery,Procedural recovery,SITE_ACH_INSPIRED_PROCEDURAL_RECOVERY,Procedural recovery unit,48,0.835,0.758,0.925,8,4,2.5,"SRC_SYNTH_UNIT_CENSUS_HOURLY,SRC_SYNTH_BED_STATUS,SRC_SYNTH_ED_VISITS,SRC_SYNTH_TRANSFER_REQUESTS,SRC_SYNTH_DISCHARGE_BARRIERS,SRC_SYNTH_HR_SHIFT_ROSTER,SRC_SYNTH_FINANCE_COST_CENTER,SRC_OPEN_RESPIRATORY_VIRUS_DASHBOARD,SRC_OPEN_AQHI_SMOKE_CONTEXT,SRC_OPEN_SCHOOL_HOLIDAY_CALENDAR,SRC_OPEN_STATCAN_PED_POPULATION",modelled,review
SITE_ACH_INSPIRED,procedural_recovery,Procedural recovery,SITE_ACH_INSPIRED_PROCEDURAL_RECOVERY,Procedural recovery unit,72,0.824,0.736,0.927,12,6,2.8,"SRC_SYNTH_UNIT_CENSUS_HOURLY,SRC_SYNTH_BED_STATUS,SRC_SYNTH_ED_VISITS,SRC_SYNTH_TRANSFER_REQUESTS,SRC_SYNTH_DISCHARGE_BARRIERS,SRC_SYNTH_HR_SHIFT_ROSTER,SRC_SYNTH_FINANCE_COST_CENTER,SRC_OPEN_RESPIRATORY_VIRUS_DASHBOARD,SRC_OPEN_AQHI_SMOKE_CONTEXT,SRC_OPEN_SCHOOL_HOLIDAY_CALENDAR,SRC_OPEN_STATCAN_PED_POPULATION",modelled,review
SITE_PROV_NETWORK,general_pediatrics,General pediatrics,SITE_PROV_NETWORK_GENERAL_PEDIATRICS,General pediatrics unit,0,1.0,0.945,1.065,0,0,17.3,"SRC_SYNTH_UNIT_CENSUS_HOURLY,SRC_SYNTH_BED_STATUS,SRC_SYNTH_ED_VISITS,SRC_SYNTH_TRANSFER_REQUESTS,SRC_SYNTH_DISCHARGE_BARRIERS,SRC_SYNTH_HR_SHIFT_ROSTER,SRC_SYNTH_FINANCE_COST_CENTER,SRC_OPEN_RESPIRATORY_VIRUS_DASHBOARD,SRC_OPEN_AQHI_SMOKE_CONTEXT,SRC_OPEN_SCHOOL_HOLIDAY_CALENDAR,SRC_OPEN_STATCAN_PED_POPULATION",modelled,ready
SITE_PROV_NETWORK,general_pediatrics,General pediatrics,SITE_PROV_NETWORK_GENERAL_PEDIATRICS,General pediatrics unit,3,1.005,0.949,1.072,1,0,17.6,"SRC_SYNTH_UNIT_CENSUS_HOURLY,SRC_SYNTH_BED_STATUS,SRC_SYNTH_ED_VISITS,SRC_SYNTH_TRANSFER_REQUESTS,SRC_SYNTH_DISCHARGE_BARRIERS,SRC_SYNTH_HR_SHIFT_ROSTER,SRC_SYNTH_FINANCE_COST_CENTER,SRC_OPEN_RESPIRATORY_VIRUS_DASHBOARD,SRC_OPEN_AQHI_SMOKE_CONTEXT,SRC_OPEN_SCHOOL_HOLIDAY_CALENDAR,SRC_OPEN_STATCAN_PED_POPULATION",modelled,ready
SITE_PROV_NETWORK,general_pediatrics,General pediatrics,SITE_PROV_NETWORK_GENERAL_PEDIATRICS,General pediatrics unit,6,1.01,0.952,1.078,1,0,17.9,"SRC_SYNTH_UNIT_CENSUS_HOURLY,SRC_SYNTH_BED_STATUS,SRC_SYNTH_ED_VISITS,SRC_SYNTH_TRANSFER_REQUESTS,SRC_SYNTH_DISCHARGE_BARRIERS,SRC_SYNTH_HR_SHIFT_ROSTER,SRC_SYNTH_FINANCE_COST_CENTER,SRC_OPEN_RESPIRATORY_VIRUS_DASHBOARD,SRC_OPEN_AQHI_SMOKE_CONTEXT,SRC_OPEN_SCHOOL_HOLIDAY_CALENDAR,SRC_OPEN_STATCAN_PED_POPULATION",modelled,ready
SITE_PROV_NETWORK,general_pediatrics,General pediatrics,SITE_PROV_NETWORK_GENERAL_PEDIATRICS,General pediatrics unit,12,1.017,0.957,1.089,2,1,18.5,"SRC_SYNTH_UNIT_CENSUS_HOURLY,SRC_SYNTH_BED_STATUS,SRC_SYNTH_ED_VISITS,SRC_SYNTH_TRANSFER_REQUESTS,SRC_SYNTH_DISCHARGE_BARRIERS,SRC_SYNTH_HR_SHIFT_ROSTER,SRC_SYNTH_FINANCE_COST_CENTER,SRC_OPEN_RESPIRATORY_VIRUS_DASHBOARD,SRC_OPEN_AQHI_SMOKE_CONTEXT,SRC_OPEN_SCHOOL_HOLIDAY_CALENDAR,SRC_OPEN_STATCAN_PED_POPULATION",modelled,ready
SITE_PROV_NETWORK,general_pediatrics,General pediatrics,SITE_PROV_NETWORK_GENERAL_PEDIATRICS,General pediatrics unit,18,1.021,0.958,1.096,4,2,19.0,"SRC_SYNTH_UNIT_CENSUS_HOURLY,SRC_SYNTH_BED_STATUS,SRC_SYNTH_ED_VISITS,SRC_SYNTH_TRANSFER_REQUESTS,SRC_SYNTH_DISCHARGE_BARRIERS,SRC_SYNTH_HR_SHIFT_ROSTER,SRC_SYNTH_FINANCE_COST_CENTER,SRC_OPEN_RESPIRATORY_VIRUS_DASHBOARD,SRC_OPEN_AQHI_SMOKE_CONTEXT,SRC_OPEN_SCHOOL_HOLIDAY_CALENDAR,SRC_OPEN_STATCAN_PED_POPULATION",modelled,ready
SITE_PROV_NETWORK,general_pediatrics,General pediatrics,SITE_PROV_NETWORK_GENERAL_PEDIATRICS,General pediatrics unit,24,1.021,0.955,1.098,5,2,19.6,"SRC_SYNTH_UNIT_CENSUS_HOURLY,SRC_SYNTH_BED_STATUS,SRC_SYNTH_ED_VISITS,SRC_SYNTH_TRANSFER_REQUESTS,SRC_SYNTH_DISCHARGE_BARRIERS,SRC_SYNTH_HR_SHIFT_ROSTER,SRC_SYNTH_FINANCE_COST_CENTER,SRC_OPEN_RESPIRATORY_VIRUS_DASHBOARD,SRC_OPEN_AQHI_SMOKE_CONTEXT,SRC_OPEN_SCHOOL_HOLIDAY_CALENDAR,SRC_OPEN_STATCAN_PED_POPULATION",modelled,ready
SITE_PROV_NETWORK,general_pediatrics,General pediatrics,SITE_PROV_NETWORK_GENERAL_PEDIATRICS,General pediatrics unit,48,1.002,0.926,1.093,10,4,21.9,"SRC_SYNTH_UNIT_CENSUS_HOURLY,SRC_SYNTH_BED_STATUS,SRC_SYNTH_ED_VISITS,SRC_SYNTH_TRANSFER_REQUESTS,SRC_SYNTH_DISCHARGE_BARRIERS,SRC_SYNTH_HR_SHIFT_ROSTER,SRC_SYNTH_FINANCE_COST_CENTER,SRC_OPEN_RESPIRATORY_VIRUS_DASHBOARD,SRC_OPEN_AQHI_SMOKE_CONTEXT,SRC_OPEN_SCHOOL_HOLIDAY_CALENDAR,SRC_OPEN_STATCAN_PED_POPULATION",modelled,ready
SITE_PROV_NETWORK,general_pediatrics,General pediatrics,SITE_PROV_NETWORK_GENERAL_PEDIATRICS,General pediatrics unit,72,1.029,0.941,1.132,15,6,24.2,"SRC_SYNTH_UNIT_CENSUS_HOURLY,SRC_SYNTH_BED_STATUS,SRC_SYNTH_ED_VISITS,SRC_SYNTH_TRANSFER_REQUESTS,SRC_SYNTH_DISCHARGE_BARRIERS,SRC_SYNTH_HR_SHIFT_ROSTER,SRC_SYNTH_FINANCE_COST_CENTER,SRC_OPEN_RESPIRATORY_VIRUS_DASHBOARD,SRC_OPEN_AQHI_SMOKE_CONTEXT,SRC_OPEN_SCHOOL_HOLIDAY_CALENDAR,SRC_OPEN_STATCAN_PED_POPULATION",modelled,ready
SITE_PROV_NETWORK,respiratory,Respiratory,SITE_PROV_NETWORK_RESPIRATORY,Respiratory unit,0,1.063,1.008,1.128,0,0,26.2,"SRC_SYNTH_UNIT_CENSUS_HOURLY,SRC_SYNTH_BED_STATUS,SRC_SYNTH_ED_VISITS,SRC_SYNTH_TRANSFER_REQUESTS,SRC_SYNTH_DISCHARGE_BARRIERS,SRC_SYNTH_HR_SHIFT_ROSTER,SRC_SYNTH_FINANCE_COST_CENTER,SRC_OPEN_RESPIRATORY_VIRUS_DASHBOARD,SRC_OPEN_AQHI_SMOKE_CONTEXT,SRC_OPEN_SCHOOL_HOLIDAY_CALENDAR,SRC_OPEN_STATCAN_PED_POPULATION",modelled,review
SITE_PROV_NETWORK,respiratory,Respiratory,SITE_PROV_NETWORK_RESPIRATORY,Respiratory unit,3,1.068,1.012,1.135,1,0,26.6,"SRC_SYNTH_UNIT_CENSUS_HOURLY,SRC_SYNTH_BED_STATUS,SRC_SYNTH_ED_VISITS,SRC_SYNTH_TRANSFER_REQUESTS,SRC_SYNTH_DISCHARGE_BARRIERS,SRC_SYNTH_HR_SHIFT_ROSTER,SRC_SYNTH_FINANCE_COST_CENTER,SRC_OPEN_RESPIRATORY_VIRUS_DASHBOARD,SRC_OPEN_AQHI_SMOKE_CONTEXT,SRC_OPEN_SCHOOL_HOLIDAY_CALENDAR,SRC_OPEN_STATCAN_PED_POPULATION",modelled,review
SITE_PROV_NETWORK,respiratory,Respiratory,SITE_PROV_NETWORK_RESPIRATORY,Respiratory unit,6,1.073,1.015,1.141,1,0,27.1,"SRC_SYNTH_UNIT_CENSUS_HOURLY,SRC_SYNTH_BED_STATUS,SRC_SYNTH_ED_VISITS,SRC_SYNTH_TRANSFER_REQUESTS,SRC_SYNTH_DISCHARGE_BARRIERS,SRC_SYNTH_HR_SHIFT_ROSTER,SRC_SYNTH_FINANCE_COST_CENTER,SRC_OPEN_RESPIRATORY_VIRUS_DASHBOARD,SRC_OPEN_AQHI_SMOKE_CONTEXT,SRC_OPEN_SCHOOL_HOLIDAY_CALENDAR,SRC_OPEN_STATCAN_PED_POPULATION",modelled,review
SITE_PROV_NETWORK,respiratory,Respiratory,SITE_PROV_NETWORK_RESPIRATORY,Respiratory unit,12,1.08,1.019,1.151,2,1,27.9,"SRC_SYNTH_UNIT_CENSUS_HOURLY,SRC_SYNTH_BED_STATUS,SRC_SYNTH_ED_VISITS,SRC_SYNTH_TRANSFER_REQUESTS,SRC_SYNTH_DISCHARGE_BARRIERS,SRC_SYNTH_HR_SHIFT_ROSTER,SRC_SYNTH_FINANCE_COST_CENTER,SRC_OPEN_RESPIRATORY_VIRUS_DASHBOARD,SRC_OPEN_AQHI_SMOKE_CONTEXT,SRC_OPEN_SCHOOL_HOLIDAY_CALENDAR,SRC_OPEN_STATCAN_PED_POPULATION",modelled,review
SITE_PROV_NETWORK,respiratory,Respiratory,SITE_PROV_NETWORK_RESPIRATORY,Respiratory unit,18,1.082,1.019,1.157,4,2,28.8,"SRC_SYNTH_UNIT_CENSUS_HOURLY,SRC_SYNTH_BED_STATUS,SRC_SYNTH_ED_VISITS,SRC_SYNTH_TRANSFER_REQUESTS,SRC_SYNTH_DISCHARGE_BARRIERS,SRC_SYNTH_HR_SHIFT_ROSTER,SRC_SYNTH_FINANCE_COST_CENTER,SRC_OPEN_RESPIRATORY_VIRUS_DASHBOARD,SRC_OPEN_AQHI_SMOKE_CONTEXT,SRC_OPEN_SCHOOL_HOLIDAY_CALENDAR,SRC_OPEN_STATCAN_PED_POPULATION",modelled,review
SITE_PROV_NETWORK,respiratory,Respiratory,SITE_PROV_NETWORK_RESPIRATORY,Respiratory unit,24,1.081,1.015,1.158,5,2,29.7,"SRC_SYNTH_UNIT_CENSUS_HOURLY,SRC_SYNTH_BED_STATUS,SRC_SYNTH_ED_VISITS,SRC_SYNTH_TRANSFER_REQUESTS,SRC_SYNTH_DISCHARGE_BARRIERS,SRC_SYNTH_HR_SHIFT_ROSTER,SRC_SYNTH_FINANCE_COST_CENTER,SRC_OPEN_RESPIRATORY_VIRUS_DASHBOARD,SRC_OPEN_AQHI_SMOKE_CONTEXT,SRC_OPEN_SCHOOL_HOLIDAY_CALENDAR,SRC_OPEN_STATCAN_PED_POPULATION",modelled,review
SITE_PROV_NETWORK,respiratory,Respiratory,SITE_PROV_NETWORK_RESPIRATORY,Respiratory unit,48,1.068,0.991,1.159,10,4,33.2,"SRC_SYNTH_UNIT_CENSUS_HOURLY,SRC_SYNTH_BED_STATUS,SRC_SYNTH_ED_VISITS,SRC_SYNTH_TRANSFER_REQUESTS,SRC_SYNTH_DISCHARGE_BARRIERS,SRC_SYNTH_HR_SHIFT_ROSTER,SRC_SYNTH_FINANCE_COST_CENTER,SRC_OPEN_RESPIRATORY_VIRUS_DASHBOARD,SRC_OPEN_AQHI_SMOKE_CONTEXT,SRC_OPEN_SCHOOL_HOLIDAY_CALENDAR,SRC_OPEN_STATCAN_PED_POPULATION",modelled,review
SITE_PROV_NETWORK,respiratory,Respiratory,SITE_PROV_NETWORK_RESPIRATORY,Respiratory unit,72,1.103,1.015,1.206,15,6,36.7,"SRC_SYNTH_UNIT_CENSUS_HOURLY,SRC_SYNTH_BED_STATUS,SRC_SYNTH_ED_VISITS,SRC_SYNTH_TRANSFER_REQUESTS,SRC_SYNTH_DISCHARGE_BARRIERS,SRC_SYNTH_HR_SHIFT_ROSTER,SRC_SYNTH_FINANCE_COST_CENTER,SRC_OPEN_RESPIRATORY_VIRUS_DASHBOARD,SRC_OPEN_AQHI_SMOKE_CONTEXT,SRC_OPEN_SCHOOL_HOLIDAY_CALENDAR,SRC_OPEN_STATCAN_PED_POPULATION",modelled,review
SITE_PROV_NETWORK,surgery,Surgery,SITE_PROV_NETWORK_SURGERY,Surgery unit,0,0.941,0.886,1.006,0,0,11.5,"SRC_SYNTH_UNIT_CENSUS_HOURLY,SRC_SYNTH_BED_STATUS,SRC_SYNTH_ED_VISITS,SRC_SYNTH_TRANSFER_REQUESTS,SRC_SYNTH_DISCHARGE_BARRIERS,SRC_SYNTH_HR_SHIFT_ROSTER,SRC_SYNTH_FINANCE_COST_CENTER,SRC_OPEN_RESPIRATORY_VIRUS_DASHBOARD,SRC_OPEN_AQHI_SMOKE_CONTEXT,SRC_OPEN_SCHOOL_HOLIDAY_CALENDAR,SRC_OPEN_STATCAN_PED_POPULATION",modelled,ready
SITE_PROV_NETWORK,surgery,Surgery,SITE_PROV_NETWORK_SURGERY,Surgery unit,3,0.945,0.888,1.011,0,0,11.7,"SRC_SYNTH_UNIT_CENSUS_HOURLY,SRC_SYNTH_BED_STATUS,SRC_SYNTH_ED_VISITS,SRC_SYNTH_TRANSFER_REQUESTS,SRC_SYNTH_DISCHARGE_BARRIERS,SRC_SYNTH_HR_SHIFT_ROSTER,SRC_SYNTH_FINANCE_COST_CENTER,SRC_OPEN_RESPIRATORY_VIRUS_DASHBOARD,SRC_OPEN_AQHI_SMOKE_CONTEXT,SRC_OPEN_SCHOOL_HOLIDAY_CALENDAR,SRC_OPEN_STATCAN_PED_POPULATION",modelled,ready
SITE_PROV_NETWORK,surgery,Surgery,SITE_PROV_NETWORK_SURGERY,Surgery unit,6,0.948,0.89,1.016,1,0,11.9,"SRC_SYNTH_UNIT_CENSUS_HOURLY,SRC_SYNTH_BED_STATUS,SRC_SYNTH_ED_VISITS,SRC_SYNTH_TRANSFER_REQUESTS,SRC_SYNTH_DISCHARGE_BARRIERS,SRC_SYNTH_HR_SHIFT_ROSTER,SRC_SYNTH_FINANCE_COST_CENTER,SRC_OPEN_RESPIRATORY_VIRUS_DASHBOARD,SRC_OPEN_AQHI_SMOKE_CONTEXT,SRC_OPEN_SCHOOL_HOLIDAY_CALENDAR,SRC_OPEN_STATCAN_PED_POPULATION",modelled,ready
SITE_PROV_NETWORK,surgery,Surgery,SITE_PROV_NETWORK_SURGERY,Surgery unit,12,0.951,0.89,1.022,2,1,12.3,"SRC_SYNTH_UNIT_CENSUS_HOURLY,SRC_SYNTH_BED_STATUS,SRC_SYNTH_ED_VISITS,SRC_SYNTH_TRANSFER_REQUESTS,SRC_SYNTH_DISCHARGE_BARRIERS,SRC_SYNTH_HR_SHIFT_ROSTER,SRC_SYNTH_FINANCE_COST_CENTER,SRC_OPEN_RESPIRATORY_VIRUS_DASHBOARD,SRC_OPEN_AQHI_SMOKE_CONTEXT,SRC_OPEN_SCHOOL_HOLIDAY_CALENDAR,SRC_OPEN_STATCAN_PED_POPULATION",modelled,ready
SITE_PROV_NETWORK,surgery,Surgery,SITE_PROV_NETWORK_SURGERY,Surgery unit,18,0.949,0.886,1.024,3,2,12.7,"SRC_SYNTH_UNIT_CENSUS_HOURLY,SRC_SYNTH_BED_STATUS,SRC_SYNTH_ED_VISITS,SRC_SYNTH_TRANSFER_REQUESTS,SRC_SYNTH_DISCHARGE_BARRIERS,SRC_SYNTH_HR_SHIFT_ROSTER,SRC_SYNTH_FINANCE_COST_CENTER,SRC_OPEN_RESPIRATORY_VIRUS_DASHBOARD,SRC_OPEN_AQHI_SMOKE_CONTEXT,SRC_OPEN_SCHOOL_HOLIDAY_CALENDAR,SRC_OPEN_STATCAN_PED_POPULATION",modelled,ready
SITE_PROV_NETWORK,surgery,Surgery,SITE_PROV_NETWORK_SURGERY,Surgery unit,24,0.945,0.879,1.022,4,2,13.0,"SRC_SYNTH_UNIT_CENSUS_HOURLY,SRC_SYNTH_BED_STATUS,SRC_SYNTH_ED_VISITS,SRC_SYNTH_TRANSFER_REQUESTS,SRC_SYNTH_DISCHARGE_BARRIERS,SRC_SYNTH_HR_SHIFT_ROSTER,SRC_SYNTH_FINANCE_COST_CENTER,SRC_OPEN_RESPIRATORY_VIRUS_DASHBOARD,SRC_OPEN_AQHI_SMOKE_CONTEXT,SRC_OPEN_SCHOOL_HOLIDAY_CALENDAR,SRC_OPEN_STATCAN_PED_POPULATION",modelled,ready
SITE_PROV_NETWORK,surgery,Surgery,SITE_PROV_NETWORK_SURGERY,Surgery unit,48,0.929,0.853,1.02,8,4,14.6,"SRC_SYNTH_UNIT_CENSUS_HOURLY,SRC_SYNTH_BED_STATUS,SRC_SYNTH_ED_VISITS,SRC_SYNTH_TRANSFER_REQUESTS,SRC_SYNTH_DISCHARGE_BARRIERS,SRC_SYNTH_HR_SHIFT_ROSTER,SRC_SYNTH_FINANCE_COST_CENTER,SRC_OPEN_RESPIRATORY_VIRUS_DASHBOARD,SRC_OPEN_AQHI_SMOKE_CONTEXT,SRC_OPEN_SCHOOL_HOLIDAY_CALENDAR,SRC_OPEN_STATCAN_PED_POPULATION",modelled,ready
SITE_PROV_NETWORK,surgery,Surgery,SITE_PROV_NETWORK_SURGERY,Surgery unit,72,0.961,0.873,1.064,12,6,16.1,"SRC_SYNTH_UNIT_CENSUS_HOURLY,SRC_SYNTH_BED_STATUS,SRC_SYNTH_ED_VISITS,SRC_SYNTH_TRANSFER_REQUESTS,SRC_SYNTH_DISCHARGE_BARRIERS,SRC_SYNTH_HR_SHIFT_ROSTER,SRC_SYNTH_FINANCE_COST_CENTER,SRC_OPEN_RESPIRATORY_VIRUS_DASHBOARD,SRC_OPEN_AQHI_SMOKE_CONTEXT,SRC_OPEN_SCHOOL_HOLIDAY_CALENDAR,SRC_OPEN_STATCAN_PED_POPULATION",modelled,ready
SITE_PROV_NETWORK,picu,PICU,SITE_PROV_NETWORK_PICU,PICU unit,0,1.122,1.067,1.187,0,0,14.2,"SRC_SYNTH_UNIT_CENSUS_HOURLY,SRC_SYNTH_BED_STATUS,SRC_SYNTH_ED_VISITS,SRC_SYNTH_TRANSFER_REQUESTS,SRC_SYNTH_DISCHARGE_BARRIERS,SRC_SYNTH_HR_SHIFT_ROSTER,SRC_SYNTH_FINANCE_COST_CENTER,SRC_OPEN_RESPIRATORY_VIRUS_DASHBOARD,SRC_OPEN_AQHI_SMOKE_CONTEXT,SRC_OPEN_SCHOOL_HOLIDAY_CALENDAR,SRC_OPEN_STATCAN_PED_POPULATION",modelled,review
SITE_PROV_NETWORK,picu,PICU,SITE_PROV_NETWORK_PICU,PICU unit,3,1.125,1.069,1.192,0,0,14.4,"SRC_SYNTH_UNIT_CENSUS_HOURLY,SRC_SYNTH_BED_STATUS,SRC_SYNTH_ED_VISITS,SRC_SYNTH_TRANSFER_REQUESTS,SRC_SYNTH_DISCHARGE_BARRIERS,SRC_SYNTH_HR_SHIFT_ROSTER,SRC_SYNTH_FINANCE_COST_CENTER,SRC_OPEN_RESPIRATORY_VIRUS_DASHBOARD,SRC_OPEN_AQHI_SMOKE_CONTEXT,SRC_OPEN_SCHOOL_HOLIDAY_CALENDAR,SRC_OPEN_STATCAN_PED_POPULATION",modelled,review
SITE_PROV_NETWORK,picu,PICU,SITE_PROV_NETWORK_PICU,PICU unit,6,1.127,1.07,1.196,1,0,14.7,"SRC_SYNTH_UNIT_CENSUS_HOURLY,SRC_SYNTH_BED_STATUS,SRC_SYNTH_ED_VISITS,SRC_SYNTH_TRANSFER_REQUESTS,SRC_SYNTH_DISCHARGE_BARRIERS,SRC_SYNTH_HR_SHIFT_ROSTER,SRC_SYNTH_FINANCE_COST_CENTER,SRC_OPEN_RESPIRATORY_VIRUS_DASHBOARD,SRC_OPEN_AQHI_SMOKE_CONTEXT,SRC_OPEN_SCHOOL_HOLIDAY_CALENDAR,SRC_OPEN_STATCAN_PED_POPULATION",modelled,review
SITE_PROV_NETWORK,picu,PICU,SITE_PROV_NETWORK_PICU,PICU unit,12,1.129,1.068,1.2,2,0,15.1,"SRC_SYNTH_UNIT_CENSUS_HOURLY,SRC_SYNTH_BED_STATUS,SRC_SYNTH_ED_VISITS,SRC_SYNTH_TRANSFER_REQUESTS,SRC_SYNTH_DISCHARGE_BARRIERS,SRC_SYNTH_HR_SHIFT_ROSTER,SRC_SYNTH_FINANCE_COST_CENTER,SRC_OPEN_RESPIRATORY_VIRUS_DASHBOARD,SRC_OPEN_AQHI_SMOKE_CONTEXT,SRC_OPEN_SCHOOL_HOLIDAY_CALENDAR,SRC_OPEN_STATCAN_PED_POPULATION",modelled,review
SITE_PROV_NETWORK,picu,PICU,SITE_PROV_NETWORK_PICU,PICU unit,18,1.126,1.063,1.2,3,1,15.6,"SRC_SYNTH_UNIT_CENSUS_HOURLY,SRC_SYNTH_BED_STATUS,SRC_SYNTH_ED_VISITS,SRC_SYNTH_TRANSFER_REQUESTS,SRC_SYNTH_DISCHARGE_BARRIERS,SRC_SYNTH_HR_SHIFT_ROSTER,SRC_SYNTH_FINANCE_COST_CENTER,SRC_OPEN_RESPIRATORY_VIRUS_DASHBOARD,SRC_OPEN_AQHI_SMOKE_CONTEXT,SRC_OPEN_SCHOOL_HOLIDAY_CALENDAR,SRC_OPEN_STATCAN_PED_POPULATION",modelled,review
SITE_PROV_NETWORK,picu,PICU,SITE_PROV_NETWORK_PICU,PICU unit,24,1.12,1.054,1.198,4,1,16.1,"SRC_SYNTH_UNIT_CENSUS_HOURLY,SRC_SYNTH_BED_STATUS,SRC_SYNTH_ED_VISITS,SRC_SYNTH_TRANSFER_REQUESTS,SRC_SYNTH_DISCHARGE_BARRIERS,SRC_SYNTH_HR_SHIFT_ROSTER,SRC_SYNTH_FINANCE_COST_CENTER,SRC_OPEN_RESPIRATORY_VIRUS_DASHBOARD,SRC_OPEN_AQHI_SMOKE_CONTEXT,SRC_OPEN_SCHOOL_HOLIDAY_CALENDAR,SRC_OPEN_STATCAN_PED_POPULATION",modelled,review
SITE_PROV_NETWORK,picu,PICU,SITE_PROV_NETWORK_PICU,PICU unit,48,1.111,1.035,1.202,8,2,18.0,"SRC_SYNTH_UNIT_CENSUS_HOURLY,SRC_SYNTH_BED_STATUS,SRC_SYNTH_ED_VISITS,SRC_SYNTH_TRANSFER_REQUESTS,SRC_SYNTH_DISCHARGE_BARRIERS,SRC_SYNTH_HR_SHIFT_ROSTER,SRC_SYNTH_FINANCE_COST_CENTER,SRC_OPEN_RESPIRATORY_VIRUS_DASHBOARD,SRC_OPEN_AQHI_SMOKE_CONTEXT,SRC_OPEN_SCHOOL_HOLIDAY_CALENDAR,SRC_OPEN_STATCAN_PED_POPULATION",modelled,review
SITE_PROV_NETWORK,picu,PICU,SITE_PROV_NETWORK_PICU,PICU unit,72,1.145,1.057,1.248,12,3,19.9,"SRC_SYNTH_UNIT_CENSUS_HOURLY,SRC_SYNTH_BED_STATUS,SRC_SYNTH_ED_VISITS,SRC_SYNTH_TRANSFER_REQUESTS,SRC_SYNTH_DISCHARGE_BARRIERS,SRC_SYNTH_HR_SHIFT_ROSTER,SRC_SYNTH_FINANCE_COST_CENTER,SRC_OPEN_RESPIRATORY_VIRUS_DASHBOARD,SRC_OPEN_AQHI_SMOKE_CONTEXT,SRC_OPEN_SCHOOL_HOLIDAY_CALENDAR,SRC_OPEN_STATCAN_PED_POPULATION",modelled,review
SITE_PROV_NETWORK,nicu,NICU,SITE_PROV_NETWORK_NICU,NICU unit,0,1.013,0.958,1.078,0,0,16.2,"SRC_SYNTH_UNIT_CENSUS_HOURLY,SRC_SYNTH_BED_STATUS,SRC_SYNTH_ED_VISITS,SRC_SYNTH_TRANSFER_REQUESTS,SRC_SYNTH_DISCHARGE_BARRIERS,SRC_SYNTH_HR_SHIFT_ROSTER,SRC_SYNTH_FINANCE_COST_CENTER,SRC_OPEN_RESPIRATORY_VIRUS_DASHBOARD,SRC_OPEN_AQHI_SMOKE_CONTEXT,SRC_OPEN_SCHOOL_HOLIDAY_CALENDAR,SRC_OPEN_STATCAN_PED_POPULATION",modelled,ready
SITE_PROV_NETWORK,nicu,NICU,SITE_PROV_NETWORK_NICU,NICU unit,3,1.015,0.959,1.082,0,0,16.5,"SRC_SYNTH_UNIT_CENSUS_HOURLY,SRC_SYNTH_BED_STATUS,SRC_SYNTH_ED_VISITS,SRC_SYNTH_TRANSFER_REQUESTS,SRC_SYNTH_DISCHARGE_BARRIERS,SRC_SYNTH_HR_SHIFT_ROSTER,SRC_SYNTH_FINANCE_COST_CENTER,SRC_OPEN_RESPIRATORY_VIRUS_DASHBOARD,SRC_OPEN_AQHI_SMOKE_CONTEXT,SRC_OPEN_SCHOOL_HOLIDAY_CALENDAR,SRC_OPEN_STATCAN_PED_POPULATION",modelled,ready
SITE_PROV_NETWORK,nicu,NICU,SITE_PROV_NETWORK_NICU,NICU unit,6,1.016,0.958,1.084,1,0,16.7,"SRC_SYNTH_UNIT_CENSUS_HOURLY,SRC_SYNTH_BED_STATUS,SRC_SYNTH_ED_VISITS,SRC_SYNTH_TRANSFER_REQUESTS,SRC_SYNTH_DISCHARGE_BARRIERS,SRC_SYNTH_HR_SHIFT_ROSTER,SRC_SYNTH_FINANCE_COST_CENTER,SRC_OPEN_RESPIRATORY_VIRUS_DASHBOARD,SRC_OPEN_AQHI_SMOKE_CONTEXT,SRC_OPEN_SCHOOL_HOLIDAY_CALENDAR,SRC_OPEN_STATCAN_PED_POPULATION",modelled,ready
SITE_PROV_NETWORK,nicu,NICU,SITE_PROV_NETWORK_NICU,NICU unit,12,1.015,0.954,1.086,2,1,17.3,"SRC_SYNTH_UNIT_CENSUS_HOURLY,SRC_SYNTH_BED_STATUS,SRC_SYNTH_ED_VISITS,SRC_SYNTH_TRANSFER_REQUESTS,SRC_SYNTH_DISCHARGE_BARRIERS,SRC_SYNTH_HR_SHIFT_ROSTER,SRC_SYNTH_FINANCE_COST_CENTER,SRC_OPEN_RESPIRATORY_VIRUS_DASHBOARD,SRC_OPEN_AQHI_SMOKE_CONTEXT,SRC_OPEN_SCHOOL_HOLIDAY_CALENDAR,SRC_OPEN_STATCAN_PED_POPULATION",modelled,ready
SITE_PROV_NETWORK,nicu,NICU,SITE_PROV_NETWORK_NICU,NICU unit,18,1.01,0.946,1.084,3,2,17.8,"SRC_SYNTH_UNIT_CENSUS_HOURLY,SRC_SYNTH_BED_STATUS,SRC_SYNTH_ED_VISITS,SRC_SYNTH_TRANSFER_REQUESTS,SRC_SYNTH_DISCHARGE_BARRIERS,SRC_SYNTH_HR_SHIFT_ROSTER,SRC_SYNTH_FINANCE_COST_CENTER,SRC_OPEN_RESPIRATORY_VIRUS_DASHBOARD,SRC_OPEN_AQHI_SMOKE_CONTEXT,SRC_OPEN_SCHOOL_HOLIDAY_CALENDAR,SRC_OPEN_STATCAN_PED_POPULATION",modelled,ready
SITE_PROV_NETWORK,nicu,NICU,SITE_PROV_NETWORK_NICU,NICU unit,24,1.003,0.937,1.08,4,2,18.4,"SRC_SYNTH_UNIT_CENSUS_HOURLY,SRC_SYNTH_BED_STATUS,SRC_SYNTH_ED_VISITS,SRC_SYNTH_TRANSFER_REQUESTS,SRC_SYNTH_DISCHARGE_BARRIERS,SRC_SYNTH_HR_SHIFT_ROSTER,SRC_SYNTH_FINANCE_COST_CENTER,SRC_OPEN_RESPIRATORY_VIRUS_DASHBOARD,SRC_OPEN_AQHI_SMOKE_CONTEXT,SRC_OPEN_SCHOOL_HOLIDAY_CALENDAR,SRC_OPEN_STATCAN_PED_POPULATION",modelled,ready
SITE_PROV_NETWORK,nicu,NICU,SITE_PROV_NETWORK_NICU,NICU unit,48,0.999,0.922,1.089,8,4,20.5,"SRC_SYNTH_UNIT_CENSUS_HOURLY,SRC_SYNTH_BED_STATUS,SRC_SYNTH_ED_VISITS,SRC_SYNTH_TRANSFER_REQUESTS,SRC_SYNTH_DISCHARGE_BARRIERS,SRC_SYNTH_HR_SHIFT_ROSTER,SRC_SYNTH_FINANCE_COST_CENTER,SRC_OPEN_RESPIRATORY_VIRUS_DASHBOARD,SRC_OPEN_AQHI_SMOKE_CONTEXT,SRC_OPEN_SCHOOL_HOLIDAY_CALENDAR,SRC_OPEN_STATCAN_PED_POPULATION",modelled,ready
SITE_PROV_NETWORK,nicu,NICU,SITE_PROV_NETWORK_NICU,NICU unit,72,1.029,0.941,1.132,12,6,22.7,"SRC_SYNTH_UNIT_CENSUS_HOURLY,SRC_SYNTH_BED_STATUS,SRC_SYNTH_ED_VISITS,SRC_SYNTH_TRANSFER_REQUESTS,SRC_SYNTH_DISCHARGE_BARRIERS,SRC_SYNTH_HR_SHIFT_ROSTER,SRC_SYNTH_FINANCE_COST_CENTER,SRC_OPEN_RESPIRATORY_VIRUS_DASHBOARD,SRC_OPEN_AQHI_SMOKE_CONTEXT,SRC_OPEN_SCHOOL_HOLIDAY_CALENDAR,SRC_OPEN_STATCAN_PED_POPULATION",modelled,ready
SITE_PROV_NETWORK,cardiology,Cardiology,SITE_PROV_NETWORK_CARDIOLOGY,Cardiology unit,0,0.915,0.86,0.98,0,0,6.7,"SRC_SYNTH_UNIT_CENSUS_HOURLY,SRC_SYNTH_BED_STATUS,SRC_SYNTH_ED_VISITS,SRC_SYNTH_TRANSFER_REQUESTS,SRC_SYNTH_DISCHARGE_BARRIERS,SRC_SYNTH_HR_SHIFT_ROSTER,SRC_SYNTH_FINANCE_COST_CENTER,SRC_OPEN_RESPIRATORY_VIRUS_DASHBOARD,SRC_OPEN_AQHI_SMOKE_CONTEXT,SRC_OPEN_SCHOOL_HOLIDAY_CALENDAR,SRC_OPEN_STATCAN_PED_POPULATION",modelled,ready
SITE_PROV_NETWORK,cardiology,Cardiology,SITE_PROV_NETWORK_CARDIOLOGY,Cardiology unit,3,0.916,0.859,0.982,0,0,6.8,"SRC_SYNTH_UNIT_CENSUS_HOURLY,SRC_SYNTH_BED_STATUS,SRC_SYNTH_ED_VISITS,SRC_SYNTH_TRANSFER_REQUESTS,SRC_SYNTH_DISCHARGE_BARRIERS,SRC_SYNTH_HR_SHIFT_ROSTER,SRC_SYNTH_FINANCE_COST_CENTER,SRC_OPEN_RESPIRATORY_VIRUS_DASHBOARD,SRC_OPEN_AQHI_SMOKE_CONTEXT,SRC_OPEN_SCHOOL_HOLIDAY_CALENDAR,SRC_OPEN_STATCAN_PED_POPULATION",modelled,ready
SITE_PROV_NETWORK,cardiology,Cardiology,SITE_PROV_NETWORK_CARDIOLOGY,Cardiology unit,6,0.915,0.858,0.984,1,0,6.9,"SRC_SYNTH_UNIT_CENSUS_HOURLY,SRC_SYNTH_BED_STATUS,SRC_SYNTH_ED_VISITS,SRC_SYNTH_TRANSFER_REQUESTS,SRC_SYNTH_DISCHARGE_BARRIERS,SRC_SYNTH_HR_SHIFT_ROSTER,SRC_SYNTH_FINANCE_COST_CENTER,SRC_OPEN_RESPIRATORY_VIRUS_DASHBOARD,SRC_OPEN_AQHI_SMOKE_CONTEXT,SRC_OPEN_SCHOOL_HOLIDAY_CALENDAR,SRC_OPEN_STATCAN_PED_POPULATION",modelled,ready
SITE_PROV_NETWORK,cardiology,Cardiology,SITE_PROV_NETWORK_CARDIOLOGY,Cardiology unit,12,0.912,0.852,0.983,2,0,7.1,"SRC_SYNTH_UNIT_CENSUS_HOURLY,SRC_SYNTH_BED_STATUS,SRC_SYNTH_ED_VISITS,SRC_SYNTH_TRANSFER_REQUESTS,SRC_SYNTH_DISCHARGE_BARRIERS,SRC_SYNTH_HR_SHIFT_ROSTER,SRC_SYNTH_FINANCE_COST_CENTER,SRC_OPEN_RESPIRATORY_VIRUS_DASHBOARD,SRC_OPEN_AQHI_SMOKE_CONTEXT,SRC_OPEN_SCHOOL_HOLIDAY_CALENDAR,SRC_OPEN_STATCAN_PED_POPULATION",modelled,ready
SITE_PROV_NETWORK,cardiology,Cardiology,SITE_PROV_NETWORK_CARDIOLOGY,Cardiology unit,18,0.906,0.843,0.98,2,1,7.4,"SRC_SYNTH_UNIT_CENSUS_HOURLY,SRC_SYNTH_BED_STATUS,SRC_SYNTH_ED_VISITS,SRC_SYNTH_TRANSFER_REQUESTS,SRC_SYNTH_DISCHARGE_BARRIERS,SRC_SYNTH_HR_SHIFT_ROSTER,SRC_SYNTH_FINANCE_COST_CENTER,SRC_OPEN_RESPIRATORY_VIRUS_DASHBOARD,SRC_OPEN_AQHI_SMOKE_CONTEXT,SRC_OPEN_SCHOOL_HOLIDAY_CALENDAR,SRC_OPEN_STATCAN_PED_POPULATION",modelled,ready
SITE_PROV_NETWORK,cardiology,Cardiology,SITE_PROV_NETWORK_CARDIOLOGY,Cardiology unit,24,0.899,0.833,0.977,3,1,7.6,"SRC_SYNTH_UNIT_CENSUS_HOURLY,SRC_SYNTH_BED_STATUS,SRC_SYNTH_ED_VISITS,SRC_SYNTH_TRANSFER_REQUESTS,SRC_SYNTH_DISCHARGE_BARRIERS,SRC_SYNTH_HR_SHIFT_ROSTER,SRC_SYNTH_FINANCE_COST_CENTER,SRC_OPEN_RESPIRATORY_VIRUS_DASHBOARD,SRC_OPEN_AQHI_SMOKE_CONTEXT,SRC_OPEN_SCHOOL_HOLIDAY_CALENDAR,SRC_OPEN_STATCAN_PED_POPULATION",modelled,ready
SITE_PROV_NETWORK,cardiology,Cardiology,SITE_PROV_NETWORK_CARDIOLOGY,Cardiology unit,48,0.902,0.825,0.992,6,2,8.5,"SRC_SYNTH_UNIT_CENSUS_HOURLY,SRC_SYNTH_BED_STATUS,SRC_SYNTH_ED_VISITS,SRC_SYNTH_TRANSFER_REQUESTS,SRC_SYNTH_DISCHARGE_BARRIERS,SRC_SYNTH_HR_SHIFT_ROSTER,SRC_SYNTH_FINANCE_COST_CENTER,SRC_OPEN_RESPIRATORY_VIRUS_DASHBOARD,SRC_OPEN_AQHI_SMOKE_CONTEXT,SRC_OPEN_SCHOOL_HOLIDAY_CALENDAR,SRC_OPEN_STATCAN_PED_POPULATION",modelled,ready
SITE_PROV_NETWORK,cardiology,Cardiology,SITE_PROV_NETWORK_CARDIOLOGY,Cardiology unit,72,0.93,0.842,1.033,9,3,9.4,"SRC_SYNTH_UNIT_CENSUS_HOURLY,SRC_SYNTH_BED_STATUS,SRC_SYNTH_ED_VISITS,SRC_SYNTH_TRANSFER_REQUESTS,SRC_SYNTH_DISCHARGE_BARRIERS,SRC_SYNTH_HR_SHIFT_ROSTER,SRC_SYNTH_FINANCE_COST_CENTER,SRC_OPEN_RESPIRATORY_VIRUS_DASHBOARD,SRC_OPEN_AQHI_SMOKE_CONTEXT,SRC_OPEN_SCHOOL_HOLIDAY_CALENDAR,SRC_OPEN_STATCAN_PED_POPULATION",modelled,ready
SITE_PROV_NETWORK,oncology,Oncology,SITE_PROV_NETWORK_ONCOLOGY,Oncology unit,0,0.924,0.869,0.989,0,0,10.0,"SRC_SYNTH_UNIT_CENSUS_HOURLY,SRC_SYNTH_BED_STATUS,SRC_SYNTH_ED_VISITS,SRC_SYNTH_TRANSFER_REQUESTS,SRC_SYNTH_DISCHARGE_BARRIERS,SRC_SYNTH_HR_SHIFT_ROSTER,SRC_SYNTH_FINANCE_COST_CENTER,SRC_OPEN_RESPIRATORY_VIRUS_DASHBOARD,SRC_OPEN_AQHI_SMOKE_CONTEXT,SRC_OPEN_SCHOOL_HOLIDAY_CALENDAR,SRC_OPEN_STATCAN_PED_POPULATION",modelled,ready
SITE_PROV_NETWORK,oncology,Oncology,SITE_PROV_NETWORK_ONCOLOGY,Oncology unit,3,0.924,0.867,0.99,0,0,10.2,"SRC_SYNTH_UNIT_CENSUS_HOURLY,SRC_SYNTH_BED_STATUS,SRC_SYNTH_ED_VISITS,SRC_SYNTH_TRANSFER_REQUESTS,SRC_SYNTH_DISCHARGE_BARRIERS,SRC_SYNTH_HR_SHIFT_ROSTER,SRC_SYNTH_FINANCE_COST_CENTER,SRC_OPEN_RESPIRATORY_VIRUS_DASHBOARD,SRC_OPEN_AQHI_SMOKE_CONTEXT,SRC_OPEN_SCHOOL_HOLIDAY_CALENDAR,SRC_OPEN_STATCAN_PED_POPULATION",modelled,ready
SITE_PROV_NETWORK,oncology,Oncology,SITE_PROV_NETWORK_ONCOLOGY,Oncology unit,6,0.922,0.865,0.991,1,0,10.3,"SRC_SYNTH_UNIT_CENSUS_HOURLY,SRC_SYNTH_BED_STATUS,SRC_SYNTH_ED_VISITS,SRC_SYNTH_TRANSFER_REQUESTS,SRC_SYNTH_DISCHARGE_BARRIERS,SRC_SYNTH_HR_SHIFT_ROSTER,SRC_SYNTH_FINANCE_COST_CENTER,SRC_OPEN_RESPIRATORY_VIRUS_DASHBOARD,SRC_OPEN_AQHI_SMOKE_CONTEXT,SRC_OPEN_SCHOOL_HOLIDAY_CALENDAR,SRC_OPEN_STATCAN_PED_POPULATION",modelled,ready
SITE_PROV_NETWORK,oncology,Oncology,SITE_PROV_NETWORK_ONCOLOGY,Oncology unit,12,0.917,0.857,0.988,2,0,10.7,"SRC_SYNTH_UNIT_CENSUS_HOURLY,SRC_SYNTH_BED_STATUS,SRC_SYNTH_ED_VISITS,SRC_SYNTH_TRANSFER_REQUESTS,SRC_SYNTH_DISCHARGE_BARRIERS,SRC_SYNTH_HR_SHIFT_ROSTER,SRC_SYNTH_FINANCE_COST_CENTER,SRC_OPEN_RESPIRATORY_VIRUS_DASHBOARD,SRC_OPEN_AQHI_SMOKE_CONTEXT,SRC_OPEN_SCHOOL_HOLIDAY_CALENDAR,SRC_OPEN_STATCAN_PED_POPULATION",modelled,ready
SITE_PROV_NETWORK,oncology,Oncology,SITE_PROV_NETWORK_ONCOLOGY,Oncology unit,18,0.91,0.847,0.985,2,1,11.0,"SRC_SYNTH_UNIT_CENSUS_HOURLY,SRC_SYNTH_BED_STATUS,SRC_SYNTH_ED_VISITS,SRC_SYNTH_TRANSFER_REQUESTS,SRC_SYNTH_DISCHARGE_BARRIERS,SRC_SYNTH_HR_SHIFT_ROSTER,SRC_SYNTH_FINANCE_COST_CENTER,SRC_OPEN_RESPIRATORY_VIRUS_DASHBOARD,SRC_OPEN_AQHI_SMOKE_CONTEXT,SRC_OPEN_SCHOOL_HOLIDAY_CALENDAR,SRC_OPEN_STATCAN_PED_POPULATION",modelled,ready
SITE_PROV_NETWORK,oncology,Oncology,SITE_PROV_NETWORK_ONCOLOGY,Oncology unit,24,0.904,0.838,0.982,3,1,11.3,"SRC_SYNTH_UNIT_CENSUS_HOURLY,SRC_SYNTH_BED_STATUS,SRC_SYNTH_ED_VISITS,SRC_SYNTH_TRANSFER_REQUESTS,SRC_SYNTH_DISCHARGE_BARRIERS,SRC_SYNTH_HR_SHIFT_ROSTER,SRC_SYNTH_FINANCE_COST_CENTER,SRC_OPEN_RESPIRATORY_VIRUS_DASHBOARD,SRC_OPEN_AQHI_SMOKE_CONTEXT,SRC_OPEN_SCHOOL_HOLIDAY_CALENDAR,SRC_OPEN_STATCAN_PED_POPULATION",modelled,ready
SITE_PROV_NETWORK,oncology,Oncology,SITE_PROV_NETWORK_ONCOLOGY,Oncology unit,48,0.913,0.837,1.004,6,2,12.7,"SRC_SYNTH_UNIT_CENSUS_HOURLY,SRC_SYNTH_BED_STATUS,SRC_SYNTH_ED_VISITS,SRC_SYNTH_TRANSFER_REQUESTS,SRC_SYNTH_DISCHARGE_BARRIERS,SRC_SYNTH_HR_SHIFT_ROSTER,SRC_SYNTH_FINANCE_COST_CENTER,SRC_OPEN_RESPIRATORY_VIRUS_DASHBOARD,SRC_OPEN_AQHI_SMOKE_CONTEXT,SRC_OPEN_SCHOOL_HOLIDAY_CALENDAR,SRC_OPEN_STATCAN_PED_POPULATION",modelled,ready
SITE_PROV_NETWORK,oncology,Oncology,SITE_PROV_NETWORK_ONCOLOGY,Oncology unit,72,0.936,0.848,1.039,9,3,14.0,"SRC_SYNTH_UNIT_CENSUS_HOURLY,SRC_SYNTH_BED_STATUS,SRC_SYNTH_ED_VISITS,SRC_SYNTH_TRANSFER_REQUESTS,SRC_SYNTH_DISCHARGE_BARRIERS,SRC_SYNTH_HR_SHIFT_ROSTER,SRC_SYNTH_FINANCE_COST_CENTER,SRC_OPEN_RESPIRATORY_VIRUS_DASHBOARD,SRC_OPEN_AQHI_SMOKE_CONTEXT,SRC_OPEN_SCHOOL_HOLIDAY_CALENDAR,SRC_OPEN_STATCAN_PED_POPULATION",modelled,ready
SITE_PROV_NETWORK,neurology,Neurology,SITE_PROV_NETWORK_NEUROLOGY,Neurology unit,0,0.914,0.859,0.979,0,0,2.5,"SRC_SYNTH_UNIT_CENSUS_HOURLY,SRC_SYNTH_BED_STATUS,SRC_SYNTH_ED_VISITS,SRC_SYNTH_TRANSFER_REQUESTS,SRC_SYNTH_DISCHARGE_BARRIERS,SRC_SYNTH_HR_SHIFT_ROSTER,SRC_SYNTH_FINANCE_COST_CENTER,SRC_OPEN_RESPIRATORY_VIRUS_DASHBOARD,SRC_OPEN_AQHI_SMOKE_CONTEXT,SRC_OPEN_SCHOOL_HOLIDAY_CALENDAR,SRC_OPEN_STATCAN_PED_POPULATION",modelled,ready
SITE_PROV_NETWORK,neurology,Neurology,SITE_PROV_NETWORK_NEUROLOGY,Neurology unit,3,0.913,0.857,0.98,0,0,2.5,"SRC_SYNTH_UNIT_CENSUS_HOURLY,SRC_SYNTH_BED_STATUS,SRC_SYNTH_ED_VISITS,SRC_SYNTH_TRANSFER_REQUESTS,SRC_SYNTH_DISCHARGE_BARRIERS,SRC_SYNTH_HR_SHIFT_ROSTER,SRC_SYNTH_FINANCE_COST_CENTER,SRC_OPEN_RESPIRATORY_VIRUS_DASHBOARD,SRC_OPEN_AQHI_SMOKE_CONTEXT,SRC_OPEN_SCHOOL_HOLIDAY_CALENDAR,SRC_OPEN_STATCAN_PED_POPULATION",modelled,ready
SITE_PROV_NETWORK,neurology,Neurology,SITE_PROV_NETWORK_NEUROLOGY,Neurology unit,6,0.911,0.853,0.979,1,0,2.6,"SRC_SYNTH_UNIT_CENSUS_HOURLY,SRC_SYNTH_BED_STATUS,SRC_SYNTH_ED_VISITS,SRC_SYNTH_TRANSFER_REQUESTS,SRC_SYNTH_DISCHARGE_BARRIERS,SRC_SYNTH_HR_SHIFT_ROSTER,SRC_SYNTH_FINANCE_COST_CENTER,SRC_OPEN_RESPIRATORY_VIRUS_DASHBOARD,SRC_OPEN_AQHI_SMOKE_CONTEXT,SRC_OPEN_SCHOOL_HOLIDAY_CALENDAR,SRC_OPEN_STATCAN_PED_POPULATION",modelled,ready
SITE_PROV_NETWORK,neurology,Neurology,SITE_PROV_NETWORK_NEUROLOGY,Neurology unit,12,0.905,0.844,0.976,2,0,2.7,"SRC_SYNTH_UNIT_CENSUS_HOURLY,SRC_SYNTH_BED_STATUS,SRC_SYNTH_ED_VISITS,SRC_SYNTH_TRANSFER_REQUESTS,SRC_SYNTH_DISCHARGE_BARRIERS,SRC_SYNTH_HR_SHIFT_ROSTER,SRC_SYNTH_FINANCE_COST_CENTER,SRC_OPEN_RESPIRATORY_VIRUS_DASHBOARD,SRC_OPEN_AQHI_SMOKE_CONTEXT,SRC_OPEN_SCHOOL_HOLIDAY_CALENDAR,SRC_OPEN_STATCAN_PED_POPULATION",modelled,ready
SITE_PROV_NETWORK,neurology,Neurology,SITE_PROV_NETWORK_NEUROLOGY,Neurology unit,18,0.898,0.835,0.973,2,1,2.8,"SRC_SYNTH_UNIT_CENSUS_HOURLY,SRC_SYNTH_BED_STATUS,SRC_SYNTH_ED_VISITS,SRC_SYNTH_TRANSFER_REQUESTS,SRC_SYNTH_DISCHARGE_BARRIERS,SRC_SYNTH_HR_SHIFT_ROSTER,SRC_SYNTH_FINANCE_COST_CENTER,SRC_OPEN_RESPIRATORY_VIRUS_DASHBOARD,SRC_OPEN_AQHI_SMOKE_CONTEXT,SRC_OPEN_SCHOOL_HOLIDAY_CALENDAR,SRC_OPEN_STATCAN_PED_POPULATION",modelled,ready
SITE_PROV_NETWORK,neurology,Neurology,SITE_PROV_NETWORK_NEUROLOGY,Neurology unit,24,0.893,0.827,0.971,3,1,2.8,"SRC_SYNTH_UNIT_CENSUS_HOURLY,SRC_SYNTH_BED_STATUS,SRC_SYNTH_ED_VISITS,SRC_SYNTH_TRANSFER_REQUESTS,SRC_SYNTH_DISCHARGE_BARRIERS,SRC_SYNTH_HR_SHIFT_ROSTER,SRC_SYNTH_FINANCE_COST_CENTER,SRC_OPEN_RESPIRATORY_VIRUS_DASHBOARD,SRC_OPEN_AQHI_SMOKE_CONTEXT,SRC_OPEN_SCHOOL_HOLIDAY_CALENDAR,SRC_OPEN_STATCAN_PED_POPULATION",modelled,ready
SITE_PROV_NETWORK,neurology,Neurology,SITE_PROV_NETWORK_NEUROLOGY,Neurology unit,48,0.911,0.834,1.001,6,2,3.2,"SRC_SYNTH_UNIT_CENSUS_HOURLY,SRC_SYNTH_BED_STATUS,SRC_SYNTH_ED_VISITS,SRC_SYNTH_TRANSFER_REQUESTS,SRC_SYNTH_DISCHARGE_BARRIERS,SRC_SYNTH_HR_SHIFT_ROSTER,SRC_SYNTH_FINANCE_COST_CENTER,SRC_OPEN_RESPIRATORY_VIRUS_DASHBOARD,SRC_OPEN_AQHI_SMOKE_CONTEXT,SRC_OPEN_SCHOOL_HOLIDAY_CALENDAR,SRC_OPEN_STATCAN_PED_POPULATION",modelled,ready
SITE_PROV_NETWORK,neurology,Neurology,SITE_PROV_NETWORK_NEUROLOGY,Neurology unit,72,0.929,0.841,1.032,9,3,3.5,"SRC_SYNTH_UNIT_CENSUS_HOURLY,SRC_SYNTH_BED_STATUS,SRC_SYNTH_ED_VISITS,SRC_SYNTH_TRANSFER_REQUESTS,SRC_SYNTH_DISCHARGE_BARRIERS,SRC_SYNTH_HR_SHIFT_ROSTER,SRC_SYNTH_FINANCE_COST_CENTER,SRC_OPEN_RESPIRATORY_VIRUS_DASHBOARD,SRC_OPEN_AQHI_SMOKE_CONTEXT,SRC_OPEN_SCHOOL_HOLIDAY_CALENDAR,SRC_OPEN_STATCAN_PED_POPULATION",modelled,ready
SITE_PROV_NETWORK,mental_health,Mental health,SITE_PROV_NETWORK_MENTAL_HEALTH,Mental health unit,0,0.935,0.88,1.0,0,0,10.0,"SRC_SYNTH_UNIT_CENSUS_HOURLY,SRC_SYNTH_BED_STATUS,SRC_SYNTH_ED_VISITS,SRC_SYNTH_TRANSFER_REQUESTS,SRC_SYNTH_DISCHARGE_BARRIERS,SRC_SYNTH_HR_SHIFT_ROSTER,SRC_SYNTH_FINANCE_COST_CENTER,SRC_OPEN_RESPIRATORY_VIRUS_DASHBOARD,SRC_OPEN_AQHI_SMOKE_CONTEXT,SRC_OPEN_SCHOOL_HOLIDAY_CALENDAR,SRC_OPEN_STATCAN_PED_POPULATION",modelled,ready
SITE_PROV_NETWORK,mental_health,Mental health,SITE_PROV_NETWORK_MENTAL_HEALTH,Mental health unit,3,0.933,0.877,1.0,0,0,10.2,"SRC_SYNTH_UNIT_CENSUS_HOURLY,SRC_SYNTH_BED_STATUS,SRC_SYNTH_ED_VISITS,SRC_SYNTH_TRANSFER_REQUESTS,SRC_SYNTH_DISCHARGE_BARRIERS,SRC_SYNTH_HR_SHIFT_ROSTER,SRC_SYNTH_FINANCE_COST_CENTER,SRC_OPEN_RESPIRATORY_VIRUS_DASHBOARD,SRC_OPEN_AQHI_SMOKE_CONTEXT,SRC_OPEN_SCHOOL_HOLIDAY_CALENDAR,SRC_OPEN_STATCAN_PED_POPULATION",modelled,ready
SITE_PROV_NETWORK,mental_health,Mental health,SITE_PROV_NETWORK_MENTAL_HEALTH,Mental health unit,6,0.93,0.872,0.998,1,0,10.3,"SRC_SYNTH_UNIT_CENSUS_HOURLY,SRC_SYNTH_BED_STATUS,SRC_SYNTH_ED_VISITS,SRC_SYNTH_TRANSFER_REQUESTS,SRC_SYNTH_DISCHARGE_BARRIERS,SRC_SYNTH_HR_SHIFT_ROSTER,SRC_SYNTH_FINANCE_COST_CENTER,SRC_OPEN_RESPIRATORY_VIRUS_DASHBOARD,SRC_OPEN_AQHI_SMOKE_CONTEXT,SRC_OPEN_SCHOOL_HOLIDAY_CALENDAR,SRC_OPEN_STATCAN_PED_POPULATION",modelled,ready
SITE_PROV_NETWORK,mental_health,Mental health,SITE_PROV_NETWORK_MENTAL_HEALTH,Mental health unit,12,0.923,0.862,0.994,2,0,10.7,"SRC_SYNTH_UNIT_CENSUS_HOURLY,SRC_SYNTH_BED_STATUS,SRC_SYNTH_ED_VISITS,SRC_SYNTH_TRANSFER_REQUESTS,SRC_SYNTH_DISCHARGE_BARRIERS,SRC_SYNTH_HR_SHIFT_ROSTER,SRC_SYNTH_FINANCE_COST_CENTER,SRC_OPEN_RESPIRATORY_VIRUS_DASHBOARD,SRC_OPEN_AQHI_SMOKE_CONTEXT,SRC_OPEN_SCHOOL_HOLIDAY_CALENDAR,SRC_OPEN_STATCAN_PED_POPULATION",modelled,ready
SITE_PROV_NETWORK,mental_health,Mental health,SITE_PROV_NETWORK_MENTAL_HEALTH,Mental health unit,18,0.916,0.853,0.991,3,1,11.0,"SRC_SYNTH_UNIT_CENSUS_HOURLY,SRC_SYNTH_BED_STATUS,SRC_SYNTH_ED_VISITS,SRC_SYNTH_TRANSFER_REQUESTS,SRC_SYNTH_DISCHARGE_BARRIERS,SRC_SYNTH_HR_SHIFT_ROSTER,SRC_SYNTH_FINANCE_COST_CENTER,SRC_OPEN_RESPIRATORY_VIRUS_DASHBOARD,SRC_OPEN_AQHI_SMOKE_CONTEXT,SRC_OPEN_SCHOOL_HOLIDAY_CALENDAR,SRC_OPEN_STATCAN_PED_POPULATION",modelled,ready
SITE_PROV_NETWORK,mental_health,Mental health,SITE_PROV_NETWORK_MENTAL_HEALTH,Mental health unit,24,0.913,0.847,0.99,4,1,11.3,"SRC_SYNTH_UNIT_CENSUS_HOURLY,SRC_SYNTH_BED_STATUS,SRC_SYNTH_ED_VISITS,SRC_SYNTH_TRANSFER_REQUESTS,SRC_SYNTH_DISCHARGE_BARRIERS,SRC_SYNTH_HR_SHIFT_ROSTER,SRC_SYNTH_FINANCE_COST_CENTER,SRC_OPEN_RESPIRATORY_VIRUS_DASHBOARD,SRC_OPEN_AQHI_SMOKE_CONTEXT,SRC_OPEN_SCHOOL_HOLIDAY_CALENDAR,SRC_OPEN_STATCAN_PED_POPULATION",modelled,ready
SITE_PROV_NETWORK,mental_health,Mental health,SITE_PROV_NETWORK_MENTAL_HEALTH,Mental health unit,48,0.934,0.858,1.025,8,2,12.7,"SRC_SYNTH_UNIT_CENSUS_HOURLY,SRC_SYNTH_BED_STATUS,SRC_SYNTH_ED_VISITS,SRC_SYNTH_TRANSFER_REQUESTS,SRC_SYNTH_DISCHARGE_BARRIERS,SRC_SYNTH_HR_SHIFT_ROSTER,SRC_SYNTH_FINANCE_COST_CENTER,SRC_OPEN_RESPIRATORY_VIRUS_DASHBOARD,SRC_OPEN_AQHI_SMOKE_CONTEXT,SRC_OPEN_SCHOOL_HOLIDAY_CALENDAR,SRC_OPEN_STATCAN_PED_POPULATION",modelled,ready
SITE_PROV_NETWORK,mental_health,Mental health,SITE_PROV_NETWORK_MENTAL_HEALTH,Mental health unit,72,0.944,0.856,1.047,12,3,14.0,"SRC_SYNTH_UNIT_CENSUS_HOURLY,SRC_SYNTH_BED_STATUS,SRC_SYNTH_ED_VISITS,SRC_SYNTH_TRANSFER_REQUESTS,SRC_SYNTH_DISCHARGE_BARRIERS,SRC_SYNTH_HR_SHIFT_ROSTER,SRC_SYNTH_FINANCE_COST_CENTER,SRC_OPEN_RESPIRATORY_VIRUS_DASHBOARD,SRC_OPEN_AQHI_SMOKE_CONTEXT,SRC_OPEN_SCHOOL_HOLIDAY_CALENDAR,SRC_OPEN_STATCAN_PED_POPULATION",modelled,ready
SITE_PROV_NETWORK,complex_care,Complex care,SITE_PROV_NETWORK_COMPLEX_CARE,Complex care unit,0,1.01,0.955,1.075,0,0,10.3,"SRC_SYNTH_UNIT_CENSUS_HOURLY,SRC_SYNTH_BED_STATUS,SRC_SYNTH_ED_VISITS,SRC_SYNTH_TRANSFER_REQUESTS,SRC_SYNTH_DISCHARGE_BARRIERS,SRC_SYNTH_HR_SHIFT_ROSTER,SRC_SYNTH_FINANCE_COST_CENTER,SRC_OPEN_RESPIRATORY_VIRUS_DASHBOARD,SRC_OPEN_AQHI_SMOKE_CONTEXT,SRC_OPEN_SCHOOL_HOLIDAY_CALENDAR,SRC_OPEN_STATCAN_PED_POPULATION",modelled,ready
SITE_PROV_NETWORK,complex_care,Complex care,SITE_PROV_NETWORK_COMPLEX_CARE,Complex care unit,3,1.007,0.951,1.074,0,0,10.5,"SRC_SYNTH_UNIT_CENSUS_HOURLY,SRC_SYNTH_BED_STATUS,SRC_SYNTH_ED_VISITS,SRC_SYNTH_TRANSFER_REQUESTS,SRC_SYNTH_DISCHARGE_BARRIERS,SRC_SYNTH_HR_SHIFT_ROSTER,SRC_SYNTH_FINANCE_COST_CENTER,SRC_OPEN_RESPIRATORY_VIRUS_DASHBOARD,SRC_OPEN_AQHI_SMOKE_CONTEXT,SRC_OPEN_SCHOOL_HOLIDAY_CALENDAR,SRC_OPEN_STATCAN_PED_POPULATION",modelled,ready
SITE_PROV_NETWORK,complex_care,Complex care,SITE_PROV_NETWORK_COMPLEX_CARE,Complex care unit,6,1.004,0.946,1.072,1,0,10.6,"SRC_SYNTH_UNIT_CENSUS_HOURLY,SRC_SYNTH_BED_STATUS,SRC_SYNTH_ED_VISITS,SRC_SYNTH_TRANSFER_REQUESTS,SRC_SYNTH_DISCHARGE_BARRIERS,SRC_SYNTH_HR_SHIFT_ROSTER,SRC_SYNTH_FINANCE_COST_CENTER,SRC_OPEN_RESPIRATORY_VIRUS_DASHBOARD,SRC_OPEN_AQHI_SMOKE_CONTEXT,SRC_OPEN_SCHOOL_HOLIDAY_CALENDAR,SRC_OPEN_STATCAN_PED_POPULATION",modelled,ready
SITE_PROV_NETWORK,complex_care,Complex care,SITE_PROV_NETWORK_COMPLEX_CARE,Complex care unit,12,0.998,0.937,1.069,2,0,11.0,"SRC_SYNTH_UNIT_CENSUS_HOURLY,SRC_SYNTH_BED_STATUS,SRC_SYNTH_ED_VISITS,SRC_SYNTH_TRANSFER_REQUESTS,SRC_SYNTH_DISCHARGE_BARRIERS,SRC_SYNTH_HR_SHIFT_ROSTER,SRC_SYNTH_FINANCE_COST_CENTER,SRC_OPEN_RESPIRATORY_VIRUS_DASHBOARD,SRC_OPEN_AQHI_SMOKE_CONTEXT,SRC_OPEN_SCHOOL_HOLIDAY_CALENDAR,SRC_OPEN_STATCAN_PED_POPULATION",modelled,ready
SITE_PROV_NETWORK,complex_care,Complex care,SITE_PROV_NETWORK_COMPLEX_CARE,Complex care unit,18,0.993,0.93,1.068,3,1,11.3,"SRC_SYNTH_UNIT_CENSUS_HOURLY,SRC_SYNTH_BED_STATUS,SRC_SYNTH_ED_VISITS,SRC_SYNTH_TRANSFER_REQUESTS,SRC_SYNTH_DISCHARGE_BARRIERS,SRC_SYNTH_HR_SHIFT_ROSTER,SRC_SYNTH_FINANCE_COST_CENTER,SRC_OPEN_RESPIRATORY_VIRUS_DASHBOARD,SRC_OPEN_AQHI_SMOKE_CONTEXT,SRC_OPEN_SCHOOL_HOLIDAY_CALENDAR,SRC_OPEN_STATCAN_PED_POPULATION",modelled,ready
SITE_PROV_NETWORK,complex_care,Complex care,SITE_PROV_NETWORK_COMPLEX_CARE,Complex care unit,24,0.993,0.927,1.07,4,1,11.7,"SRC_SYNTH_UNIT_CENSUS_HOURLY,SRC_SYNTH_BED_STATUS,SRC_SYNTH_ED_VISITS,SRC_SYNTH_TRANSFER_REQUESTS,SRC_SYNTH_DISCHARGE_BARRIERS,SRC_SYNTH_HR_SHIFT_ROSTER,SRC_SYNTH_FINANCE_COST_CENTER,SRC_OPEN_RESPIRATORY_VIRUS_DASHBOARD,SRC_OPEN_AQHI_SMOKE_CONTEXT,SRC_OPEN_SCHOOL_HOLIDAY_CALENDAR,SRC_OPEN_STATCAN_PED_POPULATION",modelled,ready
SITE_PROV_NETWORK,complex_care,Complex care,SITE_PROV_NETWORK_COMPLEX_CARE,Complex care unit,48,1.023,0.946,1.113,8,2,13.0,"SRC_SYNTH_UNIT_CENSUS_HOURLY,SRC_SYNTH_BED_STATUS,SRC_SYNTH_ED_VISITS,SRC_SYNTH_TRANSFER_REQUESTS,SRC_SYNTH_DISCHARGE_BARRIERS,SRC_SYNTH_HR_SHIFT_ROSTER,SRC_SYNTH_FINANCE_COST_CENTER,SRC_OPEN_RESPIRATORY_VIRUS_DASHBOARD,SRC_OPEN_AQHI_SMOKE_CONTEXT,SRC_OPEN_SCHOOL_HOLIDAY_CALENDAR,SRC_OPEN_STATCAN_PED_POPULATION",modelled,ready
SITE_PROV_NETWORK,complex_care,Complex care,SITE_PROV_NETWORK_COMPLEX_CARE,Complex care unit,72,1.029,0.941,1.131,12,3,14.4,"SRC_SYNTH_UNIT_CENSUS_HOURLY,SRC_SYNTH_BED_STATUS,SRC_SYNTH_ED_VISITS,SRC_SYNTH_TRANSFER_REQUESTS,SRC_SYNTH_DISCHARGE_BARRIERS,SRC_SYNTH_HR_SHIFT_ROSTER,SRC_SYNTH_FINANCE_COST_CENTER,SRC_OPEN_RESPIRATORY_VIRUS_DASHBOARD,SRC_OPEN_AQHI_SMOKE_CONTEXT,SRC_OPEN_SCHOOL_HOLIDAY_CALENDAR,SRC_OPEN_STATCAN_PED_POPULATION",modelled,ready
SITE_PROV_NETWORK,short_stay,Short stay,SITE_PROV_NETWORK_SHORT_STAY,Short stay unit,0,0.839,0.784,0.904,0,0,4.1,"SRC_SYNTH_UNIT_CENSUS_HOURLY,SRC_SYNTH_BED_STATUS,SRC_SYNTH_ED_VISITS,SRC_SYNTH_TRANSFER_REQUESTS,SRC_SYNTH_DISCHARGE_BARRIERS,SRC_SYNTH_HR_SHIFT_ROSTER,SRC_SYNTH_FINANCE_COST_CENTER,SRC_OPEN_RESPIRATORY_VIRUS_DASHBOARD,SRC_OPEN_AQHI_SMOKE_CONTEXT,SRC_OPEN_SCHOOL_HOLIDAY_CALENDAR,SRC_OPEN_STATCAN_PED_POPULATION",modelled,ready
SITE_PROV_NETWORK,short_stay,Short stay,SITE_PROV_NETWORK_SHORT_STAY,Short stay unit,3,0.836,0.78,0.902,0,0,4.2,"SRC_SYNTH_UNIT_CENSUS_HOURLY,SRC_SYNTH_BED_STATUS,SRC_SYNTH_ED_VISITS,SRC_SYNTH_TRANSFER_REQUESTS,SRC_SYNTH_DISCHARGE_BARRIERS,SRC_SYNTH_HR_SHIFT_ROSTER,SRC_SYNTH_FINANCE_COST_CENTER,SRC_OPEN_RESPIRATORY_VIRUS_DASHBOARD,SRC_OPEN_AQHI_SMOKE_CONTEXT,SRC_OPEN_SCHOOL_HOLIDAY_CALENDAR,SRC_OPEN_STATCAN_PED_POPULATION",modelled,ready
SITE_PROV_NETWORK,short_stay,Short stay,SITE_PROV_NETWORK_SHORT_STAY,Short stay unit,6,0.833,0.775,0.901,1,0,4.2,"SRC_SYNTH_UNIT_CENSUS_HOURLY,SRC_SYNTH_BED_STATUS,SRC_SYNTH_ED_VISITS,SRC_SYNTH_TRANSFER_REQUESTS,SRC_SYNTH_DISCHARGE_BARRIERS,SRC_SYNTH_HR_SHIFT_ROSTER,SRC_SYNTH_FINANCE_COST_CENTER,SRC_OPEN_RESPIRATORY_VIRUS_DASHBOARD,SRC_OPEN_AQHI_SMOKE_CONTEXT,SRC_OPEN_SCHOOL_HOLIDAY_CALENDAR,SRC_OPEN_STATCAN_PED_POPULATION",modelled,ready
SITE_PROV_NETWORK,short_stay,Short stay,SITE_PROV_NETWORK_SHORT_STAY,Short stay unit,12,0.827,0.766,0.898,2,0,4.4,"SRC_SYNTH_UNIT_CENSUS_HOURLY,SRC_SYNTH_BED_STATUS,SRC_SYNTH_ED_VISITS,SRC_SYNTH_TRANSFER_REQUESTS,SRC_SYNTH_DISCHARGE_BARRIERS,SRC_SYNTH_HR_SHIFT_ROSTER,SRC_SYNTH_FINANCE_COST_CENTER,SRC_OPEN_RESPIRATORY_VIRUS_DASHBOARD,SRC_OPEN_AQHI_SMOKE_CONTEXT,SRC_OPEN_SCHOOL_HOLIDAY_CALENDAR,SRC_OPEN_STATCAN_PED_POPULATION",modelled,ready
SITE_PROV_NETWORK,short_stay,Short stay,SITE_PROV_NETWORK_SHORT_STAY,Short stay unit,18,0.824,0.761,0.898,3,1,4.5,"SRC_SYNTH_UNIT_CENSUS_HOURLY,SRC_SYNTH_BED_STATUS,SRC_SYNTH_ED_VISITS,SRC_SYNTH_TRANSFER_REQUESTS,SRC_SYNTH_DISCHARGE_BARRIERS,SRC_SYNTH_HR_SHIFT_ROSTER,SRC_SYNTH_FINANCE_COST_CENTER,SRC_OPEN_RESPIRATORY_VIRUS_DASHBOARD,SRC_OPEN_AQHI_SMOKE_CONTEXT,SRC_OPEN_SCHOOL_HOLIDAY_CALENDAR,SRC_OPEN_STATCAN_PED_POPULATION",modelled,ready
SITE_PROV_NETWORK,short_stay,Short stay,SITE_PROV_NETWORK_SHORT_STAY,Short stay unit,24,0.825,0.759,0.902,4,1,4.6,"SRC_SYNTH_UNIT_CENSUS_HOURLY,SRC_SYNTH_BED_STATUS,SRC_SYNTH_ED_VISITS,SRC_SYNTH_TRANSFER_REQUESTS,SRC_SYNTH_DISCHARGE_BARRIERS,SRC_SYNTH_HR_SHIFT_ROSTER,SRC_SYNTH_FINANCE_COST_CENTER,SRC_OPEN_RESPIRATORY_VIRUS_DASHBOARD,SRC_OPEN_AQHI_SMOKE_CONTEXT,SRC_OPEN_SCHOOL_HOLIDAY_CALENDAR,SRC_OPEN_STATCAN_PED_POPULATION",modelled,ready
SITE_PROV_NETWORK,short_stay,Short stay,SITE_PROV_NETWORK_SHORT_STAY,Short stay unit,48,0.857,0.78,0.947,8,2,5.2,"SRC_SYNTH_UNIT_CENSUS_HOURLY,SRC_SYNTH_BED_STATUS,SRC_SYNTH_ED_VISITS,SRC_SYNTH_TRANSFER_REQUESTS,SRC_SYNTH_DISCHARGE_BARRIERS,SRC_SYNTH_HR_SHIFT_ROSTER,SRC_SYNTH_FINANCE_COST_CENTER,SRC_OPEN_RESPIRATORY_VIRUS_DASHBOARD,SRC_OPEN_AQHI_SMOKE_CONTEXT,SRC_OPEN_SCHOOL_HOLIDAY_CALENDAR,SRC_OPEN_STATCAN_PED_POPULATION",modelled,ready
SITE_PROV_NETWORK,short_stay,Short stay,SITE_PROV_NETWORK_SHORT_STAY,Short stay unit,72,0.854,0.767,0.957,12,3,5.7,"SRC_SYNTH_UNIT_CENSUS_HOURLY,SRC_SYNTH_BED_STATUS,SRC_SYNTH_ED_VISITS,SRC_SYNTH_TRANSFER_REQUESTS,SRC_SYNTH_DISCHARGE_BARRIERS,SRC_SYNTH_HR_SHIFT_ROSTER,SRC_SYNTH_FINANCE_COST_CENTER,SRC_OPEN_RESPIRATORY_VIRUS_DASHBOARD,SRC_OPEN_AQHI_SMOKE_CONTEXT,SRC_OPEN_SCHOOL_HOLIDAY_CALENDAR,SRC_OPEN_STATCAN_PED_POPULATION",modelled,ready
SITE_PROV_NETWORK,procedural_recovery,Procedural recovery,SITE_PROV_NETWORK_PROCEDURAL_RECOVERY,Procedural recovery unit,0,0.802,0.747,0.867,0,0,1.3,"SRC_SYNTH_UNIT_CENSUS_HOURLY,SRC_SYNTH_BED_STATUS,SRC_SYNTH_ED_VISITS,SRC_SYNTH_TRANSFER_REQUESTS,SRC_SYNTH_DISCHARGE_BARRIERS,SRC_SYNTH_HR_SHIFT_ROSTER,SRC_SYNTH_FINANCE_COST_CENTER,SRC_OPEN_RESPIRATORY_VIRUS_DASHBOARD,SRC_OPEN_AQHI_SMOKE_CONTEXT,SRC_OPEN_SCHOOL_HOLIDAY_CALENDAR,SRC_OPEN_STATCAN_PED_POPULATION",modelled,review
SITE_PROV_NETWORK,procedural_recovery,Procedural recovery,SITE_PROV_NETWORK_PROCEDURAL_RECOVERY,Procedural recovery unit,3,0.799,0.742,0.865,0,0,1.3,"SRC_SYNTH_UNIT_CENSUS_HOURLY,SRC_SYNTH_BED_STATUS,SRC_SYNTH_ED_VISITS,SRC_SYNTH_TRANSFER_REQUESTS,SRC_SYNTH_DISCHARGE_BARRIERS,SRC_SYNTH_HR_SHIFT_ROSTER,SRC_SYNTH_FINANCE_COST_CENTER,SRC_OPEN_RESPIRATORY_VIRUS_DASHBOARD,SRC_OPEN_AQHI_SMOKE_CONTEXT,SRC_OPEN_SCHOOL_HOLIDAY_CALENDAR,SRC_OPEN_STATCAN_PED_POPULATION",modelled,review
SITE_PROV_NETWORK,procedural_recovery,Procedural recovery,SITE_PROV_NETWORK_PROCEDURAL_RECOVERY,Procedural recovery unit,6,0.795,0.738,0.863,1,0,1.3,"SRC_SYNTH_UNIT_CENSUS_HOURLY,SRC_SYNTH_BED_STATUS,SRC_SYNTH_ED_VISITS,SRC_SYNTH_TRANSFER_REQUESTS,SRC_SYNTH_DISCHARGE_BARRIERS,SRC_SYNTH_HR_SHIFT_ROSTER,SRC_SYNTH_FINANCE_COST_CENTER,SRC_OPEN_RESPIRATORY_VIRUS_DASHBOARD,SRC_OPEN_AQHI_SMOKE_CONTEXT,SRC_OPEN_SCHOOL_HOLIDAY_CALENDAR,SRC_OPEN_STATCAN_PED_POPULATION",modelled,review
SITE_PROV_NETWORK,procedural_recovery,Procedural recovery,SITE_PROV_NETWORK_PROCEDURAL_RECOVERY,Procedural recovery unit,12,0.79,0.73,0.861,2,0,1.4,"SRC_SYNTH_UNIT_CENSUS_HOURLY,SRC_SYNTH_BED_STATUS,SRC_SYNTH_ED_VISITS,SRC_SYNTH_TRANSFER_REQUESTS,SRC_SYNTH_DISCHARGE_BARRIERS,SRC_SYNTH_HR_SHIFT_ROSTER,SRC_SYNTH_FINANCE_COST_CENTER,SRC_OPEN_RESPIRATORY_VIRUS_DASHBOARD,SRC_OPEN_AQHI_SMOKE_CONTEXT,SRC_OPEN_SCHOOL_HOLIDAY_CALENDAR,SRC_OPEN_STATCAN_PED_POPULATION",modelled,review
SITE_PROV_NETWORK,procedural_recovery,Procedural recovery,SITE_PROV_NETWORK_PROCEDURAL_RECOVERY,Procedural recovery unit,18,0.789,0.725,0.863,2,1,1.4,"SRC_SYNTH_UNIT_CENSUS_HOURLY,SRC_SYNTH_BED_STATUS,SRC_SYNTH_ED_VISITS,SRC_SYNTH_TRANSFER_REQUESTS,SRC_SYNTH_DISCHARGE_BARRIERS,SRC_SYNTH_HR_SHIFT_ROSTER,SRC_SYNTH_FINANCE_COST_CENTER,SRC_OPEN_RESPIRATORY_VIRUS_DASHBOARD,SRC_OPEN_AQHI_SMOKE_CONTEXT,SRC_OPEN_SCHOOL_HOLIDAY_CALENDAR,SRC_OPEN_STATCAN_PED_POPULATION",modelled,review
SITE_PROV_NETWORK,procedural_recovery,Procedural recovery,SITE_PROV_NETWORK_PROCEDURAL_RECOVERY,Procedural recovery unit,24,0.791,0.725,0.869,3,1,1.5,"SRC_SYNTH_UNIT_CENSUS_HOURLY,SRC_SYNTH_BED_STATUS,SRC_SYNTH_ED_VISITS,SRC_SYNTH_TRANSFER_REQUESTS,SRC_SYNTH_DISCHARGE_BARRIERS,SRC_SYNTH_HR_SHIFT_ROSTER,SRC_SYNTH_FINANCE_COST_CENTER,SRC_OPEN_RESPIRATORY_VIRUS_DASHBOARD,SRC_OPEN_AQHI_SMOKE_CONTEXT,SRC_OPEN_SCHOOL_HOLIDAY_CALENDAR,SRC_OPEN_STATCAN_PED_POPULATION",modelled,review
SITE_PROV_NETWORK,procedural_recovery,Procedural recovery,SITE_PROV_NETWORK_PROCEDURAL_RECOVERY,Procedural recovery unit,48,0.823,0.746,0.913,6,2,1.6,"SRC_SYNTH_UNIT_CENSUS_HOURLY,SRC_SYNTH_BED_STATUS,SRC_SYNTH_ED_VISITS,SRC_SYNTH_TRANSFER_REQUESTS,SRC_SYNTH_DISCHARGE_BARRIERS,SRC_SYNTH_HR_SHIFT_ROSTER,SRC_SYNTH_FINANCE_COST_CENTER,SRC_OPEN_RESPIRATORY_VIRUS_DASHBOARD,SRC_OPEN_AQHI_SMOKE_CONTEXT,SRC_OPEN_SCHOOL_HOLIDAY_CALENDAR,SRC_OPEN_STATCAN_PED_POPULATION",modelled,review
SITE_PROV_NETWORK,procedural_recovery,Procedural recovery,SITE_PROV_NETWORK_PROCEDURAL_RECOVERY,Procedural recovery unit,72,0.812,0.724,0.915,9,3,1.8,"SRC_SYNTH_UNIT_CENSUS_HOURLY,SRC_SYNTH_BED_STATUS,SRC_SYNTH_ED_VISITS,SRC_SYNTH_TRANSFER_REQUESTS,SRC_SYNTH_DISCHARGE_BARRIERS,SRC_SYNTH_HR_SHIFT_ROSTER,SRC_SYNTH_FINANCE_COST_CENTER,SRC_OPEN_RESPIRATORY_VIRUS_DASHBOARD,SRC_OPEN_AQHI_SMOKE_CONTEXT,SRC_OPEN_SCHOOL_HOLIDAY_CALENDAR,SRC_OPEN_STATCAN_PED_POPULATION",modelled,review
